Giant_1500_C
13885.13 4036.17
6228.87 491.48
4 0.00 0.00 15600.00 0.00 15600.00 15600.00 0.00 15600.00
1500
15 8334.21 12015.54 8346.29 12027.37 8299.25 12071.42 8297.14 12057.83 8295.18 12053.90 8288.06 12062.19 8280.68 12022.71 8248.76 12028.20 8256.78 12021.24 8242.99 12015.68 8248.84 12004.47 8258.32 11964.06 8282.95 11981.81 8344.17 11985.01 8315.43 12010.91
8 12377.72 9501.48 12291.59 9489.41 12303.71 9459.34 12315.33 9426.12 12328.98 9440.91 12356.42 9431.28 12351.52 9456.86 12371.91 9454.63
14 2005.40 5522.96 2008.66 5538.21 1980.88 5536.20 1969.01 5530.76 1943.58 5511.38 1947.98 5508.67 1972.48 5508.27 1940.42 5495.51 1960.79 5486.64 1977.57 5493.68 2003.63 5472.06 2017.60 5497.57 2019.10 5501.69 2004.13 5505.30
14 6732.23 4180.86 6725.38 4186.42 6714.53 4189.44 6699.84 4187.66 6703.06 4169.70 6671.69 4170.31 6698.35 4164.35 6697.54 4157.84 6698.67 4151.99 6686.33 4141.81 6712.45 4121.20 6713.98 4144.60 6721.36 4140.71 6721.00 4152.13
13 3803.41 3747.70 3755.53 3722.06 3773.76 3701.07 3737.88 3706.29 3755.71 3696.22 3749.16 3677.37 3773.50 3643.88 3788.04 3644.83 3790.80 3673.82 3802.74 3679.19 3827.61 3663.22 3830.34 3664.01 3831.67 3682.44
12 3075.72 9803.01 3065.67 9802.92 3032.55 9830.00 3047.61 9793.66 3043.74 9789.11 3035.95 9789.26 3012.42 9798.99 3034.63 9784.47 3020.43 9747.12 3019.71 9743.29 3065.34 9756.45 3068.34 9764.48
12 10220.20 2323.72 10204.65 2321.51 10202.32 2322.97 10200.87 2344.34 10193.43 2342.14 10191.12 2335.21 10181.82 2323.91 10180.38 2321.45 10172.76 2318.62 10205.37 2295.71 10212.86 2307.74 10228.90 2310.88
12 7259.86 2124.15 7260.20 2133.55 7236.67 2115.98 7223.86 2129.62 7194.97 2099.85 7222.26 2090.63 7228.15 2059.74 7234.53 2068.84 7240.18 2079.70 7245.59 2085.56 7254.66 2098.84 7265.16 2093.85
14 2777.63 6902.11 2818.68 6915.51 2755.32 6918.00 2751.90 6921.45 2734.24 6934.82 2700.94 6923.35 2662.85 6887.79 2692.75 6885.36 2715.83 6870.45 2741.77 6870.18 2756.71 6857.73 2770.02 6835.54 2767.07 6842.16 2777.87 6889.59
10 2299.96 14538.80 2260.50 14549.89 2245.27 14572.50 2238.06 14537.17 2243.70 14504.04 2259.14 14477.05 2254.69 14465.37 2302.72 14492.33 2305.47 14497.13 2296.55 14506.40
9 6157.85 8637.61 6149.98 8628.72 6150.54 8624.50 6149.01 8610.23 6163.45 8588.17 6156.13 8576.99 6174.58 8567.45 6217.48 8577.68 6190.34 8597.85
6 11360.03 9530.54 11358.50 9539.27 11318.05 9549.55 11286.92 9456.16 11336.32 9481.27 11358.88 9459.20
13 11324.03 4676.87 11314.75 4692.05 11280.92 4689.82 11259.75 4706.11 11245.93 4654.58 11230.66 4677.84 11188.03 4602.43 11208.96 4568.59 11229.66 4594.82 11233.79 4557.77 11271.67 4570.03 11277.01 4577.42 11277.45 4624.65
6 4454.59 12031.52 4441.98 12017.23 4453.09 12012.39 4445.63 11997.86 4464.84 11971.87 4469.20 11973.30
14 14016.86 6840.95 13959.92 6934.58 13947.45 6932.98 13945.22 6929.81 13916.16 6868.24 13874.66 6914.04 13910.28 6871.14 13886.38 6894.83 13905.58 6828.02 13918.50 6810.10 13932.65 6800.89 13943.75 6818.86 13982.05 6831.14 14012.60 6825.97
15 12622.94 1329.69 12615.72 1331.02 12585.91 1332.73 12584.12 1329.68 12552.87 1332.41 12555.82 1327.19 12544.01 1287.94 12551.03 1287.06 12557.31 1289.17 12564.99 1297.79 12561.85 1257.90 12582.33 1278.26 12595.12 1277.78 12601.85 1266.16 12606.46 1295.25
8 6002.61 13610.77 5969.46 13606.80 5955.41 13644.74 5947.77 13667.08 5898.76 13576.79 5896.51 13544.78 5966.19 13555.41 5977.00 13579.42
11 7353.98 15427.36 7386.29 15411.92 7360.07 15403.54 7393.41 15404.96 7391.02 15392.16 7404.22 15377.25 7433.41 15330.71 7436.72 15388.44 7445.70 15405.61 7454.03 15404.78 7457.21 15411.20
8 1804.51 9036.79 1801.70 9043.91 1776.51 9051.51 1758.92 9070.52 1723.76 9039.52 1743.92 9032.50 1755.95 8989.01 1760.78 8999.81
15 978.14 9653.33 964.31 9650.21 956.31 9665.85 938.90 9680.71 939.83 9674.17 930.57 9682.70 932.53 9673.61 919.12 9660.77 912.46 9644.65 897.41 9644.28 935.90 9643.30 954.93 9630.91 955.22 9634.53 961.27 9626.10 979.17 9632.74
6 12316.78 5671.04 12312.07 5690.83 12280.47 5669.30 12263.07 5676.29 12268.48 5655.43 12325.39 5645.66
12 5602.95 1788.54 5576.15 1789.45 5589.03 1805.99 5567.09 1841.59 5551.02 1810.34 5536.12 1807.66 5542.35 1801.40 5545.02 1777.38 5549.64 1751.30 5567.18 1739.13 5562.03 1771.07 5570.07 1751.51
7 4125.07 14227.33 4120.77 14237.22 4099.70 14226.34 4096.42 14223.11 4079.46 14226.64 4069.53 14225.70 4062.13 14200.68
10 9303.83 14552.65 9281.00 14569.22 9262.95 14535.07 9249.82 14543.01 9243.55 14525.64 9236.47 14515.86 9245.45 14511.31 9258.75 14516.20 9272.66 14496.98 9289.38 14523.47
8 11632.19 5095.46 11526.64 5109.09 11514.03 5104.92 11492.19 5093.04 11510.54 5073.42 11526.26 5056.00 11539.88 5049.71 11581.15 5090.46
5 5339.82 14413.77 5255.22 14403.30 5263.32 14376.06 5273.84 14354.80 5343.10 14367.72
9 6193.04 9102.51 6178.90 9133.45 6147.36 9162.78 6094.16 9090.89 6139.62 9090.43 6182.52 9068.90 6199.19 9054.73 6223.85 9041.95 6252.31 9061.16
8 11270.93 487.81 11188.93 492.94 11207.15 487.53 11187.31 477.59 11194.09 473.97 11209.48 433.51 11265.46 436.38 11280.96 468.32
5 2149.39 6310.65 2136.51 6333.03 2133.26 6257.07 2134.29 6276.84 2163.69 6287.87
5 4601.01 6196.13 4494.64 6110.62 4481.06 6082.70 4519.65 6114.55 4529.90 6102.14
10 2887.56 10832.77 2884.38 10857.61 2880.61 10843.04 2856.97 10888.77 2834.55 10860.91 2831.96 10842.09 2829.05 10788.94 2859.66 10805.38 2931.46 10772.97 2907.77 10802.01
6 11856.73 7885.23 11858.58 7916.21 11832.25 7890.03 11808.38 7880.09 11784.19 7862.23 11872.84 7859.51
6 10227.15 9440.33 10211.86 9464.41 10181.48 9471.63 10170.61 9471.84 10168.82 9378.07 10213.16 9412.74
13 9287.92 6855.49 9290.42 6860.32 9188.00 6852.63 9188.85 6846.11 9189.31 6838.38 9211.20 6824.46 9207.37 6813.59 9192.82 6796.25 9199.18 6776.60 9228.85 6783.40 9254.10 6804.64 9271.68 6820.63 9304.32 6821.55
5 6997.55 434.25 6973.13 427.69 6942.55 414.83 6976.08 403.37 6999.84 394.61
15 616.02 13155.07 615.50 13180.73 602.49 13179.58 588.41 13165.54 586.79 13172.91 578.80 13168.25 569.03 13178.61 578.11 13162.78 558.11 13177.39 575.69 13153.77 558.17 13139.96 578.55 13131.41 581.87 13114.23 600.92 13121.01 613.50 13148.42
5 15101.22 9574.81 15048.15 9534.86 15062.17 9525.35 15078.21 9503.15 15100.94 9501.76
11 15354.15 3246.89 15338.99 3249.14 15319.18 3255.48 15317.69 3236.88 15309.30 3226.18 15327.27 3227.49 15314.24 3213.69 15334.95 3196.80 15338.21 3224.83 15339.17 3223.71 15387.09 3226.09
6 11827.20 4476.50 11821.71 4494.33 11793.41 4504.75 11787.11 4471.19 11801.39 4432.56 11820.40 4463.01
8 8048.58 15056.83 8035.05 15060.34 8027.39 15060.24 7993.22 15066.60 8006.21 15032.25 8016.03 15019.48 8042.86 15036.15 8023.97 15041.72
13 14316.27 278.44 14278.00 277.40 14276.53 274.95 14249.78 294.61 14267.56 272.07 14241.99 242.99 14253.88 250.63 14244.94 236.56 14245.13 233.61 14253.92 226.57 14261.20 238.36 14290.61 229.86 14295.85 252.70
14 6045.21 13270.59 6008.81 13267.19 5988.52 13262.98 5954.33 13282.39 5998.36 13254.94 5992.50 13246.58 5970.15 13234.69 5995.13 13239.10 5965.63 13182.31 6005.35 13224.70 6022.87 13172.93 6044.21 13196.69 6035.62 13240.51 6071.78 13239.06
10 3407.58 3808.35 3379.43 3802.97 3370.62 3795.65 3367.94 3771.33 3391.32 3731.35 3394.10 3763.77 3404.09 3751.70 3415.50 3752.14 3425.75 3760.38 3420.70 3775.23
5 10000.16 3783.70 9977.96 3777.81 9977.13 3773.02 9990.54 3757.18 10006.84 3742.60
13 8155.38 14930.12 8112.84 14922.99 8090.45 14950.21 8089.27 14954.57 8082.66 14935.52 8047.66 14971.63 8065.38 14903.65 8077.00 14889.68 8054.43 14836.89 8086.52 14832.78 8157.23 14850.52 8154.37 14872.71 8170.74 14884.77
10 12285.55 9106.46 12200.31 9132.56 12216.52 9102.85 12222.89 9093.80 12181.36 9064.07 12195.54 9042.98 12195.44 9019.58 12257.76 9001.14 12254.87 9041.43 12296.76 9022.94
8 12563.15 8868.05 12530.20 8881.24 12528.40 8932.23 12464.24 8907.90 12443.50 8825.57 12502.87 8808.13 12534.83 8806.47 12545.68 8812.03
11 12954.38 5195.68 12918.35 5182.47 12926.94 5136.54 12903.19 5130.85 12865.92 5082.66 12909.86 5089.65 12915.28 5068.46 12933.24 5078.74 12914.63 5059.27 12997.61 5058.79 13029.18 5092.89
13 852.34 6372.24 848.67 6387.69 826.42 6385.24 823.19 6384.37 791.95 6384.16 776.74 6350.14 815.96 6350.02 809.80 6330.16 814.57 6330.27 837.23 6344.51 848.13 6315.95 885.99 6329.56 867.17 6349.98
12 13715.78 8734.28 13741.44 8745.40 13716.90 8742.74 13711.08 8775.71 13687.88 8790.17 13644.29 8755.38 13661.36 8714.75 13614.42 8675.09 13660.21 8684.85 13698.43 8681.51 13723.98 8704.90 13723.51 8727.57
12 4758.54 7239.72 4737.46 7234.72 4749.37 7263.00 4732.68 7257.84 4703.93 7251.55 4711.11 7234.40 4717.03 7219.66 4723.22 7204.24 4727.56 7220.19 4744.85 7199.94 4750.06 7206.34 4759.08 7221.26
10 13718.33 15334.15 13714.56 15354.33 13705.81 15345.74 13698.62 15358.26 13691.24 15335.46 13684.88 15325.65 13663.87 15318.57 13661.15 15317.62 13690.69 15302.38 13692.24 15290.67
8 10738.87 7984.51 10700.80 7988.61 10691.10 7986.48 10677.14 7989.30 10652.80 7964.81 10672.01 7965.35 10699.63 7923.51 10700.30 7931.70
14 8846.85 2180.39 8841.37 2183.96 8819.22 2192.04 8813.02 2175.79 8811.24 2163.01 8801.84 2168.31 8801.93 2165.35 8791.17 2155.47 8796.35 2153.31 8782.50 2142.78 8767.17 2129.61 8844.46 2098.26 8842.59 2132.50 8850.35 2136.37
14 11705.42 4307.42 11694.90 4316.87 11680.15 4337.02 11616.76 4335.55 11594.89 4366.58 11600.62 4330.60 11576.65 4330.47 11585.51 4309.22 11590.55 4272.78 11619.22 4262.87 11633.42 4279.15 11668.27 4262.15 11656.77 4288.54 11685.55 4300.65
14 1389.60 7866.30 1391.94 7899.20 1386.21 7883.40 1380.72 7896.63 1370.29 7878.34 1373.79 7867.45 1348.23 7838.05 1377.70 7846.77 1376.79 7843.85 1386.46 7843.86 1390.80 7827.61 1417.30 7841.29 1422.01 7843.29 1409.13 7855.66
13 10444.07 14060.28 10409.29 14060.11 10397.07 14050.77 10394.02 14047.78 10385.89 14045.66 10376.69 14040.05 10368.85 14030.40 10379.81 14016.28 10381.67 14000.88 10388.59 14011.75 10401.43 14023.21 10401.88 14011.94 10437.99 14010.12
14 9048.48 14957.79 9047.95 15002.37 9036.79 14993.69 9013.52 14973.30 8989.62 14981.64 8980.48 14976.79 8998.86 14920.15 9048.54 14919.44 9045.35 14928.14 9038.93 14942.26 9065.73 14923.62 9073.37 14932.24 9075.41 14942.01 9056.64 14955.13
8 11130.50 5721.34 11067.00 5685.76 11085.60 5666.46 11121.36 5643.22 11132.46 5643.95 11152.09 5655.16 11137.46 5675.15 11183.92 5666.80
5 14709.62 3917.87 14729.06 3953.11 14661.07 3927.01 14664.49 3903.78 14683.22 3877.29
10 3561.27 7219.94 3528.78 7260.49 3511.07 7225.62 3511.66 7210.29 3473.28 7228.21 3473.14 7206.61 3475.63 7165.48 3523.85 7181.14 3536.81 7169.28 3532.24 7182.07
10 8094.94 9432.54 8083.33 9438.06 8065.88 9406.60 8035.23 9416.04 8025.76 9421.36 8018.68 9376.89 8050.46 9354.26 8061.94 9368.73 8091.34 9373.72 8104.05 9367.12
10 12160.94 6640.39 12138.84 6643.27 12161.76 6655.19 12144.62 6666.31 12092.10 6703.96 12084.98 6660.06 12091.57 6613.31 12125.15 6607.70 12129.04 6625.36 12150.71 6605.79
11 6778.38 15043.61 6774.45 15047.46 6777.05 15060.56 6765.80 15058.76 6765.17 15071.93 6722.96 15070.89 6697.16 15073.73 6745.96 15034.20 6700.81 15019.33 6784.90 15016.36 6788.81 15016.59
8 9941.43 14082.60 9930.77 14128.14 9918.72 14098.21 9920.58 14081.45 9896.52 14104.75 9912.39 14084.36 9939.24 14023.60 9938.66 14059.90
15 4338.28 14132.46 4333.73 14133.59 4301.72 14129.81 4287.48 14116.39 4277.16 14121.66 4289.11 14087.25 4296.15 14074.06 4273.66 14042.78 4286.80 14048.21 4308.50 14051.11 4311.32 14055.13 4327.71 14074.57 4351.13 14062.24 4361.53 14083.02 4375.19 14084.13
8 4951.91 1131.27 4919.24 1136.80 4906.06 1140.36 4931.97 1120.36 4898.92 1118.38 4918.38 1094.38 4917.11 1072.26 4951.09 1100.51
11 11582.54 4780.64 11554.02 4777.00 11555.29 4766.12 11568.58 4745.20 11530.80 4745.06 11578.42 4673.95 11598.27 4669.63 11604.91 4644.46 11616.42 4690.14 11664.09 4671.04 11629.81 4696.73
8 3682.98 15452.15 3664.87 15452.62 3653.96 15477.69 3631.19 15460.49 3628.09 15460.37 3621.57 15457.91 3616.91 15422.66 3660.96 15425.61
8 1352.63 11805.56 1356.23 11817.89 1280.87 11834.43 1281.89 11810.32 1287.13 11797.43 1308.09 11794.98 1306.09 11790.65 1300.14 11773.10
10 997.23 10420.81 980.86 10428.33 971.97 10426.13 973.62 10438.52 957.68 10426.16 959.42 10441.44 934.37 10430.91 925.74 10432.80 941.66 10415.33 924.42 10397.81
8 14485.53 8650.98 14485.35 8678.38 14470.59 8691.93 14446.66 8585.55 14442.76 8580.71 14447.95 8568.50 14465.58 8590.15 14534.99 8581.20
8 10899.15 4409.44 10886.99 4412.36 10893.70 4369.17 10905.79 4331.86 10895.22 4322.64 10991.16 4285.09 10982.70 4335.60 10966.87 4360.80
14 7815.37 5997.05 7809.31 6018.11 7787.94 6001.96 7776.45 6007.44 7748.93 6046.92 7740.70 5979.96 7740.08 5969.22 7752.03 5960.92 7748.03 5944.10 7769.98 5966.58 7778.08 5974.09 7784.92 5971.07 7808.75 5960.10 7838.96 5983.16
13 5832.17 4546.95 5822.17 4556.38 5788.99 4580.56 5773.75 4573.51 5773.15 4550.20 5756.01 4546.16 5756.13 4501.93 5770.53 4490.27 5773.12 4484.04 5788.36 4484.48 5831.36 4495.60 5823.10 4516.09 5861.24 4519.16
5 2208.57 11905.02 2291.10 11842.69 2317.30 11886.45 2281.25 11903.88 2274.24 11904.97
15 1207.68 12086.69 1188.60 12130.00 1149.89 12097.35 1174.42 12137.30 1144.80 12128.79 1127.01 12119.09 1124.18 12094.75 1114.25 12091.58 1084.47 12083.62 1076.79 12066.24 1070.64 12052.20 1078.84 12047.28 1098.65 12043.02 1118.35 12061.10 1181.53 12031.69
11 9237.02 6442.67 9205.20 6453.22 9208.72 6458.71 9181.56 6448.32 9184.35 6457.56 9178.27 6456.40 9121.10 6478.94 9143.54 6418.90 9139.55 6390.22 9178.25 6401.97 9186.28 6412.10
7 7363.31 10258.01 7331.18 10195.39 7368.62 10138.45 7371.60 10136.51 7399.04 10182.27 7436.99 10186.47 7395.81 10207.71
14 7312.08 6256.57 7297.49 6250.95 7286.28 6231.09 7272.18 6250.06 7273.57 6234.21 7256.18 6212.09 7221.33 6191.45 7236.65 6189.76 7259.35 6194.53 7269.58 6170.61 7271.11 6160.23 7294.98 6181.44 7333.92 6201.55 7299.39 6210.57
13 5486.33 3568.50 5502.58 3590.16 5498.84 3611.03 5496.02 3606.44 5429.30 3585.17 5406.28 3579.39 5437.31 3550.16 5395.83 3551.67 5447.10 3549.20 5444.01 3547.92 5440.49 3535.83 5446.81 3538.57 5430.80 3496.33
7 10699.06 2147.27 10643.61 2121.22 10581.58 2127.70 10545.88 2103.09 10567.49 2091.54 10625.38 2006.61 10674.58 2092.21
13 1156.66 10683.76 1164.30 10706.25 1167.34 10713.70 1132.50 10718.18 1133.52 10691.27 1104.91 10695.30 1107.60 10691.94 1137.19 10679.03 1122.44 10649.62 1144.20 10633.22 1154.32 10659.93 1172.03 10661.18 1171.49 10665.65
14 314.06 8921.29 282.04 8939.89 271.55 8938.56 255.16 8958.30 264.02 8935.00 248.99 8942.38 236.02 8951.15 243.74 8892.23 251.08 8891.06 257.12 8872.31 256.65 8866.44 278.68 8865.59 278.37 8905.42 303.63 8908.31
11 12473.62 15063.97 12432.68 15110.60 12421.91 15104.03 12412.81 15080.15 12389.98 15097.26 12388.65 15057.93 12410.58 15054.84 12401.47 15049.67 12444.11 15032.52 12465.69 15032.08 12492.44 15002.31
12 14499.95 11401.17 14503.76 11408.40 14487.62 11405.07 14483.48 11425.88 14440.03 11409.39 14439.28 11397.79 14410.33 11316.54 14447.97 11339.78 14447.17 11364.37 14501.35 11354.81 14480.82 11366.32 14473.07 11369.55
12 530.29 14919.21 548.00 14954.24 475.10 14978.45 419.53 14923.11 435.39 14914.79 411.10 14882.54 462.96 14872.38 473.95 14878.50 489.78 14868.53 506.78 14862.25 508.08 14888.97 553.79 14900.73
14 2882.18 6497.25 2824.99 6525.63 2810.45 6515.79 2815.60 6456.07 2784.56 6440.36 2796.66 6440.32 2808.20 6430.14 2789.88 6417.18 2795.44 6406.78 2828.33 6421.39 2820.76 6391.64 2829.11 6359.07 2838.89 6413.83 2908.96 6405.77
11 11457.47 9345.92 11367.27 9350.78 11407.65 9332.38 11392.42 9309.92 11403.98 9252.02 11436.97 9295.98 11440.50 9255.69 11458.67 9252.03 11465.38 9274.79 11465.14 9284.90 11520.05 9293.16
11 985.89 11633.59 989.85 11603.75 983.08 11635.08 986.71 11614.10 941.89 11590.08 960.84 11562.10 979.25 11548.84 989.15 11566.72 1034.71 11551.78 1028.35 11571.02 1032.38 11583.64
10 10620.59 12583.52 10637.96 12611.87 10631.75 12642.47 10612.78 12626.24 10571.67 12611.81 10537.27 12604.31 10514.49 12608.92 10557.91 12485.60 10580.15 12540.43 10604.27 12571.38
9 10860.49 3999.68 10792.14 4005.63 10787.04 4012.89 10754.69 4023.16 10770.06 3976.18 10782.10 3972.30 10787.69 3946.68 10794.70 3941.21 10807.07 3957.07
14 12406.79 12823.00 12373.05 12828.14 12370.79 12828.08 12357.67 12823.33 12356.97 12826.66 12305.71 12827.67 12342.49 12798.10 12316.90 12780.30 12306.91 12772.81 12322.49 12757.98 12343.17 12774.94 12354.41 12783.10 12351.61 12756.96 12377.52 12771.33
13 3584.88 3459.71 3554.53 3412.99 3536.71 3442.44 3487.64 3430.43 3480.37 3434.16 3472.66 3417.12 3499.04 3401.68 3484.66 3403.15 3507.80 3317.09 3566.38 3328.25 3580.40 3336.21 3588.72 3353.72 3642.45 3373.11
10 13714.78 9001.36 13736.44 9005.48 13707.61 9001.65 13703.08 9018.72 13718.06 9044.65 13679.96 9020.15 13676.64 8971.96 13686.67 8974.88 13693.43 8968.71 13703.36 8979.44
8 2374.55 14435.80 2360.73 14479.88 2300.97 14400.19 2344.74 14400.99 2338.09 14353.76 2358.31 14334.28 2407.98 14363.61 2391.78 14401.60
15 13546.38 13975.99 13529.36 13991.80 13509.11 13997.49 13513.98 13991.57 13502.05 14003.28 13493.25 13979.28 13509.16 13955.95 13523.56 13964.34 13517.44 13952.99 13517.99 13945.44 13521.38 13936.11 13524.83 13937.00 13532.29 13955.95 13537.50 13940.89 13532.73 13962.82
10 7079.63 1211.75 7091.22 1281.51 7079.84 1262.34 7040.03 1273.17 7007.73 1248.11 7004.86 1166.91 7044.82 1185.47 7067.41 1121.58 7094.24 1128.34 7114.48 1203.05
8 1711.39 9008.61 1674.02 9007.32 1659.16 9035.33 1646.62 9019.05 1649.68 9010.23 1631.88 9008.74 1634.13 8981.24 1649.56 8980.17
7 9939.05 13633.77 9930.82 13627.67 9896.39 13652.40 9892.11 13635.96 9876.63 13613.56 9896.51 13579.38 9934.88 13601.00
14 12798.76 10906.53 12805.58 10922.09 12799.87 10927.95 12773.75 10912.77 12758.65 10900.12 12746.12 10894.03 12749.61 10885.89 12751.47 10885.80 12751.95 10876.73 12762.37 10855.66 12774.75 10876.87 12801.54 10868.13 12790.54 10884.61 12807.94 10895.33
11 9719.34 10269.87 9739.98 10300.24 9651.16 10318.39 9651.23 10281.68 9592.20 10261.77 9680.42 10229.02 9701.52 10200.88 9723.13 10209.63 9737.85 10189.34 9713.00 10258.72 9787.37 10261.29
15 7994.13 1037.91 7972.58 1037.03 8000.99 1052.41 7939.88 1043.83 7897.38 1113.76 7901.72 1079.49 7856.69 1104.86 7884.06 1028.51 7871.60 997.12 7895.14 1012.34 7888.72 997.05 7929.31 983.84 7921.68 1001.73 7985.02 988.54 7977.45 1005.61
5 1994.42 15272.94 2036.71 15279.22 2131.36 15270.05 2143.71 15264.66 2092.22 15291.17
13 2989.44 11590.88 2970.65 11609.58 2940.60 11587.04 2938.24 11599.95 2924.72 11608.83 2930.20 11579.24 2878.65 11563.62 2919.89 11555.75 2942.48 11531.16 2948.60 11543.44 2979.40 11523.05 2946.56 11558.99 2963.40 11551.65
13 12607.95 6671.13 12591.74 6666.33 12559.63 6653.45 12522.72 6659.62 12520.40 6650.20 12566.71 6641.33 12553.39 6632.66 12547.68 6616.51 12582.59 6628.86 12595.76 6601.65 12616.14 6632.77 12634.22 6645.12 12640.87 6646.75
15 6426.32 12356.97 6419.22 12360.33 6417.62 12373.72 6402.38 12375.45 6388.87 12366.41 6386.41 12364.84 6380.03 12371.63 6375.24 12379.51 6381.52 12364.50 6363.92 12385.19 6369.93 12357.29 6372.25 12355.25 6377.13 12350.55 6361.63 12339.59 6410.07 12349.44
11 6267.11 7511.25 6259.94 7517.64 6256.58 7560.30 6249.16 7541.79 6247.52 7555.14 6223.57 7520.11 6229.16 7500.71 6218.95 7494.87 6239.29 7472.59 6261.17 7478.59 6271.84 7502.36
11 3602.58 15288.09 3565.62 15312.77 3552.79 15334.57 3552.18 15318.14 3530.89 15313.09 3530.36 15307.93 3517.15 15314.77 3546.99 15286.47 3604.61 15255.21 3606.09 15264.48 3603.22 15268.97
6 5548.23 13821.29 5507.09 13772.19 5511.65 13770.23 5500.18 13759.63 5486.52 13736.55 5525.05 13748.60
15 7078.06 9009.45 7007.26 9042.85 6984.97 9008.80 6927.06 9028.71 6929.59 9025.03 6930.75 9015.25 6970.01 8998.17 6960.40 8977.95 6906.57 8969.56 6980.92 8973.98 6994.81 8952.75 7003.39 8927.62 7009.61 8943.38 7032.54 8938.85 7025.72 8962.84
12 3612.40 10305.33 3562.92 10341.16 3534.20 10332.30 3526.31 10332.21 3525.70 10283.44 3520.07 10277.37 3574.97 10260.46 3589.37 10240.98 3601.37 10250.80 3616.12 10252.58 3602.45 10265.15 3622.96 10255.05
8 14402.92 11808.46 14335.73 11815.06 14337.44 11863.18 14309.57 11812.07 14284.25 11788.21 14281.29 11783.33 14270.47 11778.34 14267.66 11748.18
15 3288.53 8843.30 3283.43 8838.06 3285.70 8852.18 3259.75 8838.02 3248.57 8841.95 3261.95 8825.86 3251.59 8812.59 3251.31 8812.47 3270.07 8801.42 3264.84 8786.21 3280.22 8780.74 3280.21 8803.86 3288.28 8777.95 3306.48 8800.23 3286.09 8817.00
15 14775.44 12996.49 14771.22 13045.69 14745.03 13029.39 14733.09 13048.49 14727.08 12996.22 14686.98 13002.65 14722.92 12985.75 14696.92 12955.04 14695.32 12943.65 14735.16 12961.80 14742.26 12912.03 14747.24 12960.19 14748.67 12957.39 14765.83 12941.98 14786.93 12951.23
5 1471.52 10850.63 1465.00 10846.28 1442.11 10916.38 1419.63 10842.96 1493.62 10795.09
9 15426.71 995.19 15416.13 993.57 15401.19 1023.15 15390.06 1012.51 15367.09 985.50 15388.45 972.55 15389.48 975.17 15396.96 970.09 15405.96 985.77
12 8655.34 12550.23 8670.85 12553.87 8665.10 12558.75 8669.51 12561.03 8644.40 12557.60 8607.64 12562.74 8616.19 12543.51 8606.47 12539.95 8597.63 12521.60 8618.87 12532.58 8636.81 12500.13 8667.04 12520.65
5 13983.07 10404.31 13937.78 10326.15 13965.81 10249.74 14012.37 10270.28 14039.37 10295.76
13 8825.61 14601.05 8780.63 14610.55 8765.28 14611.35 8739.85 14612.48 8730.55 14618.29 8765.21 14580.63 8736.84 14553.37 8751.73 14560.49 8762.03 14564.33 8740.70 14536.93 8772.56 14552.77 8792.30 14571.09 8798.49 14578.40
8 7800.39 11170.99 7761.14 11139.73 7782.12 11158.39 7791.53 11167.80 7703.93 11164.30 7732.40 11116.32 7719.53 11095.81 7736.91 11061.24
8 8902.78 13667.59 8865.25 13670.98 8864.78 13670.55 8827.60 13665.62 8829.57 13643.59 8845.37 13636.98 8864.22 13632.75 8864.48 13622.68
5 1059.29 10791.66 1016.89 10843.63 958.76 10845.41 923.60 10775.55 1030.62 10708.47
9 5769.63 7821.83 5763.71 7801.30 5763.84 7832.69 5746.06 7830.70 5739.67 7813.19 5735.50 7774.93 5746.15 7770.07 5765.59 7726.84 5780.62 7767.34
8 8159.85 8549.59 8140.57 8572.74 8139.46 8560.20 8134.54 8573.86 8127.34 8543.56 8140.62 8533.32 8175.97 8523.42 8185.43 8526.50
13 3756.94 5462.96 3752.07 5464.90 3748.16 5517.92 3741.49 5522.01 3718.17 5531.13 3694.70 5521.00 3691.62 5510.63 3697.03 5495.39 3715.78 5474.51 3698.26 5432.40 3741.96 5388.87 3757.68 5439.96 3746.39 5447.84
8 2647.68 962.89 2590.30 959.04 2554.14 1004.19 2515.97 1012.38 2514.73 986.45 2531.72 925.92 2568.32 922.83 2598.33 951.23
15 14965.40 10695.67 14992.47 10727.38 14970.80 10708.74 14960.27 10747.71 14940.97 10704.83 14914.91 10723.28 14932.20 10705.85 14922.44 10701.01 14900.54 10685.80 14930.44 10674.36 14924.54 10663.91 14942.94 10680.35 14950.08 10636.44 14951.51 10646.07 14987.23 10669.48
15 6393.65 2204.14 6394.72 2232.01 6328.86 2263.69 6325.56 2266.15 6325.62 2265.13 6336.85 2229.78 6328.45 2210.67 6328.16 2204.26 6299.47 2179.17 6351.61 2179.30 6344.11 2167.89 6334.58 2149.87 6370.69 2140.28 6431.21 2157.52 6425.34 2188.43
5 15068.04 12630.91 15088.48 12598.11 15098.91 12610.54 15094.89 12593.05 15138.76 12603.50
6 2833.89 3357.92 2817.26 3337.50 2859.61 3302.30 2861.95 3322.56 2869.00 3321.70 2888.23 3323.62
12 1442.78 6796.19 1443.77 6797.26 1457.85 6804.25 1440.93 6805.41 1429.90 6816.76 1431.30 6837.01 1412.89 6809.02 1390.70 6804.47 1412.00 6790.94 1393.23 6773.08 1440.73 6746.45 1444.33 6780.38
13 8843.80 10149.02 8857.04 10165.28 8837.80 10158.98 8818.42 10197.66 8792.35 10168.42 8777.49 10188.00 8779.24 10176.11 8779.55 10162.68 8789.57 10143.34 8773.85 10134.53 8780.79 10101.87 8805.10 10127.02 8820.82 10139.72
5 3373.49 14328.09 3335.90 14355.95 3292.67 14283.97 3299.85 14235.91 3402.12 14246.34
7 2233.79 6519.05 2182.50 6537.93 2201.88 6465.55 2176.48 6460.01 2179.55 6429.73 2211.13 6392.60 2282.86 6432.33
13 13381.62 13035.71 13392.43 13050.13 13378.70 13049.33 13378.39 13049.52 13371.79 13045.75 13365.43 13061.57 13363.13 13050.94 13345.65 13029.59 13366.95 12991.24 13372.81 13019.50 13377.04 13019.17 13406.49 13010.32 13388.29 13024.12
8 13302.48 9114.49 13289.85 9104.37 13261.57 9103.00 13286.20 9059.33 13291.17 9049.90 13307.15 9082.16 13312.32 9079.03 13326.67 9088.26
13 6741.64 8126.08 6748.61 8134.50 6716.09 8134.46 6739.56 8158.31 6664.43 8201.21 6663.56 8172.06 6621.85 8171.55 6612.20 8168.20 6603.96 8155.46 6651.97 8128.04 6661.99 8106.70 6763.48 8058.42 6781.51 8089.26
8 2983.94 2554.37 2952.24 2537.38 2973.25 2491.78 2976.12 2473.78 2987.01 2503.75 3005.92 2471.73 3007.65 2507.18 3027.95 2516.11
5 4941.58 5793.74 4880.90 5792.62 4896.79 5767.71 4972.51 5727.43 4946.65 5765.39
6 2690.35 14091.21 2675.96 14140.75 2627.51 14080.77 2714.84 14041.72 2716.15 14053.12 2714.56 14058.09
11 6984.68 754.94 6995.67 769.15 6971.59 775.88 6941.91 757.81 6935.92 772.78 6911.67 728.60 6900.13 713.47 6861.63 667.50 6952.02 638.58 7001.01 654.89 6982.00 702.87
13 10176.14 13895.31 10221.83 13911.43 10176.07 13897.06 10218.21 13918.79 10146.71 13965.54 10124.50 13910.77 10076.64 13940.45 10074.35 13872.77 10123.15 13864.31 10130.12 13850.95 10130.42 13836.16 10167.91 13854.97 10201.83 13846.82
8 11915.48 11631.75 11908.98 11642.44 11923.43 11658.60 11887.34 11646.48 11863.68 11635.78 11863.31 11627.76 11858.48 11608.07 11893.99 11614.82
14 4247.71 2852.62 4237.35 2911.75 4200.17 2900.50 4178.50 2872.68 4181.23 2862.86 4151.79 2867.43 4125.66 2871.55 4116.42 2823.36 4161.61 2819.40 4143.39 2797.87 4166.36 2807.56 4238.88 2764.21 4253.55 2831.15 4284.17 2843.35
11 2580.55 4975.98 2560.53 4975.73 2551.20 4975.23 2545.81 4977.68 2542.78 4983.82 2488.80 4989.82 2517.64 4958.01 2521.46 4953.91 2483.86 4942.45 2521.17 4920.18 2559.76 4931.46
15 7373.41 10774.09 7355.01 10768.31 7341.61 10784.71 7337.86 10791.10 7331.17 10780.73 7325.09 10795.64 7328.12 10771.45 7317.69 10773.53 7325.54 10762.68 7321.19 10763.52 7307.31 10756.11 7301.07 10749.41 7302.23 10738.18 7349.55 10749.36 7362.84 10750.87
13 14757.67 3535.28 14749.62 3526.37 14747.99 3530.98 14741.30 3555.20 14747.58 3505.73 14734.27 3520.45 14713.23 3528.33 14712.28 3492.05 14737.67 3480.80 14730.25 3473.27 14729.00 3464.40 14780.28 3439.99 14792.81 3443.93
14 15478.73 899.36 15448.62 901.35 15483.15 910.60 15456.97 911.52 15427.01 915.93 15427.28 940.59 15402.75 917.88 15383.93 911.96 15408.17 894.16 15414.74 833.28 15425.46 884.28 15471.69 849.16 15470.17 853.70 15481.37 864.68
13 2196.89 14833.40 2184.63 14864.24 2154.59 14851.59 2104.00 14823.19 2134.89 14818.50 2137.64 14816.66 2124.77 14804.07 2147.23 14791.19 2158.88 14819.95 2155.68 14799.76 2180.37 14824.48 2178.30 14830.07 2223.80 14827.20
10 5847.92 1159.61 5832.77 1175.71 5823.28 1187.91 5827.04 1159.02 5787.80 1141.95 5830.88 1120.81 5838.80 1095.04 5870.31 1122.16 5867.01 1125.04 5869.18 1137.18
14 6591.24 4049.84 6579.70 4109.83 6554.76 4104.84 6537.73 4092.71 6534.47 4129.59 6511.79 4069.21 6466.66 4048.47 6449.10 4018.58 6472.63 4015.62 6462.40 4003.26 6495.27 3994.56 6516.67 3962.51 6532.29 3960.02 6560.95 4035.50
11 7073.57 4128.99 7064.42 4152.93 7004.90 4163.63 7000.38 4145.30 6985.13 4154.22 6966.46 4170.66 6954.11 4113.62 6998.91 4102.38 7057.79 4071.12 7063.36 4085.00 7048.72 4108.04
14 4401.78 2645.92 4390.63 2648.19 4385.82 2631.00 4359.89 2644.28 4363.41 2638.07 4362.02 2634.25 4356.55 2613.22 4342.99 2607.55 4368.83 2607.65 4388.78 2601.09 4390.91 2599.26 4394.73 2602.29 4410.74 2589.13 4422.34 2602.74
14 12132.96 13635.19 12077.86 13648.68 12066.25 13671.27 12052.06 13700.29 12020.76 13722.22 12014.12 13656.73 12006.73 13650.35 11974.12 13651.48 11979.21 13648.36 11988.54 13618.33 12000.31 13615.09 12028.18 13612.54 12050.85 13591.11 12086.46 13582.35
15 7399.64 8688.64 7428.26 8734.28 7380.53 8700.01 7349.21 8745.49 7351.75 8701.00 7350.02 8698.06 7302.79 8745.40 7343.87 8692.63 7325.34 8699.37 7296.13 8647.19 7341.37 8641.68 7340.31 8628.52 7361.38 8652.17 7407.22 8634.33 7410.12 8649.86
6 9956.96 7931.89 9962.36 7925.85 9969.64 7921.42 9980.30 7910.06 10005.79 7914.88 10033.88 7932.94
7 11821.66 4836.45 11812.42 4851.52 11762.98 4852.17 11746.74 4871.14 11713.63 4840.18 11734.14 4814.34 11763.56 4784.69
10 13233.07 12458.65 13236.15 12463.34 13223.81 12512.62 13187.02 12466.61 13144.67 12431.16 13177.04 12427.88 13196.78 12430.77 13181.14 12390.28 13230.27 12410.96 13263.24 12383.40
15 13284.65 12614.35 13272.80 12609.31 13227.70 12637.81 13195.76 12605.81 13197.03 12601.53 13207.44 12581.27 13182.97 12553.29 13205.87 12572.08 13193.75 12524.58 13196.91 12526.25 13253.82 12518.86 13245.22 12558.79 13287.91 12547.79 13283.26 12559.11 13246.97 12579.91
15 14523.53 14173.41 14526.74 14205.93 14502.57 14186.28 14481.33 14170.22 14478.06 14168.52 14473.06 14165.99 14489.75 14163.44 14499.36 14155.34 14502.63 14157.48 14510.07 14157.04 14514.74 14130.24 14515.26 14154.49 14540.08 14146.06 14541.01 14156.05 14523.78 14163.10
11 11674.49 15362.61 11658.76 15376.76 11648.77 15396.41 11640.06 15401.29 11627.62 15388.52 11632.06 15380.79 11631.95 15374.49 11641.24 15366.91 11640.48 15355.29 11627.37 15337.93 11681.30 15318.46
9 10719.95 6692.91 10644.22 6701.38 10664.17 6682.22 10651.00 6675.45 10618.98 6669.03 10741.98 6641.14 10713.12 6667.01 10733.44 6660.74 10738.00 6674.28
11 1151.76 7247.73 1131.22 7290.90 1126.46 7279.58 1097.81 7279.09 1062.19 7250.03 1100.21 7233.50 1112.20 7215.97 1116.93 7204.87 1124.56 7222.99 1129.45 7228.23 1154.84 7235.93
7 2066.05 10116.81 2056.71 10149.48 2024.45 10113.57 2008.21 10103.03 1980.62 10044.39 2017.24 10011.75 2057.25 10023.92
6 9458.38 13012.92 9454.18 13042.95 9418.47 13042.92 9433.78 12960.41 9425.36 12930.89 9449.14 12922.69
5 4858.18 1725.75 4856.58 1727.41 4839.97 1731.45 4824.52 1711.10 4834.69 1667.20
7 5651.97 1291.82 5646.78 1306.21 5612.94 1283.92 5625.90 1234.92 5624.40 1224.26 5642.95 1228.60 5649.64 1242.50
8 15018.50 6429.17 15000.53 6436.97 14987.36 6453.16 14966.54 6460.19 14976.33 6437.52 14957.49 6424.92 14966.37 6360.92 15037.51 6404.95
10 7889.70 11669.60 7855.28 11666.22 7856.19 11674.49 7856.25 11685.86 7847.04 11685.94 7834.31 11627.33 7846.21 11643.89 7856.11 11635.98 7860.26 11622.03 7861.66 11616.86
7 6599.08 1609.17 6587.51 1608.61 6571.28 1626.04 6549.78 1664.91 6565.56 1581.22 6604.04 1554.82 6583.25 1602.18
10 13031.07 9740.73 13022.03 9786.07 12930.68 9758.46 12930.43 9738.37 12909.60 9741.54 12930.84 9719.71 12940.59 9701.08 12966.06 9665.74 12980.01 9709.56 13046.94 9721.26
5 4222.81 6940.17 4239.09 6877.00 4305.14 6842.96 4324.38 6848.56 4317.58 6868.72
9 4787.95 2155.83 4769.70 2158.17 4762.77 2166.32 4763.03 2168.41 4763.73 2191.00 4748.91 2185.99 4743.64 2158.68 4721.47 2138.19 4768.58 2115.83
10 636.00 3745.96 628.34 3746.89 590.18 3768.62 588.45 3747.69 593.69 3737.32 613.05 3672.06 614.61 3644.54 635.01 3659.40 643.33 3647.36 647.57 3669.97
5 7847.51 7885.17 7785.54 7911.95 7777.18 7950.87 7722.08 7867.42 7848.09 7852.42
13 8719.77 4181.53 8700.61 4212.38 8695.34 4236.05 8665.91 4220.27 8621.17 4221.36 8654.41 4164.42 8630.08 4150.15 8669.83 4118.63 8681.76 4156.98 8701.95 4125.92 8720.25 4143.87 8695.66 4163.77 8715.03 4164.07
10 1854.82 1007.01 1865.28 1026.45 1799.48 1038.83 1797.19 1028.36 1781.74 996.22 1792.50 987.26 1838.58 946.05 1863.97 935.32 1857.10 943.61 1897.40 963.65
15 10158.24 336.03 10147.32 325.87 10144.72 355.02 10108.12 349.50 10079.63 314.03 10075.15 303.68 10086.47 286.41 10066.04 274.76 10070.54 250.19 10086.63 254.20 10118.19 269.33 10140.48 255.03 10157.91 248.24 10165.87 245.32 10164.73 269.06
14 7429.20 12369.69 7397.40 12402.30 7393.66 12408.34 7301.39 12368.27 7341.20 12354.10 7310.19 12287.72 7335.27 12273.49 7347.32 12294.57 7360.60 12301.66 7381.88 12302.17 7400.42 12266.24 7408.42 12336.15 7442.87 12330.72 7459.58 12339.10
15 2894.97 9177.37 2933.35 9192.74 2893.44 9187.64 2901.40 9195.86 2892.01 9216.88 2889.11 9214.16 2898.72 9235.14 2836.86 9219.80 2836.61 9203.20 2789.05 9212.97 2803.25 9177.53 2822.85 9145.84 2837.64 9110.04 2858.10 9092.82 2913.19 9163.28
6 7177.44 3904.65 7159.56 3912.81 7148.61 3880.09 7095.95 3894.61 7080.75 3870.18 7201.82 3809.90
11 9789.89 4153.53 9750.00 4133.15 9743.82 4134.55 9736.19 4137.98 9734.38 4120.17 9740.49 4118.95 9718.61 4102.64 9710.93 4093.93 9743.73 4109.05 9769.05 4075.63 9769.45 4104.28
14 15148.19 14813.17 15098.28 14816.35 15127.15 14849.38 15087.57 14841.44 15085.29 14875.44 15078.11 14875.95 15062.26 14815.51 15055.72 14809.28 15022.37 14794.56 15025.62 14791.58 15075.04 14794.27 15147.66 14777.64 15135.83 14800.52 15101.42 14811.85
8 7672.53 7124.25 7642.76 7115.38 7643.28 7117.53 7610.88 7083.05 7630.94 7095.89 7645.71 7082.91 7670.22 7077.83 7647.41 7098.96
8 11143.04 14172.90 11124.60 14163.52 11119.88 14161.68 11101.01 14202.56 11080.13 14166.89 11050.08 14147.10 11074.26 14112.58 11068.27 14101.74
9 8680.67 6264.15 8685.87 6267.73 8549.89 6208.08 8549.42 6188.61 8581.13 6195.22 8586.25 6153.43 8630.33 6175.83 8669.72 6192.37 8659.31 6203.98
9 14499.77 5392.60 14462.38 5390.83 14435.33 5387.91 14407.58 5385.43 14436.69 5372.19 14446.52 5327.87 14480.54 5306.20 14482.74 5343.79 14469.61 5359.34
9 7479.52 12903.04 7429.09 12879.87 7399.66 12922.71 7403.82 12817.96 7431.27 12795.11 7450.86 12797.11 7445.45 12836.57 7448.28 12847.91 7481.62 12847.06
6 998.59 7060.50 977.47 7023.98 971.03 7022.10 1007.04 6996.75 998.52 7016.65 1007.07 7022.04
10 5673.87 2342.53 5672.95 2363.44 5680.76 2373.73 5653.26 2393.85 5621.64 2370.63 5606.76 2396.06 5602.31 2398.79 5600.85 2336.75 5618.32 2289.33 5641.71 2316.17
5 11985.76 4935.90 11992.74 4885.50 12008.46 4885.89 12010.87 4910.97 12019.44 4915.25
13 4413.10 8027.23 4454.18 8041.42 4389.81 8073.13 4379.40 8034.16 4367.63 8027.97 4365.58 8024.61 4333.46 7996.02 4370.45 8005.78 4345.32 7967.37 4389.95 7957.39 4394.19 7959.38 4431.80 7972.70 4435.55 7988.98
6 11842.64 13627.15 11842.87 13633.20 11811.93 13677.92 11793.63 13609.58 11816.73 13562.67 11862.70 13606.70
12 770.67 3894.84 747.39 3881.83 714.68 3913.69 704.76 3923.28 704.70 3869.30 725.15 3844.74 740.28 3848.51 732.18 3811.94 758.02 3807.64 757.32 3827.60 760.04 3841.51 808.60 3847.64
5 9194.12 11385.47 9191.25 11385.59 9206.72 11357.29 9226.06 11343.45 9250.57 11340.98
14 12207.72 12456.67 12208.80 12463.19 12191.37 12471.55 12192.28 12479.19 12184.44 12462.92 12177.08 12474.67 12171.76 12471.52 12166.62 12434.09 12172.89 12432.96 12168.83 12414.05 12184.12 12410.78 12186.21 12428.79 12192.64 12407.75 12190.92 12440.76
15 4369.10 11105.56 4327.36 11122.65 4316.73 11141.00 4265.99 11108.48 4224.77 11105.42 4274.33 11085.25 4265.88 11083.55 4270.83 11074.07 4258.33 11043.10 4277.19 11044.93 4299.27 11040.33 4367.80 11070.92 4330.88 11081.13 4386.22 11075.60 4340.22 11084.13
6 11432.12 189.40 11391.87 215.78 11399.33 174.24 11351.94 151.97 11435.87 125.52 11459.73 131.15
15 11616.09 13314.98 11624.85 13320.57 11622.88 13327.80 11612.69 13327.25 11593.61 13340.62 11592.20 13315.31 11576.87 13336.04 11570.76 13348.36 11574.25 13314.50 11563.34 13265.59 11586.67 13290.11 11576.27 13261.10 11589.84 13277.75 11600.31 13289.10 11614.76 13279.35
10 11387.65 6202.99 11371.92 6190.40 11322.79 6173.58 11353.90 6163.18 11350.18 6159.40 11348.02 6149.94 11356.57 6156.25 11354.74 6106.76 11373.15 6146.76 11393.05 6159.58
8 8785.85 9245.86 8753.28 9253.25 8694.09 9205.39 8721.70 9220.74 8722.61 9221.25 8712.70 9205.68 8755.80 9203.48 8750.63 9229.41
13 7630.99 14022.36 7560.48 14009.74 7522.33 14026.37 7504.08 14035.19 7525.85 13988.09 7547.56 13966.60 7542.41 13946.54 7543.97 13948.56 7538.56 13923.50 7561.50 13929.29 7571.43 13968.04 7648.78 13961.25 7639.05 13983.98
6 1897.00 11393.62 1890.02 11383.73 1860.50 11369.13 1884.09 11343.25 1904.20 11344.84 1938.12 11365.34
8 3406.02 4961.46 3429.03 4988.90 3394.05 5008.15 3363.32 4984.89 3367.10 4931.51 3370.22 4927.79 3409.54 4926.34 3429.89 4946.22
10 3367.97 2687.92 3364.07 2687.22 3338.90 2716.21 3342.32 2687.33 3319.86 2685.97 3320.81 2655.21 3334.62 2653.67 3337.72 2658.05 3336.77 2649.54 3347.56 2648.97
5 6985.36 11261.96 7013.14 11184.34 7084.30 11181.99 7056.26 11200.99 7071.10 11204.15
6 1096.34 11664.55 1053.03 11654.37 1062.94 11649.24 1083.12 11635.32 1055.49 11617.14 1079.81 11619.76
9 7584.20 831.38 7576.17 838.77 7570.96 820.08 7552.89 817.44 7558.80 808.48 7554.97 764.51 7575.84 779.20 7595.44 785.77 7636.66 803.84
7 4873.43 12585.92 4853.69 12620.67 4843.88 12632.00 4798.17 12574.80 4802.67 12555.32 4817.71 12554.62 4841.29 12572.68
6 6007.39 3404.64 5999.74 3394.93 5998.47 3370.90 6031.99 3394.64 6057.91 3370.68 6059.33 3398.82
13 8742.80 191.83 8736.10 210.39 8748.24 245.16 8740.01 240.14 8712.41 204.65 8690.62 204.89 8680.37 196.11 8627.57 219.97 8693.70 143.86 8738.25 123.71 8712.41 172.14 8732.81 157.91 8761.90 153.46
6 12595.78 15431.50 12600.57 15436.03 12572.28 15466.07 12561.71 15445.53 12551.93 15426.38 12618.86 15421.34
10 7440.43 5676.19 7443.16 5699.29 7397.04 5677.41 7418.70 5724.18 7409.10 5727.84 7372.95 5693.85 7367.58 5728.23 7319.91 5654.37 7415.66 5598.37 7404.42 5639.61
8 10888.64 6483.81 10827.16 6543.50 10783.74 6463.82 10808.49 6439.30 10845.80 6431.11 10879.43 6414.65 10877.70 6447.01 10920.72 6452.70
15 13326.16 11028.60 13350.80 11029.83 13304.61 11046.94 13296.97 11096.88 13278.59 11091.45 13277.38 11054.23 13228.96 11100.65 13225.08 11025.29 13220.24 10987.41 13254.98 11003.40 13258.95 11002.10 13272.39 11006.29 13296.03 11003.53 13308.10 10981.57 13338.34 11027.27
7 13452.44 382.88 13421.84 447.76 13388.92 411.13 13309.32 428.96 13379.45 354.89 13381.33 336.32 13456.06 373.67
7 6055.34 13714.72 6021.01 13720.02 6013.72 13731.07 5975.59 13750.73 5956.02 13689.88 6053.19 13703.61 6023.68 13712.99
5 14277.99 9844.52 14145.89 9826.56 14185.33 9796.39 14216.77 9755.48 14291.16 9758.71
10 7198.63 4678.37 7195.73 4691.30 7146.60 4706.97 7138.24 4636.26 7173.73 4611.81 7176.25 4597.82 7184.31 4563.47 7229.82 4583.68 7269.36 4583.96 7259.88 4598.80
13 4196.67 11857.56 4172.48 11891.09 4145.93 11907.46 4135.37 11885.99 4127.99 11875.78 4120.44 11873.51 4148.18 11847.49 4142.62 11815.33 4145.85 11813.46 4152.33 11807.72 4165.67 11808.11 4183.05 11803.91 4194.15 11825.40
11 3243.70 6406.99 3205.42 6391.54 3184.07 6360.73 3155.02 6353.02 3122.63 6299.79 3152.58 6317.86 3178.44 6315.56 3191.55 6265.67 3216.77 6275.57 3213.31 6304.90 3258.24 6323.43
13 8525.99 6346.18 8522.82 6357.94 8513.84 6337.49 8488.35 6342.40 8487.19 6332.14 8476.87 6331.75 8486.98 6326.12 8480.73 6324.51 8482.21 6290.84 8504.50 6304.75 8518.30 6267.94 8515.24 6300.26 8536.14 6307.13
10 7680.89 8661.70 7659.06 8677.35 7657.17 8701.82 7649.15 8667.21 7635.04 8673.80 7627.64 8670.65 7636.09 8649.69 7633.69 8647.62 7645.25 8647.71 7650.97 8621.58
9 4334.82 5510.31 4335.56 5533.76 4335.29 5549.32 4319.34 5552.49 4298.21 5535.97 4269.53 5489.65 4313.63 5450.51 4336.58 5437.42 4332.01 5467.29
14 2231.86 5530.16 2206.30 5556.32 2208.69 5540.73 2208.01 5542.34 2206.81 5542.72 2203.34 5520.45 2190.60 5518.18 2179.13 5518.22 2185.16 5506.05 2201.32 5507.26 2200.40 5487.45 2211.55 5507.32 2226.69 5480.43 2223.37 5495.25
14 12788.11 14329.05 12789.94 14331.47 12793.06 14359.54 12781.95 14348.83 12778.43 14329.96 12765.32 14357.47 12767.59 14346.40 12772.63 14329.12 12748.47 14338.40 12767.59 14325.67 12768.11 14307.01 12802.69 14292.42 12807.50 14299.71 12795.06 14318.45
6 3175.32 972.80 3157.06 973.36 3157.28 949.03 3138.70 930.18 3180.68 946.91 3175.28 950.36
13 9825.39 7928.23 9825.38 7969.19 9798.08 7937.07 9831.67 7988.60 9794.76 7948.67 9776.02 7951.05 9745.96 7976.84 9725.11 7894.28 9762.07 7883.42 9795.42 7896.25 9800.42 7892.96 9817.89 7854.99 9817.35 7908.66
12 12789.95 5867.63 12782.34 5870.72 12811.86 5888.23 12756.70 5885.77 12742.44 5907.79 12744.05 5861.77 12703.68 5825.03 12706.83 5812.58 12760.31 5843.13 12781.60 5799.41 12779.04 5817.44 12805.11 5856.49
8 11891.74 1539.71 11861.93 1552.61 11791.72 1540.31 11798.43 1513.23 11796.07 1502.56 11791.42 1488.98 11811.79 1485.49 11880.23 1481.80
8 5200.28 13977.88 5173.97 14012.12 5153.07 13987.80 5168.97 13974.47 5174.57 13942.39 5180.51 13949.95 5190.76 13959.34 5204.17 13931.30
6 11561.69 15038.58 11523.11 15035.62 11517.69 15013.46 11474.43 15032.81 11484.60 15007.85 11485.22 14989.71
10 14613.29 10966.67 14613.54 10980.88 14601.32 10981.87 14561.21 10965.15 14548.20 10976.47 14538.17 10951.31 14539.56 10937.84 14499.18 10914.76 14536.25 10885.34 14567.66 10913.77
5 8589.45 6965.00 8551.64 6977.43 8484.94 6999.43 8514.35 6946.72 8572.90 6903.03
8 12691.94 11195.54 12683.39 11217.52 12619.14 11214.19 12631.70 11141.56 12689.00 11112.60 12681.30 11156.19 12695.34 11169.66 12695.03 11174.51
13 8952.81 5857.13 8957.02 5860.10 8925.78 5856.63 8923.17 5861.84 8926.90 5873.17 8894.20 5888.86 8873.71 5871.90 8900.30 5850.43 8879.68 5843.28 8890.39 5841.68 8905.59 5816.81 8932.64 5841.33 8934.62 5850.52
12 4188.06 14089.52 4166.97 14107.05 4167.74 14128.30 4133.74 14107.26 4124.92 14115.12 4119.49 14100.37 4081.52 14126.54 4110.17 14068.06 4087.24 14038.68 4129.28 14050.30 4140.82 14052.98 4149.28 14070.17
11 7949.54 10858.79 7929.14 10863.69 7951.72 10888.91 7917.90 10875.54 7877.70 10914.12 7821.23 10844.19 7881.35 10823.56 7871.03 10805.61 7964.22 10815.59 7944.10 10846.04 7995.39 10841.82
10 10144.11 2876.98 10122.04 2900.68 10090.33 2853.69 10054.52 2854.25 10030.87 2824.25 10091.61 2829.02 10071.49 2783.36 10102.27 2821.16 10102.28 2804.10 10120.42 2809.91
6 15486.94 13111.73 15422.40 13192.68 15397.17 13159.20 15337.12 13127.52 15332.50 13088.67 15434.40 13096.19
13 14779.74 5923.86 14796.52 5971.38 14790.33 5981.74 14715.57 5938.86 14682.51 5938.06 14732.95 5923.94 14727.38 5920.11 14722.14 5910.00 14694.32 5889.74 14749.99 5902.97 14804.16 5874.35 14794.05 5901.33 14819.56 5916.41
12 6815.96 1346.70 6811.92 1351.64 6730.60 1363.63 6692.62 1380.71 6686.34 1346.01 6685.48 1327.99 6677.27 1321.62 6709.77 1327.34 6705.26 1301.90 6735.30 1298.85 6761.91 1308.42 6747.76 1324.37
11 14241.92 12913.90 14212.61 12892.65 14211.23 12895.50 14213.60 12902.84 14200.92 12898.63 14185.75 12916.96 14161.03 12875.83 14175.13 12866.37 14132.83 12845.62 14200.49 12848.21 14268.93 12853.08
10 3813.63 8641.46 3836.64 8678.53 3801.85 8634.71 3767.98 8678.90 3726.72 8600.51 3782.94 8596.00 3807.40 8564.40 3804.66 8582.49 3837.30 8601.89 3827.19 8607.27
10 8371.01 8791.49 8345.68 8777.84 8343.90 8810.83 8324.84 8787.03 8327.46 8782.53 8304.09 8808.59 8343.02 8744.26 8341.67 8750.70 8355.93 8765.11 8371.52 8767.50
7 3082.54 11516.38 3049.87 11524.06 3069.18 11511.38 3068.02 11483.50 3102.79 11487.72 3126.42 11484.70 3136.15 11487.64
6 14806.96 7046.19 14791.16 7038.17 14786.05 6979.06 14756.24 6972.75 14777.63 6958.98 14819.60 6971.22
8 13464.38 15047.68 13434.46 15049.56 13387.51 15007.58 13428.63 15023.06 13421.54 14986.89 13433.16 15024.22 13446.92 15023.46 13485.33 15007.96
7 1124.03 8476.06 1119.86 8483.18 1101.30 8480.25 1095.17 8482.28 1057.72 8496.80 1077.67 8435.48 1098.67 8450.34
14 7449.39 9472.09 7460.97 9483.54 7419.69 9454.66 7448.36 9490.24 7397.72 9464.51 7354.18 9451.19 7381.72 9435.67 7401.26 9396.89 7432.71 9390.67 7449.48 9384.98 7423.80 9419.64 7438.58 9421.02 7435.80 9426.84 7462.58 9431.29
6 13481.42 11755.53 13489.91 11812.80 13477.27 11815.94 13442.92 11749.41 13419.18 11677.95 13534.37 11722.63
13 5518.56 12483.70 5512.31 12480.04 5526.78 12490.06 5511.32 12484.82 5517.51 12509.21 5475.24 12518.98 5468.81 12498.24 5459.11 12507.20 5464.87 12473.21 5424.56 12457.42 5487.83 12424.56 5539.45 12453.77 5547.77 12452.53
10 3823.45 6037.03 3831.34 6028.53 3814.64 5986.57 3851.59 5985.05 3895.74 5934.36 3898.22 5961.94 3930.62 5947.69 3932.45 5957.59 3938.74 5958.25 3947.90 5982.26
9 7306.31 9213.91 7292.27 9248.16 7291.62 9225.72 7264.90 9248.06 7265.65 9231.99 7288.57 9180.07 7287.03 9176.50 7329.28 9181.23 7323.61 9190.06
14 7139.02 6521.59 7150.74 6546.79 7121.79 6539.16 7095.74 6541.54 7053.27 6525.98 7093.25 6484.78 7075.94 6471.82 7055.28 6446.71 7098.63 6467.04 7107.38 6436.77 7133.58 6438.76 7129.94 6459.31 7158.50 6476.03 7175.07 6482.47
13 13090.61 6145.88 13122.82 6159.89 13091.85 6169.41 13041.32 6194.91 13031.08 6164.96 13034.11 6141.61 13056.64 6133.07 13052.47 6125.97 13070.96 6127.92 13082.09 6120.79 13090.21 6114.05 13112.87 6112.55 13118.32 6130.83
11 13181.18 6917.26 13173.60 6923.83 13136.21 6920.38 13129.41 6920.78 13161.71 6936.27 13119.52 6948.44 13052.88 6921.51 13067.31 6913.00 13061.03 6887.24 13100.13 6857.27 13111.16 6899.71
13 4805.32 13364.91 4783.61 13363.26 4721.09 13340.73 4714.69 13329.15 4705.21 13324.52 4709.41 13267.55 4706.44 13261.38 4707.48 13254.26 4713.12 13238.85 4733.63 13220.27 4775.84 13250.97 4793.37 13269.23 4794.84 13270.87
8 10359.36 10117.25 10351.15 10117.47 10355.76 10142.86 10325.13 10147.32 10319.37 10109.55 10337.15 10086.04 10345.88 10079.74 10374.75 10100.01
6 15087.69 1520.15 15109.92 1555.91 15091.21 1559.62 15066.46 1524.77 15058.08 1502.07 15086.11 1472.37
15 1134.35 2165.42 1101.62 2156.74 1086.77 2161.63 1049.34 2165.82 1023.91 2165.51 1008.56 2153.52 1058.37 2131.73 1044.46 2125.75 1019.16 2105.56 1041.41 2090.50 1081.16 2074.04 1085.64 2112.70 1109.83 2083.18 1092.16 2118.65 1106.67 2133.32
15 8605.33 12027.97 8620.66 12034.72 8599.47 12066.11 8592.04 12053.25 8580.43 12032.57 8576.74 12042.43 8563.12 12056.35 8572.31 12028.65 8554.52 12035.17 8554.70 12020.33 8544.21 12011.30 8591.32 11997.66 8592.44 12014.40 8619.21 11996.86 8606.52 12013.15
8 11483.49 8384.86 11476.55 8440.02 11430.25 8430.63 11373.05 8359.68 11396.38 8326.09 11404.03 8318.79 11451.23 8301.95 11522.81 8361.98
8 4717.77 10407.37 4684.97 10389.84 4683.83 10400.89 4663.50 10425.19 4651.32 10417.69 4634.79 10384.16 4690.47 10294.06 4705.74 10367.20
10 3047.48 7630.19 3013.21 7653.87 2946.38 7624.83 2953.48 7587.89 2961.38 7574.58 2988.55 7593.04 3008.12 7578.98 3025.91 7573.26 3018.34 7592.63 3044.83 7582.07
5 11930.46 6102.40 11899.24 6048.65 11889.47 6048.91 11907.11 5986.52 11967.32 6033.00
8 342.14 4488.73 323.42 4486.57 284.41 4477.45 269.22 4532.31 236.19 4476.33 260.64 4398.67 299.51 4367.71 347.40 4433.01
8 883.68 12578.49 851.79 12616.33 850.44 12612.01 823.50 12588.47 837.12 12554.37 832.38 12501.92 895.68 12493.55 911.93 12558.62
9 1220.19 11613.20 1213.13 11618.62 1240.21 11632.87 1181.54 11627.15 1166.77 11599.55 1155.09 11591.89 1165.70 11580.32 1164.45 11574.48 1203.28 11566.99
14 6478.40 7388.80 6496.12 7399.95 6429.17 7457.97 6403.00 7444.71 6412.55 7392.44 6394.53 7400.20 6366.54 7388.21 6357.13 7387.72 6392.61 7373.31 6349.43 7366.26 6415.62 7328.03 6453.18 7337.33 6446.90 7358.12 6469.71 7371.99
14 12051.00 2929.95 12031.01 2928.58 12006.77 2929.07 12046.70 2956.04 12022.01 2951.40 11970.40 2956.72 11959.23 2977.13 11963.47 2937.96 11944.00 2930.60 11951.62 2875.44 11962.45 2841.01 11999.70 2879.13 12028.01 2906.07 12066.64 2909.29
7 12513.15 7594.77 12501.14 7606.01 12436.48 7621.76 12457.52 7588.05 12418.79 7574.12 12456.33 7550.92 12528.94 7522.71
12 7164.45 2836.34 7203.07 2859.47 7159.96 2856.20 7168.13 2912.37 7142.58 2886.34 7142.24 2915.46 7103.47 2822.50 7069.25 2785.48 7101.46 2807.32 7142.59 2818.14 7174.61 2828.37 7213.66 2824.48
15 2067.92 10326.79 2062.26 10326.82 2045.31 10351.35 2036.95 10354.79 2011.88 10377.73 2001.64 10321.48 1937.60 10329.88 1951.60 10281.57 1985.19 10285.49 1929.83 10258.51 1951.19 10257.28 1996.78 10248.32 1999.61 10218.72 2004.66 10233.58 2038.68 10284.91
10 5110.20 3584.62 5099.85 3646.48 5086.29 3611.39 5069.88 3601.39 5055.52 3584.33 5013.25 3543.43 5059.03 3565.63 5100.30 3530.75 5122.69 3552.12 5092.50 3572.96
15 4997.23 7954.88 4975.75 7956.48 4966.99 7958.80 5001.01 7988.16 4923.88 7982.14 4898.15 7999.03 4890.71 7893.30 4890.89 7859.20 4949.05 7862.79 4931.31 7914.57 4977.68 7882.19 4962.73 7919.40 4942.85 7937.13 4953.27 7934.75 5005.86 7931.39
9 14380.50 6696.29 14374.41 6709.92 14341.57 6667.51 14341.61 6659.99 14359.94 6669.96 14364.61 6679.67 14379.45 6669.35 14394.41 6656.33 14410.05 6686.61
11 5126.45 11278.64 5119.05 11286.61 5107.64 11284.03 5107.67 11284.80 5104.87 11295.48 5083.70 11289.47 5071.61 11285.29 5103.49 11262.42 5106.81 11238.01 5143.51 11254.10 5116.52 11270.67
13 9824.98 14208.04 9816.04 14220.86 9803.61 14237.13 9793.93 14218.48 9786.95 14223.47 9774.13 14201.53 9768.61 14182.40 9793.74 14188.27 9783.24 14175.19 9796.51 14175.69 9840.97 14177.29 9825.45 14197.73 9836.72 14196.86
6 4673.10 7175.87 4620.82 7136.94 4610.27 7122.85 4658.77 7138.67 4674.82 7139.84 4707.21 7156.72
11 11835.79 6386.80 11815.80 6399.53 11816.88 6416.15 11809.83 6445.57 11800.15 6412.36 11796.90 6404.47 11754.48 6390.51 11766.32 6335.38 11844.62 6351.41 11852.09 6365.76 11836.77 6378.52
12 14465.69 5246.66 14471.77 5246.89 14448.11 5282.50 14449.02 5259.96 14428.35 5302.25 14413.93 5266.66 14421.97 5232.26 14450.07 5220.17 14456.20 5220.86 14459.28 5209.03 14466.23 5242.51 14512.69 5238.32
5 9165.63 7534.50 9177.50 7546.86 9158.64 7556.76 9143.83 7555.26 9170.77 7522.88
13 8388.97 12603.64 8414.16 12621.80 8352.77 12608.25 8344.06 12617.52 8279.07 12623.54 8314.10 12597.88 8321.77 12593.20 8326.24 12582.96 8318.79 12573.86 8310.46 12564.62 8333.87 12553.39 8385.38 12549.94 8407.87 12548.97
15 10120.60 15017.37 10116.15 15064.19 10095.52 15030.07 10077.11 15062.80 10074.77 15031.85 10057.25 15040.95 10064.12 15017.58 10049.58 15014.83 10048.46 15003.27 10046.09 15001.21 10069.54 14989.15 10097.43 15000.91 10102.08 14995.92 10103.98 15003.25 10124.11 15004.62
13 6953.19 1238.77 6949.79 1251.74 6903.73 1257.38 6889.48 1245.79 6921.29 1229.23 6918.36 1228.73 6896.51 1223.17 6914.36 1221.18 6894.38 1212.46 6910.25 1188.23 6950.75 1211.06 6964.97 1205.80 6977.11 1213.53
6 10995.64 14184.63 10940.23 14162.65 10952.90 14162.06 10940.69 14143.91 10969.87 14135.86 10971.12 14153.94
12 12836.66 799.16 12841.06 804.98 12841.21 807.86 12841.76 817.51 12831.14 810.98 12816.48 835.56 12810.02 825.41 12813.76 810.88 12780.92 812.60 12798.41 790.38 12787.26 770.72 12859.86 764.29
7 8368.89 6471.04 8345.28 6465.32 8344.29 6446.36 8321.74 6412.16 8365.74 6410.71 8397.12 6367.57 8404.15 6386.72
15 5757.59 14790.60 5781.15 14792.82 5768.42 14797.23 5796.25 14834.33 5752.39 14853.70 5672.57 14817.70 5714.93 14775.55 5693.67 14760.99 5717.77 14773.68 5729.05 14775.18 5709.03 14733.63 5721.22 14750.17 5734.12 14774.13 5808.31 14765.68 5808.19 14768.36
5 2782.95 751.03 2705.75 740.44 2704.26 689.41 2765.46 724.89 2769.94 730.07
14 8265.95 11143.90 8277.85 11149.68 8270.94 11156.52 8256.65 11153.33 8249.81 11164.58 8228.95 11161.56 8220.74 11141.84 8223.57 11141.15 8242.47 11141.47 8229.55 11129.65 8264.66 11116.73 8260.05 11134.07 8262.34 11134.10 8264.56 11131.69
6 2990.89 7890.57 2970.03 7888.93 2938.69 7875.28 2925.69 7888.24 2858.89 7832.13 2987.47 7838.34
9 13445.20 7104.02 13419.20 7108.31 13406.52 7122.58 13395.90 7109.47 13366.34 7091.15 13380.40 7053.09 13401.61 7057.53 13437.44 7053.19 13437.07 7064.65
10 10123.21 3066.28 10111.74 3106.41 10060.08 3070.83 10055.69 3101.34 9999.61 3106.12 9999.45 3067.55 10029.06 3056.04 10077.58 3008.76 10085.52 3023.24 10071.49 3044.45
11 8519.45 13259.82 8522.62 13306.04 8498.50 13285.29 8425.19 13250.38 8470.91 13216.44 8465.54 13164.09 8514.70 13135.91 8557.59 13157.56 8516.84 13202.24 8551.84 13202.54 8560.77 13213.07
9 8015.43 8945.85 8001.29 8977.71 8003.05 8953.76 7978.55 8949.34 7958.22 8954.38 8039.68 8818.44 8039.13 8852.22 8045.78 8863.18 8081.30 8890.27
15 718.85 8636.02 701.48 8684.76 631.56 8715.37 638.15 8682.19 606.07 8648.76 581.48 8605.48 635.61 8611.31 605.63 8581.49 626.95 8591.50 629.43 8556.39 623.27 8533.00 673.38 8574.60 668.43 8590.78 715.33 8607.50 686.57 8620.20
6 9457.81 10745.62 9367.48 10698.61 9390.08 10694.72 9425.79 10678.70 9457.60 10692.09 9468.28 10716.98
10 922.20 9620.60 909.34 9621.51 898.95 9629.99 876.98 9620.29 864.84 9619.68 897.72 9604.03 901.96 9587.34 922.06 9585.05 907.54 9607.82 912.69 9616.72
8 2795.24 337.80 2770.78 364.37 2770.96 370.70 2753.36 345.62 2733.96 374.34 2728.56 366.50 2711.35 335.53 2696.26 316.44
6 1033.61 14357.87 993.89 14378.42 994.08 14432.95 966.84 14328.35 987.63 14292.44 1037.61 14311.10
10 9616.87 5258.33 9585.06 5206.45 9535.73 5156.75 9531.80 5127.63 9584.48 5168.65 9602.66 5108.50 9619.21 5144.90 9601.20 5174.52 9631.98 5170.15 9620.26 5175.68
12 4968.46 1759.65 4942.42 1763.46 4950.03 1779.69 4890.86 1796.48 4884.12 1697.89 4911.69 1702.40 4914.64 1682.33 4926.74 1678.65 4931.73 1670.15 4933.51 1693.57 4939.77 1702.43 4953.51 1709.27
6 7921.57 10583.83 7922.06 10605.98 7912.81 10563.80 7918.06 10554.25 7933.08 10538.73 7938.65 10544.79
11 8133.78 8741.32 8107.04 8759.82 8068.72 8686.27 8090.19 8704.06 8092.51 8703.00 8090.04 8663.24 8118.22 8683.34 8158.73 8678.13 8149.33 8695.93 8121.53 8709.36 8126.50 8713.71
5 438.81 983.15 421.61 947.31 418.50 944.23 445.50 941.58 480.06 901.81
14 9313.60 8810.62 9274.32 8849.30 9286.66 8824.76 9269.50 8809.75 9267.39 8793.58 9273.55 8787.13 9271.99 8778.60 9278.00 8781.08 9289.10 8775.75 9285.88 8750.16 9284.94 8743.44 9299.11 8790.18 9310.81 8781.52 9327.09 8801.73
11 6500.29 13296.96 6490.73 13306.84 6497.29 13321.70 6482.62 13312.44 6480.55 13310.75 6461.42 13327.28 6468.93 13290.73 6451.20 13273.39 6478.08 13284.48 6487.20 13277.45 6508.58 13270.94
15 1866.48 9317.35 1819.79 9307.80 1813.07 9332.83 1773.01 9327.60 1789.93 9308.43 1758.01 9314.96 1774.04 9283.29 1769.97 9270.34 1787.20 9254.63 1814.39 9255.52 1822.26 9262.20 1821.43 9271.18 1846.54 9240.60 1840.97 9254.31 1836.40 9291.99
11 7108.25 10109.45 7090.82 10159.22 7065.12 10108.31 7061.89 10081.69 7081.86 10081.08 7081.11 10077.04 7114.69 10081.31 7107.31 10094.80 7121.44 10076.15 7107.21 10103.63 7132.98 10107.99
11 15334.52 7258.01 15348.86 7297.52 15301.52 7263.37 15262.72 7275.35 15277.19 7234.78 15288.44 7224.44 15258.78 7185.67 15314.98 7219.85 15329.42 7182.79 15347.88 7194.90 15351.07 7217.55
13 13687.66 318.25 13667.16 296.68 13662.34 299.11 13664.16 319.93 13649.93 317.58 13636.29 330.44 13633.62 305.40 13625.65 286.28 13604.69 258.31 13654.44 240.06 13660.70 232.27 13687.06 258.15 13693.27 274.37
14 14896.22 5010.43 14884.79 5022.27 14884.61 5023.50 14868.92 5019.86 14842.35 5035.17 14828.83 5008.91 14824.61 5000.10 14858.64 4983.73 14846.87 4958.08 14876.36 4980.20 14886.89 4969.58 14890.41 4966.45 14890.55 4974.07 14903.32 4975.77
10 9495.69 5703.09 9466.40 5738.72 9431.49 5738.83 9426.74 5744.78 9430.79 5710.27 9436.75 5685.59 9450.21 5677.32 9463.21 5650.53 9470.56 5651.75 9472.57 5689.43
11 9254.17 14055.19 9240.23 14052.73 9242.63 14075.16 9240.31 14078.96 9236.07 14063.70 9234.59 14060.00 9211.84 14044.42 9188.94 14010.60 9218.66 14023.55 9237.18 14008.28 9244.11 14012.52
6 1607.12 3070.07 1582.05 3096.73 1554.23 3119.41 1556.22 3131.43 1505.81 3026.93 1535.44 3032.94
10 11482.09 2674.98 11472.54 2671.86 11455.77 2699.25 11450.21 2705.55 11454.16 2681.13 11449.34 2682.62 11451.58 2673.51 11438.29 2661.18 11454.25 2652.85 11497.23 2639.88
10 2756.00 6001.19 2748.14 6038.08 2725.12 6043.50 2714.66 6047.88 2699.51 6046.08 2656.57 6013.53 2665.73 5996.81 2683.20 5969.98 2731.21 5973.59 2757.97 5974.60
12 6101.65 14638.54 6059.85 14668.30 6008.92 14652.42 5967.96 14650.18 5961.62 14628.19 6031.12 14583.33 6069.17 14555.04 6070.60 14553.47 6087.39 14579.71 6116.47 14575.05 6076.83 14605.56 6081.13 14610.19
7 12740.26 7484.68 12744.31 7494.01 12751.41 7505.68 12721.91 7509.49 12714.75 7469.82 12769.67 7473.50 12780.09 7475.51
8 4549.64 11779.17 4527.07 11769.29 4523.02 11793.09 4499.25 11799.13 4488.83 11785.06 4499.91 11740.68 4522.21 11740.67 4531.69 11756.26
10 2250.37 13723.37 2240.50 13728.00 2272.12 13752.85 2231.97 13733.65 2189.03 13720.38 2185.53 13715.90 2216.26 13669.27 2222.65 13702.43 2224.66 13664.42 2236.00 13703.57
6 8046.50 4603.42 8037.48 4599.13 7985.25 4592.91 8028.98 4560.53 8092.52 4551.42 8080.21 4566.82
13 1948.01 8584.63 1934.31 8601.73 1886.65 8616.25 1890.97 8603.49 1896.87 8585.46 1907.72 8571.05 1906.99 8564.01 1935.24 8526.80 1935.21 8561.98 1947.99 8552.12 1964.83 8555.86 1966.38 8563.38 1945.54 8573.74
6 5819.79 5956.61 5714.99 5910.78 5721.01 5906.48 5774.27 5909.36 5746.09 5866.15 5800.35 5907.62
9 9801.30 2794.91 9830.55 2812.34 9834.07 2834.19 9767.71 2800.67 9769.48 2794.28 9764.41 2775.57 9766.23 2732.85 9830.98 2745.47 9810.04 2786.46
6 11733.65 3525.31 11687.01 3543.35 11682.80 3541.69 11694.46 3528.24 11690.90 3460.38 11735.71 3504.29
14 15337.45 505.86 15348.64 532.93 15315.71 503.80 15301.76 498.03 15275.21 497.80 15290.77 476.55 15314.83 470.48 15314.04 453.78 15325.26 458.70 15324.93 453.85 15368.46 436.71 15365.54 455.68 15362.25 471.68 15396.50 474.43
7 11177.33 2094.58 11163.86 2131.18 11115.72 2116.22 11134.09 2086.58 11124.83 2029.58 11142.46 2023.01 11169.14 2035.67
7 10458.70 6757.08 10439.71 6809.97 10419.92 6668.80 10431.36 6622.05 10440.64 6628.16 10458.76 6644.17 10482.35 6683.44
14 3222.94 13991.78 3226.31 14011.49 3221.81 14006.61 3219.10 14011.74 3212.90 14008.52 3211.37 14004.76 3186.20 14016.04 3194.15 14001.94 3203.94 13963.91 3206.72 13947.65 3223.37 13950.36 3241.81 13969.81 3227.66 13980.36 3242.59 13978.11
14 14073.54 6949.17 14069.36 6947.67 14066.66 6949.37 14058.58 6950.67 14058.52 6958.02 14032.61 6957.27 14040.48 6950.38 14035.45 6936.99 14048.29 6922.83 14051.68 6925.61 14055.67 6929.58 14067.18 6911.46 14071.36 6915.47 14087.26 6919.52
14 3406.79 8432.39 3401.85 8437.69 3360.75 8483.58 3330.26 8464.46 3338.12 8421.73 3315.22 8410.98 3303.96 8377.58 3349.63 8394.55 3354.05 8401.20 3374.02 8350.49 3393.94 8378.84 3414.13 8383.21 3420.93 8408.63 3406.93 8413.95
10 8417.80 3788.30 8410.53 3802.98 8386.45 3808.91 8362.72 3815.90 8370.56 3786.62 8357.99 3752.56 8375.97 3756.51 8379.58 3741.51 8401.73 3745.49 8413.24 3744.14
10 12266.08 14637.32 12233.63 14622.28 12260.11 14620.50 12226.17 14618.21 12221.41 14603.80 12254.77 14582.58 12259.33 14571.92 12272.66 14561.89 12302.17 14579.15 12286.24 14612.95
8 6057.91 12289.85 6056.06 12289.88 6011.16 12298.87 5988.71 12319.12 5976.21 12320.08 6023.11 12259.30 6045.38 12280.27 6037.04 12284.00
15 2463.02 10336.85 2431.04 10341.61 2425.41 10357.31 2419.72 10352.04 2414.04 10363.67 2410.98 10363.09 2405.06 10376.36 2400.90 10325.05 2385.90 10319.86 2384.38 10302.22 2410.54 10291.41 2445.79 10294.53 2444.48 10300.98 2438.23 10320.37 2433.87 10325.48
10 13067.77 11126.03 12992.43 11123.21 12956.62 11081.82 12996.48 11055.24 12956.14 11036.19 12991.57 11033.78 13009.24 11026.83 13033.11 11040.04 13040.81 11050.76 13063.80 11036.91
6 9936.00 7281.51 9956.60 7297.81 9862.18 7292.21 9888.09 7272.33 9873.88 7243.52 9964.26 7208.98
12 9539.70 3037.37 9530.90 3061.02 9512.52 3044.98 9503.15 3042.99 9505.22 3066.83 9470.27 3017.56 9472.52 2992.18 9486.05 2989.98 9521.59 2985.09 9522.95 2987.40 9516.40 3000.60 9507.07 3019.21
13 12542.91 941.60 12451.43 903.67 12486.97 894.61 12477.13 891.77 12481.60 890.59 12480.45 882.14 12496.76 879.58 12499.34 872.36 12499.26 869.79 12516.68 877.31 12517.90 877.18 12551.87 891.51 12573.83 895.65
11 12167.25 738.13 12110.10 734.03 12103.08 740.37 12129.04 801.73 12073.44 791.71 12057.20 760.12 12044.63 728.80 12070.19 725.64 12067.28 710.57 12040.27 679.36 12069.24 641.84
5 6446.50 568.07 6376.81 578.70 6324.77 503.01 6417.53 453.55 6435.38 482.10
7 10980.79 5055.19 10918.36 5034.70 10849.91 5024.50 10859.82 4982.20 10872.36 4994.69 10933.58 4962.11 10953.89 4967.04
10 9302.63 4531.97 9290.28 4521.66 9287.02 4491.78 9260.22 4506.30 9330.32 4431.63 9342.48 4437.73 9337.70 4456.84 9313.30 4479.16 9344.29 4475.24 9331.53 4480.38
14 11553.57 11594.70 11518.06 11609.75 11507.70 11602.19 11490.91 11598.25 11479.54 11599.38 11503.52 11584.38 11501.09 11576.41 11511.67 11584.05 11518.43 11574.66 11525.95 11553.19 11520.03 11581.30 11519.55 11584.98 11531.37 11586.03 11545.36 11583.50
11 7546.46 14557.08 7542.52 14587.05 7533.12 14561.87 7523.48 14563.14 7516.31 14552.41 7502.34 14543.05 7513.02 14513.12 7512.61 14510.19 7554.03 14519.66 7545.95 14536.05 7548.42 14546.35
13 12054.52 10859.16 12016.79 10874.18 12013.62 10898.38 12008.61 10898.91 12003.89 10898.26 11981.00 10881.56 11973.44 10859.12 11946.25 10897.26 11938.50 10891.20 11963.17 10847.27 11986.74 10814.13 12006.47 10801.99 11997.75 10830.63
13 7025.44 8829.98 7005.22 8828.04 7001.57 8826.25 6994.29 8830.51 6987.74 8829.48 6981.12 8819.80 6982.94 8800.79 6940.97 8803.86 6988.97 8787.19 6997.74 8742.22 7003.40 8753.82 7014.94 8732.52 7016.66 8793.17
10 603.28 7808.35 590.36 7829.84 567.27 7846.99 562.57 7810.29 553.28 7820.13 552.22 7776.21 528.55 7738.90 572.38 7778.97 600.82 7755.16 584.25 7786.81
13 2884.06 7940.90 2896.62 7971.04 2866.89 7961.11 2849.75 7986.48 2789.29 8013.65 2790.81 7967.26 2812.74 7909.24 2837.54 7901.61 2849.36 7893.59 2859.32 7896.83 2886.14 7872.51 2911.59 7913.47 2887.08 7930.81
14 273.93 6930.39 248.30 6947.21 246.30 6929.38 216.69 6925.54 206.01 6926.92 227.39 6919.29 211.62 6912.61 224.84 6901.72 234.87 6895.58 232.67 6888.80 247.18 6910.64 253.07 6883.55 255.84 6894.06 258.10 6901.60
5 14133.38 5380.89 14108.57 5361.92 14098.54 5302.24 14099.49 5277.32 14135.02 5306.65
13 1300.10 2540.12 1317.46 2544.04 1344.15 2550.08 1312.87 2565.98 1290.77 2566.53 1271.35 2621.53 1260.07 2559.37 1228.13 2509.88 1249.59 2518.87 1223.55 2501.75 1247.13 2479.84 1300.80 2453.72 1305.96 2492.92
8 5346.93 1172.62 5322.89 1196.22 5273.73 1172.50 5294.37 1139.90 5323.29 1104.41 5327.59 1132.71 5334.88 1123.68 5347.37 1111.72
9 8240.16 8174.72 8237.68 8203.87 8200.38 8175.73 8195.41 8176.63 8181.22 8165.53 8230.77 8128.24 8231.53 8141.39 8240.74 8144.06 8258.97 8154.85
14 10276.54 1576.90 10272.05 1582.57 10250.38 1590.19 10223.79 1560.47 10224.82 1555.31 10204.37 1541.79 10217.05 1528.50 10225.02 1517.74 10244.39 1540.15 10246.32 1528.24 10250.28 1530.78 10258.50 1536.96 10259.23 1538.09 10273.50 1537.39
8 14877.61 13445.37 14858.92 13450.69 14875.09 13423.87 14887.48 13397.46 14918.92 13397.24 14912.83 13429.92 14938.73 13424.35 14939.33 13433.84
15 9914.58 12108.33 9926.24 12127.06 9921.68 12132.28 9900.21 12106.52 9895.97 12109.20 9870.22 12112.10 9883.94 12101.24 9861.81 12089.74 9872.26 12082.63 9880.80 12062.28 9909.63 12066.51 9910.03 12078.45 9916.10 12085.34 9910.10 12091.59 9926.66 12091.97
15 6791.45 2157.99 6767.45 2191.88 6766.99 2220.16 6745.51 2209.69 6748.76 2227.01 6708.51 2177.50 6699.73 2161.11 6644.98 2179.76 6696.33 2154.31 6673.35 2158.95 6669.47 2146.39 6652.50 2129.21 6703.69 2112.86 6703.70 2108.25 6724.21 2128.43
11 6262.90 14908.75 6265.32 14919.36 6228.50 14921.78 6224.16 14916.24 6214.30 14919.49 6226.60 14901.25 6237.27 14900.10 6218.06 14883.33 6223.13 14866.36 6234.53 14877.78 6261.44 14886.46
9 4032.17 4388.62 4037.48 4405.46 3996.76 4364.64 3961.82 4357.52 4004.86 4346.61 4007.91 4297.99 4031.13 4335.48 4067.79 4326.65 4040.59 4345.14
11 9907.95 14737.29 9934.98 14751.32 9940.91 14753.99 9914.42 14747.39 9914.62 14801.32 9858.66 14797.51 9869.19 14760.70 9847.88 14762.06 9822.42 14768.55 9872.71 14718.90 9871.56 14702.13
7 13967.52 13458.68 13921.67 13453.03 13912.86 13458.42 13879.83 13422.85 13852.23 13411.63 13934.40 13400.10 13958.82 13389.60
5 9770.03 2223.52 9740.56 2229.12 9730.18 2240.35 9759.16 2185.92 9789.67 2190.66
5 2437.96 190.93 2387.46 185.54 2389.07 130.28 2389.15 120.92 2414.19 139.91
8 10272.91 2434.27 10221.64 2445.37 10157.20 2469.31 10183.43 2447.03 10158.25 2424.16 10149.79 2408.19 10174.52 2402.13 10236.22 2366.03
5 1863.44 12907.38 1843.06 12852.57 1863.56 12844.67 1888.31 12880.06 1902.47 12897.43
15 11127.98 3948.12 11083.20 3947.64 11119.18 3959.63 11111.84 3981.51 11058.62 3975.45 11043.74 3976.59 11036.02 3967.54 11008.40 3961.30 11035.07 3951.94 11044.72 3937.26 11031.31 3923.64 11036.59 3885.82 11099.69 3892.38 11079.78 3922.11 11106.58 3937.79
7 10729.07 7900.75 10714.08 7856.05 10721.34 7809.98 10726.00 7822.79 10732.49 7815.64 10745.77 7835.57 10760.35 7836.58
13 9334.35 392.96 9307.65 435.96 9288.86 430.56 9272.66 425.06 9252.49 464.88 9260.05 423.56 9240.56 413.71 9240.86 386.27 9216.19 352.85 9271.62 368.19 9284.79 334.19 9288.68 363.44 9305.60 371.17
7 14757.88 12823.23 14702.59 12883.88 14659.71 12809.11 14694.08 12796.13 14720.25 12793.74 14739.57 12741.62 14769.37 12789.24
7 9744.57 8783.28 9733.99 8767.96 9705.46 8767.20 9704.20 8765.84 9709.79 8742.56 9726.82 8743.86 9772.94 8747.83
6 13583.30 5463.88 13571.92 5456.79 13601.34 5421.82 13588.94 5403.20 13621.94 5409.16 13673.97 5419.18
7 12792.94 1249.10 12768.95 1251.28 12746.15 1223.66 12741.95 1224.52 12736.47 1195.22 12780.11 1154.99 12806.47 1159.71
6 9344.23 10810.32 9355.57 10832.39 9329.23 10851.46 9319.66 10840.33 9304.07 10765.41 9323.86 10762.17
8 2428.34 3138.03 2415.14 3147.01 2396.65 3134.80 2393.21 3135.34 2379.12 3090.16 2386.93 3056.00 2391.39 3087.78 2425.40 3058.03
11 11078.06 308.76 11029.60 284.50 11024.83 337.89 11014.49 295.24 10933.94 240.08 10923.95 233.16 10947.52 224.91 10999.88 215.09 11013.72 221.93 11039.66 216.66 11080.86 232.87
6 2694.92 9472.97 2675.63 9535.29 2675.91 9549.92 2668.09 9524.94 2643.97 9507.14 2666.39 9378.79
10 6562.21 11070.81 6545.09 11055.93 6539.16 11032.81 6520.80 11043.42 6527.84 11024.84 6543.06 10996.43 6565.38 10972.91 6559.44 10987.84 6571.84 10996.34 6599.32 11014.78
15 14628.44 7574.90 14619.87 7593.83 14598.99 7591.01 14598.46 7586.16 14590.02 7612.26 14576.43 7588.21 14592.88 7572.57 14578.33 7581.94 14578.83 7561.44 14568.15 7527.64 14581.89 7522.48 14596.99 7525.27 14616.05 7523.65 14646.25 7536.69 14653.08 7554.02
9 13301.67 10041.04 13284.57 10058.38 13270.82 10056.72 13284.01 10070.67 13212.07 10087.53 13193.58 10082.18 13184.00 10006.47 13202.50 10007.23 13319.14 10022.95
5 1586.75 12190.09 1557.60 12226.69 1518.91 12167.34 1523.93 12166.85 1547.30 12161.84
9 15073.52 5732.25 15109.32 5739.28 15095.60 5744.05 15093.23 5743.70 15041.52 5758.27 15035.50 5734.10 15006.37 5691.62 15023.46 5696.68 15021.98 5688.81
14 13268.83 7730.87 13253.34 7734.51 13211.38 7730.15 13269.81 7693.41 13270.90 7692.50 13270.66 7690.33 13244.07 7640.68 13277.65 7629.79 13295.09 7685.88 13317.95 7662.39 13313.28 7675.99 13330.97 7652.62 13302.16 7698.62 13332.54 7706.48
6 4964.20 1004.41 4873.88 1025.45 4859.18 1015.93 4884.72 935.50 4904.38 955.14 4913.93 910.98
10 7402.00 12000.49 7393.44 12004.68 7373.54 11993.85 7330.63 11966.68 7371.26 11950.18 7382.83 11944.35 7378.42 11931.45 7389.54 11939.08 7390.23 11923.40 7419.21 11945.68
15 9355.21 9332.46 9382.22 9336.29 9360.59 9350.63 9363.09 9367.85 9337.53 9362.79 9296.04 9377.51 9264.94 9293.51 9282.35 9294.27 9266.45 9271.44 9291.16 9293.49 9296.91 9287.03 9327.61 9265.26 9351.41 9304.18 9358.47 9305.96 9367.73 9310.29
13 4547.34 4568.44 4594.20 4581.02 4548.65 4592.49 4520.88 4630.16 4523.65 4593.98 4510.64 4599.61 4501.83 4566.80 4485.55 4534.43 4493.20 4520.89 4500.20 4511.26 4524.63 4550.96 4550.01 4503.84 4578.27 4558.67
5 3838.90 3886.28 3827.96 3914.21 3780.69 3865.56 3786.07 3848.97 3809.77 3871.35
6 6235.22 14030.87 6234.20 14048.87 6230.49 14043.58 6218.75 14039.19 6212.54 14052.46 6243.33 13972.20
8 4987.49 7196.06 4948.11 7193.24 4949.40 7188.74 4928.47 7174.98 4958.56 7163.05 4960.95 7159.57 4959.68 7145.32 5001.61 7162.83
13 5436.85 4198.36 5447.87 4204.66 5433.98 4220.20 5390.66 4203.58 5397.89 4193.31 5398.74 4188.16 5397.78 4183.64 5414.55 4174.91 5413.18 4157.74 5416.76 4159.59 5416.59 4177.92 5422.26 4179.36 5424.94 4183.23
11 11035.32 7942.80 11013.68 7967.17 10994.12 7949.86 10953.09 7953.04 10962.91 7944.72 10951.73 7921.08 10964.65 7923.05 10962.00 7895.72 10978.51 7912.20 11042.06 7913.60 11015.86 7930.46
8 5355.33 12014.20 5335.22 12011.96 5316.66 12026.26 5263.04 12046.24 5256.53 12003.76 5281.38 11999.52 5279.07 11948.06 5331.20 11995.18
9 856.08 8637.69 835.80 8634.69 828.19 8659.00 755.01 8597.67 762.53 8593.01 754.77 8533.60 742.29 8511.83 762.03 8534.87 836.90 8532.90
5 1483.50 2042.78 1480.53 2043.88 1476.05 2033.39 1443.68 2004.30 1524.27 1977.91
11 10496.01 3817.46 10487.05 3825.05 10500.41 3845.97 10455.15 3888.20 10388.26 3810.23 10420.00 3788.02 10398.79 3762.00 10441.76 3787.96 10445.60 3730.26 10497.59 3718.76 10509.38 3769.57
11 10941.57 13011.30 10942.17 13014.78 10931.78 13020.52 10940.74 13052.97 10922.93 13039.92 10918.80 13031.85 10874.56 13016.08 10910.67 12961.79 10939.72 12982.00 10946.51 12994.23 10968.65 13006.28
7 13840.85 3939.13 13826.10 3942.01 13772.74 3940.53 13672.00 3912.21 13738.55 3901.41 13715.56 3878.76 13753.93 3885.28
11 8450.59 8087.32 8440.35 8099.30 8426.64 8120.48 8419.46 8106.13 8411.71 8075.56 8385.09 8045.14 8413.76 8043.00 8440.26 8018.87 8475.55 8032.22 8488.15 8057.53 8477.82 8071.23
14 4642.94 1050.98 4636.29 1065.74 4620.31 1061.56 4602.45 1078.63 4605.93 1096.66 4579.24 1051.83 4556.86 1055.12 4543.87 1054.49 4552.79 1047.94 4589.48 1021.71 4623.65 1007.73 4607.94 1030.64 4603.92 1038.17 4617.62 1031.66
5 15033.98 12682.02 14982.59 12700.06 14985.67 12683.84 14996.83 12592.61 15004.85 12597.04
14 12079.16 14601.12 12088.83 14619.12 12067.92 14611.85 12034.31 14620.64 12027.14 14623.15 12015.66 14633.60 12011.18 14574.97 12021.65 14547.52 12033.57 14546.49 12071.23 14557.26 12058.32 14570.19 12071.16 14560.98 12105.89 14577.08 12079.82 14580.31
9 2839.04 8685.64 2847.32 8698.04 2812.46 8690.91 2807.33 8697.11 2784.99 8716.73 2781.81 8689.63 2777.31 8672.74 2798.67 8651.66 2830.99 8653.39
7 5884.66 14520.96 5847.90 14534.60 5845.64 14482.89 5870.97 14466.69 5876.89 14448.44 5942.93 14491.09 5941.17 14492.88
6 2368.72 956.48 2393.33 973.42 2367.93 957.27 2368.14 957.71 2350.86 948.27 2332.81 938.00
11 6624.46 4374.02 6604.12 4369.21 6631.43 4416.01 6582.40 4423.51 6577.45 4451.00 6545.80 4402.84 6544.99 4370.81 6505.66 4337.99 6505.09 4334.44 6639.87 4309.97 6631.27 4333.13
12 4419.41 9217.21 4431.46 9236.96 4417.20 9256.78 4402.43 9294.10 4379.78 9264.55 4340.71 9263.71 4349.79 9225.47 4377.55 9196.84 4364.70 9165.31 4417.78 9170.51 4437.74 9201.64 4447.02 9211.19
6 3272.18 1165.72 3274.00 1197.93 3253.74 1194.93 3208.88 1153.69 3228.70 1139.72 3170.98 1094.21
7 12127.04 5315.69 12138.67 5325.89 12107.40 5345.38 12046.09 5265.22 12092.19 5249.19 12093.87 5285.35 12142.27 5277.29
9 9525.24 14731.48 9521.92 14709.08 9497.84 14712.18 9486.30 14689.90 9496.68 14681.47 9470.48 14648.44 9495.27 14654.48 9548.68 14673.18 9573.76 14676.49
13 1365.08 1831.90 1347.63 1875.88 1336.88 1844.06 1299.49 1876.76 1294.75 1876.01 1318.22 1832.82 1274.22 1847.84 1303.10 1822.99 1319.32 1823.42 1301.42 1806.79 1324.51 1778.92 1326.89 1757.12 1365.41 1801.06
14 9687.08 15441.97 9678.28 15456.12 9683.71 15464.73 9671.96 15478.66 9663.28 15462.09 9636.12 15479.14 9643.51 15448.33 9633.29 15457.56 9602.71 15439.77 9625.95 15434.18 9628.78 15421.82 9648.04 15422.22 9647.08 15412.56 9670.48 15425.91
6 8485.99 5170.69 8421.45 5184.00 8424.53 5164.57 8439.11 5126.31 8473.13 5126.02 8485.67 5150.14
7 6712.90 7000.54 6698.34 7014.47 6678.62 7002.61 6645.62 6973.36 6634.72 6965.77 6632.61 6959.68 6690.51 6927.08
12 10070.44 4978.23 10048.52 4999.93 10044.25 4987.85 10044.84 4975.42 10036.45 4979.91 10019.26 4976.84 10035.24 4966.69 10014.26 4964.73 10052.99 4941.34 10060.10 4945.15 10073.38 4954.04 10080.91 4956.98
11 7380.89 1172.60 7366.42 1178.89 7370.28 1194.89 7357.46 1187.46 7339.50 1190.85 7322.25 1182.20 7332.94 1151.22 7359.71 1149.63 7372.08 1155.20 7381.82 1156.83 7388.42 1155.60
11 4884.20 7586.65 4874.40 7596.56 4885.71 7617.23 4837.44 7621.18 4828.94 7608.12 4828.69 7585.17 4801.38 7522.31 4840.60 7511.33 4864.52 7517.30 4870.68 7554.06 4894.86 7551.05
6 12778.65 9354.96 12772.26 9376.19 12769.72 9383.48 12767.15 9384.15 12660.88 9257.19 12782.05 9330.76
8 8867.33 11990.48 8834.10 11989.66 8807.19 11991.22 8782.26 12033.21 8782.38 11991.22 8805.31 11926.93 8804.56 11898.30 8817.20 11958.74
8 9668.54 7329.64 9613.65 7378.27 9572.95 7367.96 9568.96 7297.15 9575.09 7285.37 9610.01 7269.02 9616.87 7304.38 9648.33 7312.48
6 9267.75 5585.92 9197.30 5586.73 9210.14 5607.99 9173.06 5618.52 9151.06 5566.25 9178.51 5538.72
7 4839.73 12894.07 4841.49 12911.99 4837.83 12916.55 4833.92 12903.41 4778.83 12909.01 4761.21 12913.23 4837.72 12832.20
7 672.55 800.79 668.66 811.31 642.26 810.83 630.47 814.23 622.21 798.29 661.40 777.65 688.05 774.11
9 4383.59 14303.58 4371.76 14307.00 4343.41 14316.31 4333.72 14333.25 4319.15 14342.47 4317.24 14354.38 4269.17 14341.81 4231.79 14329.28 4313.61 14271.71
7 9076.56 6843.46 9014.22 6856.85 9047.99 6900.71 8970.66 6898.09 8963.48 6856.88 8957.81 6836.16 9015.33 6832.17
13 10883.04 7943.99 10857.38 7946.42 10860.64 7949.07 10872.72 7968.75 10856.56 7958.26 10848.18 7948.37 10832.39 7970.21 10817.34 7967.22 10812.24 7958.87 10818.48 7933.77 10801.83 7922.85 10846.39 7900.99 10859.17 7898.52
13 9483.15 11120.39 9474.16 11137.89 9463.67 11135.34 9448.94 11133.98 9440.94 11120.91 9415.59 11119.57 9440.22 11117.05 9444.14 11115.63 9448.61 11108.53 9450.29 11105.00 9443.75 11088.39 9447.82 11095.38 9491.45 11111.65
8 10455.63 486.07 10404.85 496.33 10406.45 516.96 10369.95 494.11 10340.19 494.31 10370.14 447.07 10396.81 445.92 10453.01 455.45
5 4735.88 7380.34 4663.82 7447.37 4615.84 7419.16 4653.91 7360.47 4708.96 7322.03
10 9330.55 12563.42 9368.52 12577.77 9340.25 12570.76 9297.51 12567.83 9287.20 12569.14 9286.22 12560.16 9247.45 12560.71 9295.41 12557.14 9345.35 12507.46 9339.70 12551.85
7 10070.45 1757.20 10039.86 1761.33 10055.19 1705.31 10054.85 1689.87 10066.60 1704.93 10071.84 1682.40 10109.31 1710.65
6 15246.88 8503.11 15234.93 8503.16 15217.90 8491.63 15231.14 8454.27 15233.38 8458.64 15257.86 8458.72
11 13847.16 12160.30 13839.99 12134.23 13816.97 12148.37 13829.56 12128.42 13814.28 12132.36 13789.19 12136.67 13799.83 12118.62 13812.60 12104.00 13837.37 12069.89 13865.18 12094.21 13896.29 12085.96
9 3257.92 1508.78 3251.44 1513.53 3229.38 1519.89 3224.61 1509.34 3216.16 1519.14 3201.86 1466.27 3229.33 1467.70 3253.47 1466.76 3267.01 1481.83
13 7606.58 11753.04 7588.95 11769.72 7616.71 11811.41 7536.73 11802.62 7503.29 11767.85 7485.63 11771.68 7513.88 11760.77 7472.87 11741.53 7504.51 11676.70 7539.39 11711.33 7585.41 11703.97 7617.93 11714.83 7604.34 11730.67
8 13647.80 6035.61 13605.69 6055.75 13593.31 6050.67 13594.84 6033.25 13564.58 5997.66 13621.15 5973.24 13611.30 6014.37 13639.96 5990.83
10 6326.88 6315.72 6300.26 6295.81 6267.55 6316.81 6259.44 6314.74 6259.82 6295.76 6245.56 6282.11 6249.12 6280.23 6272.56 6255.43 6276.96 6243.81 6313.72 6266.64
15 8868.31 12399.72 8884.24 12417.97 8886.24 12430.40 8860.99 12420.41 8829.19 12431.15 8824.70 12400.43 8785.04 12406.44 8824.28 12369.91 8835.37 12378.27 8829.15 12362.30 8843.67 12367.78 8846.63 12372.18 8851.50 12373.63 8867.50 12380.88 8885.59 12383.17
10 812.39 14487.78 801.04 14482.91 780.75 14476.55 763.99 14481.05 783.10 14469.77 773.54 14453.10 799.34 14452.54 810.32 14419.19 836.43 14440.86 829.26 14456.65
6 14946.48 12659.75 14920.39 12674.42 14850.09 12648.25 14900.92 12565.21 15014.55 12548.07 14973.39 12589.55
11 8009.89 7080.62 8037.54 7111.34 7995.78 7100.93 7975.84 7142.88 7978.05 7095.95 7968.08 7129.01 7946.54 7114.90 7949.50 7055.55 7952.12 7055.00 7949.47 7028.19 7966.52 7019.37
9 6280.88 11023.12 6216.05 11064.71 6182.20 11062.36 6179.51 11041.99 6208.67 11016.93 6154.32 11015.12 6186.88 10955.54 6225.80 10985.23 6285.16 10998.37
9 12038.90 2447.22 12076.09 2469.17 12055.89 2477.02 12021.55 2489.49 11973.69 2426.62 11991.35 2402.98 12011.10 2414.97 12037.71 2380.75 12043.20 2380.59
8 1001.97 4084.89 991.92 4119.83 926.18 4155.53 927.41 4131.10 934.69 4085.70 1014.00 4051.50 1032.89 4057.81 1044.96 4073.84
15 5019.70 3311.03 5005.14 3315.85 5030.06 3331.37 5015.66 3348.73 4986.65 3336.78 4971.07 3362.31 4938.61 3320.55 4939.53 3289.92 4946.70 3276.33 4952.09 3275.34 4957.11 3277.39 4996.25 3261.16 4989.58 3295.11 5001.97 3283.99 5007.70 3293.27
14 13383.49 4062.83 13359.77 4066.47 13378.58 4073.70 13365.30 4099.83 13351.62 4084.65 13361.51 4108.39 13361.18 4109.55 13306.05 4063.48 13295.43 4055.19 13326.26 4041.72 13337.99 4048.84 13342.88 4041.98 13351.08 4034.72 13358.65 4018.59
7 4635.77 1482.70 4623.82 1486.57 4583.75 1522.76 4572.26 1488.03 4568.83 1483.83 4570.36 1459.67 4620.54 1479.55
8 3468.41 9157.41 3427.59 9163.25 3431.81 9181.24 3399.18 9175.54 3401.91 9169.27 3380.36 9115.20 3454.08 9130.83 3471.78 9130.88
6 2215.83 11844.27 2175.58 11878.24 2154.80 11828.10 2228.31 11810.86 2230.81 11822.02 2241.02 11818.04
15 14193.61 3112.14 14179.79 3143.36 14133.16 3142.94 14116.45 3102.45 14102.24 3150.99 14078.83 3079.93 14083.52 3011.86 14117.35 3009.30 14127.93 3029.55 14121.52 3052.17 14144.78 3029.04 14144.77 3029.48 14161.51 3005.71 14171.37 3035.05 14187.85 3050.21
12 3756.62 738.33 3751.32 739.30 3746.37 730.99 3731.32 737.65 3705.09 741.86 3685.11 744.11 3735.36 714.24 3683.54 697.25 3740.12 685.65 3751.00 684.54 3780.85 638.79 3767.50 686.03
7 5466.34 7741.76 5454.00 7726.93 5401.93 7672.21 5426.53 7667.57 5441.66 7638.26 5479.03 7615.94 5518.56 7671.78
5 15252.20 13624.84 15186.11 13593.14 15264.16 13579.26 15259.66 13592.56 15307.27 13596.97
12 14812.50 2391.39 14809.86 2393.63 14744.39 2419.22 14739.65 2436.66 14725.75 2445.84 14725.37 2434.13 14688.38 2440.97 14678.76 2427.87 14666.19 2389.56 14726.59 2365.71 14716.49 2326.87 14758.99 2351.46
15 11912.74 6580.58 11900.33 6546.57 11892.00 6549.12 11886.54 6545.13 11883.12 6542.74 11870.24 6544.71 11870.13 6526.51 11888.74 6487.39 11898.16 6520.89 11901.47 6495.02 11904.03 6502.06 11906.67 6495.16 11918.48 6498.83 11944.64 6516.12 11944.91 6520.05
9 9802.06 12825.54 9767.71 12807.12 9753.58 12829.75 9751.39 12786.71 9734.52 12819.61 9723.12 12780.86 9681.35 12764.06 9743.20 12744.89 9779.74 12705.71
11 9677.08 11199.66 9723.56 11220.32 9689.96 11247.58 9648.84 11249.48 9642.58 11283.69 9639.98 11225.13 9611.82 11225.50 9563.83 11234.11 9563.28 11186.71 9657.06 11165.90 9690.10 11175.58
9 10437.78 2971.84 10434.68 2972.46 10454.07 3007.79 10429.60 2975.46 10429.06 2978.71 10412.54 3006.80 10403.44 2928.24 10416.30 2938.76 10430.52 2936.81
10 8892.34 15419.60 8875.07 15425.55 8816.40 15461.66 8828.84 15424.57 8821.60 15387.76 8824.16 15384.64 8824.95 15374.52 8826.81 15377.97 8828.30 15356.77 8896.14 15412.77
11 7890.59 9044.78 7885.85 9056.12 7817.91 9078.77 7793.35 9055.81 7782.72 9056.06 7770.47 9016.53 7812.20 8992.72 7798.68 8979.31 7829.83 8993.34 7829.52 8946.97 7862.26 8997.13
9 9879.51 13262.37 9835.66 13249.25 9813.39 13230.84 9844.88 13213.84 9849.17 13222.13 9849.24 13209.56 9859.86 13188.19 9860.18 13226.05 9868.87 13221.43
10 4166.26 15290.90 4122.42 15283.69 4146.21 15311.67 4113.48 15351.79 4094.01 15300.45 4086.88 15324.82 4073.41 15279.99 4121.75 15229.62 4169.42 15253.07 4133.77 15267.42
5 1548.00 14066.47 1532.33 14054.32 1470.63 14020.47 1588.04 14007.28 1549.08 14026.33
15 8153.43 12152.96 8122.42 12112.96 8122.67 12147.74 8120.89 12135.48 8115.03 12121.23 8086.27 12135.39 8099.65 12118.25 8102.81 12098.74 8104.68 12093.49 8104.13 12069.19 8123.17 12074.14 8135.84 12043.21 8134.75 12082.85 8151.16 12086.33 8151.32 12093.52
7 13643.48 8462.53 13599.11 8465.37 13581.53 8505.47 13583.42 8468.31 13566.30 8468.68 13561.45 8411.95 13618.13 8442.17
6 3701.30 9240.03 3674.07 9224.88 3671.90 9229.24 3632.26 9230.20 3632.45 9213.93 3650.35 9196.56
8 8742.16 6424.35 8720.76 6453.58 8682.40 6476.45 8676.92 6383.14 8703.44 6391.36 8699.14 6356.06 8724.73 6381.18 8761.39 6369.84
6 10624.73 1465.38 10580.14 1449.15 10578.58 1455.49 10570.91 1441.18 10528.43 1417.47 10622.46 1371.54
14 8323.99 6836.62 8339.97 6842.67 8319.79 6850.00 8310.55 6862.76 8299.08 6841.42 8257.11 6837.50 8260.57 6830.99 8282.99 6805.91 8286.19 6800.80 8298.79 6785.14 8301.98 6803.07 8319.97 6813.97 8320.95 6814.17 8333.35 6828.77
5 623.78 6264.03 570.15 6243.70 634.78 6209.25 653.40 6164.18 722.85 6180.68
10 1719.92 11090.46 1713.47 11091.83 1662.03 11087.54 1665.93 11078.85 1651.85 11079.26 1689.98 11032.61 1691.53 11029.96 1691.24 11049.98 1696.69 11043.08 1726.83 11063.27
6 10567.96 14612.59 10502.21 14587.86 10524.13 14592.26 10529.68 14565.39 10563.79 14571.27 10545.78 14588.34
10 9240.20 14476.53 9195.30 14495.35 9186.60 14471.61 9149.82 14483.31 9185.04 14460.47 9185.39 14458.25 9185.91 14458.12 9218.45 14409.54 9238.83 14434.32 9239.01 14440.26
13 677.72 6655.72 696.41 6666.22 669.39 6680.67 645.57 6747.55 615.81 6681.31 616.58 6672.99 549.75 6604.83 548.78 6600.18 569.49 6584.95 612.63 6559.99 643.57 6613.88 671.43 6614.78 653.50 6640.94
8 3453.51 3124.05 3435.98 3206.62 3372.09 3192.12 3364.38 3132.07 3347.08 3101.50 3381.80 3039.07 3435.96 3087.28 3445.16 3102.05
14 3024.95 4109.58 3037.73 4114.30 3029.06 4112.14 2987.98 4087.61 2982.38 4065.03 3005.63 4095.39 2999.63 4078.13 3006.00 4085.25 3010.95 4092.72 3019.00 4069.82 3028.39 4100.61 3060.29 4100.48 3043.80 4103.14 3037.91 4105.83
12 4484.48 15258.76 4447.33 15274.03 4410.77 15320.25 4411.41 15264.47 4401.82 15316.27 4369.47 15272.69 4334.90 15241.94 4395.70 15214.94 4415.19 15192.75 4433.48 15215.61 4431.46 15218.87 4484.66 15216.81
12 12618.59 678.90 12630.76 697.03 12622.44 694.98 12569.67 714.95 12569.59 712.18 12582.10 688.58 12564.80 705.67 12577.08 669.85 12560.69 659.27 12548.32 644.80 12552.76 646.75 12606.74 666.78
13 13621.85 6905.15 13651.26 6931.98 13660.92 6952.31 13617.72 6946.60 13506.41 6920.00 13536.08 6902.36 13558.03 6900.03 13521.62 6894.93 13557.29 6857.22 13552.18 6850.27 13556.07 6855.04 13608.46 6836.85 13648.54 6900.41
12 5825.16 1418.11 5825.52 1453.15 5791.32 1409.77 5777.40 1411.15 5791.94 1398.20 5773.44 1395.70 5761.04 1376.21 5756.73 1371.15 5785.25 1360.45 5783.43 1345.99 5807.88 1373.47 5841.06 1347.77
6 1916.25 8291.35 1767.58 8290.22 1750.26 8252.27 1747.09 8237.67 1840.25 8206.07 1912.03 8265.55
7 7005.75 11650.97 7013.74 11676.51 6990.87 11674.94 6973.57 11668.81 6954.91 11649.41 6971.68 11620.24 6992.66 11641.36
10 12766.65 4218.10 12759.52 4199.64 12788.88 4189.83 12815.94 4177.85 12831.43 4210.91 12823.41 4225.23 12824.87 4226.66 12854.83 4201.34 12844.23 4220.47 12840.05 4240.58
11 2077.17 8854.21 2089.59 8868.01 2083.79 8868.64 2067.14 8861.86 2062.76 8861.62 2055.10 8876.60 2033.33 8863.96 2031.94 8835.32 2058.77 8835.29 2096.09 8838.70 2081.51 8849.07
10 13837.37 8747.71 13836.62 8758.90 13829.85 8756.26 13839.32 8771.05 13782.01 8750.05 13781.92 8735.16 13793.82 8729.41 13797.73 8718.15 13823.67 8726.14 13851.05 8722.43
13 9919.95 5590.30 9937.90 5625.97 9896.57 5610.96 9887.02 5598.20 9872.12 5624.65 9814.25 5556.23 9866.59 5549.44 9886.64 5512.59 9890.88 5538.47 9902.89 5549.47 9923.82 5536.60 9913.59 5571.85 9961.26 5573.28
8 7434.00 9854.31 7421.41 9859.36 7411.42 9901.07 7402.30 9870.59 7385.48 9852.70 7380.51 9840.38 7396.84 9838.97 7451.71 9827.12
10 3428.77 2463.86 3437.28 2468.34 3407.56 2473.04 3420.92 2527.75 3383.63 2499.63 3371.18 2460.58 3379.44 2454.73 3361.34 2410.21 3396.87 2445.34 3408.19 2408.50
7 2016.87 14083.13 2051.95 14121.46 1958.42 14103.47 1984.27 14083.38 1979.59 14080.88 1988.31 14025.47 2009.98 14029.38
13 1560.04 4789.11 1516.99 4818.12 1512.06 4835.44 1492.89 4827.74 1492.82 4811.56 1474.69 4794.48 1455.41 4792.26 1455.11 4762.76 1482.31 4777.39 1478.13 4759.63 1477.54 4723.99 1490.65 4771.32 1498.49 4764.12
6 826.40 12423.27 821.23 12447.00 775.96 12362.10 784.15 12370.47 809.94 12387.73 848.30 12404.98
14 4215.61 8613.26 4202.70 8612.48 4218.75 8622.97 4206.14 8618.65 4228.28 8636.23 4160.34 8631.42 4165.85 8608.56 4163.16 8605.48 4133.87 8601.10 4158.52 8603.07 4165.81 8592.05 4164.16 8565.39 4163.57 8543.80 4227.49 8593.99
15 1962.63 4326.70 1983.89 4364.33 1962.84 4387.24 1919.31 4407.09 1909.62 4350.58 1857.59 4382.02 1879.40 4351.81 1863.48 4341.63 1864.04 4318.85 1878.87 4314.62 1874.85 4311.27 1867.91 4298.99 1856.08 4291.47 1916.46 4303.43 1963.41 4283.35
13 2708.91 2305.33 2663.24 2322.19 2614.33 2312.80 2583.70 2345.09 2584.94 2296.54 2603.30 2291.31 2579.83 2255.49 2585.98 2243.59 2610.15 2270.64 2646.91 2223.15 2654.41 2224.62 2647.59 2269.82 2670.98 2248.28
7 10275.36 11247.32 10268.67 11249.69 10262.99 11240.08 10242.48 11230.95 10258.00 11215.92 10325.56 11159.31 10371.02 11221.43
12 10803.05 14731.72 10781.44 14721.74 10802.85 14747.77 10788.22 14730.60 10781.13 14724.68 10781.17 14728.46 10770.16 14730.02 10747.69 14721.99 10768.52 14702.50 10759.63 14681.85 10802.10 14687.28 10805.32 14692.91
15 12808.57 9248.70 12808.48 9258.75 12805.68 9260.38 12804.44 9266.69 12796.70 9252.90 12789.09 9248.82 12783.50 9257.55 12784.48 9253.08 12751.34 9244.43 12764.87 9229.45 12775.80 9202.88 12780.27 9208.75 12796.73 9220.61 12797.92 9226.29 12798.09 9227.64
12 11434.66 8979.64 11403.44 8990.50 11408.17 8967.62 11402.71 8976.28 11396.67 8984.76 11381.77 8970.33 11403.92 8957.21 11411.68 8941.36 11410.77 8914.83 11413.81 8939.18 11423.26 8927.11 11422.43 8937.60
13 1844.11 7574.26 1814.49 7565.12 1819.49 7578.66 1818.77 7578.60 1807.29 7574.95 1797.35 7573.27 1766.51 7588.75 1767.59 7573.68 1767.07 7567.17 1786.26 7554.27 1797.11 7526.32 1805.24 7539.70 1835.25 7552.98
9 7318.44 1101.35 7316.72 1118.94 7310.59 1112.80 7290.08 1116.21 7281.93 1100.59 7281.89 1085.99 7250.67 1051.16 7266.30 1043.31 7334.26 1081.98
6 6235.02 5983.41 6199.92 5998.67 6154.00 6008.60 6127.26 5995.57 6146.51 5975.08 6226.61 5957.96
14 3220.16 9749.60 3212.06 9751.98 3214.04 9795.56 3199.51 9803.37 3180.96 9821.56 3126.09 9799.90 3147.90 9720.30 3167.72 9727.02 3168.05 9676.91 3197.64 9716.74 3197.11 9721.36 3245.32 9710.68 3264.38 9718.42 3236.16 9735.19
6 2669.38 14546.35 2626.63 14568.51 2611.20 14524.08 2596.62 14521.49 2633.04 14510.98 2663.02 14520.45
6 10769.11 3712.12 10741.96 3674.25 10695.25 3639.91 10781.37 3623.07 10765.83 3657.35 10806.93 3649.69
14 13891.87 15162.73 13894.28 15165.41 13912.85 15170.66 13903.24 15177.22 13882.04 15177.62 13861.50 15196.47 13859.57 15192.35 13846.56 15175.22 13822.48 15181.44 13833.90 15172.83 13836.12 15144.83 13872.95 15145.04 13893.85 15118.28 13895.08 15136.53
15 13906.00 13173.39 13886.60 13183.78 13878.83 13185.46 13882.01 13205.38 13866.85 13204.64 13839.27 13171.59 13823.37 13173.23 13786.76 13151.89 13801.12 13136.17 13817.52 13105.85 13856.11 13062.67 13848.39 13114.65 13859.09 13099.47 13888.56 13084.89 13895.65 13132.21
7 3917.92 14936.33 3879.72 14916.81 3901.48 14898.63 3923.53 14895.27 3934.24 14908.30 3947.96 14890.26 3963.96 14914.63
10 1691.51 3304.85 1657.00 3270.91 1657.00 3265.92 1627.51 3254.11 1596.92 3239.14 1629.54 3220.30 1666.47 3214.86 1634.67 3193.75 1702.92 3180.98 1713.89 3213.79
10 1818.09 13025.68 1857.02 13048.21 1834.83 13069.71 1798.09 13095.52 1772.02 13084.73 1751.82 13033.06 1773.98 13013.37 1753.00 12988.69 1754.30 12957.93 1786.00 13000.45
10 5411.42 3748.36 5391.76 3759.19 5385.87 3728.85 5390.63 3703.34 5390.20 3686.61 5413.19 3683.97 5405.74 3713.89 5410.48 3713.54 5430.95 3709.30 5424.36 3716.00
14 8937.86 12144.02 8929.92 12175.00 8900.77 12169.29 8884.89 12171.45 8877.60 12183.25 8885.10 12101.95 8865.44 12080.91 8881.59 12078.23 8854.17 12049.54 8898.39 12075.94 8893.35 12056.39 8915.41 12069.89 8919.30 12092.55 8954.07 12101.44
11 6795.83 3362.73 6769.56 3377.05 6755.65 3386.87 6768.28 3370.50 6745.75 3370.54 6740.95 3359.34 6757.36 3347.88 6771.69 3336.86 6785.11 3337.18 6816.59 3337.21 6801.68 3345.82
15 5071.04 10907.69 5072.65 10932.11 5052.60 10922.47 5059.65 10950.08 5065.62 10974.17 5033.14 10928.83 5024.83 10941.41 4962.05 10938.06 4974.08 10923.89 4969.67 10921.84 5007.71 10893.32 5004.41 10885.65 5051.12 10823.93 5052.06 10829.88 5069.03 10864.17
10 3145.72 15011.23 3134.33 15008.66 3134.49 15011.77 3109.83 14996.54 3092.60 15065.70 3068.30 15033.57 3060.13 14913.93 3062.93 14891.57 3089.47 14896.48 3129.88 14930.29
7 13165.79 14892.57 13120.25 14887.42 13111.85 14841.07 13146.68 14817.70 13147.84 14856.42 13178.52 14880.32 13191.97 14877.72
12 11929.35 9517.93 11923.44 9520.95 11919.72 9513.13 11911.11 9503.11 11883.63 9521.86 11899.73 9507.45 11877.92 9487.18 11893.21 9484.30 11913.13 9484.61 11912.85 9456.27 11927.82 9488.53 11934.38 9493.89
6 6937.21 4331.36 6918.26 4317.19 6880.68 4311.95 6880.76 4300.39 6917.70 4273.85 6957.92 4291.02
12 13476.07 11440.77 13513.93 11468.50 13450.44 11477.47 13437.01 11444.22 13433.09 11429.48 13445.20 11431.59 13436.35 11423.17 13439.97 11416.70 13448.97 11415.76 13448.03 11409.86 13484.21 11398.59 13482.71 11432.23
9 7736.59 4097.36 7710.37 4123.61 7707.47 4129.87 7688.56 4115.86 7687.04 4113.48 7667.42 4081.73 7687.07 4082.40 7692.56 4061.41 7741.28 4067.30
10 15061.19 6003.15 15016.11 5987.10 14997.82 6023.15 14969.23 5993.83 14961.58 5961.11 14990.68 5927.97 14992.58 5944.26 15015.72 5897.64 14999.20 5942.93 15013.82 5940.18
15 14808.04 7447.84 14804.22 7448.92 14767.82 7453.82 14760.22 7458.59 14765.73 7440.03 14755.25 7437.47 14757.26 7436.17 14764.99 7422.04 14743.45 7407.57 14755.60 7413.39 14765.95 7415.96 14769.31 7417.08 14753.43 7389.06 14788.51 7393.80 14800.74 7423.88
6 4084.39 11375.10 4017.10 11384.10 4048.27 11338.95 4060.04 11359.65 4067.80 11355.15 4063.02 11364.62
13 13712.51 4852.64 13722.75 4881.73 13700.45 4877.84 13698.75 4848.45 13697.29 4857.53 13674.63 4874.49 13687.34 4845.69 13648.81 4847.94 13683.37 4834.51 13683.61 4834.22 13679.15 4794.24 13713.44 4785.22 13720.21 4784.60
13 14175.51 10374.74 14179.08 10380.40 14180.54 10391.51 14189.86 10411.68 14132.51 10416.38 14119.96 10408.25 14115.38 10357.21 14116.76 10341.28 14117.60 10337.07 14165.49 10332.08 14191.36 10321.44 14174.66 10366.99 14176.98 10367.70
5 14648.41 6300.76 14530.70 6292.13 14554.93 6208.12 14576.75 6164.68 14610.63 6231.36
15 11765.95 1480.78 11727.08 1491.04 11733.07 1515.33 11690.56 1459.92 11656.16 1499.99 11651.53 1474.47 11631.40 1432.04 11653.48 1431.94 11645.33 1429.40 11677.19 1404.32 11676.94 1393.71 11694.10 1411.37 11748.65 1372.93 11718.73 1417.00 11723.18 1426.07
11 12448.09 4030.06 12421.16 4022.68 12456.52 4050.97 12417.18 4028.52 12418.15 4093.77 12386.88 4044.57 12372.09 4027.49 12360.04 4017.14 12375.75 3986.54 12387.23 3950.55 12445.50 3961.76
6 12883.10 7490.67 12864.89 7494.09 12849.32 7482.14 12847.96 7475.62 12854.99 7449.47 12863.13 7448.17
14 11486.11 11900.29 11528.88 11905.09 11539.80 11908.10 11496.10 11907.89 11500.00 11914.10 11484.71 11909.82 11484.11 11926.96 11495.41 11970.05 11407.61 11918.62 11447.88 11888.70 11479.68 11861.44 11493.04 11866.01 11512.67 11868.29 11519.43 11866.94
8 3460.65 13115.53 3414.05 13128.70 3377.95 13126.76 3385.71 13107.45 3386.16 13073.49 3394.85 13072.86 3453.72 13054.40 3444.98 13070.41
15 9917.94 734.91 9910.80 742.56 9906.80 752.51 9901.31 759.97 9890.60 753.94 9872.09 766.52 9841.85 781.74 9840.59 761.11 9840.56 761.10 9827.47 766.83 9815.84 751.86 9837.53 691.88 9852.91 704.20 9861.98 684.98 9865.39 705.59
15 5866.50 15413.41 5870.54 15422.98 5869.19 15428.62 5844.86 15417.34 5818.88 15416.27 5817.62 15406.97 5816.79 15403.36 5820.90 15400.35 5831.16 15396.70 5820.15 15386.00 5852.24 15382.15 5864.04 15383.45 5855.64 15391.58 5883.27 15393.05 5883.67 15395.13
5 7889.60 7838.01 7852.52 7811.98 7906.88 7791.06 7904.78 7802.09 7908.02 7821.86
7 1446.00 6133.27 1468.17 6153.25 1479.86 6186.31 1418.78 6216.74 1405.26 6189.73 1400.38 6128.89 1401.55 6108.67
5 12976.85 7896.08 12960.46 7862.13 12979.92 7817.71 13014.67 7808.03 13006.86 7822.99
5 2801.23 11588.00 2790.24 11542.17 2850.55 11551.85 2844.92 11596.77 2840.10 11604.57
7 7884.03 12448.58 7784.53 12430.14 7806.74 12401.71 7797.34 12396.76 7827.19 12399.28 7832.67 12391.71 7914.46 12377.06
5 539.10 1469.23 500.37 1496.19 505.77 1480.33 485.52 1468.21 506.23 1455.04
8 1139.48 11476.11 1131.67 11493.53 1067.96 11437.02 1105.77 11441.72 1100.58 11458.58 1106.00 11453.16 1121.13 11444.82 1137.24 11435.94
8 3673.19 11645.69 3667.80 11627.00 3612.53 11666.08 3600.64 11602.36 3599.53 11590.96 3609.06 11576.09 3625.13 11573.14 3756.42 11583.00
12 4583.45 3084.58 4591.91 3098.89 4563.82 3087.24 4550.56 3105.82 4525.67 3064.74 4555.74 3070.79 4549.88 3062.85 4544.16 3054.33 4548.75 3053.00 4570.79 3049.34 4609.39 3074.31 4583.99 3076.73
13 4538.43 9340.00 4520.81 9381.90 4509.26 9384.04 4489.27 9365.56 4423.71 9382.34 4448.40 9354.82 4407.11 9346.53 4392.59 9327.32 4452.51 9284.88 4457.82 9260.71 4515.47 9270.27 4516.38 9292.63 4546.46 9306.80
14 7791.86 5480.33 7802.35 5497.11 7766.77 5490.75 7773.87 5497.40 7746.74 5527.47 7735.73 5500.07 7687.83 5481.87 7730.87 5472.44 7699.59 5432.42 7745.38 5455.85 7742.82 5445.21 7747.32 5459.23 7766.45 5430.40 7765.96 5474.04
12 11377.52 8544.13 11368.51 8544.04 11349.79 8574.75 11326.42 8572.88 11340.34 8544.98 11340.38 8544.85 11332.93 8541.98 11341.29 8536.78 11342.74 8521.48 11352.41 8504.03 11377.84 8522.26 11372.80 8529.01
9 6533.52 5087.66 6522.36 5081.33 6502.59 5068.27 6489.54 5123.44 6474.01 5055.49 6481.47 5000.52 6497.09 5034.62 6505.17 5034.40 6527.17 5053.72
14 10393.78 1768.81 10369.59 1791.06 10352.85 1784.18 10350.17 1792.58 10332.87 1813.42 10329.85 1804.84 10306.79 1785.03 10306.88 1756.07 10312.93 1753.67 10346.51 1742.76 10361.04 1720.54 10351.32 1741.35 10365.06 1733.05 10355.29 1756.80
15 14929.23 7126.69 14936.42 7155.50 14899.25 7168.91 14893.40 7169.19 14883.76 7149.43 14889.61 7128.34 14872.32 7143.78 14886.53 7122.38 14851.85 7098.49 14868.98 7089.28 14893.03 7078.82 14889.54 7059.19 14945.67 7075.64 14954.37 7069.67 14955.15 7106.94
15 9111.23 12177.90 9121.69 12185.57 9106.84 12187.65 9105.25 12189.87 9103.51 12193.90 9107.12 12212.18 9103.36 12199.84 9094.64 12204.66 9082.12 12197.03 9067.33 12202.14 9084.11 12187.05 9088.09 12168.05 9082.83 12146.31 9105.79 12137.68 9135.81 12138.88
7 1499.56 317.91 1489.68 284.43 1482.71 280.51 1430.93 270.69 1476.87 242.47 1470.57 209.95 1521.65 245.39
8 1001.81 14572.42 1007.89 14581.07 999.64 14578.20 924.44 14524.58 961.72 14530.76 907.60 14488.19 977.96 14516.10 1026.76 14492.56
6 9978.61 9885.08 9950.88 9863.58 9927.60 9831.70 10020.14 9825.40 9991.64 9857.66 10035.12 9860.22
9 12525.56 5544.53 12492.27 5544.11 12505.51 5561.48 12502.02 5583.53 12469.90 5624.00 12448.51 5565.11 12436.50 5587.81 12426.79 5598.58 12472.43 5527.04
10 7767.56 3368.04 7774.42 3399.63 7747.00 3364.39 7737.10 3371.02 7717.83 3385.85 7729.29 3365.93 7699.31 3352.90 7739.62 3343.06 7790.09 3326.86 7785.03 3343.48
6 1031.49 7765.80 983.81 7750.54 965.02 7735.30 1000.58 7700.19 1020.50 7743.03 1038.76 7747.62
14 7963.62 3971.30 8004.64 4009.76 7953.86 3988.57 7949.34 4018.25 7930.39 4028.28 7925.04 4015.23 7861.91 4044.99 7842.89 4012.24 7849.10 3988.97 7846.25 3970.45 7848.47 3907.43 7941.39 3892.44 7957.79 3880.57 7986.37 3951.29
14 5778.70 10128.34 5762.78 10127.75 5747.77 10125.05 5775.48 10150.80 5736.39 10138.65 5729.37 10165.02 5730.39 10141.56 5706.97 10143.99 5687.90 10123.06 5698.56 10085.56 5720.74 10100.26 5755.62 10082.69 5757.49 10090.35 5766.60 10115.30
8 8293.54 5248.82 8252.86 5280.03 8250.11 5282.35 8244.59 5245.93 8243.52 5261.45 8222.87 5276.87 8217.75 5232.92 8228.90 5205.73
14 684.57 4721.46 648.28 4735.77 641.89 4732.70 646.30 4715.91 613.82 4708.10 634.08 4688.31 640.93 4686.71 641.05 4685.02 656.98 4672.43 662.80 4680.78 660.73 4689.32 677.01 4669.27 676.44 4671.34 680.50 4698.05
11 6616.30 10584.50 6628.09 10610.97 6597.20 10584.16 6555.68 10545.85 6520.76 10549.84 6508.44 10505.04 6548.62 10498.07 6545.35 10484.03 6561.51 10489.55 6561.70 10481.67 6578.08 10463.38
10 11382.19 14145.32 11350.60 14162.97 11339.03 14147.39 11325.86 14147.05 11337.69 14129.94 11334.80 14121.75 11331.75 14097.23 11329.83 14079.93 11339.96 14083.77 11346.98 14074.31
5 14618.02 15250.66 14629.66 15208.64 14647.04 15194.99 14672.86 15217.34 14670.36 15235.79
12 11460.48 4968.13 11437.88 4975.24 11435.31 4987.03 11441.58 5009.49 11384.34 5011.85 11403.23 4973.58 11380.80 4973.16 11369.60 4931.24 11404.48 4925.44 11421.03 4936.42 11433.25 4909.49 11446.60 4923.56
12 1317.53 3860.90 1300.65 3876.46 1291.90 3871.28 1284.37 3876.98 1271.82 3916.61 1235.22 3822.93 1239.17 3796.91 1252.52 3783.07 1256.56 3755.60 1264.94 3785.55 1321.03 3800.41 1302.56 3835.14
7 9096.38 14259.51 9077.14 14265.30 9064.42 14269.72 9059.38 14279.03 9052.53 14252.35 9032.25 14251.98 9104.93 14240.68
10 11273.94 13570.25 11244.98 13559.01 11240.55 13577.96 11185.37 13546.91 11197.92 13526.60 11186.30 13505.37 11227.58 13519.57 11233.88 13529.83 11270.25 13528.88 11278.02 13536.79
14 4157.23 2260.00 4128.12 2294.25 4107.56 2281.43 4102.09 2314.88 4098.64 2298.55 4075.59 2297.79 4073.29 2266.83 4045.25 2267.66 4057.35 2241.77 4055.58 2226.29 4061.71 2211.49 4086.15 2226.17 4087.22 2220.58 4145.65 2252.74
15 12773.38 12235.24 12787.20 12262.64 12763.77 12243.10 12765.58 12268.51 12757.98 12255.68 12755.95 12244.53 12755.72 12241.79 12740.16 12239.09 12734.22 12229.63 12740.24 12225.09 12746.52 12221.65 12733.64 12190.47 12752.67 12218.61 12742.77 12192.98 12802.34 12210.05
14 4618.88 5740.31 4595.45 5751.47 4619.29 5765.92 4569.90 5760.49 4536.21 5768.93 4540.39 5759.08 4524.62 5746.79 4506.77 5746.22 4533.95 5733.23 4535.65 5729.92 4540.07 5691.68 4528.73 5667.45 4557.59 5692.57 4626.35 5711.29
13 11413.47 1006.82 11398.65 1033.75 11378.71 1040.32 11361.12 1045.49 11341.21 1039.47 11329.37 1006.79 11379.56 980.02 11384.00 958.45 11377.12 928.32 11388.17 952.45 11396.98 967.48 11425.58 938.77 11428.97 985.95
15 5305.04 11335.95 5273.57 11352.85 5271.04 11361.00 5259.84 11382.07 5214.39 11362.04 5196.66 11361.96 5190.18 11352.08 5201.79 11338.75 5232.37 11321.06 5221.41 11320.84 5223.66 11313.89 5196.59 11298.06 5229.78 11307.56 5304.04 11257.65 5282.87 11314.34
7 10698.50 11660.27 10661.43 11634.16 10673.25 11614.46 10646.49 11579.89 10652.63 11584.10 10671.81 11580.90 10697.90 11590.91
9 10948.10 14537.78 10970.89 14561.43 10892.17 14503.31 10886.08 14480.11 10912.16 14501.14 10953.01 14456.22 10961.85 14465.31 10977.57 14485.11 10952.94 14516.45
14 5419.36 507.28 5400.95 516.92 5405.63 548.55 5384.11 515.76 5337.45 532.25 5322.20 535.43 5322.87 520.27 5336.78 491.92 5356.79 474.07 5365.44 449.63 5385.03 434.22 5387.19 474.26 5408.66 455.97 5433.40 485.30
14 818.41 2068.56 843.44 2082.65 837.62 2080.22 838.41 2109.32 812.81 2085.67 814.92 2097.43 769.99 2102.95 737.11 2069.09 723.62 2069.93 754.54 2053.63 742.24 2022.93 802.74 2032.25 809.42 2013.00 859.05 2026.71
13 11398.83 6522.20 11398.57 6505.09 11383.11 6484.20 11354.65 6466.01 11370.33 6468.62 11387.51 6460.46 11405.33 6422.36 11407.62 6438.93 11409.66 6451.01 11422.95 6433.38 11424.10 6474.98 11422.05 6476.54 11464.24 6475.51
11 9937.21 9582.94 9905.95 9596.60 9900.82 9595.65 9928.63 9636.65 9825.18 9639.38 9821.85 9597.27 9851.86 9575.54 9848.56 9557.04 9833.22 9529.13 9951.60 9569.97 9919.71 9576.74
5 13513.22 9507.58 13505.31 9508.22 13514.92 9468.35 13534.12 9442.01 13543.05 9466.69
15 5601.66 3448.30 5593.22 3472.54 5544.44 3468.53 5540.93 3450.66 5536.53 3443.13 5542.52 3435.67 5519.04 3447.74 5532.97 3435.35 5545.03 3415.12 5552.22 3390.09 5571.70 3377.34 5577.20 3395.70 5580.41 3392.39 5583.91 3398.22 5624.38 3417.20
9 7016.02 15199.02 7028.10 15217.09 6992.75 15216.80 6955.97 15223.68 6957.76 15219.97 6936.39 15183.52 6979.85 15148.13 6992.59 15173.30 7002.59 15130.48
5 12524.11 7991.41 12494.19 8025.63 12459.36 8034.40 12444.16 8004.09 12488.68 7962.76
14 214.20 12948.30 216.05 12967.70 218.22 12991.54 160.65 12994.29 139.30 12971.77 128.69 12975.23 159.78 12945.04 168.02 12915.44 165.22 12909.74 164.15 12865.93 177.69 12850.44 185.42 12853.64 206.68 12908.51 248.55 12897.18
13 14449.26 10249.13 14458.55 10277.08 14453.12 10276.16 14430.36 10265.68 14425.00 10258.36 14389.52 10264.97 14386.96 10241.95 14416.20 10243.68 14410.25 10223.78 14414.52 10198.72 14432.99 10233.18 14432.47 10208.74 14468.71 10238.58
9 5570.52 15416.12 5545.05 15411.62 5535.44 15423.98 5513.15 15422.98 5491.96 15375.24 5502.80 15351.56 5538.63 15370.30 5588.21 15355.32 5581.90 15371.48
9 12093.00 2138.68 12067.23 2132.22 12061.28 2138.35 12052.43 2183.99 12027.68 2133.90 12002.39 2135.35 12077.47 2093.40 12088.00 2093.85 12086.12 2111.09
9 13263.21 5782.66 13238.07 5787.46 13169.10 5805.41 13177.05 5721.97 13188.97 5742.45 13193.51 5743.85 13195.91 5735.01 13216.51 5736.53 13270.36 5734.06
6 6616.42 10790.81 6603.03 10803.67 6587.29 10814.96 6595.53 10780.40 6595.14 10752.40 6625.15 10776.55
7 3829.32 1374.93 3809.52 1329.52 3784.73 1338.06 3814.00 1269.24 3826.52 1286.83 3864.29 1292.71 3899.00 1293.29
15 6251.16 7166.44 6204.22 7194.27 6206.34 7218.58 6188.97 7180.48 6188.54 7181.13 6181.81 7185.88 6145.86 7164.66 6156.65 7153.98 6142.75 7131.41 6148.00 7131.04 6141.24 7120.85 6190.15 7129.58 6217.22 7132.98 6241.05 7126.69 6205.57 7156.13
9 8944.84 4301.63 8940.74 4300.49 8976.14 4330.17 8941.59 4359.06 8897.93 4347.95 8866.20 4346.10 8855.86 4277.05 8936.55 4254.02 8936.41 4265.82
10 6490.50 4456.66 6444.40 4472.61 6428.31 4524.10 6404.80 4487.99 6388.27 4455.58 6332.97 4452.10 6362.40 4404.11 6399.15 4392.28 6448.27 4385.48 6464.94 4389.76
5 6982.68 5654.78 6972.11 5629.59 6936.73 5654.51 7007.06 5559.30 7061.59 5586.89
12 6195.63 12812.97 6135.96 12813.39 6114.50 12808.37 6096.86 12812.07 6078.79 12826.22 6082.00 12817.24 6113.34 12793.97 6061.03 12813.09 6111.80 12772.79 6148.56 12772.38 6179.83 12766.17 6173.78 12783.07
8 9436.26 8809.92 9398.33 8845.56 9403.68 8812.54 9393.48 8797.81 9418.58 8782.42 9455.84 8764.73 9442.44 8786.34 9440.09 8793.46
15 1900.42 12651.30 1873.17 12688.63 1843.91 12670.44 1827.61 12714.04 1798.32 12684.46 1786.96 12682.01 1740.38 12645.59 1757.07 12634.53 1771.00 12611.58 1804.91 12594.47 1808.05 12564.09 1852.20 12600.66 1862.07 12599.61 1859.89 12602.11 1847.77 12618.96
13 6370.51 3189.33 6314.81 3181.11 6302.00 3209.58 6292.79 3203.72 6313.95 3156.74 6253.28 3203.06 6240.81 3141.40 6263.03 3125.39 6297.30 3121.88 6316.88 3100.42 6357.78 3066.10 6337.64 3119.56 6382.35 3138.92
14 1957.84 3660.40 1942.62 3664.34 1940.75 3694.79 1932.40 3686.22 1896.38 3703.16 1898.84 3669.68 1897.61 3670.15 1892.21 3660.59 1887.50 3657.81 1885.12 3643.86 1884.18 3629.84 1890.42 3635.17 1916.05 3598.42 1919.78 3624.86
8 11081.03 11432.18 11032.50 11394.04 11021.14 11424.55 11000.50 11433.28 10989.24 11412.85 10983.54 11366.55 10957.28 11342.38 11040.27 11353.60
11 7813.15 15437.08 7802.73 15432.36 7813.89 15403.49 7775.44 15386.58 7811.87 15395.82 7780.30 15368.38 7782.96 15358.79 7820.68 15354.31 7833.02 15342.27 7880.11 15349.62 7854.54 15395.60
6 14031.10 12582.53 14006.51 12572.04 14002.84 12554.72 14045.52 12534.30 14075.93 12531.28 14058.65 12552.05
9 2590.90 14686.23 2588.10 14744.89 2555.03 14699.09 2554.98 14605.29 2594.73 14577.68 2602.89 14600.98 2636.71 14625.25 2644.79 14625.31 2635.36 14631.34
14 15470.58 12340.02 15422.68 12414.81 15355.45 12391.13 15358.21 12376.55 15364.58 12361.23 15327.17 12285.85 15350.59 12269.94 15369.87 12282.47 15401.01 12297.94 15420.93 12260.96 15427.68 12259.32 15432.65 12283.59 15438.21 12312.15 15492.74 12304.57
9 7416.02 7500.40 7399.68 7503.59 7307.41 7511.81 7298.11 7482.99 7265.62 7470.85 7298.99 7455.97 7328.48 7423.59 7386.40 7479.33 7377.56 7484.89
6 4398.01 6823.28 4382.57 6819.19 4375.52 6848.23 4310.10 6832.22 4332.72 6749.65 4358.61 6728.12
11 6732.40 13193.74 6725.27 13239.43 6691.38 13205.42 6648.96 13235.86 6678.89 13170.98 6689.58 13173.91 6701.53 13161.77 6697.55 13113.67 6701.18 13136.92 6779.12 13150.64 6769.23 13178.76
8 2074.76 12386.01 2058.43 12423.87 2038.17 12417.22 2003.93 12347.08 2026.61 12346.72 2071.99 12318.69 2062.29 12347.60 2090.03 12330.01
12 361.16 5961.49 338.40 5988.21 317.06 5962.19 307.81 5964.39 316.33 5957.59 322.36 5948.58 334.77 5938.62 343.11 5916.31 341.75 5936.04 356.62 5924.25 364.32 5919.02 351.77 5944.60
10 1744.16 6967.22 1698.29 6970.83 1688.13 6980.53 1688.70 6974.56 1675.17 6964.40 1690.45 6950.62 1695.00 6881.04 1700.66 6918.41 1712.98 6885.48 1716.57 6940.33
10 9349.27 3195.69 9279.42 3153.50 9288.60 3140.79 9276.28 3139.79 9311.02 3137.82 9282.97 3108.46 9315.85 3130.70 9313.80 3106.54 9327.65 3128.32 9372.72 3108.78
6 12291.04 10378.34 12254.37 10413.28 12265.11 10357.92 12225.42 10355.00 12273.91 10323.64 12308.90 10340.31
15 8869.84 4379.34 8874.70 4382.25 8892.96 4399.67 8851.01 4452.06 8772.89 4458.77 8747.82 4433.27 8755.87 4420.04 8788.34 4386.99 8733.96 4337.07 8774.07 4337.37 8777.75 4290.85 8823.14 4334.40 8844.59 4338.72 8837.70 4350.92 8832.45 4373.91
13 15166.10 12165.36 15137.80 12178.75 15152.39 12227.72 15128.96 12245.60 15117.14 12232.04 15113.65 12233.87 15108.27 12204.45 15098.09 12210.11 15086.72 12162.54 15078.65 12151.80 15085.27 12102.36 15134.01 12124.61 15155.17 12127.73
9 11596.38 7364.26 11575.53 7337.84 11599.74 7337.71 11602.91 7320.68 11626.78 7291.88 11636.53 7319.44 11639.59 7316.91 11639.46 7327.28 11660.44 7333.68
13 14370.01 6872.59 14330.10 6865.33 14322.73 6907.69 14307.20 6893.05 14301.42 6881.81 14287.53 6888.82 14250.45 6845.47 14264.80 6835.82 14300.91 6846.09 14294.60 6835.98 14332.53 6811.97 14330.46 6833.44 14341.96 6843.31
14 12290.10 12195.20 12253.59 12207.69 12254.70 12222.36 12235.40 12236.28 12206.05 12210.20 12149.04 12187.55 12169.26 12177.00 12171.44 12173.13 12173.84 12148.07 12218.26 12167.07 12219.14 12130.93 12233.56 12166.91 12233.72 12167.39 12244.33 12163.90
15 5814.24 4201.80 5777.55 4157.14 5776.89 4159.94 5767.54 4155.76 5762.61 4216.04 5756.24 4172.96 5741.53 4190.29 5725.65 4195.76 5742.10 4148.35 5677.31 4121.77 5731.84 4101.54 5761.91 4070.46 5807.48 4081.23 5811.86 4079.68 5832.38 4062.98
11 1985.95 9104.43 1975.76 9107.36 1966.32 9110.73 1962.13 9115.15 1932.50 9118.70 1959.20 9098.07 1964.00 9086.11 1974.86 9055.59 1994.11 9078.01 1980.24 9094.61 1985.17 9095.38
5 9244.64 14294.76 9244.87 14263.90 9283.50 14238.76 9302.23 14254.17 9290.14 14285.75
14 1143.78 8098.78 1157.89 8135.57 1106.30 8122.75 1110.71 8103.46 1099.64 8130.71 1097.65 8111.49 1093.72 8099.50 1078.73 8108.83 1074.33 8087.46 1069.34 8081.83 1160.24 8035.18 1177.71 8039.09 1180.72 8042.07 1145.49 8065.77
10 4769.61 10852.69 4776.52 10888.60 4674.92 10889.42 4697.71 10845.66 4687.96 10830.40 4660.20 10812.15 4688.45 10763.12 4727.71 10772.04 4742.56 10798.88 4776.37 10819.80
9 10898.70 3660.78 10894.39 3675.03 10862.18 3639.57 10820.13 3651.14 10817.18 3581.72 10850.26 3583.41 10862.12 3553.56 10889.21 3593.56 10896.92 3588.45
11 12295.47 6987.71 12328.59 7001.87 12258.02 7047.11 12211.95 6999.36 12236.98 6979.78 12204.31 6930.43 12229.74 6949.81 12231.24 6918.75 12243.46 6934.49 12267.34 6955.14 12312.94 6980.23
9 2783.98 4962.22 2796.77 4976.75 2782.13 4967.94 2757.64 4979.56 2760.59 4960.77 2733.87 4941.18 2767.15 4947.29 2758.04 4920.05 2797.60 4943.52
7 11728.00 7211.97 11719.24 7218.01 11693.68 7247.40 11668.92 7205.44 11662.31 7187.01 11682.78 7192.09 11684.65 7187.77
8 6868.23 10306.79 6804.56 10317.35 6763.91 10318.01 6813.07 10269.85 6811.37 10223.31 6834.73 10208.09 6830.50 10255.20 6872.08 10263.85
15 8319.18 10708.83 8311.83 10710.61 8297.32 10724.19 8295.48 10725.50 8271.94 10747.27 8285.60 10716.75 8270.44 10740.94 8279.35 10720.37 8275.98 10722.85 8275.79 10720.06 8253.78 10728.55 8265.69 10717.38 8269.68 10712.77 8263.72 10673.73 8318.03 10702.34
8 14398.02 9346.39 14393.61 9305.41 14321.18 9278.92 14343.94 9276.83 14374.49 9213.54 14395.82 9238.98 14411.69 9247.77 14439.01 9209.07
13 11860.12 9909.99 11853.97 9925.91 11814.37 9916.66 11798.97 9897.50 11803.69 9895.48 11819.76 9877.73 11834.64 9875.47 11821.64 9866.25 11845.50 9875.56 11852.51 9872.05 11856.03 9871.07 11895.50 9880.41 11879.70 9883.15
10 5421.17 5374.64 5383.40 5398.11 5370.07 5382.23 5363.94 5404.92 5350.28 5434.09 5336.98 5437.00 5349.31 5384.03 5311.22 5379.23 5390.97 5316.00 5416.14 5292.21
9 10786.25 5369.61 10803.82 5388.71 10761.82 5390.57 10749.77 5407.71 10741.85 5411.37 10720.78 5322.34 10730.06 5319.58 10730.04 5306.64 10786.38 5348.01
8 9833.93 13128.49 9843.16 13164.43 9775.51 13124.95 9767.45 13078.10 9777.38 13058.40 9838.22 13095.33 9848.23 13089.92 9847.09 13097.20
13 1810.31 10700.61 1803.58 10681.40 1802.75 10687.41 1798.00 10666.43 1794.27 10664.63 1773.92 10702.66 1763.84 10598.32 1782.68 10593.03 1795.95 10616.55 1808.60 10590.39 1808.48 10592.70 1816.63 10593.70 1851.52 10633.10
7 13625.37 6264.33 13583.43 6259.59 13544.13 6228.42 13577.17 6206.43 13582.55 6214.10 13592.25 6185.98 13623.73 6201.87
13 2223.87 11205.06 2196.82 11201.61 2162.07 11198.89 2162.67 11189.68 2126.36 11219.50 2122.17 11211.72 2151.82 11184.99 2130.35 11166.17 2106.45 11157.55 2140.43 11137.07 2169.04 11136.70 2173.67 11139.95 2200.70 11161.53
7 9267.19 14686.66 9264.61 14688.42 9250.43 14690.78 9228.50 14706.50 9223.18 14702.38 9238.35 14676.11 9236.20 14666.09
10 2744.61 1819.88 2764.66 1861.85 2677.29 1859.87 2697.53 1793.51 2697.27 1770.31 2708.66 1781.10 2742.64 1786.97 2774.59 1793.98 2755.52 1801.15 2794.48 1803.38
6 15307.83 10342.78 15325.72 10325.86 15353.42 10340.12 15357.90 10336.63 15385.84 10340.60 15383.05 10344.02
14 4176.90 7876.09 4118.96 7866.73 4096.12 7797.73 4116.74 7771.67 4138.63 7771.37 4160.55 7808.29 4167.11 7820.36 4174.72 7808.62 4178.44 7819.17 4220.39 7795.67 4188.32 7821.62 4187.64 7832.80 4189.69 7836.56 4185.61 7842.30
9 6908.83 10510.12 6847.69 10538.98 6859.64 10512.67 6849.14 10504.27 6840.26 10476.55 6827.14 10456.82 6901.02 10463.15 6933.51 10465.68 6946.09 10481.43
5 2625.03 6226.29 2595.91 6286.94 2492.02 6233.64 2618.79 6175.06 2593.89 6214.12
8 12906.64 11541.39 12846.48 11530.28 12826.93 11544.81 12790.79 11566.25 12795.05 11559.49 12820.36 11507.29 12820.96 11506.93 12915.78 11463.41
12 10215.36 14292.06 10206.57 14291.99 10252.09 14320.97 10209.52 14335.81 10198.78 14337.11 10175.37 14325.75 10148.03 14283.19 10197.91 14240.49 10210.01 14246.70 10252.97 14257.09 10231.26 14274.53 10249.61 14272.01
11 7446.58 11029.86 7435.91 11031.85 7471.37 11051.78 7455.67 11060.25 7459.73 11069.34 7436.19 11059.76 7399.58 11071.24 7412.07 11041.51 7419.30 10984.53 7422.67 10983.82 7451.65 11011.10
9 14180.38 4648.33 14164.11 4642.92 14148.29 4649.09 14139.84 4643.08 14133.36 4622.28 14142.14 4605.88 14176.85 4605.58 14187.45 4615.49 14185.29 4629.42
11 1202.18 13797.76 1189.03 13830.92 1189.55 13833.14 1157.18 13831.37 1114.66 13819.01 1107.67 13822.03 1139.71 13782.76 1157.71 13755.14 1160.94 13745.53 1160.50 13716.19 1212.56 13779.32
12 8776.01 11403.56 8730.68 11409.53 8728.92 11420.36 8713.14 11418.17 8710.23 11406.26 8694.32 11413.93 8649.97 11413.31 8699.86 11380.97 8645.42 11355.55 8716.50 11311.52 8726.67 11345.21 8739.17 11363.78
14 9325.23 8484.59 9321.55 8486.65 9312.63 8509.09 9295.30 8477.97 9273.94 8467.24 9271.29 8455.84 9293.88 8448.82 9297.63 8428.59 9307.17 8412.47 9319.03 8435.96 9359.36 8444.90 9334.97 8459.07 9339.78 8470.46 9348.03 8471.81
15 11906.54 14320.19 11912.81 14328.96 11880.52 14348.33 11849.24 14341.78 11826.74 14345.66 11837.29 14311.03 11820.21 14324.27 11805.40 14300.01 11810.68 14261.84 11792.57 14229.41 11819.99 14258.55 11836.14 14265.39 11856.19 14238.39 11861.18 14285.83 11898.91 14285.52
13 2944.08 2660.33 2957.20 2694.15 2920.33 2702.36 2919.42 2713.49 2909.72 2694.14 2882.74 2697.71 2860.71 2706.27 2878.67 2670.39 2888.15 2623.24 2905.88 2614.02 2910.64 2628.07 2916.71 2625.88 2925.41 2652.56
12 12312.32 1316.42 12338.54 1351.23 12318.11 1332.68 12241.17 1302.77 12261.36 1294.46 12227.25 1294.53 12204.37 1274.83 12257.68 1280.20 12267.13 1252.54 12277.23 1209.03 12375.82 1262.86 12358.05 1278.84
7 3440.10 13988.95 3432.95 13992.32 3415.82 13997.66 3384.67 13994.17 3392.57 13980.17 3384.70 13953.69 3441.52 13950.82
14 8440.98 5006.76 8417.79 4997.10 8417.27 5029.76 8404.40 5031.86 8392.96 5040.85 8388.89 5007.96 8360.19 5005.47 8369.57 4991.49 8405.91 4921.42 8423.02 4951.77 8426.73 4945.55 8430.19 4968.31 8438.57 4964.36 8457.71 4978.13
9 3981.70 8648.82 4011.10 8665.04 3966.81 8657.01 3958.66 8655.99 3935.65 8665.15 3937.67 8637.41 3963.84 8635.96 3964.88 8623.85 3997.04 8610.19
15 900.61 9386.74 853.60 9404.85 860.09 9383.38 834.03 9384.27 855.31 9380.65 865.10 9372.94 864.93 9370.24 848.62 9350.10 851.25 9343.49 846.38 9332.95 870.06 9364.30 864.23 9325.93 879.76 9360.10 890.40 9362.46 886.01 9371.08
12 10999.37 615.72 10933.42 601.59 10928.26 599.49 10918.44 592.60 10921.31 589.91 10871.17 601.19 10892.44 591.95 10871.77 584.79 10889.37 580.06 10969.69 529.97 10983.03 528.04 10998.78 580.37
6 8426.42 7039.24 8403.00 7034.92 8375.23 7042.50 8337.22 7031.38 8354.77 6995.90 8394.56 7013.52
7 14002.61 15194.71 13996.03 15202.89 14021.10 15239.58 13995.74 15217.77 13955.39 15181.01 14006.54 15165.23 14037.22 15191.41
8 1251.59 2014.07 1288.59 2063.17 1263.37 2054.26 1240.77 2048.40 1222.68 2026.68 1196.77 2009.57 1145.88 2005.06 1220.37 1968.41
8 5841.74 4280.08 5824.42 4291.01 5815.61 4279.35 5822.85 4275.57 5819.06 4270.90 5824.59 4256.90 5848.22 4272.04 5864.01 4270.45
10 13446.47 1048.05 13448.01 1056.94 13395.38 1014.16 13406.02 991.86 13427.26 1003.78 13431.71 990.18 13433.87 997.53 13447.21 989.31 13472.66 1008.07 13452.14 1011.73
6 5960.54 8800.70 5960.55 8806.13 5922.85 8805.45 5891.59 8789.66 5911.27 8776.39 5929.45 8780.98
8 516.12 8468.42 478.37 8502.23 441.10 8495.44 407.50 8469.20 407.65 8465.42 363.18 8479.39 388.40 8404.15 460.22 8416.96
11 9311.02 6230.98 9309.16 6238.59 9301.37 6231.28 9276.21 6237.98 9262.75 6231.84 9254.65 6213.04 9261.45 6209.81 9277.13 6210.74 9285.68 6213.81 9276.99 6207.28 9303.64 6204.96
13 9354.43 14151.54 9321.72 14136.81 9314.77 14150.71 9314.69 14175.21 9269.25 14155.03 9275.79 14142.69 9262.82 14115.94 9281.93 14112.85 9292.28 14110.93 9292.21 14098.35 9298.60 14101.09 9322.98 14097.13 9340.29 14097.60
12 12467.44 5178.31 12500.60 5221.63 12475.81 5228.54 12398.40 5200.57 12388.62 5178.95 12366.76 5152.38 12415.36 5131.48 12434.32 5144.49 12435.90 5147.57 12441.82 5111.83 12467.42 5141.09 12481.05 5152.79
11 14349.01 5620.95 14311.79 5641.69 14305.29 5637.43 14304.79 5627.25 14300.67 5623.89 14286.31 5620.63 14292.55 5615.32 14299.27 5590.32 14312.28 5578.28 14324.34 5590.93 14339.22 5583.93
5 10730.13 1314.64 10737.65 1324.55 10712.29 1324.02 10722.10 1276.99 10720.34 1288.79
15 5864.45 11584.81 5830.26 11612.39 5801.98 11580.50 5799.36 11575.67 5781.56 11545.11 5784.55 11525.86 5801.13 11528.58 5830.65 11487.84 5855.34 11522.93 5860.05 11523.40 5880.74 11519.49 5903.46 11513.34 5872.91 11533.91 5888.18 11537.43 5877.57 11545.16
12 623.14 9287.18 636.47 9299.07 595.84 9295.79 627.95 9307.01 627.33 9333.95 533.95 9314.54 533.51 9288.65 497.15 9242.90 523.05 9254.71 500.13 9229.16 608.07 9254.24 630.69 9273.74
13 4945.82 10498.08 4958.44 10522.04 4919.24 10533.60 4906.50 10548.49 4880.10 10542.27 4892.16 10489.15 4873.29 10486.61 4884.34 10474.44 4893.13 10476.72 4907.09 10474.35 4917.57 10441.04 4955.93 10433.74 4961.70 10485.03
5 660.11 1856.50 643.78 1863.07 639.01 1876.90 600.57 1799.17 639.39 1809.12
12 1449.71 1070.25 1454.60 1059.31 1455.28 1042.09 1463.67 1027.31 1435.54 1004.90 1459.36 983.60 1464.46 982.33 1475.50 999.11 1478.74 968.91 1477.48 948.87 1501.81 1002.36 1532.63 1004.60
10 8300.49 10991.75 8292.29 11026.12 8288.56 11035.34 8277.40 11010.64 8276.56 11012.17 8262.71 11001.57 8226.00 10976.22 8260.74 10950.37 8283.48 10979.46 8313.31 10979.70
14 7098.88 3241.26 7094.32 3247.66 7082.78 3239.59 7079.74 3243.11 7085.96 3276.03 7071.60 3267.90 7046.65 3240.63 7038.79 3197.94 6993.91 3153.29 7018.50 3156.15 7050.09 3178.62 7092.19 3151.02 7083.23 3213.73 7106.16 3208.98
11 14841.38 15164.40 14831.65 15164.71 14793.63 15169.75 14785.57 15184.43 14723.38 15196.14 14756.80 15160.63 14713.52 15164.44 14744.84 15137.64 14729.91 15112.33 14767.66 15118.28 14792.80 15149.32
8 8178.45 12699.18 8164.61 12761.41 8132.88 12763.48 8074.49 12767.83 8060.36 12742.78 8087.40 12712.31 8066.48 12665.04 8074.59 12640.21
9 487.17 13000.64 479.34 13011.17 416.98 12996.21 360.72 12967.29 389.40 12914.54 393.95 12934.17 425.06 12913.42 439.06 12889.49 418.92 12948.33
8 1266.77 10114.07 1222.69 10153.25 1199.03 10108.38 1199.12 10145.93 1174.52 10159.70 1148.54 10127.85 1167.28 10094.51 1127.43 10053.62
6 13683.50 10809.74 13637.43 10855.44 13651.03 10768.07 13662.09 10728.73 13696.93 10732.06 13690.28 10793.92
7 6683.86 3668.54 6582.15 3698.14 6596.35 3674.89 6533.09 3706.07 6560.67 3637.07 6606.86 3610.52 6656.65 3634.85
14 15193.89 8562.88 15195.58 8593.59 15184.65 8569.63 15182.23 8569.02 15172.04 8565.58 15154.92 8564.34 15146.89 8549.48 15146.42 8532.02 15172.40 8533.50 15191.21 8515.01 15208.26 8529.66 15209.59 8539.20 15204.57 8545.90 15220.40 8546.59
14 13054.18 14495.79 13078.04 14502.50 13051.79 14502.15 13017.48 14512.20 12997.65 14538.46 12997.29 14522.12 12977.67 14502.77 12995.14 14495.22 12980.14 14464.03 13014.41 14485.77 12998.24 14455.42 13027.63 14482.78 13048.63 14443.00 13047.88 14460.55
13 5246.33 11013.80 5227.86 11045.98 5201.77 11013.21 5208.40 11029.19 5190.44 11005.80 5148.35 11051.34 5143.23 11034.89 5136.94 10963.44 5123.04 10953.44 5161.02 10970.67 5170.70 10905.17 5198.94 10906.24 5249.13 10978.09
5 4229.83 7499.12 4227.92 7425.14 4308.18 7426.92 4314.41 7458.98 4287.43 7470.40
13 7333.03 12075.06 7329.66 12076.68 7327.04 12071.41 7317.18 12080.08 7308.76 12066.41 7282.62 12067.21 7274.51 12064.43 7302.91 12055.99 7274.00 12036.12 7313.49 12032.99 7329.49 12041.82 7340.71 12038.31 7339.53 12052.04
10 14923.79 1059.10 14889.09 1050.37 14861.71 1044.99 14899.84 1102.92 14779.89 1108.81 14824.14 1056.21 14766.03 1097.63 14752.32 1027.43 14800.54 1021.63 14799.94 1013.91
12 1520.89 13764.03 1516.63 13772.39 1522.03 13791.40 1498.07 13784.62 1494.36 13786.23 1447.44 13813.79 1412.70 13809.01 1459.18 13767.56 1451.39 13760.16 1434.66 13710.02 1483.11 13675.51 1509.22 13744.46
11 12287.10 13570.38 12280.45 13540.42 12294.05 13541.97 12328.41 13548.19 12343.00 13521.83 12352.23 13525.12 12338.01 13553.61 12351.87 13532.35 12352.80 13551.63 12344.16 13563.25 12340.83 13565.55
7 11241.90 8552.04 11234.25 8584.12 11220.43 8546.87 11194.22 8521.82 11253.64 8501.59 11235.61 8522.88 11251.92 8507.81
7 2028.59 11624.69 1982.28 11626.02 1979.44 11625.05 1961.61 11643.43 1965.12 11563.60 1985.87 11588.94 1999.38 11606.72
11 12096.15 2601.28 12109.35 2624.50 12055.45 2593.76 12042.03 2591.48 12018.22 2550.08 12036.26 2541.05 12032.94 2529.94 12065.28 2564.66 12088.44 2536.17 12097.12 2516.98 12131.41 2575.30
5 4290.62 8335.76 4238.94 8296.93 4238.58 8301.49 4229.99 8301.11 4289.68 8215.14
9 15196.65 4572.89 15133.25 4558.22 15092.38 4580.79 15123.94 4547.91 15080.05 4551.33 15094.98 4545.97 15153.95 4512.61 15154.76 4511.17 15194.63 4512.79
8 8876.76 7407.37 8840.55 7390.32 8838.62 7413.95 8824.50 7460.00 8803.94 7395.07 8758.51 7374.49 8826.45 7357.89 8892.55 7355.19
5 13597.01 13033.66 13549.72 13044.95 13500.54 13051.09 13518.04 13019.99 13509.81 13015.99
14 6983.82 14510.55 6968.48 14523.21 6961.99 14538.56 6949.69 14547.02 6955.05 14514.78 6936.59 14506.31 6931.46 14488.82 6962.76 14492.35 6965.89 14477.94 6979.31 14481.85 6973.92 14499.16 6974.09 14499.63 6981.00 14502.38 6985.38 14509.24
5 4469.88 2923.09 4459.48 2952.67 4394.87 2834.98 4424.85 2835.26 4512.56 2824.38
10 721.47 13530.54 739.42 13553.64 673.75 13549.68 688.42 13530.90 662.31 13520.99 694.09 13510.43 722.64 13506.71 736.18 13511.54 725.42 13524.81 749.17 13523.70
9 1674.36 12662.96 1602.28 12647.24 1615.74 12592.06 1642.03 12529.94 1699.27 12562.50 1670.59 12596.31 1672.14 12602.65 1684.88 12613.20 1700.10 12614.39
15 5405.16 6040.16 5433.94 6047.47 5408.16 6046.91 5394.10 6074.59 5393.05 6086.83 5372.16 6072.38 5366.86 6087.60 5363.35 6048.59 5351.86 6050.41 5328.18 6050.92 5339.23 6010.42 5360.03 5992.54 5388.32 6011.58 5388.79 6025.54 5423.34 6006.12
7 3715.92 14337.78 3681.41 14352.00 3657.87 14318.72 3639.93 14336.59 3604.54 14304.47 3585.49 14255.42 3710.67 14266.73
10 13041.33 8691.28 13002.34 8703.22 12997.55 8675.10 12974.05 8677.70 13010.67 8653.64 13008.74 8645.56 13019.67 8639.27 13054.73 8614.70 13050.19 8635.24 13044.35 8658.57
14 1458.42 5622.38 1481.74 5654.19 1454.41 5654.26 1451.78 5665.05 1431.64 5659.28 1420.78 5597.81 1391.87 5568.21 1420.75 5581.65 1423.85 5584.26 1435.58 5553.07 1460.19 5551.92 1489.65 5571.71 1479.82 5583.75 1461.70 5594.67
12 5941.49 5482.97 5939.27 5470.65 5934.07 5479.71 5924.97 5466.78 5920.27 5454.70 5914.90 5407.56 5943.85 5419.78 5952.30 5415.49 5958.31 5414.90 5959.92 5419.15 5966.05 5440.15 5996.15 5441.07
10 15226.18 10176.07 15195.20 10173.65 15185.87 10188.11 15163.15 10188.90 15106.15 10182.83 15088.91 10175.63 15096.10 10111.79 15126.26 10123.81 15160.23 10098.39 15187.60 10146.11
9 15257.00 7520.37 15266.96 7530.98 15235.68 7523.05 15223.44 7525.56 15220.40 7548.41 15195.35 7537.72 15165.28 7463.49 15230.81 7460.96 15261.97 7490.04
8 11241.36 8981.17 11203.06 8983.29 11181.98 8980.63 11132.95 9019.68 11135.08 8977.41 11154.03 8901.56 11195.92 8925.56 11234.98 8956.40
15 11974.75 7513.45 11992.97 7525.68 11974.08 7513.75 11966.97 7530.19 11956.61 7539.51 11954.60 7532.13 11949.87 7536.95 11957.31 7518.06 11936.83 7541.40 11929.79 7528.93 11936.35 7508.94 11945.53 7502.36 11936.03 7466.22 11989.65 7468.42 11995.37 7485.11
7 8448.49 9733.26 8440.66 9744.12 8439.27 9752.52 8378.20 9760.75 8374.40 9754.61 8362.80 9729.33 8416.58 9689.91
15 10420.20 2405.95 10418.93 2439.58 10417.26 2450.15 10409.59 2477.01 10401.62 2461.23 10394.30 2435.16 10357.47 2453.17 10372.85 2427.70 10350.53 2419.50 10350.72 2392.17 10365.36 2374.58 10440.51 2338.67 10426.73 2366.47 10438.42 2368.27 10411.71 2397.94
12 6672.09 13736.76 6651.14 13774.99 6649.72 13783.27 6633.01 13763.57 6628.15 13754.81 6602.85 13741.00 6594.89 13703.70 6631.68 13717.93 6653.40 13718.69 6687.10 13713.80 6642.71 13727.45 6658.91 13724.44
14 1141.60 5649.94 1157.37 5684.95 1132.78 5671.55 1121.88 5666.11 1088.83 5670.26 1103.63 5630.27 1102.27 5619.04 1118.01 5633.31 1105.23 5609.51 1116.83 5628.00 1115.72 5614.23 1124.18 5601.88 1179.84 5635.69 1181.31 5636.14
5 9250.62 10584.57 9178.64 10557.84 9199.60 10514.26 9207.45 10472.22 9245.26 10512.09
9 6292.02 1761.09 6277.85 1783.62 6194.98 1749.56 6171.63 1693.23 6223.85 1671.89 6244.01 1695.48 6245.66 1649.41 6245.10 1694.22 6304.38 1678.05
15 12602.19 13865.17 12590.99 13866.16 12591.37 13852.12 12573.92 13899.57 12572.64 13878.53 12578.51 13843.72 12553.69 13851.02 12558.29 13812.01 12567.51 13807.44 12583.41 13805.18 12589.66 13781.05 12594.04 13789.04 12630.34 13783.18 12659.21 13829.53 12611.59 13836.74
11 14857.15 8765.53 14847.98 8780.03 14835.80 8763.25 14799.51 8751.39 14812.57 8748.56 14807.58 8724.13 14834.92 8729.06 14840.80 8729.34 14850.83 8738.24 14861.13 8730.10 14853.83 8751.75
13 8846.45 11604.43 8792.92 11576.93 8752.46 11562.08 8754.12 11560.26 8785.96 11495.36 8792.05 11498.75 8809.79 11513.64 8843.14 11473.48 8841.37 11519.80 8861.62 11519.70 8849.09 11525.66 8878.73 11518.39 8838.56 11536.04
15 10117.52 11141.82 10127.75 11152.35 10120.20 11150.79 10106.85 11149.16 10111.99 11170.36 10102.72 11154.84 10081.48 11154.28 10071.01 11152.69 10071.54 11130.69 10090.97 11121.52 10095.56 11125.08 10096.71 11120.37 10119.44 11128.31 10112.96 11132.92 10110.47 11138.93
12 7372.26 9610.30 7324.19 9632.85 7315.35 9678.99 7284.15 9611.82 7260.06 9582.81 7306.80 9588.11 7318.45 9584.42 7335.11 9538.78 7346.38 9535.54 7344.16 9541.58 7361.31 9563.54 7339.65 9600.79
10 12007.48 4180.73 12000.18 4197.83 11988.63 4220.03 11975.05 4174.79 11957.01 4174.74 11982.59 4163.01 12006.73 4115.93 12021.08 4114.63 12041.79 4096.17 12054.80 4107.98
15 15281.58 2159.20 15275.28 2186.90 15240.82 2200.09 15232.38 2176.70 15236.09 2159.00 15224.38 2149.44 15201.69 2158.14 15203.02 2132.95 15209.75 2131.05 15198.60 2113.67 15239.61 2103.62 15252.51 2080.83 15258.16 2098.44 15256.21 2126.66 15297.69 2132.12
8 7565.09 14100.10 7515.47 14097.03 7480.70 14077.86 7539.27 14076.90 7550.82 14064.57 7565.50 14077.00 7592.14 14055.63 7580.08 14087.48
14 6616.62 8713.33 6618.97 8708.86 6609.77 8705.81 6638.71 8689.44 6631.77 8669.54 6638.84 8666.15 6639.52 8667.31 6648.54 8650.36 6649.50 8666.64 6656.01 8680.77 6671.01 8675.98 6680.15 8682.88 6687.33 8684.63 6681.40 8694.14
8 9451.38 10943.18 9448.68 10948.83 9458.62 10960.56 9436.44 10978.95 9424.93 10972.67 9422.20 10972.39 9401.09 10966.73 9440.73 10928.61
15 3325.55 4710.53 3330.60 4691.58 3310.31 4686.45 3306.32 4685.45 3290.51 4665.37 3296.03 4658.63 3302.26 4656.20 3309.13 4659.11 3319.89 4664.33 3303.92 4649.22 3322.55 4662.63 3339.13 4649.10 3345.43 4658.73 3366.02 4661.95 3355.61 4673.23
6 8930.78 9818.10 8893.25 9827.28 8909.12 9797.57 8925.82 9778.49 8929.93 9800.96 8943.62 9801.43
15 12919.58 11056.03 12893.19 11043.99 12891.48 11042.09 12883.76 11061.09 12855.25 11026.99 12848.58 11010.93 12799.66 10979.53 12826.98 10986.81 12850.68 10985.28 12860.36 10998.99 12875.55 10947.12 12922.11 10979.67 12918.21 10991.98 12942.11 10979.67 12909.29 11007.66
7 3757.87 13378.68 3748.78 13367.95 3746.18 13359.09 3758.76 13335.44 3722.67 13320.27 3750.02 13327.28 3763.53 13326.46
7 12653.91 8131.16 12651.87 8141.74 12649.77 8150.46 12620.40 8122.75 12605.90 8119.44 12647.82 8096.74 12669.21 8104.17
6 12618.34 9466.49 12608.14 9481.77 12551.49 9495.19 12539.68 9449.53 12574.80 9445.95 12593.03 9429.15
5 3392.38 304.55 3333.46 251.75 3308.00 230.44 3352.37 215.94 3426.17 263.57
9 12865.89 7584.01 12834.78 7579.39 12833.26 7561.51 12811.57 7562.56 12804.44 7548.39 12820.90 7550.38 12834.55 7548.85 12846.40 7523.85 12854.07 7528.68
9 10457.81 11325.42 10477.13 11304.86 10468.87 11295.18 10443.46 11282.89 10476.53 11284.79 10489.47 11276.12 10525.89 11258.86 10553.67 11251.31 10550.36 11280.55
7 5364.26 11795.98 5364.98 11798.46 5350.20 11779.38 5331.87 11780.61 5302.70 11762.07 5362.65 11689.72 5387.92 11728.12
14 5168.17 14634.75 5123.89 14631.43 5122.80 14669.74 5108.10 14646.80 5082.47 14654.97 5101.98 14621.56 5055.17 14611.72 5060.15 14597.70 5085.53 14587.09 5109.03 14540.95 5118.43 14574.59 5117.78 14554.33 5170.32 14553.69 5192.07 14609.79
9 2628.11 3317.53 2616.86 3321.79 2612.41 3328.61 2599.77 3330.48 2592.70 3340.11 2574.56 3326.51 2554.12 3306.24 2572.35 3311.86 2613.15 3313.23
9 11837.83 12521.93 11791.49 12525.94 11774.98 12504.60 11744.52 12506.25 11711.97 12520.88 11723.08 12482.78 11728.45 12467.03 11702.55 12449.78 11771.07 12430.30
15 12201.39 5682.62 12197.00 5691.87 12177.73 5689.48 12161.90 5682.78 12159.48 5682.36 12157.07 5670.90 12160.57 5667.06 12150.15 5647.89 12158.12 5651.93 12170.44 5640.46 12173.40 5630.79 12174.28 5641.36 12173.15 5651.34 12199.57 5642.43 12189.65 5661.95
7 11876.70 6224.98 11835.66 6249.18 11833.51 6238.75 11847.73 6222.83 11823.82 6218.56 11838.18 6186.40 11851.32 6199.19
13 8234.93 1371.67 8227.35 1362.91 8206.15 1379.25 8198.17 1329.13 8175.81 1354.45 8181.86 1310.49 8165.07 1307.10 8203.83 1294.28 8208.26 1288.77 8216.53 1287.75 8226.88 1270.08 8220.97 1291.95 8247.19 1310.60
13 4481.55 3733.55 4493.97 3740.36 4441.99 3735.03 4424.84 3748.46 4412.74 3774.20 4406.78 3793.01 4404.49 3720.86 4444.91 3684.79 4459.11 3669.68 4456.59 3703.07 4442.88 3716.02 4439.90 3721.01 4450.97 3719.85
15 14157.32 13143.30 14162.79 13188.69 14151.07 13177.32 14158.49 13203.36 14093.45 13182.51 14079.62 13196.11 14064.46 13180.77 14051.63 13164.26 14101.75 13138.51 14060.41 13142.14 14080.22 13109.34 14083.55 13088.86 14109.75 13080.37 14121.55 13096.90 14133.81 13089.62
14 14483.88 3632.91 14467.47 3623.99 14452.27 3600.31 14390.30 3604.23 14424.40 3580.84 14438.88 3518.74 14457.10 3553.77 14444.41 3519.77 14468.45 3516.07 14484.88 3519.38 14490.74 3540.78 14494.54 3543.71 14489.07 3572.98 14522.94 3576.25
10 1424.30 6649.02 1441.08 6684.59 1405.06 6660.39 1379.27 6665.13 1389.85 6656.10 1370.54 6633.07 1395.89 6636.13 1396.57 6636.66 1411.54 6600.36 1435.88 6616.14
14 10009.94 4139.12 10002.72 4138.98 9989.20 4138.80 9978.74 4106.74 9963.99 4074.32 9905.08 4092.65 9948.28 4077.10 9922.36 4070.56 9922.24 4056.09 9922.14 4012.39 9984.28 3987.56 9984.09 4037.59 10030.67 4001.37 10007.12 4065.16
7 2641.28 442.40 2637.61 450.55 2627.26 450.94 2606.86 448.70 2599.91 445.94 2591.48 444.71 2646.99 407.84
10 8801.19 5644.07 8813.76 5658.55 8781.84 5682.28 8754.62 5691.34 8757.58 5637.76 8692.98 5598.49 8702.41 5578.18 8718.41 5583.36 8802.26 5578.61 8818.02 5570.29
9 15214.87 14008.19 15166.32 14040.99 15161.14 14022.79 15142.81 14005.52 15152.49 13985.01 15146.12 13975.09 15163.00 13956.03 15195.12 13957.23 15192.93 13992.79
11 5920.19 5792.90 5890.17 5817.95 5876.92 5818.12 5840.58 5835.55 5832.71 5792.87 5808.03 5782.77 5844.81 5760.93 5856.06 5736.56 5881.08 5770.22 5913.66 5746.25 5892.93 5778.05
11 15034.76 8413.53 15029.82 8446.67 14987.08 8467.39 15000.01 8440.02 14993.73 8425.60 14964.02 8446.79 15003.21 8403.11 14994.46 8392.14 14988.00 8374.11 14994.95 8366.75 15013.07 8380.41
6 3370.72 13584.68 3319.34 13578.13 3332.67 13569.95 3321.25 13531.76 3347.01 13516.37 3365.43 13559.00
10 11306.55 7754.73 11286.35 7741.34 11277.74 7735.68 11289.16 7710.47 11294.45 7698.31 11312.54 7697.09 11314.56 7712.24 11319.62 7725.90 11344.63 7713.99 11350.08 7720.51
14 3957.33 12981.10 3932.32 12998.44 3920.41 12984.72 3921.03 13008.29 3916.50 12963.16 3901.51 12977.37 3906.18 12952.04 3906.20 12946.36 3891.50 12937.36 3898.31 12933.13 3920.58 12905.26 3934.47 12909.91 3937.36 12906.36 3933.10 12917.48
10 12053.98 939.65 12079.31 946.12 12060.41 942.68 12059.40 1007.37 12010.39 1012.58 11991.57 944.57 11947.40 909.78 11976.08 902.19 12038.16 870.59 12049.64 857.94
13 10936.12 4071.56 10935.62 4090.71 10911.32 4092.61 10885.34 4074.03 10896.37 4068.56 10884.24 4052.41 10900.31 4046.43 10905.94 4045.09 10921.89 4053.95 10909.90 4022.33 10944.78 4026.75 10934.69 4051.81 10950.57 4063.83
9 8056.41 1264.03 8050.95 1284.85 8038.65 1265.73 8037.28 1262.61 8018.86 1203.85 8046.94 1215.52 8068.96 1217.01 8060.60 1229.50 8066.76 1229.73
9 4884.77 5393.86 4877.40 5404.26 4857.92 5394.37 4888.37 5341.83 4834.27 5364.83 4858.83 5331.89 4844.89 5288.05 4907.27 5307.83 4920.99 5282.29
12 6111.94 10112.70 6095.45 10129.74 6088.86 10123.78 6073.42 10128.31 6063.35 10110.24 6012.73 10081.75 6020.53 10073.92 6040.04 10056.05 6041.41 10035.41 6060.47 10039.30 6075.62 10001.20 6089.95 10043.70
6 14344.41 3027.58 14298.95 3063.81 14218.86 2957.46 14245.22 2959.67 14237.63 2936.50 14261.85 2915.85
15 5125.23 355.82 5090.56 380.45 5076.67 370.51 5088.18 422.02 5016.46 400.82 4979.71 382.71 5034.08 353.36 4992.49 351.00 5009.93 351.66 5005.35 330.91 5001.65 321.56 5061.31 324.36 5096.87 298.55 5082.35 340.13 5113.25 342.26
5 1838.55 4737.70 1794.44 4731.09 1818.47 4683.31 1853.89 4667.25 1896.06 4702.79
9 14154.12 2090.06 14125.96 2097.50 14114.71 2080.01 14039.29 2095.03 14061.06 2047.62 14075.68 2030.52 14067.91 2026.38 14051.44 2012.12 14089.07 1963.98
15 8923.24 11222.34 8919.01 11245.77 8889.25 11219.23 8853.68 11236.63 8882.22 11209.97 8875.58 11201.96 8848.97 11195.96 8839.77 11174.83 8844.36 11169.93 8878.93 11148.52 8889.42 11182.49 8922.82 11146.09 8933.41 11158.43 8913.34 11197.46 8913.31 11203.26
8 8537.39 7956.98 8533.74 7970.97 8524.63 7987.54 8510.67 8002.50 8483.24 8001.38 8501.23 7926.31 8530.83 7905.72 8543.55 7905.24
5 3075.60 10567.51 3060.15 10559.90 3055.45 10559.90 3042.18 10553.54 3063.41 10515.70
9 7338.68 5805.71 7334.21 5807.46 7333.98 5815.56 7337.28 5863.00 7263.49 5863.50 7267.68 5837.55 7248.04 5848.95 7237.62 5788.72 7314.74 5776.74
9 3104.16 7009.40 3063.62 6998.53 3045.88 7010.20 3030.78 7026.49 3017.60 7040.63 3022.80 6985.17 3009.86 6959.69 3057.96 6927.64 3049.34 6957.03
9 5702.71 14574.76 5678.24 14607.14 5661.16 14601.25 5647.76 14591.22 5602.48 14610.52 5626.15 14575.81 5605.01 14572.87 5650.49 14551.04 5659.19 14526.82
13 8142.81 12464.51 8129.34 12477.31 8132.86 12487.02 8104.92 12479.37 8101.86 12489.80 8092.87 12501.27 8060.76 12408.51 8051.12 12387.18 8060.96 12385.87 8118.41 12356.81 8112.50 12392.14 8116.39 12397.75 8147.57 12404.57
7 275.01 875.80 270.93 875.97 240.70 893.52 227.64 912.91 208.56 849.01 260.62 836.34 246.86 863.74
5 1927.04 15053.78 1851.77 14990.79 1868.12 14942.88 1907.03 15007.22 1919.44 15015.44
8 13585.70 9246.53 13462.75 9209.92 13479.64 9211.50 13466.07 9209.07 13436.24 9192.90 13538.25 9134.03 13548.59 9160.93 13578.90 9184.45
12 3056.16 10967.38 3067.08 10988.24 3040.77 11002.13 3039.99 10966.20 3019.92 10944.91 3042.94 10888.86 3052.79 10895.89 3061.74 10922.03 3063.18 10920.66 3055.53 10940.89 3063.57 10936.99 3059.15 10940.53
6 7244.12 6563.97 7214.28 6564.86 7195.86 6569.36 7225.28 6494.52 7241.58 6539.59 7266.24 6529.10
11 7436.51 4265.34 7433.29 4270.56 7423.95 4274.54 7423.42 4277.80 7412.93 4271.38 7407.62 4271.73 7406.14 4267.06 7408.97 4259.46 7419.49 4250.59 7424.34 4246.01 7430.01 4252.01
10 9264.89 9544.75 9280.46 9577.10 9278.24 9579.60 9259.95 9585.10 9251.82 9581.94 9230.53 9576.00 9229.28 9560.07 9215.71 9567.43 9197.88 9469.06 9207.18 9482.49
13 10867.74 1316.23 10877.92 1329.96 10844.52 1352.67 10828.36 1323.02 10809.19 1321.45 10797.33 1327.80 10769.77 1341.56 10762.75 1344.48 10781.37 1326.50 10806.69 1305.97 10773.18 1280.58 10796.58 1239.35 10834.01 1275.86
10 3149.79 3483.72 3076.24 3476.96 3082.93 3472.83 3056.23 3467.24 3083.65 3453.40 3110.02 3439.15 3118.96 3431.11 3136.88 3406.98 3137.99 3413.25 3171.70 3452.39
11 2208.28 12524.27 2150.76 12502.38 2109.81 12543.69 2100.74 12531.86 2080.63 12528.31 2080.54 12528.09 2097.54 12497.58 2115.92 12396.12 2139.54 12420.34 2168.02 12407.94 2175.77 12457.60
13 8443.22 11976.74 8409.78 11976.83 8400.04 11975.92 8399.51 11987.53 8374.48 11997.44 8360.35 12019.70 8349.48 12007.80 8360.49 11983.86 8401.94 11934.89 8406.57 11933.63 8405.30 11962.30 8424.10 11964.87 8433.18 11969.73
13 10284.15 459.09 10315.00 471.13 10263.13 504.49 10259.46 488.99 10235.74 489.53 10237.47 460.15 10199.69 464.83 10221.35 432.54 10234.95 438.59 10249.01 423.98 10275.67 410.35 10278.07 408.70 10286.81 430.17
13 11233.99 5194.86 11220.78 5194.82 11242.51 5206.84 11224.82 5200.46 11229.20 5220.61 11204.03 5242.96 11146.86 5192.80 11162.29 5149.29 11186.13 5145.94 11188.31 5145.96 11238.48 5162.78 11213.05 5178.68 11245.92 5181.80
12 15003.14 6995.39 14995.29 7027.66 14935.58 6992.76 14925.00 6944.55 14929.94 6946.57 14980.04 6940.97 15017.36 6937.17 15023.53 6943.71 15006.67 6962.95 15026.57 6953.06 15052.29 6939.86 15052.26 6965.79
14 2671.27 2500.98 2653.31 2484.45 2647.38 2525.77 2637.68 2490.91 2611.75 2519.09 2596.84 2499.79 2610.71 2475.85 2585.34 2499.47 2581.43 2473.96 2577.35 2440.43 2555.35 2416.44 2675.39 2389.12 2670.02 2425.87 2656.44 2436.25
12 2833.74 8907.52 2823.50 8901.95 2787.93 8890.37 2784.82 8923.62 2775.11 8918.18 2720.30 8906.58 2695.38 8910.50 2739.74 8877.12 2749.04 8869.88 2752.97 8789.01 2761.56 8802.39 2774.91 8819.22
12 11476.64 11716.99 11448.09 11730.95 11423.28 11711.39 11385.70 11709.55 11396.51 11706.14 11381.49 11664.23 11412.25 11672.29 11421.64 11683.45 11420.64 11667.43 11443.30 11654.65 11447.19 11678.27 11460.10 11677.59
9 5614.67 7956.88 5613.48 7974.42 5599.88 7983.90 5555.12 7949.48 5580.82 7947.09 5596.42 7900.57 5604.24 7923.67 5613.09 7908.96 5637.83 7916.55
12 2914.01 5269.97 2883.50 5259.89 2891.46 5269.66 2878.01 5262.30 2872.00 5281.53 2866.28 5282.38 2855.03 5285.67 2841.05 5291.99 2835.05 5243.71 2869.00 5205.28 2875.03 5212.68 2897.90 5216.21
9 5288.51 7230.79 5178.41 7205.66 5189.34 7160.70 5218.75 7193.71 5213.26 7179.89 5226.64 7198.02 5225.12 7186.60 5252.05 7159.38 5298.03 7173.99
15 9862.77 8161.82 9830.52 8180.55 9818.67 8163.56 9821.04 8156.01 9796.95 8189.86 9806.25 8145.19 9791.56 8108.84 9801.19 8116.75 9796.20 8107.71 9820.99 8132.16 9829.71 8120.79 9839.91 8108.18 9864.50 8111.03 9874.63 8124.14 9838.84 8140.54
13 7662.35 14331.70 7637.27 14368.83 7638.70 14358.46 7635.37 14341.06 7638.82 14332.25 7615.20 14327.01 7635.15 14326.06 7630.23 14323.64 7640.47 14306.80 7667.59 14310.02 7673.23 14313.38 7660.56 14323.96 7694.77 14323.07
14 3927.18 14080.08 3883.14 14087.67 3891.06 14041.17 3856.19 14007.78 3851.90 14003.02 3868.88 13996.72 3898.76 14005.23 3938.20 13974.62 3935.67 13990.86 3945.80 13986.53 3939.56 13996.13 3933.93 14000.74 3963.47 14006.49 3928.93 14015.36
11 3684.15 13169.16 3664.09 13175.06 3662.04 13202.82 3606.44 13172.65 3602.12 13164.66 3619.48 13148.59 3610.26 13135.11 3648.78 13112.78 3644.14 13134.18 3655.02 13125.25 3693.38 13147.51
13 5388.48 10759.95 5386.07 10781.90 5366.93 10775.64 5374.18 10807.21 5352.85 10771.97 5306.91 10759.92 5329.70 10739.82 5333.31 10728.63 5346.36 10739.52 5373.76 10723.68 5388.88 10707.66 5375.95 10730.92 5367.28 10751.49
13 11246.80 7451.84 11221.47 7434.89 11213.12 7442.45 11212.26 7440.85 11211.42 7461.95 11207.00 7461.75 11205.33 7453.16 11191.57 7455.92 11173.65 7404.83 11205.10 7383.92 11209.48 7392.70 11216.57 7411.03 11230.03 7412.16
9 9521.79 10080.72 9518.15 10084.79 9527.46 10110.38 9522.71 10109.09 9493.58 10088.21 9448.92 10066.64 9449.91 10066.61 9438.19 10062.78 9504.33 10050.84
5 7789.69 2509.10 7825.71 2513.93 7806.83 2551.68 7666.08 2470.96 7801.62 2431.69
12 5027.33 2154.74 5057.10 2192.44 5002.26 2208.35 4986.02 2185.15 4971.85 2160.66 4963.64 2162.32 4909.86 2155.87 4898.62 2117.02 4915.96 2096.01 4957.92 2086.93 5045.66 2076.97 5017.90 2122.86
14 15196.40 7914.67 15197.72 7917.77 15203.51 7950.34 15195.79 7954.67 15185.57 7948.87 15164.23 7952.61 15166.84 7929.29 15160.14 7908.55 15160.98 7891.26 15167.99 7896.03 15190.05 7894.35 15202.33 7883.38 15198.96 7888.71 15212.05 7877.07
6 5143.82 7380.72 5113.15 7403.18 5092.29 7357.51 5052.17 7330.81 5104.15 7324.68 5114.12 7326.85
15 14970.37 5248.99 14924.63 5246.88 14930.71 5285.37 14895.03 5263.09 14840.75 5264.84 14867.12 5230.42 14817.47 5218.87 14832.82 5196.29 14869.43 5201.21 14877.40 5202.11 14879.41 5154.58 14923.31 5161.44 14921.06 5178.90 14941.05 5203.08 14999.34 5197.60
9 3061.66 13578.56 3055.19 13578.53 3046.22 13577.94 3055.35 13594.49 3020.27 13590.01 3014.44 13566.78 3011.98 13555.88 3009.78 13542.05 3029.07 13533.86
14 8179.55 5492.11 8171.42 5494.93 8198.22 5512.06 8187.36 5507.20 8180.21 5511.89 8169.46 5510.48 8165.06 5510.04 8154.06 5497.89 8138.83 5494.54 8148.07 5491.63 8138.43 5472.40 8139.86 5467.44 8169.67 5480.68 8185.83 5474.66
10 9021.43 242.55 8991.51 285.13 8991.58 250.13 8962.64 204.33 8963.09 204.78 8967.28 195.89 8991.19 197.91 9001.39 224.38 9016.09 212.81 9027.85 221.29
7 14288.17 3438.01 14283.78 3457.12 14288.55 3464.54 14238.19 3469.92 14223.91 3472.12 14213.45 3437.32 14224.86 3425.80
10 1209.50 14373.33 1212.72 14382.36 1209.32 14382.30 1204.17 14401.64 1194.28 14399.64 1173.23 14329.42 1187.45 14352.13 1215.23 14335.86 1230.31 14357.11 1226.97 14360.22
6 13963.01 4815.10 13924.18 4842.26 13902.99 4844.62 13895.36 4836.75 13918.34 4769.86 13962.66 4759.42
5 881.71 12026.57 869.70 12033.49 825.37 12042.69 860.75 11975.68 894.90 11991.04
7 8940.10 4841.87 8926.57 4846.41 8914.28 4823.24 8910.90 4805.21 8919.11 4791.96 8947.28 4785.26 8954.75 4795.12
9 12875.53 7161.49 12888.02 7179.06 12861.67 7169.15 12827.37 7148.76 12851.77 7142.70 12850.72 7129.61 12868.42 7117.89 12864.38 7137.79 12884.95 7111.61
6 14679.95 13756.32 14659.34 13769.78 14634.05 13766.47 14636.94 13747.68 14623.43 13735.36 14661.01 13718.13
15 10843.94 5526.67 10855.15 5541.45 10845.44 5537.53 10829.73 5539.18 10823.26 5546.55 10816.90 5551.82 10799.93 5556.47 10812.28 5535.87 10787.67 5510.82 10816.13 5513.34 10809.17 5490.18 10819.90 5491.54 10836.88 5488.86 10875.36 5500.40 10882.73 5507.34
5 8326.11 5264.35 8310.02 5274.85 8306.07 5276.83 8310.35 5232.83 8339.32 5244.63
14 7357.01 3465.11 7345.85 3456.96 7363.12 3476.34 7344.85 3490.66 7318.43 3479.87 7302.77 3469.92 7303.66 3458.98 7317.51 3448.34 7321.59 3436.24 7319.27 3431.45 7326.44 3423.32 7331.33 3415.19 7339.17 3430.20 7340.71 3432.63
9 4551.78 9930.91 4546.51 9963.46 4496.05 9975.43 4478.70 9956.97 4446.84 9912.10 4499.40 9893.07 4509.61 9869.37 4513.63 9911.18 4562.49 9920.84
5 12076.78 10199.73 12080.07 10186.08 12076.30 10154.17 12096.50 10179.37 12100.98 10178.54
8 10710.00 10232.78 10695.00 10266.83 10639.32 10220.73 10671.12 10211.71 10679.88 10170.10 10713.08 10199.85 10741.89 10182.87 10730.47 10205.81
7 5223.78 14525.44 5183.28 14507.01 5195.77 14501.63 5181.66 14480.88 5208.32 14491.59 5215.38 14478.54 5213.42 14492.26
5 10641.70 1098.94 10655.90 1076.25 10675.37 1059.30 10683.97 1039.54 10705.39 1079.10
9 11820.03 8378.85 11768.59 8346.93 11778.09 8351.39 11779.26 8318.70 11794.50 8348.31 11802.10 8339.91 11803.47 8349.09 11819.82 8335.54 11826.60 8333.10
9 11675.07 9426.42 11663.22 9408.03 11661.81 9427.62 11645.01 9433.70 11615.87 9414.34 11636.60 9405.12 11614.10 9384.05 11678.67 9385.60 11708.74 9380.37
7 4637.98 15454.40 4618.97 15500.60 4609.04 15466.25 4605.39 15465.30 4607.21 15456.80 4613.88 15404.74 4660.07 15423.91
12 11740.27 9729.59 11685.43 9729.55 11724.97 9747.65 11726.45 9756.50 11671.69 9759.17 11642.61 9744.19 11640.78 9745.79 11642.41 9739.28 11646.92 9727.09 11657.82 9704.77 11655.06 9689.26 11727.53 9685.61
13 6039.06 6741.50 6036.94 6753.32 6043.90 6774.96 6027.30 6750.01 6019.71 6742.57 6029.15 6729.92 6041.07 6704.65 6039.48 6715.13 6048.92 6715.21 6043.28 6730.00 6062.19 6725.69 6041.78 6736.90 6066.03 6735.93
15 455.66 14192.80 461.64 14203.74 470.06 14219.30 455.53 14220.22 454.08 14224.30 444.46 14250.70 418.80 14201.91 415.99 14166.35 407.90 14156.40 434.55 14153.38 452.13 14153.02 453.01 14173.84 473.34 14149.38 463.00 14189.31 490.87 14188.62
5 14453.71 7693.84 14440.43 7654.82 14490.87 7657.11 14505.01 7671.46 14505.31 7672.45
13 6906.48 7406.99 6890.25 7422.71 6828.32 7442.92 6836.44 7421.62 6863.73 7404.75 6868.69 7395.51 6850.26 7391.90 6863.76 7367.00 6870.68 7346.93 6898.98 7324.11 6907.12 7354.79 6912.61 7377.87 6971.04 7383.87
9 762.24 13366.72 708.20 13388.38 692.68 13413.98 680.82 13381.37 690.31 13272.71 692.95 13274.16 735.18 13306.66 764.67 13289.59 768.83 13346.37
12 10327.68 8347.18 10277.67 8335.57 10253.70 8414.56 10229.19 8399.55 10237.27 8376.59 10238.63 8341.73 10172.75 8352.17 10196.02 8330.72 10229.51 8315.27 10256.69 8267.71 10261.12 8258.68 10334.05 8319.38
15 221.68 14254.41 221.03 14255.84 236.48 14272.49 193.17 14326.38 196.62 14273.44 181.54 14312.87 154.05 14310.69 145.60 14304.46 158.44 14241.12 129.51 14211.03 206.92 14228.50 220.69 14222.58 263.95 14203.47 251.14 14238.37 255.83 14246.47
8 14627.08 2689.53 14588.99 2685.06 14555.72 2711.98 14532.65 2732.77 14600.02 2594.40 14596.26 2652.34 14645.01 2632.51 14619.08 2658.70
8 2864.12 272.25 2806.48 319.99 2772.24 258.03 2816.91 256.18 2861.90 227.55 2890.39 226.07 2858.02 266.24 2892.88 268.95
14 4918.72 14221.09 4914.19 14260.95 4908.92 14230.05 4909.15 14238.95 4875.84 14239.07 4867.22 14242.64 4892.60 14221.82 4864.60 14213.98 4892.28 14168.06 4903.24 14174.02 4918.26 14192.95 4921.20 14192.26 4927.54 14199.07 4945.79 14197.32
11 15175.46 4193.54 15150.19 4196.61 15142.46 4207.74 15132.35 4197.37 15101.27 4191.69 15094.43 4166.79 15122.35 4168.14 15116.65 4150.61 15132.35 4168.73 15134.49 4168.55 15165.91 4142.97
12 1968.70 14804.70 1957.24 14806.19 1959.84 14818.37 1939.50 14820.08 1904.45 14825.73 1887.94 14818.56 1878.30 14813.18 1915.31 14806.78 1881.38 14794.64 1906.53 14791.39 1924.58 14773.47 1963.84 14797.15
14 11341.23 9901.01 11328.43 9892.68 11339.84 9910.60 11244.84 9896.04 11234.86 9888.16 11214.15 9872.52 11225.16 9835.75 11276.85 9860.21 11260.86 9850.52 11245.21 9837.91 11282.54 9857.22 11274.49 9835.24 11304.63 9847.64 11317.71 9823.73
13 7728.98 4632.25 7730.68 4649.97 7698.80 4627.29 7687.03 4626.94 7681.77 4620.48 7697.77 4609.45 7678.05 4585.46 7723.39 4582.75 7727.18 4575.93 7745.05 4590.02 7740.40 4595.81 7754.88 4600.36 7748.79 4602.15
11 6484.64 7642.78 6475.22 7645.70 6428.04 7630.56 6409.12 7632.40 6390.89 7590.08 6423.38 7583.36 6424.07 7567.27 6442.86 7572.92 6451.06 7596.04 6471.80 7586.01 6497.37 7608.88
7 12795.08 15441.41 12789.26 15440.24 12782.27 15459.27 12767.88 15448.99 12746.04 15441.51 12760.63 15416.05 12783.42 15413.75
11 8929.99 13844.94 8937.30 13853.17 8939.59 13870.08 8931.05 13877.42 8912.70 13865.61 8911.04 13856.86 8893.01 13854.52 8925.59 13801.49 8937.57 13809.74 8934.59 13837.08 8926.89 13839.35
11 2990.79 5809.55 2961.94 5795.73 2950.89 5813.28 2904.51 5789.43 2905.05 5761.80 2855.33 5764.18 2929.91 5720.39 2941.99 5731.84 2976.44 5703.40 2945.85 5741.22 2971.34 5730.80
7 850.34 10786.75 829.86 10794.51 831.46 10803.78 774.18 10770.67 797.06 10770.24 823.56 10777.86 831.10 10780.51
10 14617.72 8276.66 14605.73 8280.43 14602.29 8283.27 14592.86 8271.94 14556.95 8305.81 14572.76 8262.70 14571.54 8249.38 14581.30 8215.42 14579.83 8184.65 14591.17 8191.62
9 223.23 11340.87 241.99 11360.06 184.69 11356.92 216.19 11323.82 221.99 11305.23 237.50 11308.32 225.66 11323.78 230.85 11325.78 222.84 11332.15
8 3657.35 2571.42 3632.43 2551.35 3621.52 2534.18 3574.14 2541.72 3598.45 2525.12 3595.71 2459.90 3627.14 2487.97 3701.47 2499.48
8 11631.83 1954.92 11560.39 2029.72 11527.86 1898.65 11553.36 1935.27 11574.56 1878.24 11580.92 1936.37 11570.44 1944.77 11618.12 1934.00
7 6412.29 9331.31 6359.13 9269.40 6359.71 9246.60 6381.78 9228.74 6401.64 9256.62 6422.43 9252.56 6422.78 9265.61
8 1169.66 4781.42 1174.24 4766.39 1162.84 4730.11 1184.56 4728.38 1195.93 4655.80 1217.01 4693.41 1222.25 4675.73 1271.77 4699.53
7 5700.24 1582.35 5659.75 1606.90 5583.29 1623.47 5582.99 1542.88 5568.84 1498.15 5623.71 1492.49 5678.27 1492.47
6 11268.72 1285.60 11224.94 1257.50 11179.30 1285.13 11184.33 1240.89 11241.34 1177.62 11263.45 1206.23
14 7146.64 8290.09 7134.73 8295.75 7150.54 8330.28 7147.29 8326.67 7131.92 8311.12 7103.52 8341.83 7100.74 8342.82 7083.59 8344.25 7093.95 8304.86 7081.01 8309.40 7061.09 8310.23 7073.39 8225.59 7110.72 8249.65 7141.60 8234.57
13 2749.49 12382.10 2751.83 12353.47 2733.35 12372.35 2730.72 12368.04 2738.36 12324.34 2727.33 12315.47 2731.80 12307.83 2731.19 12298.27 2747.34 12311.53 2747.85 12305.62 2763.43 12310.54 2807.66 12330.62 2791.89 12336.84
12 6970.13 5873.80 6958.38 5872.24 6970.74 5883.66 6937.56 5892.40 6927.14 5890.12 6902.03 5867.70 6900.13 5862.94 6868.39 5875.01 6850.59 5846.02 6888.86 5845.99 6883.05 5844.40 6955.78 5813.71
13 5197.70 10524.25 5193.72 10525.53 5238.11 10565.63 5225.62 10581.63 5187.99 10598.15 5174.38 10547.85 5150.94 10546.27 5133.43 10556.38 5117.98 10540.90 5130.32 10484.60 5130.99 10464.31 5170.64 10497.43 5197.20 10501.11
8 2150.98 535.50 2076.43 566.37 2066.31 552.21 2101.53 532.86 2063.81 530.79 2060.08 511.47 2069.83 511.68 2138.76 478.33
14 3229.45 6462.30 3206.85 6486.95 3184.80 6496.76 3179.25 6502.23 3172.85 6509.12 3171.60 6501.98 3140.59 6486.41 3159.20 6467.88 3157.28 6445.97 3128.09 6406.82 3137.23 6411.21 3168.08 6432.13 3178.89 6446.12 3212.01 6420.65
7 3133.67 12784.82 3071.49 12816.96 3066.72 12780.21 3061.67 12774.87 3054.71 12779.32 3009.19 12740.85 3061.70 12708.42
8 13640.27 2078.37 13612.03 2076.04 13603.08 2087.38 13604.71 2048.70 13561.87 1998.82 13615.67 1996.75 13640.31 1958.97 13642.00 2012.74
7 5070.41 285.67 5079.17 277.53 5060.18 292.08 5059.70 265.79 5088.50 208.76 5131.94 240.90 5142.42 242.95
11 11048.10 6769.62 10995.99 6823.77 10984.93 6781.57 10977.17 6781.48 10963.99 6793.12 10979.01 6764.13 10925.42 6767.42 10955.48 6724.73 10994.36 6695.48 11037.38 6698.48 11022.88 6736.56
11 702.05 5344.13 663.51 5355.62 660.28 5386.77 629.99 5357.70 608.47 5349.08 627.83 5339.68 619.21 5330.07 665.64 5318.16 667.18 5323.40 678.60 5316.55 693.21 5310.92
12 6238.47 9432.71 6215.68 9391.61 6223.55 9424.14 6206.70 9407.47 6184.02 9441.90 6168.95 9405.32 6156.65 9345.89 6124.76 9327.78 6161.28 9308.56 6179.36 9315.78 6180.42 9311.22 6198.26 9341.72
13 14891.91 9144.36 14858.27 9135.71 14862.45 9162.53 14818.21 9188.61 14828.48 9153.21 14779.84 9159.66 14777.48 9144.68 14820.11 9122.28 14825.26 9067.10 14859.48 9080.39 14882.16 9069.77 14875.69 9079.38 14869.89 9108.72
6 6722.42 2997.54 6740.36 3005.22 6702.75 3014.28 6613.32 2988.12 6694.35 2974.56 6710.79 2950.10
7 1596.16 8174.50 1596.41 8212.70 1561.26 8232.85 1536.79 8197.39 1493.60 8204.60 1569.56 8160.24 1568.41 8161.24
11 5481.47 3402.72 5505.92 3424.12 5478.76 3426.07 5474.53 3427.25 5479.46 3453.03 5435.14 3347.38 5451.00 3352.41 5465.77 3361.28 5478.65 3361.07 5520.74 3379.00 5530.46 3390.74
13 11221.01 6997.89 11267.78 7027.25 11215.82 7006.05 11215.60 7020.53 11210.18 7048.63 11199.14 7047.94 11200.57 7025.06 11141.16 6997.70 11127.83 6991.53 11177.96 6921.70 11221.07 6961.84 11253.03 6970.27 11229.30 6990.86
14 8034.30 13718.44 8046.25 13726.09 8040.01 13733.03 8013.97 13752.78 8004.13 13741.57 7997.36 13730.22 7991.67 13743.80 7979.97 13745.66 7969.31 13723.67 7971.43 13709.41 7949.50 13680.96 8014.04 13683.07 8019.47 13695.64 8054.88 13698.03
10 3276.61 12940.98 3279.58 12954.86 3287.74 12991.69 3248.55 12994.27 3233.13 12988.12 3185.65 12944.43 3194.20 12915.72 3199.75 12891.08 3243.16 12889.89 3288.81 12895.28
14 10791.97 690.59 10768.37 688.73 10744.13 686.09 10734.29 693.90 10728.82 694.09 10707.86 704.33 10696.84 675.14 10674.91 673.31 10679.24 667.48 10695.05 668.24 10702.36 667.38 10724.70 662.03 10728.85 608.97 10750.41 643.19
8 4671.41 12728.21 4646.49 12727.40 4613.07 12755.64 4570.46 12750.75 4578.72 12661.98 4597.55 12674.53 4616.46 12636.72 4624.96 12629.82
11 7577.74 432.98 7558.30 424.17 7552.06 443.09 7531.94 428.09 7502.82 439.88 7499.77 420.38 7517.61 413.02 7524.43 409.54 7549.67 389.54 7578.66 383.43 7560.52 408.85
6 9141.10 6591.93 9087.56 6608.33 9088.03 6604.71 9079.66 6615.18 9058.29 6593.57 9089.79 6538.87
13 3524.02 750.22 3449.23 789.93 3418.43 768.08 3426.25 742.38 3448.75 723.49 3449.77 706.79 3456.04 684.61 3463.69 707.01 3474.93 706.19 3485.99 679.18 3480.14 714.72 3478.92 722.67 3491.10 713.87
5 2469.27 2801.40 2413.38 2809.69 2406.53 2812.56 2416.17 2753.20 2457.03 2728.94
9 7224.75 4053.78 7164.09 4040.41 7159.74 4038.47 7122.12 4034.52 7149.85 4023.02 7131.27 3979.83 7162.16 4003.25 7165.39 4002.35 7170.21 4005.99
9 8396.23 1859.02 8399.79 1879.98 8383.56 1865.29 8380.57 1878.93 8371.92 1863.84 8358.59 1875.94 8339.27 1802.01 8394.18 1807.65 8404.09 1810.94
6 3253.29 10659.81 3249.23 10622.27 3255.20 10609.91 3260.03 10607.03 3286.63 10609.24 3289.81 10608.49
13 6926.24 2838.72 6913.71 2840.74 6938.22 2862.43 6911.77 2855.10 6912.82 2857.51 6877.13 2869.92 6879.04 2835.76 6852.48 2803.00 6866.32 2798.86 6873.95 2805.72 6910.01 2777.99 6912.05 2785.72 6936.75 2789.12
9 9830.23 7605.20 9776.32 7637.53 9751.50 7610.81 9722.10 7567.57 9706.09 7532.64 9736.21 7561.44 9751.78 7534.43 9750.38 7513.99 9787.17 7540.95
14 13056.69 2207.21 13035.58 2263.45 13025.24 2252.56 13000.48 2204.43 12969.63 2200.19 12953.75 2191.31 12958.49 2187.11 12970.67 2175.98 12967.24 2161.29 13011.56 2160.29 13030.37 2149.11 13054.81 2157.16 13044.65 2173.39 13096.68 2178.69
14 6337.13 13128.08 6330.79 13146.03 6325.67 13136.30 6322.20 13129.40 6308.39 13129.50 6306.18 13097.96 6320.24 13086.21 6323.00 13096.38 6326.66 13097.69 6340.14 13102.97 6341.39 13107.73 6350.76 13101.84 6336.46 13115.23 6360.99 13113.01
9 6898.76 4422.88 6916.73 4425.53 6919.81 4425.96 6941.68 4440.87 6854.26 4464.60 6810.49 4429.85 6810.26 4425.90 6848.52 4423.11 6889.38 4382.81
7 4077.37 12282.96 4061.98 12279.84 4050.24 12283.53 3995.39 12227.26 4026.24 12258.88 4031.07 12230.88 4066.14 12220.64
13 7018.17 2836.20 6997.55 2837.33 7007.76 2846.90 6978.60 2848.40 6970.56 2840.78 6954.10 2841.83 6969.13 2826.88 6951.49 2823.31 6951.60 2820.91 6970.95 2797.23 6980.45 2797.01 6983.57 2817.38 6993.72 2823.20
8 1888.98 440.02 1883.73 443.85 1873.86 449.61 1879.49 437.98 1893.27 399.41 1878.42 389.99 1923.76 352.22 1914.02 387.96
6 3408.93 4805.50 3416.04 4786.05 3409.32 4781.46 3412.27 4743.20 3425.56 4727.37 3481.36 4732.26
5 13430.40 10913.07 13422.55 10912.34 13412.68 10903.19 13390.39 10861.61 13397.19 10855.27
12 14194.83 8822.74 14162.83 8816.27 14170.29 8857.44 14112.76 8847.85 14096.11 8861.17 14131.77 8818.64 14130.16 8814.38 14110.48 8809.41 14095.95 8801.14 14116.51 8737.26 14150.12 8731.35 14199.67 8766.74
14 6675.14 595.23 6693.64 611.22 6681.09 611.88 6665.23 613.10 6663.09 620.25 6668.60 631.69 6638.67 665.35 6601.65 616.71 6565.89 643.90 6607.35 566.63 6606.15 515.22 6612.00 499.68 6673.47 545.88 6678.63 563.73
11 12282.21 2134.51 12264.29 2133.07 12273.50 2142.95 12250.79 2177.20 12227.04 2140.87 12199.33 2155.68 12198.69 2140.18 12200.96 2091.29 12251.94 2093.14 12261.94 2117.98 12269.84 2116.47
9 10075.94 7654.59 10043.62 7684.96 10027.50 7677.74 10008.38 7657.42 9919.38 7628.50 9964.81 7604.21 10078.31 7605.51 10037.64 7623.94 10022.46 7639.78
11 5679.34 8066.56 5652.38 8068.63 5667.35 8085.11 5619.26 8115.88 5623.03 8094.23 5601.85 8048.97 5596.57 8028.22 5624.79 7996.14 5635.03 8015.38 5644.10 8043.67 5680.67 8020.15
6 4817.38 4234.36 4794.15 4273.96 4765.62 4289.13 4764.03 4286.60 4730.66 4176.20 4849.66 4201.16
7 7120.95 8189.30 7054.74 8196.57 7027.04 8223.18 6958.60 8150.92 6970.86 8094.50 7074.78 8100.69 7122.40 8135.02
14 8192.28 6047.73 8196.22 6056.15 8192.45 6065.50 8194.79 6086.67 8182.10 6075.19 8163.08 6089.54 8149.08 6039.64 8163.30 6039.52 8143.41 6014.18 8169.33 6022.97 8168.46 6001.00 8188.23 6006.26 8197.14 6027.07 8187.40 6036.99
12 5289.60 5361.60 5276.38 5381.01 5265.09 5355.50 5233.59 5351.57 5207.05 5323.79 5204.16 5320.37 5239.08 5309.91 5241.22 5289.90 5251.93 5306.31 5236.36 5278.70 5263.53 5289.86 5274.54 5280.71
8 1685.95 1312.80 1590.67 1289.08 1561.81 1298.44 1552.06 1292.17 1579.61 1231.44 1645.22 1182.67 1704.93 1226.36 1675.40 1244.89
10 13760.44 1582.84 13705.98 1571.11 13728.05 1597.31 13726.44 1616.29 13688.42 1573.16 13641.35 1576.81 13643.22 1570.07 13645.60 1542.86 13622.61 1515.89 13675.63 1493.35
9 14076.00 9874.75 14065.38 9880.82 14046.60 9892.16 14020.19 9855.81 14029.52 9846.01 14049.14 9858.85 14088.23 9847.16 14064.03 9870.08 14077.41 9873.47
9 14777.92 14043.80 14774.04 14085.45 14745.56 14057.03 14726.32 14038.69 14719.77 14017.33 14747.84 14000.34 14755.27 14004.21 14768.65 14015.65 14802.00 14009.53
10 9906.91 4558.31 9841.94 4570.20 9876.24 4534.64 9881.44 4487.71 9916.16 4492.90 9921.80 4495.72 9929.20 4519.13 9917.76 4529.19 9928.28 4526.55 9910.76 4536.86
14 8330.59 8430.14 8289.93 8455.67 8273.05 8450.16 8268.32 8432.02 8249.75 8454.27 8221.74 8442.40 8199.34 8399.69 8240.45 8382.47 8256.18 8347.62 8272.18 8329.51 8306.12 8338.56 8286.95 8392.14 8321.56 8390.40 8324.13 8394.04
8 13951.84 13718.95 13943.92 13721.26 13935.23 13726.83 13919.47 13722.68 13890.61 13716.13 13907.19 13687.23 13918.25 13682.27 13935.97 13673.35
11 9253.78 14640.73 9274.12 14678.32 9249.10 14653.40 9213.28 14651.38 9225.46 14635.67 9229.48 14633.44 9225.77 14606.98 9278.86 14581.97 9289.48 14592.92 9279.63 14622.66 9259.34 14628.25
11 8963.70 5513.52 8940.19 5549.26 8934.45 5553.18 8888.57 5532.95 8860.83 5518.66 8907.53 5450.53 8931.86 5472.50 8932.99 5472.33 8927.50 5486.36 8932.78 5482.33 8960.82 5467.76
5 925.17 7523.73 889.84 7509.64 860.59 7482.90 911.18 7471.98 936.83 7489.34
10 508.37 3903.98 505.27 3902.63 441.10 3942.89 436.29 3920.41 442.54 3912.26 425.62 3894.36 425.44 3893.19 460.73 3868.23 460.41 3819.53 558.50 3874.88
14 2670.10 5588.70 2693.31 5602.93 2623.63 5594.84 2605.47 5596.69 2641.30 5585.66 2621.68 5583.02 2638.69 5576.54 2618.06 5536.64 2649.89 5571.61 2639.42 5531.71 2662.02 5530.64 2689.82 5535.26 2681.24 5580.18 2701.85 5576.43
14 13279.27 5082.51 13189.19 5053.43 13229.54 5028.26 13182.16 5012.62 13226.93 5016.65 13197.22 5007.58 13213.81 4962.37 13238.66 4982.14 13242.87 4956.68 13247.03 4984.32 13271.24 4979.91 13287.66 4981.71 13290.00 4993.80 13301.52 5012.26
13 12320.90 4551.64 12271.02 4536.59 12246.44 4563.68 12253.60 4532.86 12229.74 4577.08 12235.47 4539.88 12201.98 4511.18 12217.05 4494.48 12209.25 4489.34 12239.30 4486.14 12264.90 4490.53 12298.01 4481.65 12308.28 4496.31
12 14188.47 1558.93 14155.67 1567.55 14163.11 1604.09 14134.35 1584.39 14119.35 1611.84 14082.57 1564.80 14118.99 1550.06 14122.45 1549.30 14090.37 1532.25 14117.38 1545.75 14158.92 1534.02 14179.10 1534.29
12 13622.57 4135.60 13549.51 4146.67 13570.01 4132.69 13527.06 4120.29 13541.29 4114.10 13591.50 4085.35 13601.59 4109.84 13625.90 4081.11 13633.13 4084.75 13618.55 4103.20 13641.28 4095.49 13646.26 4095.10
11 5356.82 13620.10 5328.79 13617.67 5288.16 13578.14 5289.51 13571.55 5322.83 13566.05 5328.51 13557.06 5335.45 13559.96 5340.37 13555.58 5358.27 13561.44 5391.74 13552.68 5348.59 13580.32
8 3068.71 9645.63 3034.00 9639.11 3070.29 9629.43 3062.96 9611.28 3066.24 9610.31 3078.86 9620.72 3085.15 9630.27 3108.53 9614.03
13 12901.43 1844.16 12841.92 1843.38 12861.99 1850.65 12861.03 1903.81 12832.33 1906.54 12808.58 1876.07 12794.44 1901.97 12793.03 1882.96 12779.26 1877.57 12781.51 1845.16 12809.42 1766.49 12843.33 1810.01 12843.54 1827.81
12 6277.10 11933.80 6266.66 11936.72 6270.42 11958.18 6291.81 11985.64 6203.84 12001.01 6216.75 11948.22 6187.78 11952.52 6208.45 11870.09 6232.07 11878.61 6251.09 11861.54 6259.71 11867.45 6253.64 11910.57
5 7584.01 1792.56 7527.07 1799.66 7545.65 1756.66 7588.15 1750.62 7599.94 1768.05
9 3435.01 1194.06 3408.95 1203.49 3399.30 1209.07 3387.80 1208.83 3383.08 1212.21 3374.83 1222.19 3381.42 1165.53 3384.12 1156.72 3427.36 1183.53
10 4860.55 11838.56 4835.77 11839.99 4818.34 11840.20 4786.35 11859.73 4802.02 11818.17 4780.20 11792.52 4784.63 11775.08 4822.53 11780.39 4839.61 11771.97 4850.98 11804.37
9 6679.28 12047.38 6680.28 12103.59 6666.25 12115.22 6593.95 12117.09 6594.11 12091.15 6561.62 12035.72 6583.24 12020.52 6555.49 12012.22 6715.19 12002.06
15 6709.37 7451.07 6641.03 7459.24 6668.38 7478.71 6672.16 7491.27 6636.20 7530.43 6557.77 7465.93 6560.40 7438.28 6567.25 7433.05 6538.90 7385.02 6574.99 7395.54 6575.57 7388.22 6599.55 7406.11 6598.27 7383.42 6623.96 7366.21 6660.92 7402.04
13 3090.23 9960.96 3087.08 9956.11 3076.71 9955.86 3039.45 9961.46 3064.29 9940.89 3035.31 9948.49 3031.75 9942.74 3066.42 9929.89 3041.58 9917.68 3049.39 9911.02 3067.28 9920.45 3091.41 9901.95 3088.71 9917.89
12 11499.70 14276.25 11506.46 14305.78 11500.07 14336.81 11390.43 14316.66 11428.49 14278.23 11405.18 14268.95 11423.25 14260.00 11425.50 14258.70 11433.28 14249.86 11439.56 14235.79 11460.04 14186.80 11490.37 14223.40
14 9617.10 11524.00 9605.88 11528.37 9607.66 11540.47 9584.79 11556.04 9528.49 11565.56 9561.42 11526.76 9531.16 11516.66 9544.23 11478.98 9565.02 11494.69 9548.03 11453.29 9587.10 11502.87 9630.98 11476.44 9626.45 11485.49 9603.77 11515.13
8 6275.12 406.91 6264.39 421.41 6222.68 401.72 6249.86 389.67 6222.76 372.13 6248.93 360.95 6293.18 364.01 6289.02 367.97
7 14767.37 11091.19 14749.50 11084.75 14754.80 11072.49 14739.43 11067.73 14780.79 11056.00 14794.41 11031.52 14800.80 11035.92
7 13748.64 5668.89 13745.86 5664.36 13730.40 5667.46 13738.10 5571.47 13758.21 5623.63 13775.58 5602.58 13815.33 5621.38
6 6840.65 1455.50 6832.56 1433.31 6807.91 1454.59 6819.30 1414.85 6830.30 1385.42 6850.37 1409.82
9 4981.84 12051.83 4968.73 12094.46 4931.15 12040.10 4935.69 12021.35 4922.38 11990.98 4901.31 11953.74 4934.57 11975.54 5030.53 11947.30 4981.15 11985.03
6 4609.24 7179.97 4599.40 7186.85 4565.39 7192.78 4566.59 7178.20 4555.83 7128.45 4591.10 7165.18
8 12429.17 1502.68 12383.33 1480.78 12394.26 1531.17 12340.31 1491.04 12336.17 1460.60 12319.86 1432.24 12355.62 1453.25 12364.94 1422.07
9 2705.25 8741.21 2666.23 8756.50 2652.51 8747.05 2631.31 8744.74 2618.63 8738.01 2644.57 8700.20 2647.43 8698.93 2657.99 8690.59 2724.38 8717.76
6 6287.01 8833.72 6275.42 8822.38 6214.25 8756.68 6251.75 8777.83 6257.55 8773.07 6245.66 8746.75
5 1720.15 11465.89 1703.07 11495.63 1639.83 11460.41 1684.39 11426.52 1687.16 11437.83
5 4965.35 2414.17 4973.86 2444.74 4942.14 2460.21 4930.82 2426.32 4876.75 2373.78
14 11863.73 15318.53 11853.46 15330.83 11828.73 15325.37 11827.69 15334.88 11823.96 15337.46 11820.94 15332.81 11816.14 15330.01 11810.95 15324.20 11781.28 15324.43 11781.36 15320.64 11808.44 15310.27 11817.44 15286.81 11822.50 15285.39 11831.54 15308.15
9 15443.32 8224.39 15425.84 8251.36 15370.67 8232.89 15362.45 8228.78 15331.01 8223.33 15337.85 8218.63 15354.50 8176.86 15372.31 8162.86 15388.48 8163.61
5 6948.13 10601.83 6938.04 10563.35 6943.68 10549.75 6952.53 10551.92 6991.52 10550.44
9 8634.70 10952.65 8595.14 10975.41 8552.09 10962.06 8533.64 10946.56 8541.19 10945.06 8580.08 10921.46 8580.83 10915.22 8603.56 10936.77 8620.61 10937.06
14 10524.29 1503.61 10526.42 1511.84 10526.67 1518.49 10503.75 1493.68 10492.04 1501.42 10481.79 1506.27 10478.11 1472.03 10480.52 1454.11 10484.91 1438.23 10498.13 1455.26 10503.81 1464.37 10513.92 1454.08 10521.16 1452.10 10528.90 1473.44
5 5140.65 14863.03 5124.45 14863.08 5138.43 14890.67 5067.95 14876.72 5112.71 14843.76
7 13032.09 6869.46 13021.47 6902.46 12963.78 6859.48 12918.43 6889.34 12885.79 6849.16 12926.76 6810.72 12997.45 6782.37
7 3579.63 11677.43 3553.93 11741.84 3520.00 11712.97 3520.57 11692.65 3489.33 11725.78 3485.62 11709.95 3542.87 11617.34
11 3347.51 3426.16 3341.05 3418.91 3319.13 3389.16 3309.10 3397.92 3249.29 3390.03 3314.39 3365.53 3264.91 3350.72 3279.46 3347.17 3297.01 3299.90 3342.26 3350.17 3405.30 3351.96
5 12174.98 5243.72 12146.54 5242.80 12162.85 5203.44 12181.80 5197.85 12188.71 5218.37
9 12724.51 11318.24 12702.17 11300.56 12691.90 11278.77 12723.64 11257.10 12729.99 11275.14 12731.69 11270.30 12743.39 11274.56 12746.66 11277.21 12762.61 11280.80
8 3639.07 4945.24 3573.57 4948.90 3598.38 4904.91 3559.10 4891.83 3597.74 4882.55 3614.75 4892.19 3613.58 4861.21 3630.09 4872.38
12 2139.81 2287.40 2138.23 2300.88 2132.68 2292.04 2131.30 2280.82 2094.99 2252.93 2116.80 2241.76 2130.29 2255.46 2116.54 2225.81 2129.82 2248.67 2132.74 2234.28 2142.17 2257.45 2179.31 2253.04
11 5882.35 12919.16 5887.26 12933.84 5874.84 12949.20 5869.16 12925.04 5850.10 12906.38 5835.57 12900.81 5845.68 12881.96 5865.32 12898.89 5874.92 12885.50 5885.42 12870.94 5885.09 12896.53
8 12592.26 9236.74 12584.73 9232.80 12558.02 9263.03 12537.35 9261.18 12554.57 9228.30 12558.78 9203.08 12624.62 9149.55 12614.23 9184.14
6 10910.15 1734.96 10881.68 1775.93 10862.40 1769.42 10865.68 1754.72 10855.66 1728.64 10866.81 1702.72
15 2832.59 9711.41 2804.20 9766.66 2759.56 9732.97 2743.08 9734.73 2745.66 9726.15 2739.48 9736.80 2730.36 9715.55 2696.02 9724.97 2693.45 9696.09 2744.57 9684.50 2738.08 9654.26 2762.00 9683.05 2775.50 9663.63 2780.41 9678.39 2782.08 9698.06
14 12727.70 4335.52 12675.42 4314.99 12719.13 4350.47 12699.88 4354.69 12652.30 4386.28 12652.33 4337.38 12650.67 4344.52 12625.82 4324.23 12625.04 4314.60 12616.93 4312.57 12625.43 4291.82 12619.41 4257.32 12643.68 4275.75 12680.92 4290.77
12 603.33 5920.29 580.99 5927.76 552.56 5935.84 541.15 5966.00 540.25 5933.30 534.26 5926.86 523.87 5911.45 529.95 5858.93 552.82 5899.96 570.30 5866.26 565.38 5901.73 575.67 5912.17
6 2998.19 3846.66 2981.82 3883.49 2973.95 3888.74 2951.51 3833.72 2957.58 3812.20 2989.11 3824.40
9 5368.50 2581.29 5354.76 2588.23 5353.74 2608.82 5334.09 2599.76 5316.21 2537.12 5317.87 2511.88 5328.73 2516.13 5352.57 2536.28 5373.92 2535.45
14 8850.84 8973.20 8848.05 8995.28 8809.53 8985.31 8813.14 9015.62 8798.21 8989.82 8788.02 9006.45 8787.65 8979.19 8758.12 8965.64 8786.25 8950.19 8768.65 8932.22 8802.15 8940.58 8808.87 8926.79 8823.78 8914.99 8862.74 8918.80
12 9872.69 580.68 9862.16 594.12 9829.15 583.22 9802.95 634.54 9797.77 612.40 9789.49 588.13 9769.04 582.53 9779.67 557.86 9779.26 541.58 9795.74 525.22 9828.24 547.69 9842.26 550.73
15 5644.90 9192.00 5675.07 9208.40 5654.29 9212.08 5654.22 9213.65 5630.53 9215.72 5626.85 9234.21 5624.69 9221.48 5598.92 9202.89 5615.02 9180.99 5621.10 9178.03 5619.48 9163.56 5637.79 9170.81 5648.40 9154.04 5677.39 9153.24 5658.66 9171.74
13 10280.51 3978.03 10291.05 3985.78 10305.64 4007.11 10235.26 3972.65 10228.98 3946.84 10227.80 3940.33 10248.87 3953.69 10267.38 3960.59 10283.73 3922.18 10281.85 3932.88 10282.10 3971.90 10295.32 3969.87 10298.86 3972.55
9 14462.08 5521.37 14454.38 5564.63 14419.48 5572.94 14403.84 5534.26 14333.63 5533.01 14352.62 5489.85 14461.32 5452.74 14447.99 5498.69 14439.31 5513.29
15 2782.03 15252.63 2778.74 15267.09 2741.65 15282.68 2739.48 15257.07 2717.50 15264.28 2722.11 15253.25 2722.94 15223.15 2720.28 15219.64 2732.33 15215.73 2743.21 15232.13 2745.05 15212.17 2755.44 15234.23 2773.63 15214.80 2758.09 15233.21 2761.16 15242.07
14 14002.21 11163.93 13972.31 11163.84 13942.36 11170.01 13913.90 11162.92 13926.86 11148.35 13882.15 11138.21 13876.71 11133.57 13945.78 11119.76 13951.88 11129.27 13955.64 11121.43 13954.23 11125.78 13957.69 11122.37 13963.58 11138.49 14018.60 11138.06
12 11278.66 1748.16 11250.46 1716.33 11179.09 1748.98 11167.36 1729.63 11176.64 1689.35 11174.32 1676.78 11200.90 1671.12 11154.48 1642.09 11152.71 1632.99 11196.27 1619.59 11225.29 1638.91 11252.25 1649.75
8 9240.23 8612.88 9258.15 8646.84 9238.49 8634.36 9229.65 8635.67 9224.37 8653.86 9206.68 8593.26 9217.62 8566.48 9235.74 8596.94
12 15443.80 7029.77 15354.69 7050.64 15338.15 7028.73 15356.25 7012.25 15372.57 6993.88 15362.96 6943.20 15430.18 6968.94 15490.27 6973.89 15504.94 6971.28 15461.53 6993.45 15511.63 6987.39 15501.75 6993.22
8 12718.67 3394.66 12616.78 3374.64 12607.07 3366.58 12614.26 3326.06 12657.88 3332.98 12682.61 3309.46 12684.74 3344.18 12687.55 3347.76
15 5345.17 8998.71 5322.59 9002.20 5311.26 9016.69 5315.24 9037.50 5287.15 9042.62 5257.71 9038.56 5262.89 9015.68 5220.67 8982.13 5255.96 8975.12 5246.80 8960.19 5280.16 8974.30 5291.23 8961.22 5318.68 8968.44 5316.80 8984.40 5335.89 8986.63
13 5588.93 3933.15 5569.67 3944.23 5549.92 3924.83 5519.90 3950.63 5524.31 3932.12 5523.10 3915.27 5524.07 3898.49 5500.06 3872.60 5519.59 3864.29 5528.64 3875.50 5530.46 3876.89 5537.21 3878.90 5571.03 3900.40
14 13036.69 6442.57 13030.42 6447.40 13015.16 6484.54 12981.59 6437.16 12934.11 6468.88 12935.38 6449.99 12953.75 6413.49 12956.83 6409.36 12951.74 6405.09 12984.70 6403.66 12984.96 6367.29 12997.43 6358.89 13047.91 6414.15 13044.59 6417.65
10 15214.07 15188.69 15235.01 15213.42 15239.98 15227.30 15226.43 15227.15 15203.17 15212.39 15164.06 15260.71 15110.90 15229.13 15135.54 15101.68 15189.22 15144.77 15215.51 15175.08
12 6648.30 4894.84 6609.30 4964.39 6570.14 4943.77 6491.17 4945.27 6533.10 4907.97 6530.95 4901.62 6508.65 4905.63 6498.20 4863.79 6550.06 4807.60 6565.93 4812.52 6596.01 4816.73 6589.10 4856.58
14 9712.69 3525.37 9716.74 3496.95 9683.21 3495.11 9686.46 3490.89 9707.64 3482.37 9696.29 3483.80 9706.72 3479.99 9686.83 3469.27 9681.92 3448.42 9716.26 3444.62 9722.66 3466.74 9733.54 3425.72 9731.66 3455.94 9738.75 3473.59
9 6388.25 280.16 6377.62 311.26 6362.97 289.40 6365.96 310.27 6356.56 294.21 6342.44 302.75 6344.54 271.90 6362.08 235.32 6371.60 268.90
12 11343.63 558.39 11330.09 575.29 11330.46 595.38 11309.18 568.51 11292.81 579.75 11283.53 577.97 11306.65 556.07 11276.79 555.53 11300.34 548.54 11293.75 539.40 11321.37 539.83 11327.61 535.55
12 4124.10 6613.74 4126.61 6617.56 4131.07 6624.20 4123.46 6627.86 4113.83 6624.06 4107.24 6653.70 4094.22 6630.30 4082.60 6631.95 4081.58 6625.33 4077.91 6626.20 4073.25 6593.51 4135.69 6589.51
12 9629.38 3956.07 9594.39 3965.81 9566.57 4003.57 9553.39 3986.62 9535.65 4008.80 9494.47 3951.80 9506.02 3942.82 9541.38 3949.33 9555.46 3932.20 9562.83 3905.65 9565.46 3917.85 9565.06 3935.49
6 13175.94 9736.62 13163.43 9754.45 13119.73 9742.29 13131.53 9723.30 13141.54 9698.69 13183.33 9711.06
13 3269.50 14177.49 3237.39 14223.31 3224.94 14246.49 3196.02 14234.76 3140.43 14196.49 3166.20 14169.85 3160.23 14167.31 3170.60 14140.84 3179.66 14121.50 3206.27 14088.36 3222.93 14098.12 3212.85 14134.87 3235.44 14142.22
11 6412.06 4175.23 6394.23 4189.98 6379.11 4162.63 6367.10 4197.36 6373.32 4153.40 6356.12 4152.08 6344.78 4129.83 6350.08 4127.51 6371.30 4104.69 6380.61 4105.12 6392.72 4140.29
6 6588.44 11891.43 6622.59 11915.39 6495.70 11940.16 6507.43 11884.53 6545.18 11858.19 6580.77 11825.77
15 13275.72 13334.88 13299.48 13348.37 13260.99 13338.29 13253.90 13347.09 13197.04 13380.67 13193.39 13367.70 13186.05 13351.89 13188.01 13320.51 13174.03 13304.94 13202.02 13289.70 13214.05 13300.67 13178.49 13261.08 13198.02 13248.63 13267.30 13276.27 13282.02 13313.83
6 466.53 11153.09 475.12 11172.28 407.79 11130.09 427.35 11049.85 438.47 11047.66 496.90 11101.65
5 3287.07 7180.57 3249.35 7264.73 3229.39 7235.46 3219.45 7144.37 3355.12 7173.63
13 15197.70 7157.43 15189.54 7164.78 15157.66 7165.93 15147.51 7164.45 15158.01 7140.37 15164.99 7136.33 15165.04 7132.77 15174.20 7102.61 15198.37 7120.10 15201.13 7117.91 15206.79 7108.26 15223.65 7111.14 15235.39 7142.89
13 13945.12 2898.36 13907.45 2850.68 13912.58 2839.86 13897.47 2839.21 13886.96 2836.29 13863.84 2815.91 13877.14 2789.09 13912.53 2789.88 13932.59 2816.63 13938.71 2780.18 13942.07 2784.13 13941.62 2796.78 14006.38 2798.74
9 3351.72 9004.62 3299.19 9010.06 3306.62 9048.99 3224.26 8976.86 3260.55 8974.81 3246.80 8937.60 3279.60 8955.51 3273.24 8921.41 3330.00 8973.09
13 12917.67 10124.94 12911.73 10116.23 12897.77 10123.98 12912.78 10111.26 12911.06 10108.45 12907.25 10107.45 12900.50 10101.49 12898.98 10095.21 12894.72 10077.17 12923.35 10071.00 12922.75 10095.85 12925.58 10085.49 12943.73 10078.16
15 14935.97 12120.38 14936.18 12143.54 14925.99 12146.48 14913.03 12155.52 14888.58 12135.22 14888.33 12133.54 14870.48 12121.94 14842.83 12076.05 14882.29 12078.72 14879.13 12058.16 14889.04 12057.78 14893.12 12044.41 14902.65 12077.74 14928.36 12058.42 14921.69 12083.39
13 4428.57 10404.25 4437.09 10420.65 4438.10 10432.75 4391.08 10436.84 4384.34 10409.68 4374.11 10395.20 4386.31 10371.99 4399.23 10379.50 4403.84 10380.12 4392.43 10351.87 4401.27 10371.61 4450.86 10364.91 4465.88 10397.43
10 3807.91 4898.61 3801.36 4896.83 3787.84 4927.52 3768.49 4882.29 3770.17 4868.14 3774.86 4865.18 3776.37 4855.98 3805.29 4841.93 3822.26 4828.82 3836.47 4837.50
13 4177.72 2494.68 4167.12 2498.24 4155.29 2491.94 4141.46 2538.71 4122.26 2497.90 4099.16 2490.50 4143.22 2456.24 4158.03 2412.84 4151.38 2442.44 4153.80 2444.86 4187.06 2442.61 4186.18 2444.93 4197.46 2446.77
10 6270.68 1284.17 6270.70 1291.67 6271.81 1309.06 6229.84 1302.26 6219.30 1314.05 6231.52 1284.41 6192.39 1292.94 6200.31 1255.98 6230.92 1214.93 6256.06 1253.54
14 13977.53 5310.42 13925.21 5285.43 13917.84 5307.28 13921.44 5268.34 13874.10 5290.44 13895.66 5253.47 13876.15 5202.89 13903.69 5182.31 13927.25 5209.11 13929.72 5188.25 13932.23 5188.16 13945.23 5214.04 13946.37 5216.16 13975.04 5205.87
8 9995.82 1919.39 10046.64 1954.13 9958.02 1939.10 9938.10 1953.55 9936.42 1939.86 9966.58 1855.12 9997.31 1887.40 10035.84 1909.33
14 2903.78 7390.44 2921.20 7407.96 2897.18 7395.21 2913.63 7420.95 2893.89 7403.10 2880.76 7424.37 2868.50 7417.71 2872.42 7403.25 2865.51 7386.82 2881.34 7351.48 2898.78 7370.41 2908.63 7354.86 2910.59 7373.28 2919.90 7367.32
7 6917.64 13067.97 6933.29 13099.35 6917.26 13094.84 6905.84 13085.72 6887.20 13078.51 6856.38 13057.21 6829.96 13020.93
10 13219.42 8742.06 13209.75 8745.44 13231.06 8748.01 13186.13 8759.79 13200.42 8785.37 13154.99 8779.68 13159.87 8762.51 13160.90 8752.62 13202.73 8691.98 13187.85 8736.50
12 605.86 551.68 558.76 536.05 531.98 573.09 517.58 603.11 518.05 588.67 444.64 539.62 460.38 527.67 487.49 489.56 559.50 452.99 567.27 443.51 555.36 510.23 611.69 497.95
12 9308.71 1515.87 9277.81 1539.44 9258.81 1523.36 9249.63 1502.62 9251.36 1493.71 9258.46 1490.16 9276.35 1495.02 9270.74 1472.38 9288.83 1472.82 9287.69 1495.26 9306.96 1500.98 9320.57 1509.35
11 10007.13 8199.35 10025.93 8211.67 9990.59 8198.15 9985.25 8207.46 9987.38 8215.18 9926.30 8221.23 9903.96 8232.11 9923.53 8212.51 9941.89 8199.46 9913.67 8112.03 10002.53 8136.85
6 1629.23 10964.46 1594.99 10996.93 1585.27 10939.12 1615.95 10912.15 1631.25 10893.13 1643.44 10872.11
6 3099.49 5858.44 3108.96 5926.56 3035.67 5873.74 3023.09 5799.48 3050.07 5810.12 3107.34 5792.44
14 3787.95 12899.99 3743.49 12908.60 3725.99 12913.73 3703.47 12943.52 3712.45 12909.23 3713.78 12899.87 3678.09 12899.43 3711.32 12893.49 3714.85 12893.05 3689.20 12879.63 3742.14 12856.04 3772.13 12861.36 3772.18 12866.07 3760.50 12889.54
12 12601.48 14101.64 12606.09 14105.41 12598.99 14131.13 12517.34 14132.53 12525.21 14083.47 12540.78 14040.09 12545.04 14051.08 12580.59 13998.64 12573.51 14055.26 12568.32 14069.81 12612.06 14037.81 12615.83 14055.55
6 2281.58 4884.08 2294.30 4896.04 2271.48 4897.17 2268.95 4887.43 2266.08 4887.47 2261.17 4872.64
9 11301.43 6609.11 11284.47 6626.35 11264.98 6614.93 11266.21 6640.99 11249.25 6635.05 11213.90 6586.94 11241.86 6560.18 11286.76 6592.11 11308.12 6586.95
10 2378.80 1823.10 2375.29 1840.61 2367.91 1841.51 2339.69 1844.18 2344.49 1751.02 2336.51 1717.27 2359.95 1711.62 2374.78 1752.79 2384.19 1700.39 2398.65 1771.97
6 10179.02 9573.91 10145.79 9583.93 10138.22 9618.02 10117.38 9588.15 10112.53 9538.16 10167.26 9524.75
9 1373.66 7391.44 1246.30 7370.86 1269.02 7325.54 1284.95 7340.90 1316.85 7347.24 1326.53 7335.28 1331.34 7327.82 1354.24 7347.97 1373.24 7337.85
10 876.51 2640.00 845.45 2644.39 831.89 2655.10 819.00 2697.17 782.33 2661.75 783.28 2629.33 812.66 2580.92 838.86 2589.09 851.64 2577.75 886.10 2611.89
8 7450.69 1961.38 7464.18 1985.21 7429.62 1954.60 7427.05 1950.29 7423.67 1927.46 7446.44 1923.95 7442.52 1942.80 7454.92 1953.37
14 3066.58 2817.12 3078.57 2862.38 3055.63 2855.14 3017.99 2857.88 3015.55 2854.11 3010.99 2855.96 2998.60 2867.69 2988.89 2824.23 2985.74 2792.28 2993.98 2758.14 3012.16 2767.58 3040.81 2778.32 3050.06 2765.96 3061.70 2781.81
12 11281.23 13797.43 11303.83 13830.31 11269.94 13841.44 11262.59 13818.77 11244.44 13801.69 11247.23 13786.76 11223.16 13764.07 11236.31 13761.13 11213.62 13741.52 11242.62 13747.16 11268.08 13749.94 11298.84 13749.74
11 8321.38 3515.12 8316.72 3519.05 8246.48 3530.14 8260.35 3506.57 8242.00 3455.71 8265.07 3471.92 8294.03 3481.69 8327.57 3440.77 8324.52 3457.49 8310.88 3476.07 8316.98 3472.23
8 13335.01 4668.21 13341.94 4698.18 13318.97 4661.60 13309.69 4664.91 13272.40 4626.29 13313.17 4613.80 13325.80 4624.16 13356.16 4609.80
13 3302.41 4787.99 3287.54 4787.66 3252.19 4773.20 3258.01 4842.81 3228.89 4805.92 3214.85 4837.49 3174.31 4794.38 3189.30 4779.58 3171.10 4744.21 3192.50 4731.49 3255.41 4739.35 3249.88 4748.69 3312.91 4758.62
6 5493.49 10572.51 5488.51 10576.48 5473.83 10609.01 5454.67 10514.80 5497.10 10553.09 5526.88 10539.59
10 1195.18 14607.35 1207.59 14632.05 1150.43 14621.99 1150.67 14604.86 1140.28 14600.76 1170.33 14601.65 1177.89 14592.94 1174.63 14575.93 1191.20 14569.96 1207.93 14596.30
13 3328.43 9500.68 3280.71 9502.78 3301.06 9545.52 3268.14 9506.26 3259.02 9509.24 3209.85 9531.95 3213.00 9492.19 3235.69 9489.49 3196.36 9462.15 3226.91 9431.81 3231.21 9437.83 3275.75 9452.84 3283.27 9448.15
12 13392.62 8582.21 13354.87 8588.25 13295.23 8623.23 13268.35 8584.38 13298.89 8561.09 13317.14 8553.98 13280.78 8517.35 13351.11 8536.16 13360.35 8508.77 13372.78 8475.51 13409.47 8534.50 13415.06 8536.45
8 13156.76 11745.08 13075.68 11726.71 13073.45 11703.26 13052.77 11688.10 13077.77 11686.51 13095.15 11676.92 13130.87 11640.54 13139.68 11670.90
12 1575.85 621.62 1534.77 654.85 1532.95 649.85 1521.60 650.88 1495.25 588.05 1488.77 583.26 1531.87 586.73 1512.66 564.10 1525.95 556.24 1587.28 576.43 1589.86 585.06 1604.90 577.90
7 5279.64 4537.46 5290.37 4548.12 5231.53 4549.50 5228.49 4549.05 5249.81 4523.08 5277.00 4528.52 5268.86 4530.23
15 13146.94 1135.66 13141.11 1114.41 13135.66 1087.43 13126.28 1129.20 13091.34 1092.67 13093.47 1067.90 13111.84 985.40 13136.02 1028.41 13152.98 994.36 13153.00 999.46 13166.62 986.12 13156.53 1012.07 13175.17 1000.37 13165.88 1027.86 13209.20 1017.37
5 4360.26 1971.71 4321.72 1950.50 4326.69 1987.32 4294.01 1914.74 4358.68 1919.64
9 12689.14 3539.84 12674.43 3535.94 12669.49 3536.65 12666.56 3520.61 12660.14 3440.35 12672.59 3440.55 12696.29 3441.58 12738.78 3480.59 12759.45 3479.98
5 4292.02 2923.05 4321.88 2958.54 4255.38 2892.36 4294.90 2886.66 4328.03 2873.25
7 13545.52 7794.34 13537.01 7822.13 13476.17 7767.65 13457.40 7768.50 13501.60 7754.69 13479.24 7707.23 13514.24 7721.52
11 15272.54 2982.80 15247.34 2997.89 15220.74 3032.50 15179.52 3003.59 15213.64 2930.34 15243.95 2963.32 15251.52 2958.15 15255.96 2909.27 15256.00 2948.32 15264.44 2956.68 15268.02 2963.05
7 7166.87 12358.05 7158.71 12394.99 7122.89 12372.78 7094.49 12324.21 7113.67 12338.87 7124.87 12337.30 7146.62 12331.59
12 12727.35 13517.40 12738.33 13484.35 12712.64 13511.40 12695.08 13453.84 12677.65 13448.49 12691.81 13392.94 12721.97 13415.17 12741.66 13410.19 12734.88 13383.91 12745.69 13423.51 12748.04 13395.44 12784.82 13448.53
7 10749.37 14974.39 10764.02 14969.43 10756.47 14949.85 10797.39 14913.04 10818.96 14891.93 10821.11 14913.15 10856.16 14951.34
8 14720.43 7903.32 14700.60 7940.46 14589.13 7936.79 14593.01 7917.78 14593.86 7877.97 14665.05 7864.39 14695.96 7862.53 14691.91 7891.17
8 4009.13 6858.89 4010.22 6861.40 3958.89 6898.86 3942.69 6862.87 3980.97 6851.16 3971.48 6840.73 3973.87 6840.92 3993.87 6805.44
7 7112.50 11404.49 7105.14 11405.18 7094.54 11396.06 7108.81 11383.53 7120.02 11348.31 7127.28 11363.93 7122.30 11383.40
13 12347.47 4434.29 12334.99 4429.49 12298.71 4409.17 12292.59 4408.82 12314.42 4401.41 12282.24 4394.76 12322.36 4388.98 12317.68 4376.57 12320.64 4365.42 12339.29 4367.81 12346.81 4384.13 12368.06 4382.57 12381.89 4402.55
7 6331.78 4873.91 6226.96 4848.90 6234.88 4816.15 6277.38 4833.90 6293.77 4806.63 6307.74 4812.12 6306.98 4838.21
12 10591.62 6904.64 10616.81 6936.26 10592.01 6911.49 10591.92 6921.10 10584.15 6930.29 10555.86 6894.01 10512.05 6905.17 10511.03 6872.38 10562.22 6836.90 10570.51 6867.36 10608.58 6854.08 10604.41 6875.56
13 15187.76 540.21 15168.22 551.37 15154.49 542.41 15155.29 540.88 15131.06 527.73 15134.54 526.12 15157.10 520.58 15139.99 488.96 15162.84 522.03 15155.48 503.02 15162.91 519.12 15173.06 502.94 15184.96 521.47
11 1216.55 6944.86 1207.27 6930.36 1212.66 6942.50 1199.22 6920.28 1182.85 6918.40 1176.93 6919.76 1155.04 6910.94 1181.21 6871.12 1219.50 6892.51 1204.02 6906.46 1228.54 6907.15
15 14388.99 7193.60 14368.44 7190.68 14347.45 7180.95 14335.81 7186.02 14263.50 7195.21 14303.52 7168.59 14256.89 7172.58 14310.71 7144.59 14321.91 7139.84 14329.36 7110.65 14324.59 7078.12 14359.21 7129.85 14387.00 7113.60 14356.75 7148.51 14388.16 7136.90
5 6768.19 11499.37 6743.01 11496.67 6723.61 11514.91 6731.69 11501.79 6766.67 11465.20
15 10904.01 8971.25 10868.78 8991.69 10858.35 8979.86 10841.20 8950.36 10809.88 8933.46 10820.41 8928.25 10831.61 8920.40 10832.84 8920.33 10822.98 8907.35 10835.10 8876.08 10857.86 8899.08 10861.78 8900.40 10868.19 8908.51 10909.75 8877.23 10899.59 8916.03
8 3098.30 11670.03 3060.00 11679.64 3055.28 11681.70 3036.71 11668.28 3040.84 11642.38 3052.47 11642.19 3084.11 11648.75 3081.26 11655.39
5 12591.79 10603.82 12558.21 10567.08 12537.86 10556.10 12661.01 10543.68 12687.22 10568.79
8 12869.36 1636.10 12856.23 1623.94 12837.24 1643.11 12836.29 1630.14 12848.48 1594.59 12864.52 1605.00 12881.42 1591.57 12877.48 1612.33
9 13993.40 8426.21 13942.45 8429.57 13916.54 8452.63 13897.63 8453.78 13863.60 8477.80 13931.31 8381.98 13964.22 8389.04 13954.89 8422.29 13947.83 8424.99
11 12429.74 3782.94 12423.64 3757.76 12394.17 3769.23 12396.74 3741.68 12395.16 3737.83 12402.10 3730.51 12414.42 3735.09 12420.79 3735.37 12432.26 3717.48 12434.56 3721.54 12448.29 3739.48
5 5778.88 12570.93 5746.43 12565.73 5746.46 12503.97 5760.81 12518.00 5787.18 12527.16
13 5591.52 4928.08 5601.91 4940.74 5588.08 4964.85 5554.36 4963.52 5524.01 4982.09 5522.27 4941.30 5499.36 4949.36 5502.01 4903.91 5498.83 4894.43 5524.04 4892.32 5536.42 4905.60 5591.65 4857.45 5598.40 4911.36
12 9728.55 9943.56 9682.69 9931.46 9677.19 9952.28 9674.31 9934.82 9667.73 9929.73 9640.94 9915.73 9601.64 9917.90 9592.00 9896.22 9610.43 9857.84 9663.64 9893.98 9668.84 9868.13 9700.25 9825.15
9 8068.67 1527.54 8090.82 1508.15 8091.90 1506.44 8088.72 1484.52 8100.99 1492.14 8101.51 1479.25 8120.93 1498.65 8145.00 1492.85 8143.83 1503.94
8 10387.41 14208.02 10364.17 14192.32 10378.44 14227.43 10360.52 14222.92 10328.42 14167.08 10316.19 14139.10 10366.92 14123.54 10381.00 14175.68
15 5295.52 1392.02 5332.36 1417.69 5272.85 1396.08 5267.80 1405.92 5265.89 1404.96 5209.70 1445.09 5206.40 1449.50 5174.21 1396.44 5205.80 1380.05 5238.54 1366.68 5281.30 1330.35 5285.69 1343.22 5271.23 1361.63 5288.40 1361.38 5274.73 1381.99
13 11520.64 15198.34 11483.98 15209.27 11480.58 15159.17 11466.29 15172.95 11452.03 15180.35 11415.92 15149.45 11431.00 15077.30 11453.34 15089.97 11458.79 15081.83 11482.76 15094.28 11485.17 15085.28 11503.99 15070.21 11536.25 15108.76
15 9291.17 10067.94 9273.27 10058.11 9290.14 10084.49 9256.00 10095.34 9234.82 10078.68 9225.62 10074.78 9234.78 10063.87 9226.36 10071.65 9224.59 10006.23 9231.72 10011.35 9247.14 10014.61 9250.93 9984.43 9266.51 10007.59 9278.49 10007.50 9301.11 10034.47
12 4989.69 6216.32 4976.58 6216.07 4958.28 6179.44 4931.73 6184.56 4958.36 6166.15 4924.69 6175.22 4935.44 6112.84 4937.64 6099.68 4984.97 6122.18 5039.57 6125.89 5032.70 6135.04 5026.67 6150.21
13 14446.73 9117.16 14467.20 9142.54 14446.25 9131.24 14459.77 9178.15 14449.39 9160.66 14435.69 9131.36 14439.97 9165.51 14437.63 9183.37 14392.47 9081.85 14407.49 9060.22 14428.59 9086.35 14434.30 9093.82 14456.32 9100.85
14 8310.57 7550.83 8305.00 7552.05 8287.62 7575.20 8266.35 7579.67 8249.13 7599.09 8234.15 7595.68 8226.92 7580.60 8280.16 7525.29 8283.63 7523.57 8294.32 7514.00 8307.23 7521.40 8308.23 7534.12 8315.31 7534.74 8358.90 7528.97
5 6149.85 5534.77 6105.61 5562.83 6086.82 5482.03 6136.99 5492.04 6164.78 5508.66
5 6872.25 15085.12 6830.97 15033.38 6831.71 15032.88 6840.10 15020.83 6882.64 15010.25
7 7928.98 8268.89 7928.57 8268.25 7895.03 8267.61 7864.74 8228.06 7898.86 8198.14 7904.89 8191.09 8018.50 8213.48
14 1321.75 5483.89 1336.55 5502.07 1309.24 5497.61 1308.22 5509.48 1293.24 5505.71 1285.26 5510.30 1297.58 5488.84 1268.72 5487.60 1293.59 5449.55 1292.76 5445.55 1322.67 5455.31 1329.02 5460.35 1338.83 5460.73 1324.32 5473.28
6 9690.78 15276.78 9663.11 15273.27 9663.57 15261.15 9688.38 15223.02 9694.84 15220.88 9706.33 15216.46
5 3358.57 843.72 3342.30 845.58 3328.97 798.51 3357.53 770.13 3369.19 779.21
14 10944.15 13565.95 10958.62 13587.55 10919.71 13570.55 10933.00 13583.08 10943.53 13604.39 10933.71 13601.40 10931.41 13612.46 10863.62 13581.30 10847.71 13549.11 10853.70 13547.79 10886.52 13552.93 10859.02 13500.59 10868.61 13497.17 10897.23 13529.69
8 8450.00 1745.94 8405.78 1739.38 8384.37 1733.40 8396.34 1714.34 8409.20 1721.33 8409.42 1717.61 8448.49 1700.00 8438.90 1715.35
13 13261.45 1722.20 13293.63 1738.18 13293.29 1746.88 13271.34 1762.49 13255.84 1750.48 13229.39 1744.66 13218.76 1755.03 13226.83 1700.06 13240.20 1706.64 13232.70 1668.92 13250.34 1670.21 13258.77 1709.28 13260.07 1713.82
8 6762.69 5457.71 6728.17 5451.86 6681.77 5415.86 6651.98 5439.60 6689.89 5382.45 6697.72 5369.35 6687.67 5325.12 6687.48 5318.16
8 12105.87 9688.80 12113.78 9704.92 12075.97 9724.26 12066.03 9719.88 12055.15 9701.98 12072.08 9680.71 12114.68 9677.76 12116.24 9677.90
11 2877.63 9431.50 2904.78 9444.69 2877.68 9473.39 2855.45 9448.89 2855.98 9439.55 2851.75 9446.35 2822.99 9440.53 2839.00 9407.64 2875.04 9392.32 2884.91 9421.94 2903.53 9422.00
15 10614.73 5657.64 10601.42 5665.46 10587.00 5668.30 10582.36 5671.34 10578.93 5693.63 10581.39 5667.68 10574.23 5682.17 10574.08 5679.00 10568.35 5674.00 10570.51 5660.37 10591.67 5628.36 10594.82 5630.16 10592.21 5644.40 10617.58 5642.74 10611.53 5652.03
13 1552.19 10628.41 1536.82 10637.44 1518.85 10611.60 1518.03 10636.70 1513.12 10630.52 1478.07 10636.78 1495.06 10603.56 1493.99 10600.77 1485.63 10596.63 1490.42 10534.46 1500.79 10534.46 1508.57 10550.88 1523.03 10542.61
8 3234.94 11081.99 3250.29 11093.10 3201.34 11084.09 3168.71 11098.84 3202.26 11055.90 3192.31 11008.66 3197.76 11020.86 3245.88 11028.55
12 11958.84 10748.17 11937.67 10742.60 11976.47 10762.85 11939.48 10748.28 11921.39 10750.03 11919.48 10751.29 11895.86 10789.00 11876.25 10762.46 11863.96 10746.64 11893.93 10695.92 11913.69 10697.58 11985.12 10732.99
8 8074.00 11284.35 8059.24 11290.59 8042.25 11287.77 8045.11 11303.72 8006.74 11272.75 8031.45 11241.66 8071.25 11240.98 8077.83 11254.16
13 7723.21 2803.44 7711.85 2803.13 7754.53 2820.38 7702.31 2811.62 7703.62 2820.63 7709.55 2847.29 7690.82 2854.52 7663.10 2860.03 7637.88 2811.11 7647.07 2796.10 7665.76 2731.55 7683.91 2777.23 7689.47 2773.59
8 2325.73 14222.92 2327.43 14227.44 2300.06 14252.86 2291.79 14244.64 2292.27 14243.66 2291.87 14243.13 2298.18 14184.31 2338.83 14219.41
12 11411.98 13132.02 11410.29 13136.21 11411.44 13151.20 11409.36 13145.52 11402.31 13145.19 11375.18 13132.58 11380.35 13126.80 11384.98 13125.84 11389.98 13109.57 11418.32 13099.30 11430.40 13102.60 11436.18 13103.59
7 9199.85 4824.01 9176.24 4797.08 9169.54 4790.08 9145.98 4764.58 9166.71 4770.10 9164.15 4731.65 9184.68 4752.44
9 14919.28 4814.89 14910.64 4818.83 14914.45 4819.55 14887.78 4823.84 14893.29 4841.35 14837.58 4802.05 14845.92 4802.06 14862.54 4792.44 14895.27 4802.96
11 2429.78 2037.41 2442.57 2066.57 2409.29 2098.30 2356.97 2067.90 2348.07 2070.50 2328.96 2052.54 2328.85 2031.45 2367.96 2025.43 2370.60 2023.91 2381.19 1978.65 2417.84 2013.82
5 5968.34 721.99 5955.63 743.94 5862.69 700.16 5900.02 633.48 5914.95 643.35
9 527.69 9885.37 498.13 9937.22 498.56 9891.32 453.98 9863.20 506.10 9840.57 512.94 9850.95 517.55 9851.94 557.20 9833.72 564.30 9842.00
14 8294.96 3802.72 8306.08 3832.37 8295.75 3858.02 8236.45 3829.81 8223.97 3838.77 8231.76 3796.20 8203.97 3795.21 8286.89 3719.42 8284.97 3757.81 8291.68 3760.30 8301.10 3757.97 8304.28 3768.63 8331.29 3752.66 8353.76 3772.77
7 3731.12 10116.47 3711.28 10103.64 3665.37 10073.54 3683.01 10034.30 3724.94 9986.89 3725.87 9988.97 3752.11 10029.53
7 869.39 9271.59 826.32 9304.13 824.65 9230.10 824.03 9187.92 853.25 9209.40 907.19 9214.19 923.70 9220.58
12 9879.71 11387.23 9855.09 11435.92 9823.09 11451.89 9796.05 11397.62 9774.01 11391.53 9780.59 11383.76 9756.32 11371.09 9750.42 11361.86 9750.98 11340.49 9765.76 11336.12 9825.31 11366.92 9831.16 11378.27
6 1072.31 7185.46 1071.01 7185.16 974.99 7093.46 994.44 7093.89 1016.19 7061.53 1051.54 7088.28
14 7449.88 1069.74 7435.20 1071.11 7446.10 1095.04 7430.76 1092.09 7426.19 1069.01 7404.27 1077.52 7403.41 1028.90 7407.24 1033.02 7426.24 1030.75 7427.32 1025.23 7427.16 1012.27 7457.81 1033.26 7444.56 1044.64 7463.15 1040.43
12 6779.26 11890.82 6761.61 11896.02 6755.81 11922.85 6739.35 11918.79 6729.36 11895.09 6744.34 11888.08 6729.43 11888.27 6724.43 11871.06 6752.83 11864.29 6763.65 11861.98 6766.04 11877.83 6792.66 11881.46
12 2557.78 1384.40 2548.08 1391.17 2522.13 1427.35 2515.24 1413.06 2499.19 1373.69 2490.74 1371.08 2477.20 1372.50 2454.11 1351.69 2488.44 1327.39 2495.08 1328.06 2532.65 1308.89 2531.68 1356.71
12 4067.82 11421.09 4075.89 11428.14 4008.52 11420.88 4001.53 11426.87 3994.41 11439.91 3998.79 11426.90 3975.17 11448.19 3970.18 11417.56 3977.39 11397.65 4027.38 11396.99 4033.52 11396.69 4052.48 11399.83
9 3331.97 10330.45 3290.08 10339.10 3299.11 10352.32 3267.60 10369.59 3267.56 10336.26 3267.28 10319.97 3266.29 10311.92 3284.37 10314.27 3312.04 10310.22
13 2755.04 10018.37 2765.52 10046.46 2753.01 10034.33 2731.99 10047.67 2722.87 10062.20 2694.16 10012.95 2710.79 10012.80 2706.03 10002.32 2731.07 10009.67 2720.20 9980.51 2725.27 9985.73 2722.92 9971.64 2748.53 9970.54
8 1578.50 420.58 1559.93 417.68 1559.93 450.84 1543.90 415.28 1542.42 402.85 1565.57 376.89 1562.58 403.82 1587.67 392.75
6 9369.60 13022.36 9360.24 13046.54 9305.30 12997.19 9292.49 12986.34 9345.18 12974.48 9386.50 12992.68
14 13527.06 7417.60 13548.65 7437.09 13543.10 7433.79 13518.49 7428.74 13509.87 7439.62 13504.07 7415.28 13490.51 7415.04 13467.63 7411.24 13488.20 7397.53 13507.80 7400.72 13513.65 7399.31 13514.77 7390.12 13542.39 7396.40 13542.53 7401.23
7 15308.01 6434.74 15255.60 6470.93 15242.49 6435.61 15240.92 6398.97 15222.07 6377.95 15313.19 6355.54 15335.78 6398.21
11 12021.48 13586.10 11994.89 13591.36 11980.95 13598.65 11981.85 13576.09 11977.27 13582.80 11972.15 13583.59 11968.51 13580.81 11976.32 13569.79 11963.95 13565.08 11989.88 13554.32 12014.69 13549.77
15 599.80 15434.54 566.52 15446.36 545.83 15465.06 524.67 15466.40 502.14 15464.78 514.81 15438.58 499.06 15417.32 490.14 15373.04 522.37 15365.04 531.66 15361.35 542.25 15400.06 559.80 15379.31 565.66 15377.82 603.56 15412.38 557.60 15421.40
15 15231.47 15463.22 15211.86 15478.89 15179.37 15443.10 15190.28 15424.39 15218.99 15415.06 15220.51 15404.53 15222.93 15393.98 15247.26 15396.99 15247.86 15419.69 15260.02 15414.28 15262.88 15416.00 15243.12 15428.28 15243.53 15428.25 15245.57 15432.92 15243.00 15435.03
5 4768.80 9286.87 4789.03 9305.46 4701.49 9270.63 4709.61 9258.82 4779.17 9230.54
11 11812.14 15092.49 11845.78 15111.73 11855.89 15136.14 11738.23 15160.95 11756.30 15118.45 11752.04 15063.66 11764.36 15061.56 11788.67 15028.91 11791.03 15060.64 11827.15 15029.18 11805.52 15057.52
15 11820.13 5772.35 11798.59 5783.11 11763.72 5729.38 11753.46 5732.94 11724.41 5718.05 11731.80 5714.69 11705.05 5692.94 11732.69 5653.05 11778.80 5690.19 11775.56 5664.67 11784.22 5642.65 11805.86 5674.40 11839.42 5655.10 11804.15 5698.70 11823.27 5706.36
13 8909.14 8752.76 8901.15 8752.28 8926.01 8792.87 8906.03 8773.59 8842.55 8734.94 8865.31 8730.91 8854.24 8721.04 8857.40 8718.20 8830.11 8684.08 8842.40 8672.66 8890.82 8686.66 8944.34 8720.52 8928.94 8728.81
6 6715.22 6890.22 6684.83 6885.66 6726.78 6910.69 6710.40 6902.81 6629.79 6932.74 6666.23 6838.44
13 4709.09 5858.66 4710.66 5868.23 4732.02 5886.91 4744.90 5907.81 4678.90 5880.94 4617.17 5916.06 4650.08 5867.86 4619.60 5846.18 4677.63 5766.02 4697.25 5817.51 4720.51 5805.17 4775.85 5834.31 4757.95 5853.78
8 11176.69 853.77 11128.07 839.27 11122.70 874.02 11095.21 826.92 11099.25 813.83 11066.49 808.01 11076.02 802.82 11143.32 744.07
6 184.17 9388.15 208.20 9428.02 123.43 9363.83 138.57 9355.32 141.92 9356.63 208.04 9366.28
6 1070.62 14993.54 1045.72 15012.87 1034.90 15003.18 1065.13 14960.31 1077.27 14966.14 1095.79 14966.24
15 12303.96 13484.29 12304.40 13485.84 12295.80 13482.95 12316.82 13499.62 12291.52 13517.30 12278.14 13502.68 12279.85 13486.91 12275.63 13498.64 12251.92 13497.77 12250.14 13485.80 12254.68 13474.32 12275.65 13462.95 12277.82 13447.04 12291.80 13464.57 12298.73 13460.30
11 9694.46 8652.22 9716.34 8684.32 9673.05 8718.56 9654.26 8698.34 9650.41 8680.75 9620.94 8636.48 9633.76 8627.35 9663.95 8636.02 9707.88 8594.59 9715.81 8609.83 9688.36 8645.92
11 2920.08 10239.72 2932.51 10274.18 2906.71 10274.19 2902.05 10272.85 2886.25 10287.76 2868.37 10232.56 2894.77 10218.61 2907.25 10221.57 2914.02 10200.11 2941.42 10196.68 2943.44 10199.25
13 13937.12 411.12 13906.15 403.50 13898.08 392.58 13894.31 377.11 13892.62 389.57 13812.39 394.39 13829.39 344.01 13812.26 316.49 13873.95 312.69 13873.81 302.99 13884.30 317.30 13920.15 293.48 13913.39 340.73
10 14287.96 14276.71 14270.91 14281.01 14253.10 14292.32 14212.26 14314.83 14179.82 14326.75 14154.49 14247.67 14208.24 14260.71 14177.61 14211.45 14228.69 14246.54 14257.76 14207.16
9 8843.38 6031.01 8839.58 6014.74 8843.71 6006.82 8851.19 6005.07 8837.29 5984.63 8863.05 5989.17 8878.75 5947.11 8887.86 5983.02 8891.17 5988.14
5 6875.24 11454.64 6859.28 11464.04 6838.29 11482.06 6823.13 11433.64 6829.50 11424.48
15 2466.26 12018.76 2414.21 12014.17 2433.54 12041.72 2405.53 12023.46 2412.05 12063.29 2391.03 12057.08 2357.82 12080.04 2385.25 12023.19 2360.79 12027.49 2341.44 11984.33 2370.94 11993.35 2380.77 11994.18 2384.42 11962.22 2435.52 11953.43 2445.47 11959.19
7 3470.24 10828.88 3443.01 10881.17 3430.51 10869.69 3401.41 10868.03 3388.57 10853.02 3335.26 10860.99 3398.06 10759.68
7 7236.46 11373.33 7224.22 11377.64 7227.95 11390.85 7182.54 11392.45 7174.95 11397.36 7168.93 11388.48 7214.02 11359.45
11 8821.29 11312.38 8806.14 11297.53 8797.13 11326.08 8796.81 11289.23 8774.60 11269.81 8785.93 11265.54 8763.72 11254.35 8780.79 11229.37 8802.95 11260.34 8825.22 11250.34 8838.19 11254.19
10 5317.13 11820.77 5298.98 11834.79 5294.08 11820.79 5289.12 11821.72 5264.55 11812.55 5291.04 11790.44 5294.07 11789.42 5312.79 11798.62 5323.89 11796.99 5349.71 11807.65
14 11067.11 3293.59 11038.47 3305.21 11028.53 3300.44 11028.44 3294.71 11018.27 3290.08 11001.03 3258.50 11012.56 3254.97 11008.30 3252.89 10992.88 3233.63 11014.00 3222.84 11012.34 3219.48 11054.55 3242.80 11075.13 3221.89 11084.23 3251.04
5 12922.09 554.10 12918.73 594.35 12909.37 577.11 12892.21 585.76 12893.01 570.03
13 1760.33 8035.65 1705.32 8034.18 1707.50 8044.00 1740.31 8076.82 1693.97 8047.22 1696.21 8059.03 1671.43 8074.02 1675.27 8056.20 1675.79 8052.55 1622.27 8048.59 1658.44 8012.95 1672.29 7958.74 1692.87 8011.23
5 14659.00 12060.49 14642.55 12059.01 14648.65 12020.77 14688.95 12018.02 14694.04 12019.28
5 11171.14 4203.09 11100.45 4234.71 11112.88 4174.76 11143.34 4160.33 11132.15 4187.14
12 9306.98 7698.63 9296.57 7697.37 9300.71 7715.56 9259.72 7731.90 9249.41 7696.93 9227.55 7704.72 9229.04 7683.87 9252.01 7674.73 9268.55 7660.88 9291.98 7655.53 9298.22 7652.60 9274.01 7686.16
9 8121.93 12273.29 8103.94 12262.35 8085.28 12258.19 8061.65 12247.03 8047.36 12240.25 8065.52 12221.13 8059.75 12188.82 8080.17 12209.02 8086.62 12203.43
6 9701.16 5835.29 9710.67 5847.15 9617.34 5816.91 9623.42 5759.13 9659.05 5765.28 9664.10 5765.20
7 8383.83 2783.20 8403.81 2816.34 8361.95 2804.17 8334.12 2802.59 8304.83 2766.33 8304.88 2748.84 8404.71 2767.32
8 1779.84 10444.65 1730.35 10411.59 1735.50 10413.81 1750.11 10424.28 1754.85 10408.52 1768.87 10410.02 1791.76 10403.47 1776.67 10427.68
10 7975.76 7411.07 7967.57 7408.83 7979.61 7439.10 7954.45 7436.61 7931.77 7420.90 7926.70 7406.77 7895.46 7401.99 7912.45 7350.31 7950.31 7379.15 8003.18 7380.34
6 13410.35 2413.55 13375.80 2415.23 13345.58 2452.10 13333.00 2428.14 13352.62 2393.23 13408.98 2371.05
9 13146.59 15038.39 13126.39 15044.49 13126.99 15031.69 13126.56 15031.72 13131.55 15001.11 13130.78 14996.67 13109.87 14975.02 13170.42 14983.52 13157.03 15001.41
13 489.99 301.04 485.94 299.04 477.02 330.33 445.50 318.81 432.24 313.71 461.53 286.13 427.93 271.03 441.82 250.09 469.44 264.98 477.13 268.49 481.51 247.81 519.23 271.82 512.60 278.96
12 13352.18 2028.45 13327.79 2069.64 13304.26 2064.38 13310.36 2041.66 13284.83 2030.83 13298.41 1993.05 13317.86 2014.74 13324.66 1996.20 13326.36 1983.81 13334.81 2016.33 13344.65 2013.11 13339.48 2021.16
6 7352.41 12977.32 7342.71 12990.97 7349.60 12970.78 7307.48 12979.74 7312.07 12970.66 7361.95 12950.36
6 4114.68 5782.62 4091.59 5779.07 4079.47 5818.33 4064.12 5767.06 4029.56 5746.36 4133.94 5711.63
7 9412.04 2853.43 9399.44 2858.48 9357.11 2892.45 9328.98 2862.80 9369.93 2827.13 9379.02 2829.52 9403.55 2832.35
9 9062.00 12747.09 9071.35 12756.16 9042.27 12774.89 8979.49 12737.10 9002.79 12702.42 9025.27 12707.26 9045.21 12719.67 9069.82 12714.26 9059.84 12721.70
14 14887.78 9371.02 14874.24 9380.15 14869.58 9393.44 14874.13 9402.37 14848.53 9411.39 14830.94 9378.62 14822.04 9365.47 14819.30 9360.85 14831.89 9351.78 14820.04 9344.30 14822.56 9343.40 14848.97 9343.85 14854.97 9341.15 14880.36 9354.07
5 1179.68 4348.50 1143.83 4304.67 1094.84 4285.99 1184.51 4233.16 1200.25 4288.32
14 13661.19 2380.49 13654.98 2444.74 13648.53 2417.93 13647.25 2449.32 13631.71 2415.41 13572.66 2401.59 13614.33 2379.75 13600.02 2383.22 13564.34 2355.21 13595.48 2357.88 13586.90 2325.93 13628.43 2337.94 13631.96 2332.46 13658.23 2322.18
15 9337.84 6698.55 9335.27 6705.06 9303.06 6696.37 9294.60 6699.12 9312.98 6722.86 9299.67 6735.14 9287.97 6729.35 9267.44 6712.75 9230.33 6687.36 9274.22 6680.68 9277.50 6675.10 9288.98 6664.39 9332.82 6676.06 9300.57 6686.67 9298.55 6688.21
12 7808.17 8870.31 7800.16 8876.58 7785.85 8870.00 7794.53 8878.27 7758.80 8904.84 7743.17 8895.17 7738.48 8895.43 7734.78 8896.62 7744.40 8833.88 7765.33 8842.56 7790.10 8842.24 7804.79 8854.29
7 11546.58 6368.54 11507.95 6382.29 11460.16 6321.90 11465.98 6267.80 11475.49 6299.60 11509.60 6308.56 11518.36 6326.39
13 13901.24 6107.18 13874.95 6142.68 13848.56 6116.77 13832.14 6153.61 13830.71 6180.82 13783.05 6157.02 13790.34 6140.20 13732.53 6110.68 13738.34 6094.48 13763.89 6047.39 13795.77 6018.29 13822.61 6014.79 13871.38 6007.18
9 13408.37 13916.73 13385.94 13927.08 13394.58 13962.91 13379.53 13940.75 13377.12 13932.88 13346.28 13919.49 13364.29 13890.43 13377.08 13893.44 13383.24 13868.07
6 4914.15 10783.15 4863.08 10817.17 4794.71 10783.92 4845.02 10761.36 4834.25 10727.09 4879.14 10754.14
6 10156.76 12927.51 10151.29 12933.83 10139.94 12930.62 10110.31 12934.50 10067.91 12922.34 10145.70 12910.77
11 8882.89 3576.90 8849.19 3566.45 8825.63 3547.68 8822.69 3536.45 8853.24 3537.82 8829.75 3513.68 8856.90 3503.76 8861.83 3517.45 8866.08 3529.33 8870.39 3501.59 8871.37 3531.38
8 14037.46 6317.50 14057.82 6330.69 14070.15 6347.77 13990.64 6396.86 13941.81 6352.22 13928.04 6271.74 13985.70 6286.50 14005.39 6290.93
14 13487.69 10862.09 13479.45 10867.39 13480.12 10870.42 13486.55 10893.11 13476.79 10884.48 13452.11 10868.18 13433.82 10886.90 13432.59 10848.72 13431.73 10821.59 13456.99 10837.92 13443.09 10824.91 13458.77 10826.17 13483.14 10821.83 13508.62 10813.50
11 7809.73 8082.44 7837.66 8097.49 7813.44 8110.55 7794.16 8089.85 7771.24 8084.75 7770.08 8069.30 7763.89 8063.09 7787.73 8026.61 7801.92 8026.60 7811.87 8055.68 7812.29 8077.82
14 13056.86 3180.06 13040.06 3173.17 13031.73 3164.97 13010.76 3186.90 13015.38 3165.66 13020.41 3153.10 12981.12 3140.89 13041.26 3115.81 13041.83 3116.13 13048.27 3130.72 13077.84 3131.47 13063.07 3134.43 13074.20 3139.03 13045.80 3140.72
14 1929.04 915.48 1915.90 881.46 1902.88 917.64 1907.99 864.13 1905.38 870.58 1896.87 867.90 1878.69 849.12 1859.41 851.44 1888.18 827.53 1909.27 812.79 1919.59 759.02 1952.49 780.89 1938.61 822.84 1975.50 821.65
13 5229.66 13786.60 5212.50 13791.35 5214.15 13805.53 5202.69 13818.98 5202.35 13795.63 5196.79 13825.17 5196.68 13790.09 5173.19 13779.55 5196.56 13777.42 5198.04 13753.97 5205.21 13776.60 5221.73 13751.52 5241.25 13780.80
15 9236.32 11679.78 9236.14 11686.37 9224.32 11681.64 9229.85 11685.20 9224.52 11698.61 9214.27 11704.77 9194.41 11695.19 9198.68 11691.60 9204.53 11678.61 9200.66 11669.65 9203.04 11670.43 9226.23 11644.43 9243.35 11651.63 9243.63 11661.24 9235.04 11674.12
8 12184.73 5778.80 12154.84 5767.25 12115.63 5733.66 12211.51 5714.05 12189.71 5743.97 12212.41 5729.88 12205.79 5741.93 12223.91 5753.69
15 14087.42 6492.28 14077.79 6558.74 14056.32 6516.98 14038.87 6546.89 14051.49 6512.68 14045.71 6497.33 14037.38 6491.37 14011.61 6491.94 13981.44 6460.71 14043.97 6420.94 14053.19 6432.32 14081.60 6430.87 14097.25 6420.17 14114.63 6426.41 14136.55 6464.06
8 371.58 3095.14 386.10 3119.94 384.59 3129.53 348.56 3108.73 342.72 3116.50 315.56 3105.77 334.85 3084.28 399.34 3072.65
5 5435.13 10902.62 5389.17 10906.24 5354.64 10901.13 5374.98 10876.62 5341.46 10859.00
5 2821.97 6046.36 2811.86 6018.18 2824.22 6013.64 2835.43 6015.38 2838.13 6025.78
11 13853.73 11880.79 13819.22 11897.00 13822.13 11908.32 13815.10 11902.07 13812.86 11885.56 13805.15 11880.36 13784.40 11874.37 13804.34 11864.34 13817.65 11839.33 13826.57 11857.30 13848.49 11858.49
10 718.30 2263.41 725.13 2269.24 739.85 2283.93 719.42 2274.48 736.50 2294.78 723.33 2286.26 697.60 2270.65 682.18 2267.89 679.71 2255.75 711.72 2250.62
9 3733.19 10798.04 3683.93 10750.86 3683.38 10720.70 3642.04 10735.05 3675.28 10626.85 3692.68 10648.60 3699.58 10663.86 3772.56 10662.17 3727.16 10695.69
12 13013.28 9107.37 12984.80 9149.64 12983.27 9151.85 12947.71 9116.49 12906.71 9147.27 12895.26 9119.35 12856.31 9127.85 12898.39 9096.36 12863.14 9085.34 12953.75 9061.50 12975.84 9048.01 13019.30 9085.78
12 7683.65 12248.18 7574.27 12289.29 7522.15 12266.53 7523.79 12254.38 7550.76 12189.63 7581.31 12207.48 7586.42 12196.18 7600.56 12201.98 7614.03 12179.98 7633.80 12145.22 7639.13 12167.66 7641.07 12197.80
14 5574.84 12265.31 5509.89 12278.18 5476.30 12298.81 5499.23 12231.92 5460.45 12204.71 5508.32 12178.70 5493.96 12131.21 5512.63 12189.85 5506.68 12146.45 5526.12 12169.64 5527.67 12166.70 5538.27 12197.16 5553.67 12183.50 5571.20 12172.96
14 3644.58 4292.44 3608.66 4317.50 3612.78 4284.35 3607.89 4298.35 3589.94 4308.75 3564.12 4255.69 3580.01 4253.57 3589.52 4249.12 3578.43 4219.54 3601.67 4216.38 3612.09 4253.27 3623.72 4217.02 3668.53 4236.45 3672.56 4245.89
7 12856.11 12790.78 12817.56 12809.30 12827.22 12779.19 12815.33 12773.40 12861.98 12766.13 12864.41 12766.42 12867.15 12768.88
5 2916.41 3191.29 2954.73 3238.91 2846.37 3150.95 2945.31 3136.83 2951.96 3167.19
7 238.59 12787.54 204.02 12833.04 159.64 12820.99 176.57 12771.74 114.51 12712.51 190.20 12732.55 192.44 12718.71
9 6903.65 5159.57 6880.53 5155.97 6877.39 5174.26 6858.97 5156.37 6839.86 5177.63 6827.14 5077.54 6879.00 5079.56 6886.85 5073.96 6893.57 5110.71
15 2195.73 4982.53 2207.40 4985.65 2182.24 4987.48 2198.29 5019.33 2200.76 5025.41 2173.71 5002.53 2161.03 5014.30 2151.62 4990.54 2130.57 4977.05 2127.41 4953.84 2154.27 4959.91 2170.81 4938.70 2171.48 4948.32 2185.51 4968.57 2183.64 4980.74
12 7907.07 3431.17 7890.13 3411.69 7901.56 3467.41 7863.58 3452.22 7808.07 3397.60 7789.79 3373.49 7820.24 3348.98 7867.12 3356.61 7877.67 3371.00 7905.28 3346.46 7898.95 3362.24 7953.02 3356.16
14 15062.25 12924.77 15079.70 12938.54 15060.69 12952.16 14994.10 12972.06 14980.65 12951.25 14942.34 12994.52 14965.32 12930.79 14978.15 12898.72 15004.67 12898.42 15020.75 12889.17 15036.21 12878.92 15030.21 12905.99 15065.22 12899.19 15013.30 12919.79
14 1578.64 9950.65 1549.03 9984.67 1526.06 9952.38 1498.24 10009.36 1488.67 10006.95 1497.64 9975.93 1485.28 9980.02 1455.01 9907.30 1489.67 9918.19 1509.77 9884.41 1548.96 9892.93 1570.80 9864.40 1591.88 9865.75 1586.96 9901.82
9 3592.35 3054.77 3591.96 3061.07 3578.15 3055.83 3582.74 3064.11 3583.56 3088.02 3548.46 3073.50 3561.36 3036.81 3589.67 3040.27 3592.13 3047.72
8 11923.82 15408.07 11849.46 15410.20 11821.71 15453.36 11815.60 15427.02 11800.90 15361.21 11833.83 15347.71 11853.71 15361.09 11877.75 15342.23
14 7267.13 6315.60 7309.21 6328.56 7255.96 6333.62 7262.90 6378.74 7253.95 6364.48 7247.45 6330.72 7223.76 6345.37 7192.09 6323.38 7184.01 6299.58 7180.62 6271.83 7230.01 6303.14 7238.99 6262.15 7252.55 6285.24 7268.73 6264.92
13 4097.70 13800.99 4100.41 13808.75 4083.45 13814.12 4071.98 13837.21 4072.02 13812.54 4078.47 13797.63 4046.73 13805.19 4076.13 13795.25 4092.56 13777.24 4091.64 13780.95 4111.35 13762.31 4106.63 13775.85 4102.33 13792.02
9 3682.59 13752.12 3645.73 13793.09 3587.29 13722.14 3603.53 13712.95 3622.09 13710.65 3638.98 13698.39 3656.85 13651.59 3709.47 13686.94 3672.05 13704.89
8 8915.97 13075.75 8865.97 13093.15 8860.00 13062.83 8859.62 13050.91 8875.65 13011.55 8881.79 13017.00 8900.81 13051.88 8915.24 13050.10
7 13306.30 8235.73 13256.63 8260.86 13246.80 8286.91 13257.01 8256.59 13237.35 8281.14 13200.42 8276.79 13314.06 8187.53
14 2196.84 4618.83 2193.93 4621.01 2184.98 4633.33 2179.23 4642.70 2173.97 4648.10 2148.32 4633.75 2160.57 4619.29 2162.61 4617.54 2164.38 4612.18 2171.60 4600.65 2167.78 4589.10 2174.10 4593.22 2179.18 4596.18 2189.41 4595.37
14 709.59 5136.73 712.58 5140.44 698.75 5148.88 700.69 5164.05 663.90 5136.28 657.96 5130.58 667.93 5124.48 641.51 5138.04 649.93 5092.69 639.64 5078.63 680.00 5099.29 719.95 5070.57 701.75 5104.95 723.97 5098.32
7 7726.74 3095.16 7693.42 3099.24 7632.76 3160.48 7622.10 3173.48 7594.40 3164.57 7556.85 3084.13 7659.03 3074.70
12 8996.62 3838.11 8911.22 3807.76 8894.51 3819.35 8867.98 3826.66 8862.50 3801.26 8873.55 3766.73 8925.63 3773.91 8934.76 3710.76 8959.54 3729.50 8954.38 3756.24 8963.74 3762.26 8987.96 3746.45
8 8186.89 2045.44 8157.68 2001.93 8187.30 1989.38 8167.72 1958.87 8215.24 1975.40 8226.75 1935.56 8237.19 2007.07 8239.98 2008.70
8 13294.88 11465.72 13276.31 11454.73 13264.58 11458.13 13253.83 11426.77 13251.07 11425.29 13248.57 11399.08 13279.74 11409.98 13283.66 11413.66
7 7946.08 10512.44 7954.26 10543.74 7922.87 10496.86 7873.65 10477.00 7852.62 10434.36 7905.55 10423.05 7916.40 10432.36
13 1682.07 1857.27 1672.71 1869.04 1663.99 1867.02 1626.35 1828.48 1598.63 1833.54 1625.19 1796.45 1631.26 1769.64 1642.14 1807.34 1641.97 1802.69 1651.09 1776.58 1651.36 1801.33 1692.08 1802.21 1668.38 1815.46
7 11237.93 11734.80 11184.10 11797.86 11172.59 11777.03 11178.55 11744.84 11170.10 11668.77 11194.67 11658.45 11265.42 11724.15
9 15418.12 617.95 15316.59 667.60 15308.39 600.51 15330.96 576.90 15338.33 580.54 15339.94 566.99 15339.22 590.57 15357.19 594.35 15372.22 600.28
10 1450.44 11048.96 1419.58 11055.54 1400.36 11068.91 1377.59 11075.53 1397.52 11023.38 1402.58 11021.19 1402.39 11009.89 1408.81 11024.95 1414.86 11026.82 1442.83 11016.23
8 13629.67 12515.36 13653.04 12520.93 13637.89 12527.46 13615.51 12521.06 13589.39 12556.79 13562.73 12512.79 13596.06 12467.02 13626.02 12491.28
9 5655.36 10599.78 5585.64 10655.99 5547.27 10611.56 5595.18 10581.11 5610.50 10547.04 5609.55 10555.07 5613.06 10576.33 5628.06 10573.34 5636.20 10573.08
8 10179.06 4634.39 10202.01 4674.36 10168.16 4684.17 10108.23 4595.57 10133.71 4618.56 10132.63 4613.93 10151.49 4599.93 10154.27 4616.93
13 10113.34 5273.72 10129.03 5286.99 10107.59 5289.45 10092.08 5294.75 10061.09 5278.01 10077.99 5259.31 10083.82 5261.19 10092.48 5263.78 10075.18 5237.66 10094.08 5240.65 10106.78 5255.86 10114.65 5258.85 10122.83 5258.53
11 10484.12 11854.11 10481.60 11856.62 10479.19 11856.79 10449.18 11883.76 10457.96 11856.90 10476.57 11837.96 10497.31 11821.81 10500.15 11818.67 10517.51 11817.61 10531.84 11807.18 10536.87 11830.16
10 4299.83 5655.89 4309.45 5678.31 4258.26 5710.98 4248.86 5671.13 4240.52 5665.97 4227.00 5643.66 4236.32 5621.74 4284.75 5606.12 4300.31 5634.64 4318.28 5634.73
9 2880.42 8142.12 2882.54 8160.66 2881.73 8167.08 2832.05 8198.33 2828.36 8163.52 2846.80 8096.45 2854.76 8098.66 2888.14 8133.19 2884.82 8134.04
14 15325.14 2252.05 15337.20 2263.74 15338.59 2281.48 15305.36 2271.23 15305.52 2300.82 15299.46 2295.80 15264.23 2283.74 15279.17 2254.96 15266.77 2242.64 15280.08 2208.28 15293.78 2175.83 15298.79 2203.96 15302.09 2233.25 15305.91 2230.58
5 13586.09 7731.23 13566.63 7704.66 13576.09 7685.80 13583.92 7675.69 13589.95 7676.34
10 11150.60 15302.31 11171.16 15333.30 11167.88 15332.06 11121.32 15312.15 11116.92 15314.54 11083.24 15286.29 11103.17 15264.66 11100.97 15259.40 11107.20 15252.75 11161.88 15268.76
15 7330.86 9856.60 7297.71 9871.63 7294.11 9887.78 7261.76 9878.78 7250.13 9895.31 7246.44 9888.19 7223.32 9868.71 7208.32 9869.67 7212.51 9849.21 7233.95 9803.64 7242.88 9783.30 7297.32 9804.81 7274.86 9839.36 7275.12 9851.78 7328.61 9850.27
12 11855.36 7753.60 11875.04 7767.62 11873.07 7766.76 11841.75 7770.69 11829.65 7761.55 11800.81 7724.83 11810.64 7712.52 11845.48 7712.94 11851.19 7705.68 11851.07 7720.80 11858.10 7734.98 11859.32 7744.44
15 13572.76 12740.79 13562.59 12721.57 13568.26 12781.38 13541.43 12712.18 13537.27 12711.80 13510.57 12647.23 13531.57 12671.60 13531.51 12668.48 13577.47 12639.34 13578.34 12664.31 13593.31 12643.62 13580.92 12666.89 13605.78 12671.85 13581.34 12690.36 13576.90 12702.30
8 13054.72 10755.61 12996.46 10793.58 12947.06 10742.87 12970.37 10713.07 12986.36 10724.72 13005.60 10704.70 13001.89 10721.70 13018.36 10739.88
7 2938.24 15025.48 2916.80 15011.10 2906.83 14997.69 2895.99 14992.32 2912.86 14954.78 2923.64 14954.53 2929.52 14987.75
14 13966.48 655.05 13923.01 662.51 13908.63 719.36 13879.85 685.24 13863.96 705.35 13866.89 698.75 13865.41 673.04 13874.67 664.68 13880.97 655.63 13842.81 647.12 13886.82 645.60 13869.51 619.26 13895.88 609.38 13914.46 596.01
10 12220.06 581.42 12218.01 584.92 12246.92 595.17 12232.52 608.73 12222.04 598.44 12188.68 607.28 12183.92 562.44 12202.98 570.67 12198.21 532.41 12213.42 570.14
12 2059.80 6714.50 2039.18 6714.76 2035.86 6757.28 2003.39 6744.60 1998.70 6730.43 1993.74 6715.14 1960.04 6706.73 1968.51 6695.35 1976.69 6693.42 2016.75 6698.31 2030.35 6676.71 2036.52 6699.14
7 7610.35 4333.06 7608.91 4336.69 7599.10 4344.48 7552.77 4361.01 7573.08 4289.90 7591.32 4298.73 7593.47 4298.02
13 6796.89 12508.90 6802.84 12545.77 6783.80 12529.92 6753.31 12545.80 6761.69 12503.74 6742.17 12538.45 6751.36 12516.83 6717.05 12483.50 6749.07 12437.87 6760.57 12458.00 6785.99 12446.19 6788.81 12448.00 6785.26 12485.53
15 13261.19 6843.49 13251.95 6839.82 13243.53 6852.94 13229.86 6876.76 13194.75 6836.38 13231.73 6818.47 13214.00 6793.90 13231.12 6803.75 13227.17 6797.03 13222.46 6789.80 13240.76 6779.06 13241.33 6763.86 13274.43 6767.20 13274.47 6808.10 13311.00 6810.79
12 6146.04 3327.31 6104.49 3308.37 6118.27 3334.03 6081.71 3350.53 6063.53 3343.83 6066.29 3314.29 6040.84 3313.88 6075.67 3299.64 6065.21 3297.45 6068.22 3293.42 6079.78 3294.45 6120.33 3276.63
6 7249.70 5270.02 7235.54 5253.39 7256.81 5244.42 7267.71 5207.78 7288.74 5220.27 7306.04 5243.48
14 12755.03 1645.85 12659.78 1677.30 12672.74 1626.70 12643.16 1652.31 12643.90 1651.28 12628.79 1623.44 12599.89 1607.72 12655.35 1586.21 12675.39 1563.66 12685.51 1570.05 12695.41 1526.09 12700.49 1555.94 12719.90 1560.39 12728.99 1575.68
10 14636.18 15055.01 14624.41 15042.59 14613.52 15069.29 14591.29 15030.76 14561.42 14993.68 14549.13 14984.20 14515.29 14955.19 14577.18 14958.15 14601.23 14927.66 14634.66 14901.26
6 15066.91 694.74 15060.76 703.84 15039.57 693.39 15035.52 693.30 15026.56 667.23 15054.20 668.62
5 10181.21 9045.43 10141.03 9059.82 10136.28 9047.75 10089.69 9004.19 10113.97 8990.92
7 6519.46 9066.57 6507.40 9078.77 6492.60 9057.17 6470.28 9049.45 6468.32 8993.29 6490.72 8978.26 6532.55 8984.92
9 3940.26 9813.45 3922.68 9815.65 3915.97 9828.87 3905.10 9803.55 3901.60 9785.63 3892.62 9757.09 3952.18 9754.40 3939.68 9773.57 3947.10 9772.12
7 6032.69 10567.40 6018.80 10537.96 5982.82 10503.23 6002.87 10504.88 6039.72 10495.20 6043.42 10484.71 6067.06 10511.36
12 2946.23 3995.76 2918.89 4009.47 2912.72 4002.58 2920.85 3984.74 2900.53 3994.77 2898.47 3990.46 2913.46 3959.62 2928.25 3958.17 2931.61 3963.58 2933.30 3954.39 2935.35 3964.49 2963.37 3956.10
14 12524.35 3880.11 12514.29 3881.28 12536.39 3889.12 12544.49 3921.97 12519.25 3923.09 12483.62 3922.89 12473.53 3888.17 12469.92 3876.75 12438.07 3869.69 12461.72 3846.79 12498.15 3860.94 12507.23 3843.92 12521.49 3844.80 12536.12 3863.88
15 6450.32 10950.27 6388.55 11004.78 6368.93 11018.03 6384.61 10964.00 6370.42 10943.62 6365.80 10936.09 6379.37 10938.44 6407.45 10864.55 6413.66 10901.75 6440.41 10900.71 6471.25 10889.20 6460.85 10904.31 6463.17 10911.29 6486.56 10928.37 6435.06 10943.90
10 3470.03 6507.54 3468.94 6515.19 3484.51 6523.19 3455.04 6514.30 3445.19 6518.50 3428.27 6459.96 3435.89 6455.62 3443.16 6482.44 3441.13 6462.89 3445.66 6482.08
6 8216.75 9841.73 8164.28 9827.76 8210.64 9746.45 8222.84 9767.74 8282.88 9765.99 8296.04 9788.97
8 5124.60 11658.47 5128.20 11718.18 5099.12 11668.54 5035.73 11659.81 5071.05 11648.89 5098.81 11622.51 5131.55 11621.23 5129.60 11641.52
11 4137.10 9746.25 4101.29 9753.72 4121.61 9788.11 4087.41 9755.59 4074.30 9772.88 4064.91 9764.92 4064.47 9704.94 4105.69 9727.42 4097.63 9735.81 4124.93 9726.35 4132.25 9737.56
11 8447.83 9338.89 8447.62 9349.09 8440.84 9375.37 8421.52 9353.07 8417.40 9406.52 8413.92 9368.30 8394.74 9370.23 8378.13 9289.66 8416.03 9299.78 8456.14 9275.65 8456.63 9287.19
15 15104.78 7143.66 15074.10 7166.76 15071.71 7184.50 15048.45 7150.47 15033.10 7168.57 15040.32 7140.98 15035.67 7132.34 15017.57 7126.53 15016.14 7102.38 15061.58 7113.28 15067.27 7105.36 15086.24 7075.84 15085.07 7089.14 15105.30 7083.72 15115.88 7106.08
6 736.16 6913.66 692.13 6910.20 678.46 6920.14 679.98 6910.18 677.20 6910.44 676.46 6870.41
10 11450.22 12996.12 11426.41 12974.43 11420.00 12974.74 11399.73 12983.48 11404.48 12950.88 11383.74 12899.02 11368.42 12845.06 11406.32 12891.29 11405.56 12843.61 11426.17 12878.94
9 10178.41 11773.98 10158.45 11767.22 10159.70 11740.70 10127.22 11719.92 10165.89 11704.43 10181.27 11693.36 10191.70 11665.67 10190.02 11693.63 10221.80 11710.13
11 6117.50 235.28 6095.54 247.01 6079.27 283.31 6071.00 269.32 6058.63 229.59 6055.85 225.67 6029.39 218.88 6058.06 211.23 6087.12 174.56 6113.76 181.91 6099.79 221.12
5 9365.82 7772.70 9367.75 7800.43 9358.90 7810.73 9300.80 7750.90 9366.17 7740.66
11 2213.86 364.88 2204.74 362.06 2163.25 417.92 2136.33 380.84 2159.55 363.49 2141.33 356.55 2118.71 321.69 2140.82 331.65 2169.22 291.32 2182.47 336.39 2190.15 301.37
9 14254.38 11173.15 14239.96 11153.16 14235.31 11152.40 14201.60 11137.30 14196.41 11137.61 14171.44 11136.78 14174.22 11111.80 14212.14 11097.77 14238.74 11101.87
9 6444.32 411.88 6430.90 400.27 6455.85 451.50 6403.88 402.22 6380.96 382.53 6377.09 379.17 6363.01 361.87 6413.55 356.57 6420.94 366.38
12 2443.03 14967.12 2411.89 14946.14 2408.33 14990.12 2399.24 14938.81 2366.68 14936.73 2380.53 14928.21 2363.03 14909.49 2392.54 14903.65 2385.16 14880.44 2418.43 14865.98 2423.26 14874.14 2416.06 14906.85
11 6085.61 1314.51 6066.08 1341.51 6053.61 1323.16 6030.37 1319.94 6024.28 1315.25 6030.03 1299.22 6038.13 1296.70 6041.04 1281.98 6050.33 1270.62 6053.96 1282.88 6057.65 1271.38
8 4774.51 2462.15 4808.12 2508.01 4779.16 2511.15 4726.92 2550.63 4709.70 2370.66 4812.95 2423.15 4823.30 2421.15 4823.07 2423.63
9 2562.99 9544.06 2529.46 9541.38 2496.14 9553.50 2520.87 9489.83 2525.71 9480.51 2557.65 9479.41 2557.48 9520.53 2565.88 9526.63 2603.73 9515.98
8 5203.69 15348.87 5191.03 15375.39 5166.59 15338.19 5137.72 15333.57 5157.74 15268.98 5166.63 15278.30 5226.60 15258.50 5236.52 15263.07
6 12916.71 14417.61 12881.83 14411.10 12866.02 14421.77 12850.24 14425.72 12804.58 14352.68 12806.18 14344.90
15 2482.77 14317.43 2512.18 14325.00 2497.73 14355.97 2458.23 14351.94 2455.24 14368.39 2451.99 14379.97 2444.28 14335.38 2432.77 14350.02 2427.83 14335.22 2422.70 14276.10 2443.95 14297.78 2440.39 14278.86 2456.01 14290.56 2496.99 14276.84 2502.41 14283.89
13 3456.88 11564.33 3453.65 11568.04 3446.21 11592.82 3430.71 11581.59 3424.06 11572.28 3410.95 11591.40 3404.04 11558.25 3375.50 11558.44 3392.97 11557.66 3377.83 11550.41 3407.69 11549.95 3415.49 11524.73 3446.18 11515.76
7 9863.19 6120.12 9822.35 6077.81 9767.53 6067.06 9857.76 5990.14 9881.13 6002.34 9854.45 6054.60 9868.78 6038.61
14 6740.59 12824.17 6718.25 12798.02 6711.14 12807.64 6701.81 12848.40 6693.55 12802.35 6690.97 12788.97 6690.56 12788.40 6683.63 12801.15 6660.40 12836.22 6632.81 12730.18 6679.02 12745.89 6663.29 12718.66 6713.31 12713.33 6725.18 12730.36
12 214.41 2593.00 208.48 2632.63 167.10 2669.83 173.56 2615.57 151.22 2633.64 122.19 2593.68 163.42 2585.03 170.89 2557.75 206.90 2550.22 247.47 2503.73 283.07 2568.25 268.67 2578.85
9 1055.71 248.86 1018.07 234.34 1029.66 216.11 987.70 196.42 1013.03 195.74 1001.16 160.49 1035.74 189.12 1046.26 177.06 1071.60 181.44
6 7535.91 4518.90 7546.43 4500.18 7545.28 4488.77 7533.08 4475.64 7551.23 4447.84 7572.28 4455.35
6 12801.59 7633.46 12812.63 7680.19 12754.37 7652.11 12745.74 7652.72 12726.93 7669.54 12713.29 7590.32
8 1364.02 9346.87 1340.35 9380.51 1290.88 9324.92 1267.11 9272.42 1311.77 9263.92 1333.18 9224.30 1347.65 9266.32 1390.26 9259.12
10 6202.77 9822.62 6167.55 9814.31 6196.03 9862.35 6162.72 9829.97 6163.03 9868.06 6153.30 9843.83 6077.87 9871.04 6078.53 9748.98 6131.78 9781.24 6162.84 9739.07
9 6775.01 248.98 6775.27 266.55 6774.51 269.63 6772.87 264.45 6752.84 287.53 6744.43 259.86 6722.72 251.08 6767.69 225.69 6769.62 225.13
14 4149.72 10203.37 4135.76 10214.89 4120.66 10236.16 4108.48 10232.90 4080.02 10224.69 4058.64 10263.73 4061.88 10219.04 4044.44 10237.08 4054.42 10176.65 4065.55 10164.02 4073.18 10171.94 4076.11 10165.42 4085.97 10178.53 4102.12 10155.51
15 12546.79 3365.81 12541.80 3381.51 12526.30 3368.53 12532.37 3389.05 12499.86 3389.99 12494.92 3346.85 12445.46 3325.27 12467.11 3310.55 12477.46 3306.54 12473.37 3299.98 12507.46 3313.01 12524.12 3271.77 12567.04 3315.01 12557.41 3325.11 12576.99 3324.84
13 13013.59 7290.82 12982.94 7322.19 12966.53 7330.76 12943.76 7314.26 12937.11 7312.69 12916.78 7327.37 12913.89 7304.29 12868.28 7331.86 12883.33 7316.51 12880.95 7243.77 12916.48 7255.81 12949.66 7225.29 13019.92 7254.33
6 4399.13 13723.43 4402.63 13691.01 4363.52 13690.77 4421.85 13633.25 4428.41 13624.91 4450.11 13645.36
12 3316.63 2503.62 3313.77 2518.02 3222.54 2539.28 3213.62 2538.31 3210.53 2518.66 3199.55 2493.61 3237.49 2458.33 3257.53 2452.38 3257.44 2461.96 3272.47 2471.02 3288.46 2476.15 3322.59 2471.51
14 1803.67 9431.59 1770.70 9462.66 1764.45 9425.48 1748.58 9418.56 1730.12 9412.06 1759.95 9395.78 1747.73 9391.76 1719.16 9362.94 1727.08 9361.62 1747.61 9375.68 1784.19 9367.44 1783.82 9384.05 1806.92 9354.23 1811.51 9349.26
6 378.25 3421.74 369.15 3443.02 311.65 3435.02 379.74 3389.13 395.38 3393.42 411.24 3408.84
11 1122.85 8356.08 1093.77 8343.34 1077.62 8388.68 1035.36 8350.98 1000.59 8362.22 1028.23 8326.58 987.75 8337.88 966.40 8312.14 1024.77 8307.40 1017.42 8287.40 1060.05 8274.03
5 13328.61 1130.18 13238.43 1098.43 13293.76 1043.74 13291.76 1080.88 13353.58 1078.51
11 2820.94 1697.13 2783.18 1708.51 2781.56 1716.36 2770.97 1713.19 2766.92 1706.49 2727.99 1723.80 2749.74 1690.13 2736.70 1661.16 2771.82 1667.27 2799.50 1644.42 2789.94 1678.76
8 10596.15 13929.11 10579.65 13941.46 10473.01 13899.62 10503.60 13864.34 10503.76 13850.66 10544.17 13837.84 10540.31 13798.87 10572.85 13851.90
5 10846.72 1894.05 10814.52 1910.96 10787.88 1953.39 10718.05 1919.80 10788.03 1848.81
7 5010.92 4432.49 5010.21 4448.84 4973.76 4437.42 4972.23 4448.09 4970.53 4443.44 4948.87 4432.63 4902.68 4374.39
10 14736.19 4896.56 14738.28 4910.39 14719.08 4913.25 14627.31 4933.38 14626.39 4929.21 14638.19 4897.18 14646.39 4894.57 14674.39 4863.13 14699.14 4860.65 14749.68 4876.42
11 2169.08 6749.45 2139.50 6755.99 2101.68 6730.16 2063.05 6753.09 2103.61 6718.08 2095.48 6706.99 2077.09 6662.18 2102.72 6662.28 2132.21 6672.82 2172.61 6692.35 2146.75 6713.09
9 4068.86 11233.79 4078.56 11241.62 4047.34 11232.98 4049.07 11238.92 4032.62 11235.81 4014.75 11214.19 4024.86 11210.24 4035.30 11215.46 4042.65 11211.85
8 3376.66 11188.69 3361.18 11184.79 3325.66 11192.72 3304.09 11186.43 3288.40 11104.05 3311.92 11112.77 3331.54 11131.22 3366.39 11135.94
6 5417.69 3358.42 5395.49 3411.78 5347.04 3279.17 5376.69 3309.89 5379.11 3312.72 5403.71 3293.26
6 9953.02 9003.21 9954.95 9079.25 9902.59 9007.32 9861.50 8993.97 9908.23 8993.27 9911.59 8944.05
15 14960.43 9552.87 14950.26 9579.07 14955.11 9603.17 14938.78 9579.48 14938.77 9633.46 14908.79 9588.04 14872.07 9609.69 14889.44 9475.79 14920.56 9500.40 14931.98 9470.99 14934.54 9479.95 14944.99 9520.22 14960.84 9483.31 14968.27 9466.38 14950.91 9542.61
7 14059.68 8727.13 14066.37 8668.54 14075.39 8682.05 14080.19 8698.07 14101.57 8706.58 14113.92 8701.53 14116.68 8714.83
5 9081.01 1672.03 9061.96 1663.44 9035.97 1678.29 9018.98 1615.85 9063.99 1588.99
13 7386.99 8117.82 7379.31 8138.17 7351.86 8138.21 7356.91 8123.31 7338.93 8096.94 7342.56 8085.25 7348.76 8072.26 7353.20 8075.73 7366.79 8059.77 7369.19 8064.78 7373.50 8079.46 7378.81 8091.77 7378.73 8098.95
12 7119.26 14865.26 7117.81 14872.12 7106.63 14939.36 7098.56 14882.49 7086.12 14930.30 7034.43 14889.43 7044.28 14856.77 7082.88 14834.32 7075.64 14816.64 7109.33 14804.19 7123.31 14802.76 7115.53 14837.25
8 9748.16 6668.60 9756.14 6684.85 9760.84 6699.60 9746.50 6689.83 9733.09 6675.71 9711.09 6652.50 9742.32 6647.52 9749.68 6639.97
14 2027.44 10789.95 2019.25 10814.82 2013.05 10842.86 2003.13 10839.62 1974.20 10832.53 1951.79 10779.03 1945.25 10763.21 1931.73 10731.84 1962.21 10709.39 1999.60 10721.83 1980.75 10762.85 2017.22 10742.13 2026.36 10749.86 2027.36 10776.42
10 7351.58 3306.89 7369.60 3344.81 7283.16 3290.03 7324.62 3276.05 7307.34 3219.61 7346.78 3262.48 7357.80 3278.35 7373.89 3275.89 7405.45 3275.30 7369.79 3284.81
6 6606.24 3179.62 6595.73 3157.13 6590.59 3167.63 6557.08 3127.27 6579.39 3133.85 6608.88 3123.66
13 13240.70 2870.88 13164.79 2853.77 13150.89 2865.50 13137.69 2852.09 13148.14 2817.88 13171.61 2792.40 13149.75 2762.22 13153.62 2753.71 13170.18 2760.72 13197.23 2803.50 13212.67 2796.41 13218.68 2801.26 13214.63 2809.08
13 11376.51 7273.24 11361.70 7321.26 11354.06 7320.56 11338.73 7326.23 11329.91 7297.77 11290.64 7286.62 11273.54 7287.68 11264.48 7264.36 11292.38 7254.79 11361.61 7193.83 11363.06 7217.58 11366.81 7235.07 11398.70 7265.57
13 13601.18 915.20 13592.73 911.34 13567.40 915.74 13530.28 908.24 13477.03 909.75 13483.35 890.02 13464.09 828.99 13500.62 828.06 13543.74 830.24 13539.66 854.17 13555.05 832.93 13581.15 811.93 13581.53 863.41
12 5742.78 4885.69 5760.41 4853.89 5696.52 4802.42 5737.89 4817.70 5745.96 4817.67 5761.88 4825.57 5769.86 4815.61 5850.41 4810.39 5791.85 4834.46 5835.77 4829.95 5864.03 4827.28 5861.20 4828.15
6 14834.23 3233.92 14834.11 3213.91 14827.02 3201.86 14826.07 3201.27 14813.52 3179.52 14866.62 3194.05
8 10730.50 6266.49 10723.86 6262.75 10707.28 6262.36 10703.37 6251.54 10710.22 6236.59 10715.58 6199.93 10752.61 6197.08 10764.76 6227.64
7 12112.93 4050.68 12103.30 4017.04 12070.73 4037.01 12082.45 3994.54 12132.69 3962.10 12151.18 3962.76 12124.33 3990.32
10 4065.97 9983.87 4065.83 9985.43 4072.08 9994.24 4076.44 10000.54 4046.22 10003.99 4066.28 9949.30 4070.60 9947.41 4066.77 9972.28 4071.36 9982.64 4063.98 9983.01
8 2521.64 3602.67 2493.06 3565.64 2507.34 3540.63 2516.99 3480.53 2527.12 3518.89 2536.53 3501.35 2554.05 3520.55 2545.98 3534.02
10 14716.03 13548.77 14718.07 13567.35 14669.91 13572.19 14662.90 13503.31 14707.06 13510.30 14714.02 13517.85 14737.62 13502.21 14754.25 13506.01 14773.94 13520.28 14771.31 13525.43
11 12259.75 181.59 12258.63 187.86 12263.38 204.99 12245.80 208.98 12191.23 197.33 12217.77 164.03 12220.46 157.22 12237.64 152.05 12264.61 153.15 12257.66 169.86 12261.17 176.98
10 1441.28 12082.20 1437.00 12085.07 1417.55 12135.23 1387.83 12128.52 1376.78 12115.23 1373.37 12065.20 1399.28 12059.83 1405.98 12051.45 1431.71 12024.86 1498.61 12043.12
14 12190.90 8186.28 12156.44 8178.21 12153.84 8206.56 12089.87 8215.29 12069.65 8212.41 12081.47 8182.88 12048.72 8188.28 12056.02 8174.53 12059.82 8133.23 12075.64 8136.46 12114.51 8118.22 12138.96 8088.97 12156.20 8081.79 12151.83 8112.04
14 13343.14 1621.74 13304.57 1613.16 13311.00 1645.10 13296.96 1626.04 13291.38 1621.37 13291.68 1641.80 13285.79 1621.08 13266.92 1610.10 13272.89 1598.73 13267.61 1587.93 13273.02 1588.15 13293.52 1553.61 13310.49 1568.32 13325.62 1585.41
14 8010.13 6441.30 8027.84 6452.85 8008.19 6466.99 7997.23 6451.59 7992.20 6449.47 7980.18 6440.69 7963.66 6425.79 7982.23 6419.69 7993.27 6427.79 8009.17 6411.02 8003.15 6427.23 8023.11 6416.26 8033.53 6414.79 8010.92 6432.69
10 14028.83 10782.70 13983.22 10837.74 13974.64 10829.12 13965.64 10819.45 13948.02 10739.64 13969.61 10720.93 13999.28 10701.60 14005.47 10754.58 14029.54 10737.77 14031.58 10760.27
6 10447.05 14339.58 10413.06 14337.88 10401.60 14340.67 10386.62 14292.73 10413.05 14300.29 10429.35 14286.26
7 5842.49 3710.91 5858.67 3735.37 5830.53 3723.95 5849.55 3763.62 5827.79 3740.50 5786.38 3700.97 5889.64 3654.75
8 3529.38 9670.38 3512.76 9666.14 3499.50 9673.61 3482.45 9683.73 3514.51 9631.95 3544.82 9615.81 3525.90 9637.98 3560.54 9630.53
11 627.00 11235.37 607.70 11237.22 613.38 11251.46 589.71 11258.63 573.32 11242.36 531.74 11236.88 528.89 11224.18 576.04 11197.44 610.40 11175.23 633.42 11192.24 612.03 11204.49
10 14667.68 11514.36 14672.41 11525.23 14659.46 11527.59 14633.79 11522.72 14634.70 11518.42 14615.03 11522.50 14634.68 11504.09 14634.83 11497.70 14682.69 11496.50 14660.79 11511.71
12 2180.93 12277.48 2181.66 12298.68 2141.47 12276.17 2130.88 12292.23 2072.82 12282.09 2100.62 12266.51 2087.61 12204.31 2112.25 12211.55 2151.19 12176.83 2157.92 12235.15 2151.84 12241.06 2182.20 12250.94
15 5547.25 13162.98 5509.30 13148.03 5525.28 13180.44 5513.71 13191.34 5477.86 13179.61 5455.09 13195.49 5442.69 13213.96 5401.88 13160.75 5456.19 13133.12 5423.06 13105.85 5471.29 13125.41 5428.93 13099.42 5445.41 13049.76 5487.83 13105.45 5509.69 13125.41
8 15133.00 13506.71 15073.60 13523.36 15045.80 13470.55 15079.08 13476.22 15082.09 13468.99 15119.04 13431.47 15101.83 13464.47 15107.14 13469.89
13 11671.30 1706.02 11666.22 1730.29 11631.57 1735.06 11630.56 1738.51 11622.02 1719.46 11617.28 1716.90 11614.93 1697.86 11574.55 1706.93 11577.03 1703.91 11611.00 1679.44 11575.58 1672.95 11647.12 1646.43 11672.86 1656.49
5 5656.04 10927.42 5615.22 10865.70 5667.57 10822.52 5699.45 10851.30 5685.25 10872.74
11 11312.88 8415.92 11305.18 8412.25 11304.93 8420.37 11252.87 8414.10 11262.91 8403.21 11270.62 8398.18 11245.97 8395.25 11267.27 8367.05 11286.19 8373.18 11289.17 8376.31 11324.93 8383.00
13 6968.54 15120.21 6958.73 15141.57 6948.48 15127.47 6946.22 15117.06 6928.11 15122.61 6911.95 15120.50 6932.66 15092.23 6926.23 15084.93 6929.00 15085.97 6936.05 15078.89 6949.51 15068.98 6980.59 15069.85 6985.35 15090.49
9 10783.01 7305.46 10759.33 7322.00 10729.77 7325.34 10735.38 7295.18 10725.86 7288.29 10737.99 7291.99 10738.72 7268.90 10755.86 7257.15 10779.03 7297.64
10 10269.15 9154.65 10272.13 9145.99 10236.89 9141.53 10241.71 9139.58 10262.83 9136.32 10263.48 9134.76 10233.60 9124.55 10253.45 9128.31 10297.18 9121.15 10329.81 9131.44
9 10359.23 4766.06 10345.39 4768.54 10311.40 4796.01 10317.25 4763.17 10278.19 4741.12 10290.88 4724.07 10283.30 4718.20 10343.48 4718.61 10356.60 4745.34
10 812.61 14219.47 786.10 14227.46 786.78 14234.74 708.33 14251.22 747.91 14176.94 701.85 14138.46 737.81 14119.29 754.17 14126.41 785.63 14109.02 844.70 14169.38
15 2761.75 12520.45 2733.14 12517.42 2755.76 12531.52 2735.44 12529.02 2689.45 12543.77 2700.21 12513.75 2712.47 12473.06 2724.27 12476.02 2732.57 12476.41 2737.51 12478.21 2735.92 12483.14 2757.02 12489.64 2758.91 12494.87 2768.33 12491.30 2747.70 12507.08
5 4359.40 8992.91 4327.02 8993.18 4348.05 8976.74 4345.26 8911.51 4372.06 8930.90
9 14777.55 4248.34 14775.56 4257.19 14727.41 4251.34 14742.80 4240.92 14731.71 4209.51 14737.26 4207.35 14749.05 4187.71 14783.79 4174.38 14784.12 4193.07
5 7592.33 13643.98 7527.89 13632.93 7526.65 13583.81 7563.40 13543.40 7569.57 13529.30
14 13766.57 5081.20 13780.09 5094.25 13750.39 5088.88 13753.32 5103.90 13733.22 5094.09 13722.46 5102.30 13709.79 5062.16 13710.94 5059.54 13720.74 5032.50 13736.05 5053.32 13754.90 5025.86 13755.85 5054.42 13752.70 5063.84 13752.66 5066.19
12 584.73 10397.87 558.08 10433.51 536.45 10415.14 531.17 10412.07 471.66 10420.21 480.31 10403.99 498.38 10360.83 532.44 10354.80 560.22 10344.00 536.84 10385.49 547.41 10387.08 579.75 10389.88
11 13792.91 2614.86 13753.45 2667.54 13705.11 2626.10 13752.01 2599.30 13732.86 2577.48 13734.41 2575.88 13732.46 2564.70 13737.17 2565.82 13736.49 2564.44 13751.30 2547.71 13780.88 2550.63
13 2411.90 3874.99 2416.25 3895.70 2395.90 3896.91 2391.98 3913.54 2388.85 3902.33 2366.43 3891.55 2375.19 3881.58 2350.81 3904.26 2354.20 3884.04 2354.46 3855.90 2341.84 3835.37 2370.22 3845.54 2370.62 3844.27
6 9372.61 15261.71 9277.91 15293.12 9270.60 15181.77 9313.91 15204.88 9315.97 15177.96 9323.96 15139.54
8 2078.28 11679.78 2105.51 11699.25 2082.86 11737.21 2039.33 11683.50 2006.97 11679.80 2031.16 11671.90 2037.51 11651.33 2116.04 11612.12
8 12189.44 10900.51 12138.08 10879.77 12126.41 10884.44 12091.70 10854.07 12052.56 10838.94 12097.32 10842.00 12091.79 10832.19 12146.80 10787.57
9 5787.18 13978.85 5844.90 14018.59 5804.62 14007.21 5793.55 14052.08 5733.26 14047.26 5741.59 14010.60 5697.61 14032.32 5733.28 13937.95 5807.47 13900.69
8 9058.65 14453.95 9064.01 14478.60 9036.11 14481.59 9044.76 14516.23 9032.40 14515.55 8957.29 14505.44 8986.82 14434.49 9018.13 14434.93
8 4693.67 6830.90 4600.38 6867.28 4620.48 6823.79 4611.32 6818.70 4570.25 6814.12 4581.95 6788.66 4598.55 6782.25 4653.70 6773.24
7 8348.88 6704.91 8341.19 6683.28 8332.14 6642.92 8339.67 6639.09 8380.40 6632.85 8357.82 6663.01 8396.18 6668.74
14 14759.03 13897.10 14732.19 13898.13 14737.32 13903.47 14744.74 13915.54 14735.93 13911.48 14708.54 13907.34 14695.35 13906.74 14647.85 13924.03 14647.99 13903.94 14638.31 13892.22 14633.14 13884.71 14709.04 13857.38 14706.29 13876.65 14747.89 13844.29
7 12153.56 7307.38 12146.90 7314.73 12109.86 7321.00 12035.87 7368.43 12027.19 7299.37 11999.96 7281.29 12118.55 7227.13
15 13420.00 13817.91 13393.80 13801.61 13404.00 13814.52 13400.06 13829.86 13381.30 13830.22 13378.26 13826.74 13369.75 13826.02 13345.89 13815.80 13340.37 13798.58 13349.48 13776.58 13370.74 13754.34 13382.54 13778.65 13394.20 13758.46 13414.77 13785.50 13423.90 13785.97
6 12394.81 13995.10 12392.95 14024.14 12358.00 14010.98 12331.11 14006.09 12329.85 13981.58 12383.50 13949.41
7 5959.63 4147.25 5960.85 4151.45 5932.18 4169.30 5912.34 4159.61 5943.31 4099.06 5955.12 4108.14 5968.70 4136.96
6 3054.53 188.57 2945.31 121.21 3003.00 88.90 3012.15 86.07 3033.11 96.84 3018.91 129.70
10 1589.90 7415.06 1563.89 7429.53 1528.57 7408.34 1536.36 7354.25 1564.42 7371.37 1587.23 7363.35 1591.27 7362.78 1595.61 7355.30 1629.24 7349.29 1601.32 7386.21
14 5264.89 970.77 5277.36 981.88 5275.55 981.23 5235.42 979.21 5205.97 1003.08 5219.55 974.31 5192.01 981.26 5198.51 970.21 5190.57 963.41 5209.79 964.02 5221.90 948.54 5230.90 925.26 5260.69 946.06 5261.64 955.38
8 741.25 14324.29 729.64 14348.18 708.48 14308.22 714.34 14281.99 715.48 14278.86 727.25 14262.56 736.80 14272.41 746.37 14294.66
10 11536.38 5895.62 11481.20 5902.37 11478.46 5896.08 11470.27 5903.83 11453.02 5867.51 11457.77 5854.10 11429.84 5843.53 11501.22 5853.08 11562.83 5850.32 11513.94 5861.88
5 10816.14 9453.97 10803.32 9451.65 10735.31 9428.96 10792.13 9361.49 10847.29 9398.96
10 7231.52 8249.67 7194.60 8244.23 7200.70 8236.15 7194.78 8217.20 7196.79 8217.17 7195.49 8192.07 7195.37 8182.77 7210.09 8188.03 7226.94 8182.44 7236.22 8204.70
6 14240.00 10244.33 14219.49 10236.59 14211.02 10250.26 14203.88 10244.36 14198.79 10284.20 14193.98 10289.47
15 7445.60 5935.39 7404.25 5949.98 7396.94 5962.58 7393.14 5968.83 7353.77 5926.66 7348.11 5906.95 7363.80 5906.85 7378.50 5884.12 7377.05 5871.84 7386.72 5850.83 7405.17 5878.77 7419.74 5848.94 7413.74 5872.12 7410.49 5895.63 7434.97 5879.25
5 5419.53 1557.52 5310.97 1603.92 5330.37 1568.62 5294.17 1573.19 5449.95 1516.97
12 9013.77 3022.19 8979.55 3007.16 8981.88 3025.51 8966.97 2992.19 8943.75 3047.58 8902.92 3001.56 8969.12 2942.40 8979.46 2950.80 9004.50 2951.91 9023.51 2959.51 8987.62 2968.97 8980.96 2971.49
13 14868.10 8002.75 14852.02 8045.03 14830.85 8046.75 14824.43 8032.57 14804.00 8039.33 14812.55 8017.00 14788.21 8031.28 14788.28 7999.33 14785.99 7958.31 14785.45 7943.39 14782.55 7937.12 14862.00 7984.32 14893.14 7981.04
15 13842.59 7043.78 13827.51 7041.78 13822.11 7061.78 13791.80 7040.36 13769.69 7027.79 13771.84 7020.38 13780.41 7019.51 13806.34 7021.34 13812.20 6979.54 13822.56 7011.26 13839.00 6990.43 13834.31 6998.35 13847.34 6979.77 13852.98 6991.35 13840.83 7013.50
10 13239.86 4039.78 13122.45 4062.20 13113.60 4056.21 13088.90 4060.77 13071.23 4055.78 13119.61 3964.10 13186.55 3992.36 13216.96 3988.85 13202.73 4011.87 13180.99 4036.07
11 11675.56 14223.68 11650.92 14242.46 11647.23 14237.71 11626.25 14263.24 11597.39 14222.10 11639.85 14198.68 11668.17 14189.63 11672.48 14202.19 11686.17 14190.56 11682.26 14201.09 11665.30 14212.86
6 13889.26 14725.46 13867.22 14703.52 13880.21 14698.62 13919.26 14662.74 13937.68 14678.23 13936.03 14694.55
15 1032.36 8106.76 1037.23 8109.41 1018.18 8110.77 1012.96 8108.27 1011.15 8119.63 1013.27 8134.06 1012.08 8128.67 982.22 8089.20 974.43 8067.29 976.14 8067.45 982.98 8065.35 989.66 8065.20 1008.35 8057.20 1018.69 8074.45 1043.40 8082.53
14 7561.38 2845.90 7539.47 2843.99 7550.32 2850.22 7562.77 2887.29 7538.92 2859.96 7536.23 2860.23 7543.32 2871.84 7525.31 2873.46 7482.26 2879.05 7484.23 2867.73 7505.74 2829.53 7466.19 2804.12 7507.96 2829.02 7533.83 2830.90
9 11782.67 9476.77 11776.92 9474.05 11774.52 9477.74 11761.90 9436.20 11766.18 9433.17 11780.82 9437.76 11785.03 9437.96 11776.01 9428.39 11803.46 9433.62
6 2730.59 15464.16 2699.88 15473.10 2696.04 15483.79 2695.72 15460.67 2740.33 15428.75 2738.70 15438.33
11 10712.04 4270.16 10676.77 4278.76 10678.59 4284.30 10670.92 4302.84 10661.73 4290.23 10649.33 4264.75 10608.52 4256.29 10643.29 4252.51 10643.76 4243.39 10654.38 4247.59 10670.00 4238.20
10 9696.12 5582.54 9711.02 5591.34 9678.92 5596.56 9656.02 5603.12 9635.88 5598.65 9674.37 5552.44 9697.57 5535.37 9703.60 5529.55 9710.92 5524.47 9703.16 5566.93
11 8367.66 8311.94 8359.90 8337.11 8333.98 8325.26 8327.95 8294.33 8331.28 8251.93 8346.83 8271.14 8345.33 8250.86 8389.44 8252.32 8376.99 8278.03 8392.31 8282.17 8384.99 8292.96
8 11086.50 10609.33 11069.18 10553.45 11079.47 10520.55 11104.63 10496.34 11113.66 10492.89 11117.02 10497.29 11131.29 10469.62 11137.71 10509.30
7 7236.84 8040.73 7224.97 8030.72 7200.13 8050.52 7236.61 7967.75 7232.62 7983.61 7271.17 7969.11 7285.15 7999.73
12 3616.47 8504.05 3618.47 8513.24 3599.70 8525.67 3589.32 8523.99 3578.05 8501.82 3565.75 8511.32 3548.16 8490.90 3567.55 8484.99 3586.33 8472.35 3600.18 8475.71 3603.71 8483.58 3592.36 8492.96
6 4395.62 7151.54 4373.69 7160.56 4366.39 7170.60 4309.59 7157.70 4344.19 7124.48 4366.31 7132.46
6 11406.49 10211.59 11411.15 10181.15 11404.75 10151.28 11411.12 10139.27 11413.46 10138.98 11432.26 10149.43
9 8499.08 14967.24 8511.45 14998.11 8485.61 15007.80 8480.18 14983.60 8468.02 15006.22 8438.62 14956.12 8471.93 14948.33 8486.17 14937.90 8485.83 14959.39
9 11858.97 9092.23 11872.40 9107.14 11854.54 9106.36 11822.90 9092.07 11795.93 9098.99 11805.68 9077.81 11815.53 9075.05 11824.00 9070.24 11880.41 9076.29
9 10541.07 11112.90 10477.49 11151.96 10478.46 11121.96 10464.71 11118.56 10456.37 11092.05 10472.10 11085.44 10479.38 11076.79 10501.16 11092.42 10535.66 11110.54
12 11238.11 8791.34 11190.08 8783.97 11167.84 8840.82 11162.58 8863.98 11099.64 8804.60 11130.15 8785.60 11064.14 8798.69 11068.67 8754.82 11142.26 8738.28 11202.00 8698.61 11180.38 8743.92 11174.64 8762.65
12 12047.26 9631.30 12056.98 9647.56 12019.96 9640.34 11986.60 9638.49 11997.13 9633.01 12011.39 9615.23 11993.82 9602.09 12007.36 9609.82 12004.71 9570.35 12022.62 9595.24 12031.70 9597.95 12038.89 9613.46
9 9116.50 3214.09 9112.52 3216.66 9086.20 3227.83 9090.82 3248.34 9068.69 3188.21 9073.64 3196.86 9085.94 3185.10 9093.28 3184.06 9101.70 3201.80
8 6650.13 10171.73 6637.63 10177.27 6637.33 10182.94 6631.55 10167.78 6631.48 10160.26 6627.25 10122.52 6633.01 10130.36 6672.77 10136.52
10 5933.26 13471.63 5898.73 13492.34 5894.73 13516.48 5881.99 13511.67 5875.99 13497.16 5873.71 13480.94 5867.48 13437.48 5879.75 13433.48 5887.43 13408.38 5895.97 13417.43
15 777.27 1959.18 784.99 1966.20 778.46 1965.72 781.65 1975.03 755.81 1973.09 759.45 1964.31 745.57 1972.24 745.54 1957.86 743.66 1951.11 735.37 1931.29 743.37 1935.42 769.17 1949.35 781.24 1922.23 804.51 1948.35 788.90 1955.99
7 7656.71 11115.54 7633.53 11110.55 7591.33 11134.51 7578.25 11107.53 7583.21 11083.51 7609.28 11041.12 7627.92 11095.58
6 206.13 6161.05 148.06 6155.42 153.47 6153.90 169.43 6143.68 173.71 6138.27 185.70 6104.50
13 5501.08 12943.76 5498.67 12950.68 5476.11 12953.46 5478.01 12966.99 5443.78 12957.15 5430.33 12951.90 5417.53 12942.98 5382.02 12944.00 5449.72 12908.81 5455.79 12926.47 5464.11 12935.72 5483.96 12932.39 5466.86 12937.18
11 2125.48 13785.86 2111.35 13775.73 2108.79 13787.10 2102.69 13821.11 2097.82 13785.38 2086.26 13811.52 2075.86 13783.90 2078.06 13742.75 2116.25 13714.63 2136.15 13707.72 2121.71 13751.31
6 5742.78 7628.54 5744.77 7638.95 5713.49 7649.04 5708.12 7623.00 5690.69 7606.66 5716.52 7585.83
9 4050.33 10356.51 4046.34 10360.35 4039.81 10360.79 3986.61 10350.41 3978.83 10328.31 3996.68 10333.32 3986.85 10321.23 4018.17 10329.04 4037.13 10319.70
9 3532.22 8722.86 3540.98 8740.65 3476.52 8712.69 3481.99 8700.40 3481.32 8692.33 3488.02 8663.51 3547.51 8688.26 3528.77 8698.13 3515.89 8706.01
15 14184.79 10955.00 14154.76 10953.66 14133.18 10988.33 14151.73 10941.89 14148.57 10930.38 14089.34 10907.70 14136.19 10914.19 14152.76 10886.46 14169.22 10847.99 14172.74 10899.13 14185.97 10847.12 14180.65 10914.89 14195.83 10910.91 14233.99 10910.11 14194.63 10923.29
6 7029.66 11890.37 6974.82 11846.57 7014.67 11859.80 7024.15 11854.51 7018.66 11814.61 7067.31 11823.50
5 4760.11 1656.72 4725.72 1605.03 4739.11 1605.33 4755.76 1601.43 4763.47 1575.71
5 10247.14 9846.48 10234.99 9824.09 10246.91 9820.19 10254.73 9824.92 10277.87 9817.48
14 8124.84 3517.85 8098.80 3520.92 8089.15 3518.00 8108.27 3531.56 8109.52 3537.69 8075.00 3531.67 8070.49 3524.00 8071.76 3564.64 8030.55 3528.91 8025.29 3505.49 8047.22 3497.43 8038.20 3484.12 8055.39 3486.71 8093.55 3500.56
5 12105.26 6448.30 12062.32 6461.17 12032.48 6394.27 12089.43 6400.79 12111.80 6421.62
9 12850.96 522.86 12819.98 508.92 12788.83 537.83 12791.85 522.66 12772.84 548.19 12760.72 546.60 12783.08 485.63 12829.57 469.03 12848.87 455.20
11 4275.35 12475.66 4222.83 12489.14 4234.70 12468.02 4256.10 12444.66 4257.13 12445.15 4275.09 12429.96 4272.40 12439.39 4269.45 12451.92 4292.42 12434.09 4305.45 12444.51 4322.91 12459.58
10 2547.13 5751.33 2511.24 5708.34 2471.31 5742.84 2427.33 5725.29 2435.48 5680.82 2416.14 5676.91 2426.23 5666.55 2523.22 5621.68 2509.11 5658.35 2557.76 5660.77
15 1332.43 10862.31 1338.92 10875.60 1320.22 10909.99 1299.83 10937.81 1285.53 10919.20 1275.76 10930.74 1246.92 10873.13 1281.58 10839.28 1290.64 10843.21 1268.41 10777.48 1278.36 10788.41 1301.13 10834.55 1306.03 10818.60 1347.43 10821.98 1390.18 10825.54
9 287.48 199.20 305.69 217.95 287.51 234.03 214.17 152.24 260.02 168.36 271.18 144.27 272.98 176.87 318.51 173.22 296.56 187.26
12 1399.04 11544.73 1397.92 11548.51 1444.56 11579.34 1374.91 11602.05 1339.83 11625.81 1318.41 11568.53 1329.89 11538.60 1316.22 11519.66 1328.53 11523.65 1300.29 11491.44 1361.01 11477.46 1365.73 11482.69
9 7607.62 11641.11 7590.06 11650.61 7558.91 11642.17 7549.75 11636.32 7558.76 11630.28 7544.83 11623.64 7588.16 11616.04 7597.67 11595.82 7596.46 11611.26
13 9694.42 11951.32 9693.24 11957.26 9698.63 11966.90 9677.37 11982.64 9653.96 11986.85 9616.04 11962.50 9645.99 11927.48 9626.84 11879.23 9656.30 11908.87 9681.09 11896.50 9677.43 11908.21 9693.86 11888.94 9730.74 11906.59
15 11835.24 13946.35 11784.33 13923.08 11784.98 13937.15 11776.87 13922.15 11757.15 13967.28 11732.30 13948.77 11668.04 13910.84 11736.73 13893.45 11734.72 13891.82 11694.62 13890.84 11742.41 13828.39 11791.28 13842.15 11778.14 13865.18 11840.86 13863.63 11782.63 13884.81
13 14216.43 8173.26 14218.59 8198.50 14219.25 8219.16 14199.65 8198.62 14203.96 8222.62 14162.78 8185.69 14155.42 8189.41 14146.90 8188.25 14140.15 8154.88 14129.37 8143.74 14142.96 8074.15 14174.39 8086.77 14193.76 8103.30
12 15339.06 848.17 15308.97 869.78 15303.51 865.28 15303.85 868.19 15254.11 879.78 15225.89 884.70 15211.74 847.40 15231.13 815.55 15224.97 798.21 15295.73 801.40 15307.74 755.19 15378.76 803.49
7 6546.45 13596.50 6543.51 13605.27 6532.42 13606.70 6494.39 13570.67 6497.79 13551.07 6532.12 13540.58 6548.20 13559.07
12 5012.25 4003.49 4965.38 4009.76 4940.40 4029.98 4956.77 4003.18 4910.51 4026.79 4913.37 3975.10 4935.63 3978.85 4946.92 3965.72 4951.76 3955.19 4973.74 3973.60 4983.67 3950.11 4989.95 3986.53
7 12277.33 6286.18 12230.83 6294.72 12223.91 6290.18 12257.90 6229.43 12266.25 6245.15 12291.52 6225.37 12283.00 6264.99
9 12266.99 9431.40 12239.43 9404.49 12189.30 9379.88 12221.31 9344.60 12216.04 9315.47 12293.15 9334.02 12304.01 9349.88 12270.14 9369.36 12273.63 9368.92
5 9071.74 5184.35 9018.98 5141.81 8992.53 5116.55 9097.83 5065.46 9093.30 5136.91
10 11394.27 7893.37 11332.16 7870.20 11338.33 7853.21 11292.10 7894.67 11285.69 7877.08 11282.78 7873.07 11340.21 7810.04 11353.83 7767.95 11368.80 7777.67 11362.48 7816.12
15 15392.77 4407.73 15388.21 4409.35 15382.84 4433.96 15345.53 4413.26 15272.79 4402.80 15263.15 4386.10 15285.56 4386.49 15262.57 4351.72 15278.63 4358.60 15346.63 4328.00 15365.63 4318.78 15379.70 4345.17 15384.27 4352.29 15352.15 4374.86 15386.84 4374.15
7 4813.71 10315.71 4788.24 10320.64 4782.41 10346.83 4738.99 10279.25 4789.89 10292.85 4787.31 10300.66 4785.59 10303.45
9 13824.44 11109.39 13793.81 11126.65 13766.40 11120.59 13764.40 11110.64 13746.91 11110.92 13741.04 11094.23 13764.18 11086.76 13733.07 11086.47 13805.56 11050.61
5 271.13 3263.22 249.71 3306.63 217.03 3259.87 200.64 3253.30 232.24 3203.05
15 11746.80 2531.40 11721.27 2534.96 11687.40 2524.39 11675.16 2519.00 11682.03 2514.97 11702.57 2502.93 11702.24 2453.64 11715.33 2490.91 11711.17 2476.67 11714.54 2481.36 11719.53 2488.28 11749.11 2478.98 11752.48 2498.58 11760.57 2500.14 11752.05 2501.53
7 11820.09 7691.78 11774.25 7664.21 11777.68 7645.13 11795.88 7609.85 11849.84 7622.86 11862.75 7631.11 11892.83 7640.79
11 5277.90 6249.94 5272.19 6244.50 5263.40 6267.20 5257.34 6253.06 5224.40 6241.10 5256.36 6234.40 5260.52 6222.53 5265.06 6219.94 5265.27 6197.93 5284.02 6226.78 5296.19 6224.69
11 3860.83 15213.52 3868.67 15231.10 3853.66 15244.71 3791.34 15219.11 3807.20 15207.72 3812.60 15205.09 3817.97 15202.39 3820.17 15202.93 3801.44 15183.87 3844.39 15200.47 3862.64 15203.89
13 3610.00 4087.99 3608.31 4086.23 3607.37 4071.27 3597.32 4070.36 3592.39 4069.01 3582.20 4051.55 3589.95 4041.98 3604.42 4048.48 3597.33 4042.32 3619.93 4046.27 3622.02 4018.88 3645.80 4034.37 3669.00 4042.90
9 13467.40 7200.29 13437.76 7210.54 13443.43 7213.28 13373.70 7220.62 13374.06 7218.01 13417.83 7144.74 13448.13 7174.64 13467.66 7191.67 13430.88 7198.04
12 6382.47 6766.09 6413.81 6802.66 6367.51 6765.78 6348.38 6782.23 6322.01 6803.96 6283.22 6785.72 6285.10 6757.38 6314.63 6741.69 6347.73 6698.41 6387.17 6666.12 6370.50 6702.67 6375.37 6701.77
5 11086.12 13748.27 11050.05 13777.92 10968.18 13708.97 11016.31 13702.35 11047.44 13723.49
10 12273.95 1825.37 12261.18 1831.25 12254.91 1835.00 12228.23 1828.46 12215.05 1834.46 12243.77 1820.86 12239.13 1791.22 12247.29 1804.71 12276.76 1809.61 12261.12 1816.28
8 548.36 15279.50 519.58 15281.98 424.31 15261.35 417.12 15226.42 460.18 15224.48 488.73 15237.28 514.69 15201.14 491.25 15245.48
11 10170.90 9228.46 10131.13 9238.30 10106.66 9218.62 10094.23 9205.66 10117.27 9205.17 10117.44 9186.88 10131.86 9186.34 10136.15 9184.32 10142.79 9189.59 10178.81 9199.50 10144.11 9215.54
14 5318.22 12302.26 5292.91 12305.29 5249.02 12331.81 5218.10 12357.46 5220.56 12350.99 5230.65 12291.79 5185.23 12293.52 5225.66 12287.30 5239.10 12260.88 5213.86 12210.86 5244.95 12258.70 5244.69 12206.43 5267.80 12257.95 5264.31 12265.23
9 10424.18 8287.59 10433.77 8337.49 10377.48 8311.17 10358.08 8290.04 10315.52 8240.04 10369.59 8256.78 10379.95 8255.26 10362.77 8207.21 10420.65 8202.07
7 4041.77 2619.28 4036.30 2635.64 4007.11 2630.83 3955.66 2653.79 3937.65 2612.48 4035.08 2588.60 4023.27 2609.04
9 4092.46 11618.51 4084.74 11619.60 4037.99 11631.05 4017.82 11652.56 3987.49 11651.47 3995.35 11642.95 3978.67 11600.23 4051.74 11579.06 4088.50 11532.42
13 8514.72 4522.87 8496.19 4523.42 8521.04 4530.53 8508.66 4557.72 8460.12 4578.85 8442.40 4586.47 8430.00 4540.25 8401.10 4507.72 8424.31 4509.10 8457.93 4494.74 8477.91 4471.12 8475.26 4502.57 8497.95 4502.68
7 3969.49 2736.20 3965.52 2748.64 3960.25 2749.74 3926.78 2760.10 3872.62 2737.84 3910.79 2725.04 3929.08 2692.08
11 12211.90 5861.88 12218.37 5877.87 12200.56 5870.08 12190.17 5880.02 12187.16 5825.14 12203.83 5802.02 12211.75 5830.45 12228.67 5811.27 12244.35 5814.18 12216.31 5845.09 12229.90 5848.19
13 8973.64 2601.92 8933.13 2627.79 8915.64 2632.13 8915.33 2610.98 8895.94 2580.54 8864.58 2566.29 8885.40 2555.61 8865.31 2539.14 8872.73 2534.03 8882.69 2534.50 8900.63 2539.97 8961.33 2573.45 8988.56 2579.81
13 14290.58 6990.13 14266.02 7000.86 14257.61 7031.15 14240.85 7010.73 14233.98 7022.42 14202.21 7014.07 14222.77 6985.92 14217.46 6973.11 14244.37 6957.92 14228.06 6914.31 14267.86 6934.44 14319.66 6948.33 14303.15 6970.01
11 873.90 12741.10 883.44 12759.37 880.33 12760.08 851.53 12759.83 835.01 12722.97 832.77 12715.31 840.47 12714.25 833.76 12693.79 846.33 12692.78 874.44 12719.52 879.63 12722.26
7 3028.28 6173.95 2979.90 6189.16 2968.12 6195.81 2963.33 6173.77 2944.28 6173.24 2969.16 6166.22 3026.25 6115.45
8 260.88 536.61 239.09 551.59 234.65 553.98 224.93 556.29 244.12 529.20 206.56 518.10 275.75 500.83 271.42 516.08
13 11234.25 11016.57 11244.55 11040.49 11219.13 11044.45 11205.53 11026.51 11194.18 11014.51 11183.42 11006.47 11185.31 10998.94 11192.42 11000.43 11200.70 10995.98 11223.27 10985.70 11246.20 10990.49 11232.66 11009.25 11243.15 11008.24
7 9445.87 1185.10 9409.31 1184.69 9426.39 1200.25 9407.85 1206.70 9393.20 1224.09 9382.70 1191.61 9384.87 1170.26
5 6028.99 519.81 6037.54 434.58 6099.29 468.58 6100.85 465.98 6120.18 489.84
7 14942.61 2212.44 14998.60 2226.31 14933.57 2242.49 14900.55 2223.43 14909.25 2149.78 14937.81 2172.85 14960.93 2179.88
9 9015.60 7925.37 8985.45 7987.37 8910.02 7950.57 8886.32 7954.07 8898.20 7909.60 8887.44 7870.16 8914.73 7837.60 8980.27 7892.80 8982.45 7910.43
12 12498.74 11472.03 12513.13 11480.90 12496.45 11480.73 12501.46 11494.39 12501.20 11496.40 12450.43 11486.60 12437.59 11493.30 12437.87 11464.64 12437.99 11427.70 12488.99 11403.86 12489.40 11424.17 12505.77 11455.76
9 1355.98 9932.90 1374.58 9934.77 1367.02 9935.75 1331.95 9981.48 1319.41 9969.70 1337.10 9943.71 1300.10 9950.18 1345.81 9917.55 1372.83 9923.05
8 2542.97 1079.30 2552.99 1102.71 2519.87 1115.34 2509.49 1063.83 2525.23 1023.03 2528.00 1030.37 2523.81 1053.99 2567.04 1073.40
14 11187.29 9401.88 11188.43 9404.00 11171.96 9386.16 11169.42 9432.37 11157.66 9425.99 11151.72 9389.36 11140.54 9397.26 11121.56 9345.18 11150.73 9353.97 11162.52 9326.43 11173.52 9358.10 11191.99 9368.67 11189.88 9373.08 11182.32 9374.59
9 8407.32 11094.02 8368.47 11063.80 8341.62 11001.00 8360.76 11011.61 8360.93 10998.87 8397.43 10979.43 8386.41 11015.83 8388.98 11019.66 8387.62 11029.82
10 10971.63 10400.96 10959.88 10406.36 10912.58 10420.83 10929.71 10393.32 10939.96 10385.95 10926.89 10364.50 10946.18 10374.55 10969.54 10352.13 10981.14 10386.50 10981.50 10388.86
11 13951.07 9505.89 13948.82 9511.57 13933.08 9523.05 13929.70 9514.62 13923.07 9516.06 13923.14 9515.42 13907.82 9523.52 13890.24 9472.48 13922.86 9458.89 13935.04 9466.67 13956.81 9495.36
14 1518.57 10138.02 1510.51 10141.19 1494.48 10160.26 1487.47 10191.15 1455.46 10155.32 1466.37 10145.31 1460.81 10124.19 1465.75 10103.42 1482.18 10114.60 1489.16 10110.58 1496.03 10099.07 1507.77 10100.45 1514.78 10108.19 1520.07 10123.91
10 10470.65 1869.75 10421.43 1876.69 10408.19 1916.19 10393.47 1946.32 10383.78 1921.87 10377.51 1894.63 10341.65 1853.80 10348.17 1824.24 10399.70 1846.53 10452.58 1857.27
8 3101.18 427.81 3136.87 440.62 3071.65 472.98 3031.93 446.85 3017.30 422.00 2998.53 391.55 3062.85 372.24 3092.52 369.28
6 2123.26 13547.93 2114.65 13528.25 2107.70 13522.87 2075.10 13519.74 2180.22 13476.40 2183.53 13485.24
6 13877.52 8634.89 13841.41 8652.02 13810.90 8693.11 13805.57 8666.68 13768.74 8664.25 13905.02 8594.89
12 10756.09 14234.92 10764.81 14241.74 10723.93 14237.51 10717.52 14305.86 10706.77 14270.92 10660.49 14271.26 10621.03 14229.22 10689.19 14211.64 10690.20 14182.91 10706.36 14143.41 10711.36 14153.26 10720.70 14135.22
8 4231.96 5015.60 4213.33 4985.95 4166.82 4961.87 4249.41 4916.24 4240.97 4940.36 4241.58 4953.07 4240.88 4969.10 4283.24 4970.00
7 10502.59 5265.80 10467.99 5276.08 10447.41 5244.04 10490.64 5208.25 10487.26 5196.33 10529.56 5210.18 10558.83 5219.17
11 2415.59 13848.83 2339.13 13876.53 2330.43 13858.36 2351.84 13827.36 2380.19 13801.22 2406.84 13792.82 2409.60 13791.48 2430.02 13790.95 2426.50 13799.42 2412.89 13819.48 2420.97 13827.90
12 9323.06 2081.01 9274.12 2054.12 9246.48 2069.93 9236.80 2067.42 9208.54 2080.95 9211.61 2045.43 9193.28 1976.30 9222.25 1978.56 9208.50 1946.47 9271.92 2001.04 9267.60 2010.34 9317.01 2017.57
10 8556.84 1501.82 8580.57 1512.52 8542.67 1579.01 8492.23 1545.98 8472.08 1535.09 8505.73 1498.56 8480.98 1500.82 8476.30 1460.38 8499.14 1433.54 8600.00 1461.11
10 479.75 2714.20 492.07 2728.59 402.19 2734.69 412.00 2696.94 422.89 2692.15 370.97 2693.56 428.97 2674.01 475.55 2665.63 463.94 2686.66 510.18 2689.70
11 6751.24 6283.56 6735.54 6293.56 6746.39 6309.32 6730.03 6313.11 6719.15 6314.21 6701.09 6353.98 6694.55 6235.47 6697.44 6196.29 6728.09 6200.16 6740.83 6202.21 6724.56 6232.79
10 8489.37 1674.37 8379.79 1705.30 8335.27 1643.12 8354.49 1643.37 8375.71 1646.65 8384.50 1609.79 8407.87 1637.41 8419.07 1623.01 8426.82 1594.40 8439.43 1570.07
11 2327.14 12371.90 2313.37 12378.75 2338.02 12421.44 2308.67 12396.23 2292.79 12427.77 2289.49 12400.64 2286.95 12387.61 2286.22 12383.80 2272.61 12397.62 2232.09 12413.63 2267.49 12318.33
6 13788.74 228.01 13750.76 224.82 13749.58 236.39 13769.71 272.37 13733.40 246.31 13727.33 178.56
13 5991.60 613.21 6002.22 622.34 5991.60 624.40 5988.61 639.71 5990.96 651.52 5951.90 641.17 5940.07 579.36 5969.57 590.04 5965.69 578.63 5980.60 591.04 6011.17 569.74 6004.72 583.62 5989.82 599.56
6 8814.68 8724.04 8751.34 8767.23 8771.02 8691.09 8772.96 8646.57 8776.45 8644.51 8802.38 8648.87
12 304.01 3647.80 334.40 3690.04 243.04 3705.75 246.87 3668.47 252.71 3655.82 219.40 3635.85 266.60 3631.16 286.37 3610.03 299.67 3596.38 320.25 3576.85 322.93 3581.94 342.08 3623.61
10 13839.42 12194.37 13839.90 12203.68 13853.68 12219.81 13840.82 12210.97 13830.93 12215.98 13825.50 12218.19 13798.79 12217.55 13797.55 12188.45 13808.00 12177.60 13807.25 12158.81
14 4854.05 13407.63 4869.74 13416.82 4866.82 13429.76 4814.33 13447.93 4807.94 13429.93 4799.16 13437.76 4774.53 13425.77 4784.40 13376.83 4815.80 13390.21 4827.12 13371.22 4838.48 13338.20 4861.95 13373.10 4883.51 13366.39 4871.90 13393.40
10 6653.19 2949.96 6632.31 2958.02 6620.53 2951.81 6608.75 2953.37 6605.68 2978.47 6571.27 2954.34 6575.81 2940.53 6566.77 2925.50 6627.38 2920.20 6631.70 2928.10
7 2731.09 13532.39 2761.69 13577.63 2682.38 13553.18 2603.07 13502.07 2607.27 13481.81 2716.67 13499.97 2732.35 13503.86
6 6931.09 10689.31 6879.12 10718.32 6848.32 10712.67 6828.54 10710.37 6824.42 10712.56 6840.71 10673.45
15 2903.48 8388.96 2850.24 8448.52 2809.25 8442.00 2799.47 8429.67 2803.49 8416.13 2815.58 8400.32 2802.68 8396.14 2805.43 8388.75 2776.18 8384.99 2792.17 8379.86 2831.74 8348.60 2860.31 8351.58 2879.23 8373.28 2892.06 8369.41 2869.23 8380.17
12 1068.49 3675.47 1048.29 3662.50 1007.86 3672.67 1011.19 3662.71 1010.56 3661.69 1003.43 3644.37 1004.11 3639.66 989.42 3615.58 1004.80 3594.62 1063.53 3591.62 1043.73 3631.84 1073.12 3630.36
8 9683.49 2596.99 9718.92 2623.04 9676.67 2660.02 9648.19 2663.78 9596.20 2617.22 9600.74 2534.50 9684.37 2573.32 9712.63 2576.97
7 15402.72 14449.13 15385.54 14407.16 15404.98 14398.43 15394.76 14375.38 15416.89 14366.50 15421.54 14383.69 15425.94 14378.18
11 7951.14 1257.28 7955.37 1271.50 7957.96 1279.71 7936.64 1290.77 7874.18 1307.40 7907.57 1263.53 7878.42 1198.30 7868.05 1184.88 7992.56 1208.71 7969.82 1230.45 7979.43 1236.86
14 3881.11 1980.48 3900.29 1995.50 3895.15 1993.83 3869.11 1988.91 3868.09 2017.21 3864.66 1994.51 3841.02 1972.72 3847.63 1971.03 3851.20 1965.21 3842.01 1957.06 3842.87 1956.16 3864.32 1943.39 3897.49 1959.47 3883.77 1971.78
6 8116.80 6297.31 8118.50 6309.29 8098.20 6317.35 8050.08 6282.35 8126.41 6261.04 8125.16 6277.20
8 11889.56 13487.82 11896.43 13499.84 11851.84 13493.63 11834.72 13507.32 11859.96 13450.35 11873.83 13459.87 11887.08 13461.23 11870.81 13468.13
5 6392.20 12269.30 6342.09 12293.25 6320.89 12333.46 6281.04 12276.17 6368.15 12247.92
15 2165.14 14322.41 2129.34 14328.16 2160.06 14345.80 2145.93 14347.10 2098.91 14378.44 2072.03 14338.73 2032.93 14285.66 2056.48 14289.99 2054.60 14265.08 2072.28 14273.57 2104.61 14270.94 2139.06 14254.23 2112.81 14288.35 2151.53 14270.22 2110.74 14313.69
13 9597.55 14576.07 9582.48 14615.67 9549.81 14594.47 9535.49 14614.73 9510.51 14617.19 9510.86 14615.47 9501.15 14609.45 9531.77 14565.21 9525.39 14523.46 9538.82 14534.14 9555.18 14529.54 9558.88 14570.19 9597.36 14570.15
15 9683.60 13118.30 9709.12 13150.33 9662.36 13169.68 9659.35 13154.72 9659.55 13121.21 9635.83 13118.06 9631.64 13108.35 9643.18 13105.41 9653.09 13106.19 9636.44 13094.44 9652.66 13084.80 9669.78 13104.58 9671.27 13087.40 9684.41 13090.47 9713.08 13100.14
15 9431.45 8104.81 9444.56 8110.71 9440.52 8133.23 9432.35 8132.04 9415.33 8123.41 9397.06 8139.72 9390.41 8116.74 9376.54 8110.86 9364.55 8104.89 9371.80 8094.81 9368.59 8063.00 9390.98 8083.09 9414.43 8075.40 9439.67 8055.01 9428.09 8094.30
9 14792.07 1157.22 14767.84 1165.33 14766.62 1162.25 14753.98 1166.65 14739.46 1160.63 14772.44 1132.00 14776.54 1124.59 14806.93 1118.81 14812.80 1119.97
12 6548.85 7950.97 6525.96 7962.89 6519.17 7968.40 6507.59 7955.89 6497.80 7961.28 6478.34 7963.64 6474.12 7946.59 6482.29 7945.28 6492.80 7940.37 6505.96 7939.62 6508.69 7941.87 6515.87 7939.75
13 4194.17 5239.62 4200.14 5201.21 4199.35 5203.11 4174.79 5252.33 4175.64 5220.88 4180.41 5199.67 4182.20 5156.07 4184.27 5121.24 4218.83 5124.39 4251.55 5144.03 4238.60 5165.88 4234.96 5170.00 4220.00 5184.80
15 861.81 5948.60 817.05 5945.89 834.26 5971.23 789.09 5957.73 764.73 5955.29 774.47 5939.60 726.18 5923.25 726.22 5918.43 738.42 5889.12 772.99 5910.72 789.73 5855.47 808.80 5876.79 801.82 5908.98 836.02 5878.05 850.36 5923.23
12 4482.78 1950.25 4479.79 1951.19 4453.42 1953.93 4440.45 1946.23 4420.62 1950.41 4404.14 1957.04 4422.63 1940.91 4405.99 1941.70 4387.21 1929.07 4429.79 1926.90 4414.37 1906.16 4465.36 1922.96
9 7923.71 8596.52 7910.86 8600.44 7866.76 8606.98 7883.87 8580.26 7873.64 8565.87 7879.50 8548.21 7896.27 8565.16 7912.85 8574.76 7929.45 8586.68
6 9558.45 4883.63 9528.95 4864.42 9518.52 4866.45 9498.65 4809.03 9529.73 4839.41 9549.59 4823.63
7 7476.33 1375.97 7474.15 1413.93 7386.79 1344.91 7417.99 1348.69 7447.33 1344.69 7474.69 1338.36 7471.35 1346.84
10 13764.30 10168.55 13751.14 10169.88 13777.53 10193.78 13726.38 10209.27 13736.36 10133.23 13756.17 10103.39 13770.26 10115.96 13778.31 10122.74 13767.54 10141.71 13759.98 10153.32
11 1937.07 11806.75 1926.89 11807.30 1905.67 11842.53 1855.62 11830.51 1866.37 11799.98 1862.53 11795.01 1897.13 11750.13 1892.65 11760.77 1905.47 11766.24 1927.75 11777.24 1943.15 11779.58
