Giant_2000_A
308.38 9900.77
7493.05 3445.95
4 0.00 0.00 18000.00 0.00 18000.00 18000.00 0.00 18000.00
2000
11 7284.44 15384.33 7311.64 15305.74 7345.68 15308.61 7356.27 15310.68 7396.50 15322.86 7412.97 15335.58 7415.76 15360.48 7400.84 15430.06 7351.39 15455.79 7318.68 15427.00 7300.14 15406.92
8 17313.78 1685.99 17305.07 1584.37 17370.47 1559.37 17425.45 1605.77 17436.49 1633.51 17412.32 1699.24 17398.76 1718.00 17351.50 1712.57
8 9697.75 17067.75 9663.13 17100.55 9634.89 17084.76 9611.95 17068.93 9623.09 17028.55 9665.95 17013.35 9675.93 17011.99 9694.31 17044.27
9 12227.37 13330.69 12226.78 13267.68 12231.39 13240.77 12250.07 13233.66 12302.04 13222.52 12367.29 13268.54 12354.16 13329.63 12348.96 13345.20 12279.17 13339.86
8 6775.73 8205.65 6821.98 8247.50 6803.73 8310.05 6790.05 8317.75 6753.23 8308.55 6695.63 8263.32 6660.81 8229.95 6706.94 8214.83
8 14209.45 3375.41 14167.78 3413.42 14125.07 3407.52 14102.77 3388.89 14114.81 3343.09 14144.19 3273.63 14153.24 3267.40 14198.20 3290.79
9 14162.88 2182.35 14189.64 2240.65 14173.43 2286.47 14119.92 2291.82 14090.68 2282.13 14080.07 2212.91 14088.91 2199.25 14105.82 2182.22 14143.52 2180.21
6 7317.82 10833.35 7329.38 10735.51 7380.89 10715.98 7424.83 10725.47 7439.92 10836.97 7388.77 10835.56
11 8566.72 10656.92 8577.51 10626.70 8593.37 10609.41 8647.42 10610.50 8675.81 10650.99 8673.98 10672.66 8661.45 10688.76 8620.12 10699.69 8613.14 10697.54 8602.71 10693.28 8569.67 10664.39
6 1463.62 3207.89 1436.01 3160.55 1454.09 3131.93 1503.79 3131.47 1519.60 3159.99 1522.04 3175.04
6 6683.46 1966.95 6712.79 1930.94 6741.28 1942.23 6741.26 1983.34 6709.95 2006.48 6693.45 1991.48
8 15542.15 1179.93 15522.51 1143.01 15530.82 1118.60 15578.01 1093.20 15610.05 1123.55 15618.76 1140.68 15633.13 1175.33 15610.52 1196.71
9 13226.49 6719.95 13215.76 6649.61 13224.35 6644.76 13322.55 6606.77 13360.25 6601.15 13378.69 6646.47 13386.96 6683.97 13364.26 6711.00 13308.86 6757.44
10 6666.84 15184.03 6708.89 15130.71 6765.02 15114.39 6833.56 15162.99 6836.34 15169.82 6837.64 15222.74 6836.74 15246.89 6796.89 15275.50 6673.12 15224.05 6668.53 15204.26
10 14128.74 7590.93 14123.23 7530.97 14150.06 7489.25 14183.52 7478.12 14236.11 7498.46 14249.29 7506.40 14278.53 7547.42 14271.17 7575.33 14242.30 7624.00 14168.65 7605.39
5 4880.58 13214.01 4844.92 13288.22 4756.77 13275.05 4736.96 13204.68 4793.19 13154.34
7 8721.89 8897.06 8804.54 8824.16 8864.09 8846.39 8898.96 8919.62 8851.55 8986.73 8789.74 8980.74 8721.98 8920.76
9 4418.88 16728.88 4433.89 16746.24 4420.65 16794.71 4414.27 16805.89 4389.15 16804.19 4360.08 16783.54 4356.96 16772.62 4356.37 16767.33 4366.96 16747.12
9 4366.91 1046.50 4311.28 1018.24 4333.12 972.62 4350.75 948.31 4371.63 945.19 4390.94 964.39 4407.28 1005.73 4393.21 1032.65 4379.67 1044.31
10 1727.46 9477.27 1689.38 9469.90 1677.86 9461.24 1658.07 9429.44 1662.43 9408.13 1696.79 9363.40 1716.18 9353.84 1733.19 9358.71 1778.81 9388.62 1772.03 9451.17
7 7625.76 13409.75 7583.57 13482.91 7582.70 13482.82 7509.77 13425.57 7521.63 13375.57 7611.26 13357.28 7624.82 13374.54
9 9436.81 8028.46 9440.91 8077.01 9437.18 8082.70 9418.48 8095.72 9386.85 8088.71 9370.73 8058.59 9371.37 8047.41 9382.73 8019.82 9385.90 8018.32
5 15132.25 3968.04 15184.59 3939.05 15211.69 3960.06 15201.67 3983.79 15180.10 3984.95
7 6379.80 8249.57 6345.04 8277.08 6294.66 8250.93 6292.53 8212.76 6321.77 8185.35 6362.43 8184.32 6370.19 8213.00
8 14907.98 1569.51 14904.62 1528.58 14917.56 1511.54 14947.24 1507.41 14970.96 1525.29 14985.48 1559.31 14964.33 1583.15 14957.69 1585.44
10 2365.46 14792.68 2457.51 14770.77 2460.87 14773.80 2482.36 14871.10 2472.61 14914.36 2429.71 14920.22 2374.58 14908.66 2353.89 14889.90 2340.36 14852.10 2346.37 14808.03
9 16145.72 8693.70 16123.52 8619.68 16158.97 8565.02 16217.25 8561.48 16227.23 8582.42 16243.97 8635.56 16247.72 8659.84 16239.92 8673.48 16219.59 8688.55
13 14195.40 17684.80 14160.58 17679.64 14147.78 17675.35 14125.17 17664.59 14134.04 17629.64 14140.22 17606.29 14169.26 17589.10 14203.28 17575.60 14209.14 17576.59 14227.17 17609.67 14226.11 17620.99 14213.27 17667.96 14203.92 17677.01
11 2418.68 11531.85 2462.86 11522.34 2494.04 11523.94 2512.23 11589.11 2512.55 11615.76 2497.49 11639.57 2493.02 11642.32 2443.46 11633.97 2395.93 11612.95 2390.34 11604.02 2396.88 11559.43
7 16645.40 1506.94 16620.59 1426.54 16653.40 1409.92 16741.39 1436.80 16735.85 1454.38 16696.20 1497.12 16687.55 1500.17
8 17618.83 15936.13 17617.33 15963.39 17608.98 15960.29 17557.85 15933.16 17541.39 15908.35 17565.12 15866.98 17586.79 15851.48 17604.22 15864.44
8 15728.90 7220.93 15755.45 7257.87 15755.15 7277.29 15736.77 7295.42 15698.65 7315.96 15654.03 7281.94 15651.93 7257.42 15680.78 7241.86
10 13997.92 158.41 14064.98 152.21 14093.44 169.88 14102.93 208.40 14086.45 261.93 14064.00 268.78 14014.65 242.92 13976.06 216.65 13982.62 178.28 13985.53 172.15
7 6714.64 16970.01 6782.00 17042.85 6767.09 17065.69 6736.65 17092.69 6682.74 17044.84 6691.21 17014.46 6704.11 16982.96
9 14927.46 5743.80 14904.45 5791.06 14838.96 5774.21 14828.95 5757.03 14821.52 5727.72 14826.54 5718.34 14878.60 5678.56 14915.04 5703.33 14926.35 5728.40
6 11405.81 9705.80 11458.65 9664.84 11496.89 9688.37 11497.20 9731.34 11484.18 9747.38 11419.11 9736.36
9 15377.94 12182.61 15395.26 12117.16 15435.66 12118.54 15521.39 12143.45 15526.07 12188.07 15502.84 12217.58 15456.55 12225.24 15402.39 12218.52 15389.15 12206.61
7 16805.72 4305.89 16734.23 4224.43 16761.71 4174.30 16836.58 4143.46 16845.50 4147.43 16895.29 4220.35 16876.52 4261.40
10 10202.93 11431.14 10235.46 11424.59 10248.30 11433.10 10259.23 11452.51 10263.21 11483.85 10222.75 11495.32 10199.48 11499.68 10190.00 11492.50 10177.64 11456.91 10178.52 11449.39
7 9301.29 11917.22 9264.01 11916.01 9256.02 11896.98 9254.12 11852.65 9285.25 11841.27 9327.99 11850.42 9323.91 11902.94
8 9251.60 919.30 9280.61 876.45 9325.52 875.53 9341.60 912.15 9346.74 931.57 9342.03 948.40 9308.60 978.59 9260.15 942.93
7 4700.58 16656.05 4685.81 16624.88 4686.78 16556.93 4700.03 16517.12 4811.20 16574.63 4813.94 16608.62 4813.79 16616.42
8 10744.45 7709.12 10672.99 7713.45 10637.14 7686.86 10631.02 7626.57 10658.66 7586.42 10748.88 7586.28 10770.33 7623.64 10767.01 7672.95
7 17395.59 8700.52 17434.03 8638.48 17478.49 8651.42 17509.85 8684.85 17477.59 8731.63 17450.07 8758.34 17398.51 8728.85
6 7670.57 9061.83 7632.13 9118.63 7614.75 9116.02 7604.18 9084.47 7603.32 9069.90 7625.41 9048.59
8 13787.73 2067.05 13721.94 2037.05 13733.30 1976.08 13751.51 1957.50 13777.33 1941.70 13835.49 1967.56 13853.25 1986.76 13826.00 2027.41
11 2516.96 319.69 2490.08 317.24 2482.67 304.27 2455.63 246.71 2445.31 202.94 2477.79 192.53 2509.19 183.32 2540.46 174.62 2579.31 180.22 2587.52 201.09 2571.42 279.99
7 14730.41 1339.83 14738.80 1302.45 14769.25 1307.75 14783.66 1310.37 14791.47 1316.68 14799.45 1352.51 14755.79 1366.54
11 9767.34 8003.48 9759.10 7955.69 9770.36 7908.33 9805.25 7873.41 9822.95 7864.04 9871.26 7893.15 9886.74 7906.44 9885.03 7940.25 9860.83 8008.89 9838.54 8010.42 9800.85 8008.91
9 15711.18 1876.89 15703.87 1832.67 15724.84 1819.52 15764.91 1821.88 15793.62 1827.83 15788.31 1875.25 15765.74 1893.18 15740.66 1891.03 15725.68 1886.90
8 15822.91 13779.82 15781.93 13711.07 15791.45 13675.58 15869.31 13620.93 15920.41 13637.62 15961.67 13673.48 15950.06 13765.73 15875.53 13776.47
12 16812.07 475.09 16843.36 407.64 16863.51 413.33 16923.12 448.53 16941.52 464.18 16944.18 476.95 16938.11 516.64 16887.66 552.90 16872.71 553.04 16842.85 539.10 16816.62 511.49 16815.74 504.53
11 6205.59 842.59 6156.67 775.92 6163.73 764.36 6191.27 746.83 6208.88 738.64 6244.05 723.44 6265.22 737.61 6287.85 786.21 6283.85 815.30 6262.34 840.49 6247.05 844.48
8 565.58 9101.81 540.48 9178.93 507.94 9185.79 432.97 9140.97 457.56 9086.55 478.79 9057.27 545.00 9031.66 565.55 9063.44
10 8688.53 10676.05 8771.87 10643.21 8786.84 10680.25 8787.62 10734.67 8779.15 10773.96 8705.84 10772.08 8667.60 10745.36 8656.52 10715.89 8667.58 10697.44 8675.07 10689.49
10 13283.31 13777.72 13283.31 13719.94 13289.63 13677.58 13316.08 13678.83 13335.16 13680.78 13345.81 13685.65 13389.25 13741.41 13370.78 13780.63 13340.23 13800.68 13315.71 13792.65
9 15261.43 15136.96 15260.37 15103.12 15272.60 15080.92 15292.88 15048.07 15334.95 15053.96 15368.81 15088.65 15359.86 15141.39 15307.31 15162.55 15279.22 15150.66
7 13705.37 6116.02 13679.05 6201.31 13652.57 6202.36 13608.11 6158.43 13597.21 6129.37 13600.40 6114.27 13685.25 6102.85
7 12095.79 9080.29 12134.94 9120.60 12134.12 9123.22 12102.46 9187.66 12070.98 9174.47 12065.31 9107.94 12090.27 9084.94
9 7227.49 2403.86 7218.44 2492.35 7151.63 2490.03 7115.38 2485.90 7092.52 2478.69 7089.43 2414.60 7129.44 2387.72 7169.93 2373.31 7219.69 2381.91
7 7163.26 9246.44 7185.28 9297.74 7156.12 9351.05 7122.89 9360.36 7076.80 9341.10 7075.30 9304.13 7080.67 9255.00
8 15533.50 8765.27 15559.50 8706.77 15605.42 8723.91 15619.51 8734.80 15615.75 8756.91 15589.83 8780.92 15575.94 8786.94 15558.41 8787.84
7 2217.27 6051.28 2271.44 6076.29 2264.96 6139.68 2229.50 6163.61 2182.67 6145.49 2165.80 6105.66 2176.18 6069.77
8 6325.87 561.68 6293.30 556.19 6267.20 521.21 6251.19 478.83 6323.71 468.14 6340.89 474.75 6339.90 496.70 6331.62 558.06
9 2215.84 9756.16 2215.19 9844.28 2148.79 9849.63 2127.83 9839.89 2107.29 9827.23 2081.70 9795.76 2094.75 9715.44 2142.14 9687.38 2178.96 9710.75
10 14937.82 11100.90 14891.71 11092.44 14889.78 11081.75 14886.83 11058.14 14891.77 11031.33 14909.16 11024.50 14949.89 11025.14 14959.39 11036.78 14966.09 11058.89 14955.97 11096.37
8 9948.22 7255.19 9924.24 7284.68 9892.65 7274.93 9880.83 7245.03 9886.14 7221.72 9927.60 7208.05 9940.59 7225.05 9946.39 7240.21
12 8029.63 2010.26 8029.13 1984.67 8037.55 1975.36 8041.52 1972.23 8057.51 1963.41 8073.94 1954.61 8101.26 1966.62 8115.37 1975.26 8113.62 2015.24 8079.23 2029.71 8055.44 2028.48 8038.52 2017.26
11 2703.05 7912.15 2719.83 7840.52 2765.42 7823.23 2844.03 7875.48 2851.28 7886.90 2846.42 7927.41 2839.08 7935.13 2805.61 7958.52 2766.72 7951.59 2749.60 7948.06 2713.78 7938.66
7 14421.97 3041.42 14374.93 2972.09 14409.49 2928.38 14473.00 2925.54 14492.89 2960.24 14472.79 3030.41 14470.23 3035.90
8 8001.26 10333.67 7997.05 10376.08 7910.74 10373.95 7892.63 10332.18 7884.73 10311.37 7914.12 10273.97 7926.96 10276.02 7983.38 10294.14
9 2420.20 3186.85 2308.36 3109.96 2314.70 3085.60 2323.36 3061.94 2363.13 3023.05 2397.06 3025.84 2447.26 3034.24 2482.68 3087.43 2444.76 3153.30
8 1813.28 9898.03 1880.79 9951.23 1877.53 10060.95 1841.40 10075.09 1822.53 10077.21 1765.99 10047.05 1743.26 9974.79 1770.17 9943.33
12 17481.77 12149.37 17489.62 12116.10 17546.83 12089.89 17566.71 12106.77 17585.31 12138.41 17585.33 12153.85 17577.20 12166.64 17559.33 12187.91 17543.84 12201.76 17523.12 12202.46 17502.41 12188.13 17489.14 12165.02
10 5883.78 16886.23 5888.71 16844.98 5918.64 16832.67 5941.03 16829.12 5955.38 16834.22 5965.23 16873.35 5967.18 16888.01 5939.64 16908.12 5921.61 16916.88 5895.86 16898.39
11 15675.12 14293.31 15680.42 14257.40 15688.64 14251.75 15759.31 14208.85 15799.73 14226.93 15809.98 14259.81 15817.39 14289.41 15795.08 14361.62 15782.23 14369.53 15727.99 14358.71 15708.54 14337.72
9 13768.47 13370.73 13748.87 13286.91 13761.90 13244.23 13805.88 13216.52 13837.18 13221.96 13871.75 13229.00 13918.58 13315.33 13890.65 13377.19 13812.98 13380.27
9 1519.11 10802.28 1540.15 10837.32 1534.90 10865.63 1511.17 10892.98 1503.89 10898.95 1498.40 10899.28 1459.80 10893.07 1443.94 10864.42 1468.32 10833.73
8 11020.53 9063.76 11046.99 9111.32 11027.78 9132.62 11016.07 9136.45 10986.88 9141.99 10969.77 9140.91 10953.33 9107.71 10969.69 9085.66
11 6302.38 11712.25 6313.73 11686.80 6339.30 11674.43 6388.93 11660.07 6398.48 11664.90 6440.69 11689.08 6452.42 11704.03 6459.01 11729.73 6371.11 11773.34 6350.54 11776.62 6307.16 11725.67
11 5950.62 8663.03 5907.69 8728.48 5882.83 8727.31 5873.57 8724.93 5834.38 8698.49 5825.30 8651.67 5831.56 8633.87 5853.82 8616.39 5871.05 8606.17 5891.37 8600.93 5931.71 8617.57
6 5181.74 10529.55 5301.12 10469.09 5347.65 10500.40 5342.04 10551.91 5265.21 10602.28 5219.48 10585.70
12 17040.40 11954.93 16979.90 11923.01 16968.92 11895.46 16965.03 11868.59 16968.37 11847.50 16985.05 11836.44 17036.37 11821.30 17087.65 11830.05 17110.10 11852.28 17116.61 11866.82 17124.21 11889.11 17106.57 11936.20
9 2143.34 16109.77 2168.65 16160.96 2168.12 16217.33 2165.83 16260.52 2154.62 16265.15 2103.09 16270.17 2061.95 16215.11 2041.66 16155.33 2070.44 16116.63
7 1550.56 397.20 1486.20 265.46 1488.97 261.91 1520.62 226.89 1619.50 262.75 1651.51 338.78 1585.61 390.25
8 13721.95 11022.24 13692.47 10999.92 13693.65 10961.94 13708.24 10956.58 13746.02 10944.98 13767.21 10967.10 13764.64 10985.25 13746.05 11007.47
5 13603.41 6442.76 13717.05 6479.72 13693.12 6529.62 13615.19 6510.53 13607.36 6480.77
9 15572.74 9271.11 15579.22 9243.71 15605.72 9220.14 15620.15 9221.48 15664.89 9239.66 15670.33 9277.38 15642.37 9315.26 15621.22 9317.75 15580.83 9295.77
9 10814.06 1350.17 10811.00 1292.23 10846.32 1263.94 10872.17 1268.32 10905.34 1277.18 10913.57 1312.74 10898.47 1363.75 10894.88 1373.52 10862.87 1382.00
7 8189.48 10313.69 8174.12 10214.00 8182.57 10195.56 8231.39 10178.32 8259.18 10208.18 8281.74 10303.43 8212.10 10326.67
8 17657.62 6398.02 17576.36 6406.60 17551.48 6379.34 17547.69 6331.49 17552.29 6306.44 17577.83 6278.39 17644.33 6275.65 17656.31 6287.76
8 15273.42 5001.26 15286.09 4930.04 15421.86 4947.85 15438.53 4951.22 15421.06 5008.70 15403.25 5040.83 15363.49 5040.20 15312.68 5032.35
9 13914.50 15224.28 13869.95 15218.03 13858.82 15189.39 13849.75 15151.79 13861.66 15130.72 13881.46 15118.84 13942.61 15142.59 13980.43 15175.29 13963.91 15221.93
7 15820.97 11189.17 15766.61 11239.05 15720.34 11209.64 15691.74 11188.11 15773.65 11117.15 15799.10 11108.87 15808.85 11144.38
8 960.41 14633.64 980.47 14709.38 956.89 14732.33 884.80 14725.12 864.91 14701.54 883.05 14617.32 895.71 14617.32 949.65 14622.57
11 277.53 4434.35 261.23 4432.34 243.03 4395.97 241.82 4391.53 246.09 4371.02 268.69 4360.53 290.81 4367.14 311.84 4389.02 312.94 4391.94 307.87 4405.76 280.19 4432.36
10 13996.97 962.30 14008.11 815.71 14101.25 823.09 14122.27 837.44 14114.53 915.37 14098.69 959.81 14079.38 969.81 14039.34 977.52 14011.55 982.86 14003.29 981.32
10 390.38 6371.76 417.40 6353.86 438.38 6368.01 470.76 6411.37 475.23 6438.25 450.37 6466.98 416.70 6472.35 375.71 6447.97 365.32 6433.22 373.07 6413.75
8 12998.92 11104.56 12959.20 11035.21 12985.77 11000.04 13041.73 10988.62 13077.60 11010.01 13101.10 11056.73 13076.58 11104.14 13011.33 11121.30
9 7421.06 2185.29 7397.00 2104.63 7413.96 2059.86 7486.85 2036.93 7523.76 2062.20 7549.05 2107.44 7551.69 2159.04 7546.13 2171.41 7527.68 2195.23
7 9132.52 5565.55 9085.42 5670.41 9023.80 5652.42 8996.62 5590.13 8996.35 5559.49 9023.18 5532.38 9112.03 5532.91
7 7375.75 262.59 7422.01 212.40 7457.32 232.32 7486.70 259.02 7492.19 288.23 7452.94 322.46 7379.30 276.67
9 10456.84 9309.30 10467.60 9349.12 10432.78 9376.56 10425.56 9381.82 10414.58 9367.54 10404.07 9350.33 10392.15 9323.82 10395.28 9312.30 10415.21 9306.09
7 5075.50 12286.08 5041.47 12212.41 5080.33 12142.29 5163.35 12126.65 5204.89 12154.67 5216.40 12267.23 5204.75 12280.12
9 15417.68 17618.56 15405.54 17576.15 15415.36 17559.24 15456.85 17527.90 15519.56 17559.64 15529.77 17585.21 15525.12 17609.66 15497.20 17653.38 15436.89 17629.81
9 8984.79 2560.61 8985.47 2535.40 9043.79 2494.65 9116.20 2520.35 9131.57 2614.60 9093.54 2655.34 9073.99 2664.13 9053.77 2655.69 8986.84 2617.13
10 4471.56 14542.78 4459.46 14498.61 4464.25 14487.09 4516.52 14465.80 4538.33 14473.97 4556.19 14507.84 4563.98 14527.72 4554.37 14547.62 4512.19 14564.48 4498.62 14558.56
11 13605.07 303.82 13628.19 267.77 13675.76 254.34 13699.62 262.18 13724.27 313.42 13730.49 341.24 13731.27 363.01 13693.46 390.89 13686.79 395.14 13649.08 392.20 13622.43 363.82
9 11016.94 4479.97 11027.17 4442.16 11056.10 4423.09 11080.78 4414.70 11113.89 4457.68 11115.27 4505.00 11115.11 4516.76 11065.90 4518.41 11017.54 4484.13
12 10152.82 5453.60 10165.90 5474.00 10163.88 5492.27 10149.75 5515.18 10142.93 5524.68 10133.82 5529.68 10124.52 5528.97 10055.51 5502.48 10057.75 5491.08 10093.95 5435.40 10097.35 5432.97 10129.43 5421.32
10 12026.23 11590.16 12061.78 11581.73 12080.70 11586.60 12082.17 11587.17 12117.83 11652.99 12076.37 11666.69 12046.27 11676.45 11986.18 11618.36 11981.73 11609.03 11999.26 11601.58
8 11761.78 14330.43 11765.03 14273.66 11854.36 14207.91 11936.07 14254.94 11940.26 14294.67 11940.02 14346.03 11851.07 14399.92 11794.22 14371.49
7 15370.03 10329.37 15264.85 10386.85 15261.45 10386.46 15240.42 10369.60 15209.59 10263.24 15264.78 10216.49 15315.18 10215.89
8 12901.95 9825.54 12865.05 9869.66 12821.35 9864.28 12805.12 9853.57 12798.66 9816.84 12810.11 9778.61 12838.04 9746.53 12847.25 9751.46
7 9162.38 13278.64 9204.87 13312.09 9202.05 13369.76 9179.98 13390.88 9118.67 13383.13 9108.46 13366.74 9122.79 13320.39
8 1583.41 14254.06 1576.52 14199.89 1606.49 14143.41 1698.83 14137.96 1735.44 14187.59 1736.39 14237.02 1732.91 14255.73 1637.82 14256.07
8 12106.06 12370.39 12160.81 12408.56 12127.60 12500.69 12117.08 12522.03 12102.35 12520.55 12030.35 12492.15 12012.58 12455.85 12032.68 12396.62
10 2944.42 4905.32 2907.45 4873.65 2895.71 4817.42 2894.41 4807.40 2923.56 4750.44 2938.41 4744.84 2991.85 4754.20 3063.45 4792.63 3035.25 4855.00 3018.57 4883.34
8 15697.96 17153.12 15708.11 17085.23 15793.49 17079.42 15813.69 17093.95 15836.65 17119.43 15820.93 17144.50 15819.24 17146.62 15740.16 17170.62
8 123.29 6417.88 182.64 6401.99 195.83 6416.04 211.43 6456.96 203.36 6472.13 133.08 6475.36 108.05 6459.97 114.41 6428.02
9 4884.83 6374.48 4923.24 6322.11 4924.31 6320.94 4959.97 6347.09 4968.88 6358.77 4959.13 6390.57 4944.90 6397.42 4936.26 6398.81 4897.05 6391.54
10 13874.78 13146.56 13873.15 13115.29 13884.10 13093.85 13896.43 13084.71 13908.07 13082.51 13934.78 13098.76 13944.38 13107.92 13941.95 13130.53 13929.62 13154.24 13886.75 13151.46
8 15615.14 2095.26 15581.24 2022.35 15618.54 1999.05 15660.86 1973.10 15709.66 1997.13 15709.79 2067.85 15673.04 2084.00 15649.06 2093.60
9 15782.97 3552.44 15768.88 3580.50 15709.15 3578.79 15688.16 3567.94 15680.27 3486.98 15700.43 3478.60 15727.99 3488.58 15757.94 3503.28 15778.97 3515.93
7 17592.62 11771.49 17542.94 11776.66 17532.46 11762.63 17501.47 11630.80 17537.77 11610.06 17647.00 11647.60 17617.39 11735.22
8 4803.85 2105.61 4818.31 2132.94 4791.73 2190.88 4776.63 2200.50 4740.24 2185.91 4729.04 2137.49 4735.58 2130.08 4749.71 2119.26
9 1187.81 13757.41 1182.46 13704.89 1204.99 13689.18 1239.70 13689.64 1249.62 13700.62 1258.64 13712.62 1251.47 13754.10 1236.61 13767.75 1226.77 13767.99
8 951.66 4358.97 883.15 4453.49 857.27 4435.72 841.59 4421.39 802.41 4355.65 799.22 4342.44 845.09 4318.45 889.50 4296.21
8 12582.49 7078.21 12600.89 7024.14 12670.10 7032.27 12708.59 7091.96 12690.77 7132.78 12682.49 7151.03 12649.04 7151.01 12630.37 7146.82
9 2795.95 12750.54 2702.85 12694.42 2712.15 12625.95 2725.04 12609.70 2820.31 12594.24 2836.65 12609.13 2867.95 12655.18 2834.84 12719.67 2823.87 12740.00
11 17373.16 11921.07 17405.53 11932.67 17419.02 11961.24 17419.27 11980.68 17392.66 11988.26 17375.43 11992.18 17368.90 11988.82 17346.98 11962.39 17349.74 11950.21 17350.92 11945.72 17366.60 11925.27
7 15490.26 9839.32 15489.98 9770.85 15528.75 9747.34 15564.29 9751.17 15602.16 9806.90 15591.89 9837.40 15557.42 9857.88
9 1498.78 2493.22 1486.84 2568.46 1437.00 2601.90 1407.42 2580.54 1393.55 2554.79 1382.57 2515.79 1384.96 2496.00 1417.73 2486.40 1428.36 2486.91
11 9011.95 1870.54 8979.89 1869.57 8965.59 1839.34 8955.50 1771.68 8956.36 1745.84 9010.72 1731.85 9062.87 1738.49 9091.16 1784.21 9091.59 1819.28 9075.71 1846.81 9015.05 1869.89
9 10815.11 6998.53 10767.84 6931.83 10788.80 6896.41 10813.97 6888.68 10848.56 6883.17 10881.60 6888.84 10899.81 6950.79 10848.44 6992.98 10828.94 7001.79
11 2926.13 10860.15 2920.79 10915.99 2915.49 10918.91 2895.83 10923.81 2848.77 10927.76 2829.84 10928.79 2823.52 10898.98 2818.88 10876.06 2829.98 10845.95 2871.56 10831.32 2894.19 10838.48
9 15157.29 17272.90 15131.97 17219.45 15152.21 17195.84 15182.03 17194.79 15220.35 17221.22 15229.24 17240.47 15223.52 17254.38 15199.83 17275.18 15169.05 17279.00
8 11166.15 1277.25 11205.52 1247.39 11246.55 1279.68 11253.64 1298.04 11245.38 1342.55 11199.71 1353.51 11179.56 1334.71 11167.14 1287.38
9 8852.65 4182.64 8787.16 4169.00 8778.97 4156.50 8777.33 4142.42 8786.22 4098.19 8792.66 4093.63 8872.45 4080.01 8883.72 4114.96 8883.62 4175.14
8 5155.64 11320.32 5087.15 11248.90 5096.87 11171.43 5167.23 11155.07 5235.51 11198.55 5243.38 11226.36 5246.75 11257.43 5217.39 11284.87
5 9064.23 4965.93 9082.20 4891.44 9144.51 4897.76 9153.89 4975.69 9114.00 5011.86
8 17250.37 826.83 17167.27 890.07 17092.16 859.52 17069.92 795.83 17118.19 730.21 17165.27 735.26 17207.01 751.12 17232.95 793.56
9 15103.61 1012.49 15085.66 971.40 15103.94 940.51 15155.61 935.74 15172.45 970.95 15177.59 995.25 15178.79 1003.80 15161.74 1019.93 15156.50 1020.69
10 1170.78 4852.54 1114.50 4943.80 1062.08 4939.53 1049.43 4900.97 1047.83 4834.33 1066.65 4814.29 1117.02 4807.06 1127.64 4806.63 1136.87 4813.23 1162.96 4833.15
10 3901.50 4588.14 3926.49 4587.16 3946.21 4614.28 3969.87 4648.70 3964.31 4672.93 3943.26 4702.33 3900.94 4706.99 3875.50 4687.14 3863.10 4658.14 3864.46 4636.22
11 4517.42 11314.96 4537.93 11236.25 4634.90 11209.66 4645.89 11225.98 4682.17 11281.50 4684.36 11290.19 4687.44 11312.98 4628.41 11371.57 4616.61 11374.46 4549.66 11359.47 4532.17 11351.54
10 10635.93 6737.39 10653.38 6737.03 10670.78 6741.04 10683.89 6760.77 10687.54 6792.22 10680.91 6810.55 10638.06 6826.33 10609.95 6800.06 10603.16 6782.71 10603.85 6767.94
9 4818.52 10683.13 4861.30 10659.40 4883.68 10673.99 4904.31 10719.53 4898.80 10738.57 4858.21 10757.20 4854.01 10755.26 4811.26 10721.82 4811.78 10701.02
8 17372.20 12481.12 17348.47 12440.26 17353.68 12426.79 17381.47 12414.80 17404.43 12420.36 17417.60 12440.21 17417.36 12452.27 17406.21 12477.45
7 6244.84 16879.50 6282.38 16810.35 6324.57 16816.45 6349.19 16840.72 6354.17 16850.22 6314.36 16913.40 6246.93 16897.71
10 5125.88 14096.87 5104.60 14041.94 5108.40 14014.87 5118.92 14009.82 5178.95 13988.26 5213.89 14005.69 5277.61 14040.64 5272.85 14060.39 5242.47 14136.74 5170.87 14161.51
6 7175.72 17402.36 7191.02 17316.09 7266.35 17344.17 7260.64 17367.43 7250.62 17405.73 7210.34 17430.90
9 4877.61 13078.28 4904.72 13142.51 4897.74 13155.92 4863.43 13169.12 4857.84 13169.98 4833.78 13160.54 4827.55 13106.83 4831.23 13099.92 4844.47 13084.45
7 13201.38 17582.38 13267.59 17629.57 13236.17 17665.44 13171.73 17696.49 13152.95 17664.73 13169.64 17598.38 13185.46 17588.64
11 7463.45 12135.81 7503.86 12113.18 7521.50 12104.31 7528.59 12109.09 7546.35 12150.97 7548.66 12157.70 7543.22 12183.26 7532.95 12188.81 7510.40 12193.92 7486.59 12188.27 7469.37 12180.06
9 14827.28 11930.63 14875.52 11878.78 14889.39 11882.06 14923.46 11897.30 14936.52 11919.96 14931.20 11960.32 14913.71 11971.38 14842.34 11963.03 14829.94 11947.46
10 11794.09 1634.56 11788.08 1607.72 11798.22 1578.88 11830.05 1563.41 11855.10 1577.45 11877.97 1608.20 11873.52 1626.85 11867.32 1636.90 11848.36 1654.95 11841.36 1655.31
7 1112.17 2606.65 1089.02 2646.00 1005.77 2623.95 995.37 2581.87 1035.01 2562.30 1092.18 2563.25 1104.25 2580.80
8 2628.62 14940.19 2605.95 14989.53 2576.74 14988.48 2568.48 14983.61 2563.98 14958.83 2561.05 14924.54 2599.26 14925.45 2621.32 14930.41
10 2330.42 11521.13 2342.28 11482.80 2372.06 11485.03 2383.16 11495.98 2387.14 11500.71 2398.76 11535.91 2388.36 11545.89 2353.66 11553.24 2346.83 11550.77 2339.59 11537.75
7 13790.30 2272.18 13864.66 2229.75 13908.76 2264.60 13883.76 2344.30 13865.22 2358.60 13805.40 2342.47 13797.43 2310.05
11 9185.97 701.70 9160.73 641.37 9168.72 629.96 9180.81 619.25 9196.86 614.13 9206.94 612.67 9231.61 622.52 9251.28 634.87 9256.56 683.01 9234.94 705.26 9212.11 708.66
11 17647.45 11414.63 17628.78 11370.69 17639.65 11355.71 17656.01 11348.03 17663.77 11345.34 17708.00 11343.82 17718.13 11354.50 17722.73 11371.05 17717.66 11397.08 17663.07 11417.42 17655.93 11416.50
8 6832.02 17524.43 6825.50 17478.20 6833.56 17440.63 6870.00 17411.22 6913.25 17420.89 6971.51 17450.37 6933.05 17531.88 6861.86 17549.11
9 12574.72 1757.75 12600.87 1787.50 12594.96 1836.09 12580.27 1853.84 12561.01 1848.61 12533.34 1839.71 12522.98 1801.97 12519.64 1771.90 12559.87 1759.23
7 8424.81 12191.84 8462.91 12092.41 8498.87 12086.67 8554.13 12138.30 8548.41 12175.86 8508.15 12236.89 8436.78 12209.56
9 5090.46 17252.78 5140.39 17226.05 5235.81 17278.61 5239.07 17307.24 5234.79 17334.74 5152.01 17385.16 5113.75 17353.55 5097.23 17337.18 5095.63 17330.83
7 2030.14 2294.17 2020.62 2329.30 1966.44 2309.90 1963.20 2285.11 1977.24 2263.94 2006.25 2251.36 2030.03 2271.72
8 10516.70 13858.87 10516.69 13836.10 10524.44 13786.28 10541.35 13774.58 10629.89 13794.13 10655.95 13827.98 10650.65 13841.04 10591.14 13894.78
9 8228.42 14933.83 8228.54 15004.27 8128.32 15032.05 8112.94 15022.21 8088.70 15005.97 8091.50 14965.03 8134.56 14907.03 8174.94 14901.61 8207.49 14911.28
8 14728.35 12659.87 14659.48 12708.43 14650.84 12704.04 14600.63 12637.42 14598.62 12609.36 14609.76 12597.51 14664.52 12571.60 14709.74 12601.21
7 15570.20 14351.90 15511.70 14328.41 15518.94 14255.19 15615.28 14216.50 15637.37 14256.57 15637.28 14311.61 15601.42 14341.93
10 368.65 4135.22 344.46 4075.36 380.95 4028.98 421.67 4006.85 445.56 4013.99 457.85 4021.50 483.02 4040.25 497.64 4054.17 496.43 4124.00 412.52 4142.96
12 15482.03 8276.25 15527.41 8289.34 15536.35 8317.71 15543.98 8345.03 15537.88 8374.63 15462.37 8426.43 15413.25 8405.20 15391.85 8375.14 15392.03 8330.67 15398.35 8318.64 15417.15 8293.28 15449.47 8280.64
7 7854.02 10461.51 7899.30 10417.31 7965.34 10446.48 7972.25 10453.51 7953.05 10516.13 7895.88 10522.92 7871.89 10512.36
6 1592.29 11910.59 1626.17 11839.32 1659.46 11839.30 1689.16 11872.18 1702.61 11908.82 1680.08 11927.74
9 13882.46 2636.66 13833.05 2636.53 13815.02 2577.12 13812.69 2559.16 13835.11 2532.05 13869.21 2532.83 13895.63 2538.37 13936.56 2585.07 13903.03 2630.62
7 15847.46 6660.02 15852.53 6723.76 15809.03 6770.00 15772.94 6764.56 15760.42 6759.17 15765.42 6698.94 15779.04 6655.83
9 16548.97 8118.96 16458.32 8047.12 16466.41 8032.49 16520.95 7974.63 16541.97 7955.60 16581.48 7978.87 16613.55 8028.10 16614.24 8036.31 16599.05 8079.10
8 13455.13 1202.05 13398.21 1273.58 13352.86 1272.39 13311.27 1220.49 13301.40 1190.67 13326.81 1149.27 13417.73 1153.53 13452.42 1185.43
9 4406.56 6681.01 4361.96 6600.84 4407.87 6557.15 4457.45 6548.47 4470.49 6553.36 4475.72 6566.61 4494.68 6625.48 4486.93 6639.88 4415.12 6679.67
11 7788.44 13054.63 7770.89 13052.19 7725.16 13011.51 7709.25 12997.17 7710.44 12984.36 7723.44 12970.65 7792.02 12973.91 7796.10 12975.43 7800.83 13002.68 7801.61 13007.43 7797.96 13022.70
10 15957.79 2647.61 15900.54 2586.30 15932.62 2555.27 15939.73 2552.28 15979.57 2536.22 16007.04 2554.31 16013.06 2560.95 16020.64 2579.61 16008.04 2598.69 15979.09 2634.76
9 14543.10 10605.30 14542.34 10555.88 14558.35 10533.95 14599.40 10546.58 14620.59 10556.44 14634.94 10578.54 14646.23 10600.89 14594.63 10614.85 14548.12 10622.13
11 15894.25 11302.40 15861.31 11296.29 15855.26 11290.17 15836.84 11266.84 15827.97 11250.88 15835.65 11232.73 15851.62 11217.49 15898.60 11200.45 15916.78 11208.38 15927.47 11226.97 15917.60 11298.52
8 13096.58 5467.88 13038.20 5423.16 13061.04 5371.02 13113.11 5355.27 13132.26 5354.43 13167.73 5393.20 13169.90 5416.34 13145.85 5464.35
8 9305.54 9066.74 9382.04 9117.73 9357.89 9162.09 9299.76 9185.71 9298.14 9184.69 9249.72 9129.56 9249.66 9117.32 9265.96 9068.92
9 5655.62 5676.19 5659.62 5658.43 5675.03 5625.95 5691.42 5632.68 5763.74 5715.61 5748.08 5727.45 5727.83 5723.74 5699.37 5717.02 5672.16 5700.69
9 13934.54 9195.79 13939.24 9147.77 13992.78 9085.22 14017.62 9084.33 14028.49 9084.83 14102.22 9156.90 14076.73 9234.43 14054.86 9243.38 13991.54 9228.31
6 1651.69 4220.70 1748.89 4180.70 1806.53 4210.66 1794.43 4257.42 1712.39 4320.88 1680.01 4283.60
9 17041.91 2879.49 17078.85 2917.93 17068.54 2946.76 17038.49 2973.24 17026.00 2973.16 17004.07 2958.19 16990.51 2940.34 16974.53 2910.58 17021.67 2880.56
6 8942.51 17818.74 8983.66 17758.49 9081.96 17790.08 9076.15 17838.98 9044.73 17894.81 9008.99 17885.81
9 15891.32 6052.64 15893.75 6015.50 15924.74 5991.49 15955.03 5982.55 15991.28 5998.28 16016.81 6053.53 15986.20 6115.03 15948.68 6116.96 15927.63 6111.05
10 10285.59 7629.38 10306.96 7562.74 10354.64 7552.38 10375.36 7564.93 10389.83 7621.57 10389.95 7642.00 10383.78 7648.94 10357.41 7668.05 10312.89 7660.93 10287.23 7631.70
12 4343.34 13069.11 4354.58 13103.72 4347.77 13136.80 4334.80 13149.40 4314.20 13154.18 4265.29 13141.30 4260.51 13138.28 4253.87 13121.93 4261.22 13097.83 4273.96 13065.69 4289.21 13055.36 4298.96 13051.51
8 10725.91 9312.80 10744.81 9280.93 10798.15 9287.95 10819.61 9322.13 10804.44 9355.35 10781.57 9362.61 10743.75 9354.18 10734.67 9343.68
8 412.19 11882.00 397.94 11838.55 411.93 11784.16 489.07 11777.17 510.27 11794.94 532.97 11848.96 498.42 11895.25 450.30 11937.25
12 13786.91 11988.72 13786.68 11919.77 13798.30 11907.69 13822.53 11901.01 13854.15 11895.44 13882.66 11909.12 13920.83 11951.79 13905.37 12015.11 13895.96 12026.50 13841.47 12027.81 13817.24 12023.21 13795.91 12001.27
9 1176.76 276.88 1164.58 322.85 1131.93 324.89 1112.78 324.34 1091.04 309.10 1100.00 267.40 1117.12 256.54 1166.86 259.81 1169.21 261.49
8 6043.52 2459.23 6020.19 2391.20 6037.32 2371.13 6078.84 2331.58 6127.93 2329.86 6148.36 2356.45 6147.91 2386.39 6070.10 2476.62
8 4411.16 5986.18 4404.47 6031.39 4369.99 6022.67 4361.05 6018.29 4351.96 6012.24 4355.64 5999.97 4372.97 5971.10 4407.54 5964.21
8 13824.41 6237.97 13885.52 6193.53 13913.50 6208.21 13958.80 6251.07 13961.48 6255.45 13935.91 6298.25 13871.57 6314.24 13833.03 6307.79
10 3052.69 10860.64 3049.63 10815.62 3054.27 10807.44 3080.09 10791.54 3094.11 10790.96 3106.10 10798.12 3123.24 10822.55 3127.22 10834.74 3124.47 10851.08 3118.68 10864.16
6 17159.53 3156.13 17126.55 3081.46 17136.76 3075.44 17162.59 3061.65 17212.32 3091.89 17179.80 3151.55
11 1250.28 13289.59 1247.82 13255.54 1249.55 13238.13 1253.01 13229.31 1285.44 13209.48 1328.79 13234.61 1335.02 13239.21 1344.23 13258.16 1343.37 13284.23 1308.06 13302.09 1274.19 13308.63
11 10814.26 7587.72 10809.81 7556.30 10815.79 7538.21 10834.55 7521.92 10849.24 7513.50 10858.08 7512.62 10884.93 7525.01 10908.42 7560.92 10910.59 7568.31 10895.34 7595.10 10845.42 7611.12
8 17690.75 6455.85 17678.83 6416.85 17681.25 6401.21 17710.29 6390.52 17724.56 6392.83 17744.02 6400.56 17746.76 6458.24 17733.72 6466.95
13 14182.02 14440.91 14183.40 14479.81 14181.09 14483.64 14155.46 14504.97 14152.22 14507.40 14136.03 14516.91 14125.89 14521.33 14120.40 14523.48 14112.91 14524.84 14080.25 14483.67 14074.82 14453.17 14112.38 14430.70 14167.39 14437.62
9 11176.40 1001.66 11170.54 971.04 11180.07 950.16 11187.11 946.01 11230.30 948.36 11243.27 981.54 11244.39 992.14 11232.57 1010.82 11201.89 1012.22
11 5150.05 6859.04 5151.60 6827.65 5210.54 6769.37 5232.94 6749.16 5244.35 6745.16 5274.35 6762.86 5290.49 6788.86 5301.12 6811.00 5232.46 6872.24 5206.85 6894.53 5185.39 6898.76
7 6296.36 8308.61 6301.39 8374.58 6291.82 8392.34 6258.51 8389.72 6200.32 8380.13 6199.40 8360.17 6213.71 8309.67
8 15265.74 2631.36 15259.01 2608.23 15259.56 2586.80 15275.68 2565.44 15300.59 2566.55 15350.09 2580.17 15348.32 2630.31 15327.94 2637.59
7 16831.76 6930.71 16870.86 6931.95 16915.03 7009.51 16915.13 7053.10 16817.34 7069.47 16803.35 7052.81 16803.80 7001.91
9 538.69 15814.53 559.91 15753.29 617.02 15742.58 626.66 15742.92 635.24 15788.55 629.25 15836.74 603.13 15847.44 576.18 15857.73 552.43 15838.49
10 13346.88 5957.60 13268.06 5992.82 13239.73 5976.79 13203.71 5955.80 13187.66 5879.26 13224.85 5821.72 13286.00 5815.93 13330.24 5835.83 13338.72 5862.20 13343.53 5899.66
8 11855.81 16712.37 11786.11 16780.09 11753.11 16773.19 11724.74 16748.66 11716.33 16731.06 11746.17 16669.06 11782.99 16636.44 11834.94 16673.87
11 15747.12 7788.31 15759.12 7762.02 15801.84 7754.47 15814.41 7765.33 15834.42 7802.36 15835.99 7817.16 15833.82 7832.18 15829.12 7834.21 15809.89 7837.79 15777.48 7837.34 15753.16 7827.37
8 16179.35 2459.95 16120.45 2410.66 16146.27 2345.43 16174.50 2340.91 16210.14 2362.96 16216.85 2372.40 16220.93 2387.93 16212.27 2424.60
10 16298.09 7532.41 16261.39 7496.05 16276.77 7462.23 16310.76 7438.16 16326.70 7448.24 16343.51 7476.49 16345.09 7481.65 16347.60 7497.29 16340.09 7504.52 16306.98 7528.11
9 9773.69 14495.87 9791.56 14467.03 9842.94 14480.06 9855.55 14485.10 9876.20 14494.42 9889.15 14505.18 9866.81 14554.79 9853.57 14564.66 9837.05 14561.71
8 17503.00 4909.42 17440.61 4853.53 17444.48 4750.42 17450.43 4736.99 17541.71 4728.82 17559.48 4749.87 17581.36 4776.65 17576.06 4853.52
5 4754.81 6582.21 4778.71 6552.28 4796.14 6557.33 4841.31 6635.45 4810.38 6653.78
6 1099.91 4063.94 1047.89 4141.70 964.99 4107.47 958.09 4083.77 989.59 4015.73 1072.75 4014.66
10 6397.53 2824.97 6410.15 2764.99 6485.09 2772.81 6498.13 2775.42 6496.66 2804.44 6491.33 2816.45 6471.29 2858.86 6446.16 2854.68 6417.32 2846.56 6403.49 2835.85
9 6391.22 16090.33 6364.59 16063.16 6369.07 16040.97 6387.55 16003.93 6433.62 16000.64 6478.28 16042.77 6475.37 16076.80 6437.21 16107.59 6417.28 16103.69
8 16445.86 2089.01 16384.36 2143.63 16320.92 2093.34 16292.09 2056.09 16312.62 2020.62 16356.74 1996.61 16381.90 1995.88 16429.50 2018.06
9 5793.96 14885.59 5793.05 14822.10 5806.99 14819.13 5888.87 14802.44 5931.26 14835.70 5923.11 14878.48 5889.73 14929.68 5865.84 14938.97 5832.07 14926.76
9 12197.02 12117.91 12209.21 12064.81 12214.02 12054.05 12287.45 12085.78 12289.45 12114.00 12283.21 12134.61 12268.33 12152.57 12243.02 12157.24 12237.74 12155.20
10 13840.64 15664.08 13830.41 15597.31 13867.38 15571.68 13892.42 15568.40 13921.94 15586.46 13926.49 15592.55 13934.61 15607.80 13925.81 15625.82 13902.42 15667.97 13862.41 15677.23
8 8000.67 14609.93 8106.56 14575.24 8140.47 14584.91 8149.93 14619.21 8147.95 14642.00 8139.38 14670.11 8102.65 14715.13 8017.66 14680.51
9 168.14 7308.36 173.11 7275.04 237.71 7244.68 249.52 7245.77 279.58 7264.07 290.85 7309.06 262.70 7340.66 240.75 7349.83 212.46 7349.66
8 1015.74 4902.52 954.74 4922.12 922.32 4906.45 915.31 4864.75 919.63 4854.14 935.02 4839.46 978.71 4822.95 993.54 4831.62
7 11022.55 16148.35 11112.96 16197.40 11100.36 16209.35 10994.12 16282.97 10967.77 16224.36 10968.62 16210.92 10995.68 16163.39
7 14018.77 14259.78 13996.12 14324.23 13942.34 14320.86 13861.32 14288.11 13882.40 14224.60 13897.23 14184.95 13968.60 14193.20
10 11679.33 2259.85 11653.35 2208.24 11656.89 2188.47 11673.56 2148.09 11706.14 2111.11 11725.09 2114.89 11751.36 2124.58 11821.41 2171.31 11789.90 2278.75 11726.38 2292.42
9 582.55 8446.74 606.78 8359.67 680.71 8341.46 697.24 8345.00 744.65 8395.76 741.35 8460.59 721.01 8491.53 655.67 8517.38 616.07 8492.59
11 6442.07 1366.38 6405.57 1346.32 6402.09 1323.70 6401.37 1297.83 6421.85 1279.45 6449.32 1268.11 6468.73 1278.60 6470.84 1281.77 6487.27 1315.90 6490.02 1328.37 6451.33 1364.90
11 2523.49 11476.46 2546.08 11450.90 2587.86 11432.34 2598.62 11436.62 2606.33 11441.31 2611.66 11448.29 2622.92 11477.36 2622.22 11499.19 2595.29 11515.52 2585.38 11519.98 2542.49 11514.92
11 12236.35 2362.40 12256.63 2264.86 12283.30 2239.14 12295.88 2234.38 12330.93 2233.90 12365.43 2268.38 12388.44 2314.44 12394.23 2335.69 12355.72 2367.12 12328.93 2385.95 12285.19 2384.78
8 6346.51 14566.94 6445.27 14530.55 6466.59 14561.85 6481.84 14607.62 6444.62 14645.71 6361.96 14616.81 6349.05 14603.50 6346.85 14585.21
9 2064.42 4462.71 2121.07 4522.96 2116.32 4538.61 2074.92 4573.79 2057.19 4573.34 2043.88 4569.94 2029.37 4546.35 2029.06 4504.05 2036.91 4471.46
10 5257.83 15947.02 5226.35 15857.11 5228.99 15851.59 5290.51 15822.80 5292.33 15822.56 5332.99 15835.24 5337.84 15868.11 5318.79 15927.23 5304.53 15938.61 5275.41 15956.76
11 15416.19 9658.70 15444.78 9642.48 15458.75 9645.74 15489.64 9655.43 15493.92 9685.37 15492.23 9712.14 15480.77 9726.51 15464.23 9730.20 15441.47 9734.93 15412.29 9707.80 15413.84 9672.53
10 4020.51 291.33 4061.83 309.98 4060.34 318.18 4049.12 348.53 4021.23 366.24 4017.23 367.73 4004.85 371.77 3979.04 360.15 3969.77 325.66 3973.08 307.57
7 4943.25 17231.50 4938.77 17300.60 4903.16 17293.44 4890.57 17285.02 4871.78 17265.29 4904.29 17228.10 4919.72 17225.56
7 15675.87 351.43 15640.64 326.96 15649.82 271.08 15706.30 247.03 15743.93 262.55 15744.03 263.10 15740.36 314.13
7 13299.66 11156.46 13264.65 11112.46 13304.04 11089.42 13314.38 11083.98 13332.91 11084.83 13337.22 11138.08 13321.31 11159.96
7 6655.59 13972.22 6690.71 13939.33 6752.89 13983.06 6747.62 14004.00 6732.76 14024.18 6708.62 14042.88 6668.52 13995.41
6 5290.53 15354.36 5237.51 15414.77 5211.05 15400.51 5194.16 15356.95 5223.81 15315.52 5259.41 15319.34
8 4359.49 13878.02 4384.30 13857.69 4404.02 13845.57 4421.16 13846.80 4435.37 13888.69 4412.19 13910.58 4376.49 13905.84 4361.63 13884.51
9 4056.01 9067.64 4021.55 9064.95 3974.85 9032.51 3946.97 9009.44 3976.07 8934.35 4040.01 8920.95 4094.29 8944.39 4101.97 8978.39 4086.95 9067.22
11 3489.16 2114.99 3478.34 2099.91 3481.65 2089.68 3487.99 2074.41 3505.21 2054.87 3523.39 2055.83 3536.12 2061.12 3546.67 2068.23 3540.53 2118.44 3533.56 2124.82 3517.08 2121.53
12 6430.17 16415.07 6422.75 16443.44 6399.24 16461.47 6383.93 16461.27 6372.32 16460.27 6362.54 16456.60 6354.64 16445.32 6353.14 16423.85 6356.49 16411.93 6364.29 16402.05 6382.18 16399.37 6416.17 16405.76
11 538.18 10805.14 577.21 10798.01 583.60 10798.89 616.86 10851.14 618.95 10896.59 588.12 10914.08 579.42 10914.73 533.16 10904.15 532.42 10903.09 527.48 10877.85 528.59 10857.44
9 5596.25 4512.31 5624.67 4421.69 5666.86 4412.37 5694.90 4417.65 5773.50 4467.67 5765.47 4500.30 5737.27 4545.88 5727.36 4557.20 5651.24 4560.35
7 5845.79 16185.01 5745.54 16237.22 5737.72 16221.22 5703.70 16129.66 5753.40 16063.32 5828.35 16137.92 5844.70 16162.65
10 11314.18 16784.54 11274.39 16827.05 11266.84 16818.27 11263.54 16813.90 11255.46 16802.14 11250.62 16793.63 11262.46 16755.11 11267.88 16747.33 11284.92 16750.03 11308.10 16761.80
6 6358.70 13252.04 6380.15 13162.15 6398.48 13162.58 6458.15 13164.58 6475.01 13203.86 6405.05 13289.24
12 10242.85 688.13 10233.98 685.05 10226.04 675.95 10210.17 657.20 10217.67 625.74 10224.29 619.85 10239.22 619.79 10272.66 623.63 10295.71 642.11 10293.96 662.96 10293.34 668.18 10274.20 687.81
7 13243.87 3900.79 13200.15 3956.10 13178.42 3951.22 13127.53 3861.30 13124.74 3854.80 13190.71 3834.46 13208.32 3834.04
11 16647.68 5539.91 16635.68 5501.38 16651.96 5484.57 16696.42 5465.82 16708.25 5477.20 16728.64 5503.17 16724.54 5532.21 16721.97 5539.21 16706.71 5546.81 16673.41 5556.90 16671.95 5556.12
9 15961.91 17337.31 15959.42 17316.68 15984.29 17285.22 15995.60 17282.50 16031.71 17296.50 16053.54 17322.41 16043.03 17352.47 16012.94 17368.98 15994.87 17362.09
8 13343.08 5387.05 13312.68 5349.61 13329.65 5310.55 13361.04 5306.77 13363.43 5306.86 13391.25 5352.24 13388.90 5371.42 13386.38 5377.76
12 393.01 1668.86 409.94 1593.42 450.05 1555.89 480.53 1566.80 505.95 1597.43 522.77 1621.62 528.50 1653.55 519.82 1678.53 498.26 1699.80 468.69 1703.80 421.59 1703.58 409.08 1688.95
11 9903.81 9073.61 9902.52 9030.99 9904.46 9026.07 9927.39 9003.43 9958.82 9010.12 9980.19 9040.19 9986.98 9049.95 9984.79 9076.65 9951.15 9100.16 9926.08 9090.76 9911.84 9083.50
10 14054.92 12568.25 13978.69 12522.19 13982.62 12472.61 13991.88 12422.25 14002.36 12413.52 14045.08 12399.62 14121.22 12429.39 14133.86 12502.01 14106.69 12547.12 14093.38 12553.67
12 5675.04 5910.68 5667.82 5911.18 5576.01 5905.08 5567.01 5899.72 5562.46 5888.55 5554.17 5835.97 5602.65 5770.50 5638.69 5756.89 5686.68 5769.12 5707.38 5801.26 5713.05 5812.56 5677.90 5904.07
8 14182.26 12184.38 14248.39 12084.18 14317.12 12092.15 14347.86 12132.80 14342.73 12164.90 14289.00 12217.75 14247.94 12216.52 14217.16 12212.08
7 2748.20 2290.51 2762.39 2343.68 2743.63 2384.69 2689.42 2360.14 2674.34 2344.61 2691.79 2316.87 2742.64 2291.85
10 13609.28 16055.02 13609.07 16001.25 13612.45 15985.91 13622.63 15977.88 13698.24 15993.91 13705.79 15998.71 13701.58 16033.36 13687.81 16043.60 13634.63 16065.87 13614.79 16061.84
9 8841.69 10512.63 8851.41 10554.37 8846.55 10590.35 8830.90 10617.43 8818.46 10617.04 8786.12 10604.72 8783.20 10592.69 8783.02 10533.64 8827.94 10509.84
10 12666.62 13576.78 12637.08 13568.31 12609.67 13534.33 12598.91 13507.43 12613.06 13490.17 12648.32 13472.57 12667.87 13487.76 12696.55 13531.96 12674.37 13566.74 12667.87 13576.49
8 1583.34 11514.59 1619.19 11470.31 1627.68 11473.11 1676.64 11496.85 1685.46 11509.54 1662.97 11553.39 1620.65 11565.17 1589.77 11549.11
8 15821.64 15211.79 15822.01 15133.42 15899.35 15112.33 15929.97 15108.31 15937.25 15119.55 15975.98 15212.18 15937.68 15253.68 15851.87 15239.96
10 5133.92 5054.92 5135.03 5025.44 5172.70 4989.93 5200.72 4982.81 5235.43 4995.53 5265.82 5068.09 5237.69 5118.38 5211.19 5133.30 5192.02 5136.63 5176.41 5128.31
11 13336.73 2902.60 13305.30 2882.07 13283.21 2830.38 13282.84 2803.86 13299.32 2782.38 13324.09 2770.90 13349.62 2773.55 13396.93 2804.85 13401.61 2814.95 13401.56 2827.92 13384.28 2888.97
11 8941.76 7986.23 8935.81 7938.17 8938.05 7878.10 8968.98 7860.95 8984.71 7852.46 9055.34 7856.00 9089.69 7900.54 9103.27 7944.56 9077.71 7991.57 9041.50 8033.18 9001.45 8027.87
12 8930.56 10322.93 8917.54 10305.30 8927.14 10275.56 8945.02 10257.93 8967.65 10257.49 9016.49 10270.23 9061.28 10311.45 9055.10 10328.24 9039.20 10358.38 9026.58 10381.39 8984.42 10386.49 8969.42 10370.00
9 8821.00 17741.35 8855.21 17709.31 8864.39 17711.86 8877.87 17720.83 8895.36 17734.46 8892.02 17757.16 8870.96 17780.28 8849.15 17780.22 8835.39 17775.47
10 9942.49 10551.60 9959.50 10515.17 10034.31 10534.56 10076.57 10606.08 10065.65 10619.76 10022.56 10643.49 9966.54 10664.65 9958.39 10659.73 9932.41 10616.11 9932.81 10602.62
10 2869.48 3622.39 2842.86 3584.06 2846.59 3548.85 2876.63 3513.63 2915.33 3512.95 2937.34 3530.46 2960.39 3553.40 2949.25 3577.29 2915.21 3613.17 2892.50 3628.81
9 12780.75 4977.81 12780.85 4956.47 12808.97 4928.90 12838.79 4935.03 12858.32 4942.62 12857.12 4992.61 12856.63 4996.62 12792.93 5002.12 12782.90 4984.52
10 13704.97 4016.97 13720.95 4013.78 13745.08 4016.86 13801.62 4103.47 13751.93 4149.62 13705.38 4183.65 13691.18 4191.48 13636.96 4155.27 13620.11 4118.68 13627.41 4099.97
11 3135.84 16352.92 3195.54 16280.59 3268.79 16305.16 3270.38 16312.89 3267.18 16327.85 3256.89 16374.85 3253.83 16388.30 3239.61 16411.05 3219.97 16418.21 3214.01 16415.12 3175.50 16384.79
10 4526.24 17602.53 4563.28 17541.37 4591.39 17525.19 4656.87 17529.62 4687.76 17573.31 4696.76 17586.36 4696.02 17619.05 4670.30 17642.41 4593.63 17659.49 4541.89 17640.73
11 6469.22 9128.47 6484.31 9112.94 6518.77 9083.99 6527.78 9076.91 6564.33 9108.15 6577.67 9132.36 6559.21 9154.15 6543.52 9166.23 6517.51 9183.29 6507.03 9179.81 6475.46 9139.33
11 14403.00 16502.52 14384.51 16431.70 14396.91 16415.28 14430.81 16397.08 14441.02 16395.94 14480.45 16410.00 14524.50 16431.55 14527.54 16444.12 14520.98 16474.49 14492.75 16512.11 14434.55 16517.04
11 3564.19 3108.92 3565.06 3080.54 3577.41 3070.66 3597.54 3055.50 3629.83 3047.86 3659.77 3107.81 3660.37 3128.30 3647.16 3139.42 3618.33 3158.09 3595.28 3158.71 3564.35 3150.25
7 2744.34 12465.20 2718.68 12407.44 2730.57 12381.65 2770.51 12350.71 2829.71 12407.05 2835.72 12432.42 2780.65 12461.90
10 13440.60 14791.86 13442.25 14767.93 13475.73 14742.10 13499.41 14742.24 13507.78 14744.25 13514.14 14762.06 13523.90 14806.94 13513.81 14815.09 13472.27 14823.26 13450.86 14808.58
6 5164.49 2880.04 5030.10 2815.36 5114.12 2785.11 5164.29 2774.95 5172.49 2784.42 5192.33 2846.96
9 7805.89 15855.16 7825.18 15791.84 7871.13 15777.83 7899.82 15790.34 7930.24 15809.26 7915.73 15863.34 7905.17 15888.45 7863.11 15884.75 7806.34 15866.52
10 3110.05 9924.56 3060.49 9871.70 3120.02 9809.26 3135.89 9803.94 3164.50 9817.46 3197.18 9848.62 3197.94 9860.00 3197.30 9886.22 3167.18 9925.04 3154.86 9930.27
7 5458.66 2376.14 5527.47 2416.58 5514.31 2476.57 5466.08 2497.12 5397.15 2469.66 5394.74 2457.36 5407.67 2422.49
10 8045.59 4195.26 8071.85 4146.18 8122.96 4148.91 8142.21 4157.25 8177.56 4181.96 8182.02 4195.10 8166.84 4218.90 8138.41 4253.62 8128.63 4262.75 8059.90 4234.84
9 8734.44 17245.85 8691.59 17214.92 8693.31 17186.03 8697.43 17170.40 8713.27 17144.68 8765.70 17132.63 8773.64 17137.02 8796.50 17168.34 8775.83 17223.94
8 16744.92 767.03 16681.68 825.28 16659.88 817.93 16651.11 797.31 16652.72 781.51 16657.62 761.62 16697.63 742.86 16719.63 738.85
8 8870.14 15709.25 8842.93 15664.37 8843.62 15656.82 8857.99 15641.61 8882.53 15641.12 8911.10 15646.87 8916.06 15664.03 8902.21 15693.27
9 6743.79 2250.21 6675.23 2359.29 6624.23 2354.30 6580.29 2308.93 6572.89 2291.96 6582.37 2260.77 6648.66 2171.68 6710.84 2213.04 6717.14 2217.24
8 3370.34 7743.73 3317.41 7660.19 3324.39 7642.75 3379.58 7601.91 3398.69 7609.15 3410.59 7618.09 3432.87 7643.94 3441.48 7703.81
7 9035.59 4227.97 8976.42 4185.95 8998.37 4153.21 9038.59 4106.02 9060.23 4113.30 9089.40 4168.18 9067.32 4218.31
10 13981.09 11003.30 13971.28 10987.44 13993.58 10930.30 14028.90 10911.13 14081.97 10909.49 14093.59 10939.51 14084.21 10985.91 14071.84 11021.53 14023.38 11025.49 14007.66 11020.18
9 4136.68 7507.52 4105.00 7544.92 4065.65 7535.67 4063.04 7533.31 4052.47 7514.36 4068.94 7460.07 4096.44 7451.04 4132.36 7476.25 4134.46 7488.01
9 11136.01 17124.15 11048.43 17073.78 11053.47 17009.19 11110.99 16988.23 11139.54 16988.67 11149.64 17007.82 11183.64 17078.90 11183.43 17081.72 11163.66 17104.28
6 9365.33 11513.39 9334.40 11494.25 9335.16 11428.17 9348.82 11402.39 9378.87 11412.55 9375.99 11474.04
8 14413.63 2310.73 14370.19 2234.52 14394.10 2212.68 14415.52 2203.25 14463.06 2196.35 14500.57 2235.84 14493.65 2269.13 14464.28 2307.24
7 13565.11 11543.86 13675.18 11491.10 13714.70 11523.14 13724.12 11557.12 13695.51 11626.68 13630.11 11657.92 13570.86 11620.76
8 17696.36 1122.24 17693.86 1072.68 17721.34 1056.21 17739.82 1052.30 17747.87 1070.09 17754.27 1118.69 17756.71 1144.31 17711.69 1138.00
7 12788.50 16331.51 12800.55 16289.90 12840.40 16305.98 12863.73 16317.72 12858.51 16339.09 12828.36 16384.17 12793.92 16366.36
8 10395.41 12253.83 10435.42 12220.00 10475.09 12238.45 10515.76 12278.32 10508.89 12298.08 10478.92 12340.70 10455.25 12360.60 10405.90 12339.28
7 10824.73 9905.79 10775.45 9885.89 10785.91 9829.52 10788.80 9823.48 10827.31 9798.78 10851.48 9829.55 10830.93 9894.32
8 5039.90 9159.43 5076.43 9059.74 5126.34 9014.77 5180.40 9068.23 5185.89 9088.90 5157.78 9177.88 5127.41 9193.97 5096.27 9201.77
9 3616.27 6612.80 3497.08 6606.20 3493.59 6597.78 3463.53 6516.26 3510.66 6491.45 3631.16 6509.76 3627.54 6561.21 3623.25 6596.94 3621.86 6608.31
8 17230.50 14927.26 17246.83 14855.85 17268.24 14866.81 17289.13 14880.22 17294.86 14903.97 17286.83 14916.61 17265.97 14941.10 17241.91 14936.36
8 14501.97 6828.40 14510.27 6870.26 14498.77 6956.98 14433.29 6975.50 14394.58 6952.29 14376.64 6887.95 14382.50 6878.79 14440.55 6837.20
7 5881.09 8233.71 5916.76 8278.00 5888.07 8329.59 5846.19 8342.13 5811.86 8298.60 5824.11 8261.48 5879.61 8234.12
10 10278.23 4823.40 10299.71 4779.12 10334.31 4764.44 10361.13 4757.31 10391.75 4797.92 10407.58 4830.02 10375.41 4868.89 10346.22 4893.43 10314.07 4882.70 10298.22 4862.63
10 9839.49 10890.93 9837.96 10860.14 9849.37 10831.69 9889.09 10817.71 9897.39 10821.83 9914.27 10835.22 9925.92 10856.26 9918.15 10888.50 9895.59 10901.02 9866.32 10907.86
8 16257.44 4701.10 16289.51 4640.76 16310.51 4642.33 16353.04 4689.37 16339.31 4709.75 16328.60 4724.17 16280.87 4750.20 16262.62 4727.44
8 10162.62 3426.11 10162.38 3343.63 10169.55 3319.58 10219.96 3302.18 10273.59 3369.79 10279.23 3414.73 10251.91 3445.08 10202.53 3445.50
9 1897.64 7032.59 1896.48 7020.84 1899.25 6984.66 1932.75 6981.55 1979.61 7003.47 1993.50 7012.98 1992.52 7027.52 1958.16 7056.94 1915.06 7065.31
7 11526.98 2969.22 11623.14 3019.33 11614.57 3084.88 11544.52 3110.82 11504.48 3105.69 11465.67 3037.42 11471.18 3024.73
9 1957.66 13501.11 1929.17 13485.60 1937.28 13475.23 1969.06 13434.82 1973.99 13435.77 1998.47 13460.02 1998.05 13487.42 1991.14 13495.05 1974.40 13508.59
10 17691.69 12319.19 17721.10 12266.44 17789.74 12246.69 17815.05 12255.17 17849.07 12278.26 17867.26 12314.63 17871.22 12348.87 17817.42 12401.77 17745.00 12415.94 17695.93 12351.29
7 5934.97 1609.47 5981.60 1512.12 6037.62 1525.44 6054.55 1550.68 6076.84 1607.27 6041.29 1660.43 5960.04 1631.48
6 3437.98 11484.94 3533.35 11423.70 3602.88 11500.30 3587.36 11549.46 3547.16 11563.65 3459.00 11520.37
6 15383.97 9568.72 15422.30 9606.06 15410.46 9637.40 15347.75 9639.94 15348.38 9621.29 15350.88 9580.83
9 14257.09 2765.43 14292.39 2734.25 14292.85 2734.26 14318.17 2738.55 14330.15 2758.66 14335.04 2801.40 14321.23 2815.40 14300.94 2820.85 14279.00 2811.03
8 14772.42 17232.55 14759.00 17157.04 14765.36 17150.22 14799.38 17137.18 14834.47 17171.80 14848.58 17200.33 14823.30 17219.44 14799.92 17231.10
10 14580.96 9228.33 14558.37 9224.82 14533.72 9206.33 14516.29 9190.92 14530.93 9167.03 14550.63 9149.03 14585.82 9150.75 14594.79 9155.39 14612.89 9182.60 14595.21 9209.74
10 2091.37 10472.41 2130.40 10473.66 2138.75 10488.71 2154.77 10546.41 2140.50 10561.34 2113.48 10563.67 2090.87 10563.72 2069.93 10540.57 2068.57 10537.71 2071.47 10498.43
7 16736.36 4648.18 16820.48 4649.90 16826.20 4676.57 16831.75 4754.70 16751.57 4764.30 16709.84 4752.25 16715.32 4706.77
10 6023.66 17252.95 6070.09 17228.69 6128.65 17215.12 6146.62 17233.04 6153.87 17321.05 6129.78 17340.16 6074.61 17341.13 6072.27 17341.09 6063.98 17331.24 6033.32 17289.67
8 3175.07 15641.09 3186.48 15587.26 3217.44 15566.51 3244.95 15568.71 3295.39 15629.17 3282.07 15661.39 3240.66 15695.08 3186.65 15655.47
10 14023.05 17407.56 14014.09 17352.70 14030.96 17337.63 14094.39 17285.64 14151.17 17318.92 14160.32 17327.03 14185.52 17357.74 14172.96 17403.04 14095.38 17444.09 14054.49 17435.99
8 16403.79 17192.91 16279.91 17122.78 16292.43 17051.84 16302.26 17050.75 16331.22 17049.82 16399.69 17053.55 16453.33 17089.86 16434.79 17135.33
10 9716.93 10510.26 9761.61 10550.65 9739.33 10606.81 9707.38 10649.85 9697.46 10648.56 9632.25 10618.54 9611.66 10582.97 9617.19 10556.47 9632.66 10533.67 9669.52 10523.10
11 5119.54 8066.64 5106.97 8013.75 5121.85 8000.90 5139.57 7990.04 5158.74 7989.83 5194.80 8015.92 5195.86 8018.50 5188.67 8056.38 5180.08 8076.40 5170.76 8080.24 5153.89 8086.80
10 8968.82 7513.28 8902.23 7497.14 8872.01 7477.75 8839.32 7450.31 8829.08 7438.50 8848.57 7403.03 8900.55 7368.67 8957.56 7389.84 8960.67 7395.24 8968.62 7457.65
8 997.86 10586.61 981.76 10519.39 1004.72 10485.99 1033.59 10474.38 1056.42 10481.37 1086.41 10516.52 1081.26 10545.84 1047.30 10591.02
11 9723.24 15694.89 9681.36 15763.63 9617.25 15771.62 9597.74 15762.77 9587.32 15754.42 9564.47 15730.65 9589.52 15651.05 9605.03 15644.78 9656.14 15633.21 9671.54 15632.55 9703.77 15665.26
8 15999.33 7850.81 15962.67 7829.69 15975.19 7771.40 15978.99 7761.61 15998.25 7774.69 16047.79 7811.89 16060.39 7833.82 16046.43 7846.73
7 1122.68 2442.91 1105.96 2486.90 1043.92 2509.07 1029.21 2479.36 1027.23 2402.91 1047.18 2389.11 1075.51 2409.07
10 8159.14 3904.19 8171.79 3902.63 8197.00 3920.06 8203.68 3969.62 8159.68 3992.93 8150.92 3990.46 8135.26 3968.90 8123.64 3950.38 8118.46 3932.75 8121.89 3926.41
7 568.32 11385.98 547.79 11451.77 472.54 11467.06 444.63 11427.17 427.27 11391.19 477.68 11356.26 550.99 11368.64
8 6117.22 12317.79 6078.82 12354.85 6030.75 12328.81 6027.89 12326.21 6023.86 12292.02 6059.42 12267.81 6073.19 12267.15 6113.01 12286.61
4 559.19 1961.64 482.54 1905.88 511.60 1876.50 563.39 1869.04
7 12100.10 17065.41 12094.39 17107.07 12083.50 17108.35 12033.08 17098.90 12041.07 17063.35 12049.18 17049.35 12070.63 17050.28
10 12929.24 11781.14 12917.84 11729.23 12925.42 11701.70 13046.65 11664.02 13063.02 11685.46 13068.82 11694.25 13090.51 11740.58 13074.29 11788.50 13041.19 11819.93 12990.12 11804.66
10 8981.70 7005.47 8979.11 6944.08 9020.55 6929.08 9042.36 6936.47 9062.61 6955.14 9065.20 6982.17 9065.91 6992.57 9065.63 7003.37 9052.39 7013.17 8996.41 7014.16
9 1021.03 14176.21 954.27 14232.54 938.90 14229.80 909.63 14220.05 901.75 14209.59 896.49 14117.06 917.47 14100.79 972.26 14111.54 1019.51 14160.04
11 16917.40 2329.40 16914.11 2306.66 16916.60 2291.86 16923.32 2262.55 16950.24 2254.89 16960.88 2257.74 16974.01 2262.00 16999.23 2274.19 16998.41 2297.41 16974.96 2343.86 16947.07 2340.99
10 15455.74 5612.05 15488.74 5498.33 15496.58 5487.66 15542.91 5489.23 15587.11 5523.45 15595.80 5583.99 15596.87 5612.94 15559.20 5622.69 15489.66 5631.81 15466.66 5626.01
8 8307.25 1280.04 8299.28 1245.11 8301.18 1229.97 8313.31 1221.04 8346.72 1222.68 8357.55 1239.23 8356.16 1272.72 8326.62 1286.54
7 12713.60 14347.52 12741.49 14296.37 12761.17 14291.45 12780.60 14310.60 12780.45 14364.42 12763.38 14370.62 12723.73 14363.49
7 11832.92 10055.88 11875.21 10039.52 11898.57 10072.13 11902.53 10094.03 11877.79 10124.23 11861.37 10124.40 11837.76 10105.40
9 6559.87 2123.69 6589.38 2154.03 6577.07 2175.86 6560.72 2196.79 6542.58 2202.20 6514.29 2189.85 6504.37 2159.38 6515.23 2132.31 6527.57 2127.32
7 9641.57 11707.09 9636.85 11619.80 9670.34 11594.12 9738.06 11622.83 9720.66 11688.06 9688.29 11705.34 9684.84 11706.47
10 392.11 10983.08 372.32 10923.12 395.88 10887.90 398.33 10885.85 471.05 10842.75 513.78 10858.01 523.53 10919.62 499.25 10960.36 435.04 10999.77 399.79 10992.15
7 3158.45 16014.51 3171.46 16065.66 3138.68 16099.88 3090.13 16094.17 3067.50 16065.63 3071.32 16030.32 3110.07 16015.59
10 16679.03 16388.07 16671.93 16361.94 16674.82 16352.44 16686.39 16330.18 16753.37 16332.92 16771.82 16339.86 16770.95 16376.75 16769.35 16413.85 16741.04 16440.75 16717.81 16442.52
8 10312.32 9056.44 10299.27 9025.13 10324.51 8979.35 10366.53 8958.30 10395.26 8966.55 10423.36 8996.90 10391.00 9079.18 10339.17 9079.63
8 9727.69 6303.35 9689.73 6276.31 9703.15 6226.71 9726.75 6194.50 9752.61 6209.45 9770.11 6224.84 9783.12 6261.64 9780.76 6279.62
8 16385.72 12278.79 16375.21 12270.16 16394.11 12218.15 16427.20 12203.27 16442.82 12212.36 16454.89 12239.99 16454.14 12263.67 16423.98 12300.88
10 13058.35 14959.19 13074.85 14932.26 13099.87 14915.59 13128.06 14939.67 13141.85 14952.50 13138.09 14965.76 13129.31 14986.97 13091.92 14980.22 13088.33 14979.53 13065.61 14969.91
9 5891.45 9969.91 5913.54 10008.05 5898.81 10052.06 5886.24 10069.27 5879.82 10076.31 5816.95 10042.53 5814.08 10011.08 5813.04 9993.34 5848.81 9968.94
7 14939.98 16883.05 14907.38 16816.34 14926.00 16781.98 14981.11 16774.44 15022.20 16786.27 15051.10 16816.95 14987.42 16857.23
8 9099.07 1589.51 9061.29 1695.46 9029.20 1687.90 8960.09 1666.25 8932.52 1605.35 8929.65 1579.93 9036.07 1561.18 9080.27 1560.10
8 9367.61 9070.64 9365.01 9006.19 9400.41 8995.84 9467.39 9025.47 9462.95 9079.70 9440.22 9101.71 9392.50 9091.02 9375.64 9079.07
13 6115.82 3569.68 6129.41 3640.55 6119.49 3681.27 6097.98 3701.83 6054.05 3713.40 6010.82 3695.32 5985.81 3680.30 5985.98 3655.64 5989.25 3601.04 5993.68 3573.76 6013.16 3562.98 6056.21 3550.53 6063.26 3551.85
7 8257.82 2426.94 8169.11 2484.33 8150.48 2457.57 8111.62 2352.66 8112.14 2337.62 8174.46 2309.23 8239.19 2376.11
9 14679.96 7695.51 14682.22 7679.12 14717.01 7652.02 14727.49 7650.44 14759.23 7674.91 14763.15 7700.27 14758.80 7715.52 14714.81 7736.20 14688.01 7721.62
6 10404.74 6344.92 10362.95 6285.60 10388.43 6217.75 10458.32 6208.80 10491.74 6242.70 10512.19 6281.69
9 14831.83 10494.97 14843.42 10470.17 14893.41 10467.65 14916.09 10470.42 14924.98 10484.68 14928.09 10540.75 14893.34 10553.79 14853.04 10550.07 14839.72 10517.07
5 2007.15 8057.41 1919.20 8074.94 1924.07 7962.45 1973.76 7946.40 1999.25 7941.42
11 1263.52 8721.97 1217.66 8666.62 1233.26 8611.13 1316.19 8581.56 1339.36 8584.40 1341.98 8584.76 1359.43 8618.38 1354.66 8681.15 1351.87 8717.22 1334.21 8725.36 1303.06 8736.44
6 3429.29 12783.85 3433.63 12649.64 3471.60 12617.15 3487.74 12648.61 3519.09 12719.71 3488.78 12757.63
8 17674.95 8460.04 17660.12 8439.74 17671.32 8410.24 17682.05 8404.56 17749.71 8393.85 17763.48 8416.53 17749.93 8453.64 17699.78 8468.15
7 12651.43 5598.83 12624.99 5549.31 12659.62 5523.48 12680.49 5508.09 12722.05 5532.36 12727.53 5560.86 12673.12 5589.98
9 16839.16 17069.47 16856.55 17011.07 16939.94 16991.04 16979.85 17017.79 16989.67 17058.31 16996.72 17117.85 16988.44 17144.16 16903.08 17173.27 16844.83 17136.66
9 12108.30 10612.23 12154.61 10580.17 12200.71 10635.03 12216.63 10687.06 12187.23 10713.27 12158.26 10725.93 12118.92 10702.40 12079.84 10661.33 12084.29 10651.97
5 4121.69 5227.60 4146.28 5278.01 4096.73 5323.95 4084.39 5298.37 4111.36 5228.48
10 15428.21 3565.53 15461.23 3588.55 15460.74 3620.90 15444.84 3659.22 15408.44 3670.76 15390.53 3670.35 15382.16 3663.82 15362.82 3626.72 15363.27 3607.69 15386.60 3582.71
8 10830.08 12407.53 10845.73 12335.37 10862.67 12320.96 10922.94 12298.25 10956.83 12330.01 10976.52 12403.84 10952.44 12418.77 10888.89 12438.33
7 1968.40 5682.91 1983.16 5707.69 1980.99 5731.07 1947.63 5745.61 1920.10 5743.96 1912.38 5703.09 1935.32 5693.86
9 11450.25 10628.67 11419.56 10698.98 11358.75 10688.77 11343.59 10644.07 11347.39 10608.92 11362.33 10595.04 11377.87 10596.65 11408.30 10604.94 11424.21 10613.00
7 7160.87 10968.06 7127.03 10999.76 7075.95 10982.11 7063.29 10943.94 7093.93 10900.33 7128.38 10900.10 7147.35 10926.82
5 6403.98 17738.12 6365.18 17737.14 6366.32 17705.86 6425.42 17672.73 6417.98 17708.04
11 4971.97 1333.81 4957.17 1273.59 4961.11 1246.60 4998.21 1234.58 5012.23 1230.50 5040.59 1242.12 5066.00 1257.00 5090.82 1310.20 5082.83 1341.55 5017.72 1380.18 4999.41 1373.97
10 7252.20 13634.12 7250.66 13598.74 7254.86 13585.93 7261.64 13583.73 7275.33 13589.96 7312.29 13611.47 7313.97 13628.37 7288.23 13662.29 7271.95 13663.87 7265.14 13663.99
7 6465.27 13488.29 6399.78 13412.29 6416.52 13352.25 6496.54 13339.14 6564.69 13375.25 6534.10 13474.67 6504.66 13482.68
8 4368.85 574.65 4342.65 526.13 4371.66 491.72 4387.73 487.65 4399.96 490.25 4414.68 499.98 4418.60 529.52 4396.85 569.85
10 15549.35 3106.35 15538.98 3078.76 15575.97 3011.85 15593.91 3004.15 15604.77 3004.26 15694.64 3044.02 15699.10 3078.82 15681.75 3135.68 15616.46 3154.41 15585.67 3134.14
11 14276.10 804.30 14290.59 775.52 14318.40 764.66 14341.86 760.78 14424.94 793.06 14428.19 851.31 14413.15 894.62 14353.53 884.75 14319.70 877.72 14288.35 853.65 14278.83 831.60
10 14076.30 13384.91 14063.75 13264.29 14112.48 13224.81 14139.82 13236.64 14182.98 13264.43 14199.51 13308.88 14204.72 13344.43 14206.78 13358.79 14170.35 13389.27 14131.71 13402.29
6 1228.72 7913.39 1245.33 7960.53 1229.40 7989.65 1212.65 7983.96 1185.09 7972.98 1190.13 7925.11
8 17572.89 2230.43 17631.35 2300.33 17601.83 2381.13 17589.17 2389.62 17515.53 2352.07 17506.26 2345.88 17465.96 2299.87 17481.51 2271.59
8 7938.73 3148.73 7935.12 3199.05 7889.15 3207.62 7871.76 3207.71 7846.82 3186.43 7864.13 3112.25 7895.50 3101.25 7921.15 3105.26
9 6988.66 8442.99 6964.56 8440.99 6942.80 8412.43 6934.45 8399.46 6936.66 8382.44 6958.69 8339.38 7008.76 8338.12 7040.27 8361.11 7015.57 8428.24
8 5618.86 12088.95 5608.20 12019.93 5619.50 11991.97 5639.66 11986.90 5711.87 12001.05 5713.90 12031.23 5705.68 12076.56 5630.21 12097.09
7 6010.86 14535.57 6054.37 14505.13 6099.77 14540.14 6090.86 14564.79 6062.03 14598.13 6035.98 14594.23 6027.34 14589.56
7 7945.60 6337.85 8004.23 6380.47 7990.72 6447.23 7943.59 6482.72 7885.69 6434.96 7875.91 6405.39 7879.46 6371.60
9 2152.19 17399.99 2138.01 17355.02 2147.76 17333.20 2217.50 17322.54 2232.57 17337.85 2257.92 17369.95 2242.30 17433.39 2208.06 17445.18 2182.58 17448.02
8 7802.82 6153.09 7841.81 6197.37 7822.09 6256.39 7781.72 6263.46 7756.54 6250.94 7750.00 6242.28 7750.02 6173.29 7769.40 6163.75
7 3324.43 11050.07 3378.19 11095.82 3375.04 11145.87 3317.94 11170.50 3280.37 11134.52 3274.49 11103.74 3302.97 11055.57
9 7600.28 11097.59 7593.33 11147.17 7546.84 11146.30 7501.42 11120.09 7504.00 11101.58 7547.95 11049.47 7563.78 11044.83 7591.27 11057.29 7596.58 11077.39
7 13788.81 14319.23 13717.59 14373.55 13643.15 14366.95 13634.95 14333.39 13642.69 14314.96 13723.69 14260.86 13774.52 14269.46
11 14291.01 8131.01 14284.22 8082.25 14294.77 8066.94 14297.16 8064.36 14338.09 8066.80 14351.87 8090.57 14358.25 8109.84 14357.87 8113.59 14345.56 8131.94 14316.23 8138.34 14300.79 8134.30
9 9646.96 2731.99 9704.98 2756.49 9696.80 2783.00 9682.33 2820.23 9663.87 2842.12 9640.78 2850.24 9629.27 2847.56 9597.60 2816.69 9615.96 2750.80
11 7114.52 14879.62 7115.37 14845.95 7128.22 14832.84 7142.69 14827.84 7153.76 14826.51 7160.32 14827.31 7175.65 14844.09 7183.89 14875.66 7172.69 14885.34 7149.62 14901.98 7126.38 14898.88
9 7435.56 1073.77 7445.75 1051.82 7486.31 1012.47 7590.49 1040.16 7600.83 1087.92 7586.70 1124.82 7553.64 1134.87 7490.74 1132.81 7452.98 1100.73
5 14037.84 14085.28 14074.85 14033.05 14129.31 14069.84 14142.13 14100.87 14090.72 14137.51
7 3026.60 17853.12 3064.38 17725.11 3084.04 17725.16 3099.50 17727.40 3167.08 17805.16 3169.44 17854.98 3085.83 17874.49
8 4167.68 11070.24 4227.84 11085.68 4224.58 11135.40 4219.62 11156.64 4181.85 11173.30 4168.60 11160.27 4135.94 11112.13 4156.96 11078.00
8 757.70 7853.75 798.75 7804.01 850.49 7801.85 924.57 7820.23 925.51 7832.28 915.59 7865.30 852.48 7961.84 805.25 7942.05
11 14812.02 11220.76 14811.57 11196.50 14825.74 11158.68 14877.12 11135.20 14910.04 11128.81 14947.61 11151.33 14964.24 11165.78 14995.36 11197.67 14973.46 11257.58 14928.53 11297.82 14875.54 11300.34
9 17158.10 15898.94 17143.89 15796.01 17144.06 15794.41 17207.82 15764.05 17242.27 15750.21 17278.05 15770.23 17291.53 15787.32 17312.99 15868.20 17276.25 15914.36
8 1298.69 9909.70 1312.81 9850.57 1344.06 9835.46 1358.28 9836.92 1389.61 9873.04 1388.92 9879.05 1350.92 9921.82 1320.53 9927.85
8 8790.89 13989.18 8750.63 14038.05 8662.34 14033.30 8650.91 14022.85 8628.57 13937.84 8650.88 13914.00 8667.48 13897.59 8711.07 13902.19
13 2981.27 7061.32 2987.22 7034.09 3001.14 7024.69 3011.53 7018.03 3039.93 7031.40 3059.74 7061.65 3062.34 7076.71 3062.11 7079.06 3060.87 7080.28 3045.69 7095.21 3043.04 7097.44 3010.61 7099.72 3001.09 7094.29
9 8258.20 3013.73 8322.17 2986.08 8370.89 2973.25 8389.98 2991.81 8416.39 3106.23 8367.37 3144.58 8334.91 3140.13 8276.73 3120.47 8273.78 3115.01
8 8890.19 16086.98 8916.07 16015.47 9010.65 16011.39 9039.99 16037.09 9036.75 16064.58 9007.98 16121.50 8982.33 16126.77 8965.70 16121.32
8 13742.14 7109.83 13697.09 7080.33 13710.86 7066.98 13730.09 7055.39 13746.06 7051.31 13754.52 7050.34 13763.56 7087.11 13765.80 7098.64
12 16496.43 10292.28 16475.56 10248.17 16490.51 10230.47 16503.56 10215.20 16519.05 10211.82 16532.71 10219.30 16547.57 10233.36 16547.47 10254.13 16547.09 10267.21 16546.22 10281.77 16537.92 10293.71 16510.59 10296.90
10 12830.89 17000.93 12821.58 16937.95 12832.33 16901.93 12853.83 16893.00 12922.05 16887.34 12960.08 16905.02 12951.47 16963.03 12933.28 17003.16 12916.95 17020.55 12901.14 17019.59
10 4962.18 2017.14 4984.58 1986.45 5039.00 1996.98 5045.57 2012.48 5042.17 2037.56 5029.50 2077.10 5007.90 2093.97 4998.14 2090.74 4971.27 2057.81 4967.91 2045.22
8 15308.01 10704.52 15244.21 10795.33 15204.10 10794.58 15172.29 10768.48 15144.51 10726.49 15170.83 10624.58 15255.24 10623.69 15304.93 10672.83
9 10216.26 10008.73 10148.90 10046.63 10109.79 10042.03 10073.75 9955.27 10085.15 9940.25 10121.65 9919.80 10147.10 9927.54 10189.46 9948.92 10205.82 9981.98
9 10967.92 821.16 11043.95 908.14 11039.30 944.50 11035.62 953.81 10983.23 988.17 10888.49 953.82 10885.21 879.11 10897.08 858.69 10917.28 846.96
8 3945.87 12218.11 3973.61 12289.27 3951.00 12326.91 3907.77 12351.19 3891.02 12344.15 3853.19 12318.70 3839.73 12247.12 3856.94 12207.84
10 6295.50 13444.28 6299.06 13411.43 6314.51 13398.76 6334.24 13390.04 6337.46 13392.03 6369.07 13415.14 6365.89 13448.71 6364.11 13453.89 6327.30 13468.34 6302.35 13455.55
11 6843.25 2883.82 6873.19 2833.39 6888.60 2825.24 6924.14 2828.08 6934.11 2830.33 6954.51 2879.64 6955.77 2884.28 6924.31 2917.68 6922.04 2919.70 6908.64 2928.51 6878.20 2910.98
5 13846.21 11202.06 13806.17 11119.09 13882.94 11053.80 13947.97 11137.12 13920.27 11192.80
7 15062.18 2291.54 15020.55 2176.35 15030.96 2157.72 15082.69 2132.21 15151.10 2178.49 15169.36 2242.67 15140.92 2273.21
10 14786.59 15195.00 14841.51 15170.24 14879.32 15215.41 14887.85 15282.31 14876.12 15333.78 14841.33 15352.24 14804.39 15343.38 14766.34 15312.42 14728.47 15245.58 14757.67 15214.91
6 4422.42 15607.86 4441.97 15527.51 4516.93 15545.64 4518.20 15601.23 4492.21 15625.55 4463.86 15631.96
7 15907.31 3710.93 15928.49 3766.90 15900.91 3801.61 15853.43 3794.47 15848.65 3775.91 15855.54 3761.58 15889.79 3715.83
10 15637.16 15521.63 15575.65 15510.57 15562.99 15485.62 15556.44 15462.04 15594.85 15428.38 15666.24 15428.79 15688.36 15455.80 15693.16 15478.04 15671.06 15514.09 15660.56 15516.43
7 4645.92 15723.42 4691.60 15794.53 4690.91 15823.58 4611.44 15894.76 4531.17 15851.10 4518.88 15812.46 4557.83 15740.16
9 10429.33 1598.68 10412.11 1570.06 10413.85 1561.92 10422.61 1532.80 10484.91 1508.12 10493.89 1509.49 10524.30 1534.00 10515.95 1589.71 10450.61 1603.18
10 12400.61 10815.52 12397.00 10734.08 12399.61 10725.01 12427.92 10689.97 12452.68 10687.07 12490.93 10697.61 12547.81 10749.29 12546.54 10801.41 12537.31 10815.03 12464.76 10845.91
8 6132.54 13099.63 6101.37 13063.68 6105.07 13041.22 6119.20 13025.88 6157.87 13006.46 6185.79 13037.47 6186.83 13087.82 6156.40 13099.05
8 11372.18 15885.08 11345.74 15803.67 11351.50 15791.01 11387.84 15762.59 11465.67 15789.18 11482.58 15834.12 11475.23 15885.51 11444.79 15901.53
10 17365.63 9016.51 17362.58 8971.48 17390.34 8939.93 17440.60 8935.61 17472.94 8967.91 17488.71 8990.73 17470.56 9036.59 17455.80 9059.73 17405.34 9065.16 17381.74 9049.34
12 16602.28 16143.68 16593.53 16113.11 16614.90 16065.49 16618.18 16059.29 16650.67 16055.08 16657.69 16055.03 16696.71 16091.71 16696.80 16092.07 16672.01 16153.08 16645.13 16165.48 16627.00 16160.80 16623.75 16158.91
8 7154.24 6254.51 7184.01 6217.46 7219.39 6215.43 7243.21 6237.54 7247.78 6247.93 7231.17 6283.38 7187.51 6305.65 7163.50 6290.14
9 14576.33 8671.80 14605.62 8590.98 14653.69 8602.41 14672.96 8607.25 14691.10 8678.01 14676.61 8704.37 14661.66 8714.97 14596.05 8700.59 14580.79 8684.89
7 12955.23 2773.81 12898.32 2790.36 12873.27 2768.56 12868.82 2718.24 12940.56 2703.10 12959.06 2722.27 12958.87 2766.86
6 13990.42 13343.81 13976.40 13390.52 13930.57 13376.94 13921.77 13353.37 13950.59 13322.24 13982.00 13321.10
10 5580.07 15332.88 5609.38 15371.06 5593.81 15401.26 5588.39 15405.81 5576.11 15408.63 5558.77 15396.41 5552.88 15391.89 5552.11 15372.32 5555.01 15351.51 5559.02 15336.40
11 5334.48 6506.16 5330.65 6528.57 5321.91 6568.50 5310.96 6567.88 5280.34 6563.79 5255.71 6548.78 5253.54 6547.44 5253.58 6521.94 5261.35 6498.64 5275.17 6490.10 5297.74 6485.34
10 3127.42 2320.36 3119.74 2292.83 3126.49 2263.69 3135.06 2250.44 3146.34 2248.08 3184.77 2260.63 3180.35 2308.21 3166.64 2323.59 3153.57 2330.08 3139.00 2327.36
9 17167.13 15434.72 17129.10 15406.59 17131.57 15376.45 17152.72 15340.49 17193.42 15326.90 17215.11 15347.87 17242.06 15384.67 17246.59 15391.28 17228.05 15415.24
9 11894.12 1314.99 11877.79 1311.54 11842.38 1270.38 11788.27 1205.69 11808.17 1168.43 11857.71 1152.64 11905.83 1154.47 11944.94 1190.25 11936.50 1251.93
8 13468.04 11526.60 13410.48 11538.56 13394.40 11516.46 13392.07 11505.84 13406.02 11468.13 13422.59 11461.83 13448.12 11468.06 13464.78 11502.84
9 7645.69 1766.81 7619.30 1712.94 7658.83 1684.27 7678.75 1688.24 7699.15 1695.18 7711.48 1719.51 7713.68 1732.21 7700.14 1768.26 7690.22 1769.95
10 4983.21 11456.78 4947.46 11446.80 4931.73 11427.15 4928.16 11398.67 4934.24 11391.91 4966.90 11375.72 4991.41 11378.30 5008.00 11394.31 5010.01 11420.94 4989.53 11451.62
10 2829.51 11881.88 2876.70 11808.99 2928.10 11802.48 2987.34 11832.97 2991.32 11848.72 2974.40 11895.34 2930.87 11933.32 2900.93 11942.73 2876.85 11935.42 2845.13 11907.11
7 8437.27 11333.57 8484.81 11371.18 8478.73 11399.41 8432.52 11441.99 8392.24 11427.77 8339.86 11366.96 8378.06 11338.32
11 14928.50 2513.07 14924.41 2486.69 14936.47 2481.44 14999.24 2459.35 15008.76 2466.97 15018.08 2513.43 15019.15 2521.44 15015.98 2541.14 15010.11 2545.98 14968.07 2577.91 14955.53 2560.66
9 8283.91 5380.64 8228.86 5440.30 8175.79 5425.53 8140.87 5393.54 8130.05 5366.55 8144.73 5333.18 8145.33 5331.91 8171.21 5297.86 8240.84 5305.36
6 5680.17 9378.68 5692.76 9263.11 5772.01 9257.31 5792.61 9319.12 5793.42 9323.21 5749.45 9408.05
5 10095.56 14177.39 10122.08 14226.88 10026.77 14228.02 10025.42 14213.20 10033.64 14186.51
8 11212.52 10563.08 11123.65 10487.58 11126.61 10459.98 11143.95 10442.90 11149.49 10441.90 11202.06 10439.91 11248.12 10442.53 11257.28 10503.80
6 1277.47 3235.78 1369.15 3172.26 1383.24 3181.54 1408.07 3225.54 1407.99 3234.52 1330.13 3271.50
10 7584.84 4291.64 7547.78 4366.87 7520.46 4369.16 7509.08 4369.86 7480.22 4354.71 7466.48 4343.16 7468.83 4296.86 7488.32 4271.54 7522.32 4252.09 7563.50 4261.70
6 11733.75 11401.47 11765.62 11457.63 11761.20 11474.98 11715.79 11484.68 11647.96 11474.88 11652.72 11433.97
7 10159.87 17529.98 10104.26 17564.30 10089.23 17563.73 10058.45 17511.78 10062.00 17495.69 10077.29 17491.56 10141.39 17512.51
7 4311.63 3667.59 4252.58 3712.40 4214.87 3684.10 4205.63 3643.58 4207.52 3630.46 4220.65 3615.50 4285.54 3608.32
6 4999.48 15374.45 5085.90 15331.40 5142.72 15343.66 5165.68 15444.59 5032.68 15425.41 5007.77 15399.78
10 7610.93 2836.95 7664.20 2822.00 7720.93 2858.62 7727.85 2916.28 7690.57 2956.53 7632.77 2958.81 7607.78 2927.66 7598.07 2905.29 7589.95 2880.62 7592.43 2875.43
8 1512.90 717.20 1511.70 668.52 1521.61 642.09 1580.41 623.41 1593.11 636.77 1596.45 641.10 1589.49 730.13 1562.02 751.23
10 9427.78 1766.71 9473.81 1678.53 9494.34 1671.69 9531.49 1669.36 9577.52 1704.12 9607.77 1765.06 9543.04 1823.40 9536.99 1828.64 9488.05 1837.09 9454.39 1814.57
9 7020.09 2821.19 7035.61 2793.27 7076.74 2778.59 7104.41 2829.18 7108.18 2892.53 7084.46 2903.94 7076.51 2903.26 7026.55 2893.93 7021.32 2843.18
6 7125.21 14305.52 7166.96 14380.11 7149.46 14430.30 7075.64 14430.92 7044.30 14409.96 7067.70 14348.31
10 12981.67 3713.98 12972.45 3665.29 12973.14 3652.46 12977.92 3638.62 13012.29 3628.46 13022.86 3629.48 13065.87 3656.83 13071.30 3675.45 13067.38 3689.06 13001.12 3725.28
7 9508.05 5838.99 9482.13 5904.26 9395.68 5914.76 9386.39 5912.78 9337.79 5827.18 9339.70 5813.56 9466.46 5818.02
9 3727.93 12121.58 3625.79 12200.84 3595.08 12161.23 3560.06 12115.66 3572.65 12054.54 3600.84 12038.39 3656.21 12033.56 3707.88 12058.01 3710.34 12064.64
5 16155.12 13616.31 16148.45 13560.11 16148.95 13526.09 16267.25 13546.77 16259.54 13600.99
12 6905.59 3251.20 6921.06 3239.30 6951.65 3246.62 6975.83 3271.56 6983.22 3283.41 6988.89 3316.73 6982.12 3333.10 6939.46 3357.03 6912.55 3346.82 6885.97 3327.57 6877.89 3298.98 6878.84 3293.59
8 17352.15 6936.23 17365.10 6874.77 17413.85 6889.48 17420.96 6923.40 17418.28 6942.12 17383.96 6953.89 17366.09 6952.76 17354.11 6939.35
10 16548.54 17575.36 16644.01 17567.68 16635.44 17647.80 16598.38 17686.61 16556.67 17683.77 16518.79 17663.63 16516.20 17661.67 16507.07 17641.99 16507.50 17626.61 16528.96 17586.07
7 15361.15 12774.69 15329.19 12688.24 15347.90 12659.18 15389.63 12669.82 15416.35 12712.65 15400.67 12767.14 15396.65 12769.07
9 11663.88 5407.31 11782.47 5354.21 11836.64 5389.37 11844.51 5451.23 11779.27 5506.04 11764.12 5512.70 11746.76 5518.99 11714.77 5502.76 11673.57 5429.21
11 2549.46 14346.30 2540.82 14295.09 2568.36 14269.10 2571.16 14266.98 2588.47 14265.89 2612.38 14269.00 2629.13 14311.40 2630.06 14332.72 2603.48 14355.56 2596.46 14357.29 2577.04 14354.66
7 2876.08 17757.38 2809.69 17749.57 2812.68 17696.76 2825.62 17683.64 2847.77 17696.32 2876.18 17720.70 2885.65 17738.31
9 2658.75 8146.12 2684.75 8098.92 2741.00 8115.60 2746.09 8170.14 2742.28 8192.94 2703.79 8195.45 2679.46 8189.25 2671.42 8181.25 2659.51 8153.60
8 17641.70 6148.04 17553.95 6088.12 17563.56 6012.61 17578.07 5974.65 17661.00 5967.93 17703.25 6022.21 17695.98 6039.48 17682.50 6068.70
10 11021.01 11262.93 10990.45 11241.74 10963.93 11177.70 10960.22 11165.30 11003.37 11115.66 11012.91 11117.53 11068.70 11132.01 11080.31 11166.54 11087.97 11198.04 11063.98 11245.13
10 16243.57 5634.61 16221.07 5617.76 16176.93 5567.65 16157.07 5541.50 16158.73 5529.11 16202.46 5498.35 16219.21 5494.83 16228.94 5496.84 16308.02 5556.90 16292.97 5592.73
10 17734.89 1528.02 17735.85 1519.23 17791.34 1481.21 17860.75 1531.97 17861.17 1570.34 17850.55 1582.07 17841.47 1590.47 17781.46 1594.62 17761.71 1589.15 17742.25 1570.82
11 17141.31 17866.18 17110.83 17830.15 17110.94 17825.64 17120.54 17800.69 17138.92 17793.61 17156.64 17791.23 17187.29 17811.15 17191.43 17830.91 17189.19 17834.62 17181.42 17839.88 17157.62 17855.53
7 12553.96 8526.74 12603.33 8454.77 12664.25 8504.58 12678.53 8528.32 12665.82 8546.63 12618.11 8589.67 12614.77 8587.30
8 13476.94 8774.11 13506.51 8734.04 13538.64 8703.52 13610.42 8726.23 13651.14 8819.17 13650.38 8827.15 13561.84 8871.27 13501.99 8834.99
12 15131.20 17624.99 15100.59 17554.70 15135.46 17470.52 15165.94 17465.25 15201.34 17478.02 15234.57 17491.55 15260.89 17515.54 15265.65 17550.93 15259.78 17579.11 15254.18 17587.26 15227.51 17623.19 15192.04 17641.43
8 3281.16 10029.09 3348.92 9981.37 3383.82 9977.77 3401.57 9981.97 3426.88 10115.87 3412.40 10118.78 3340.58 10131.48 3288.74 10069.52
9 1586.33 7732.70 1538.84 7794.97 1502.14 7777.64 1476.27 7761.24 1466.98 7753.68 1457.95 7714.48 1470.56 7702.20 1518.51 7671.36 1572.53 7676.11
8 15084.89 12424.69 15038.08 12405.15 15053.38 12353.64 15070.90 12321.08 15083.78 12302.64 15135.38 12347.60 15151.38 12367.91 15136.88 12407.51
7 6558.15 8697.98 6589.93 8626.51 6611.27 8623.90 6648.07 8650.91 6642.65 8687.01 6626.75 8716.02 6562.04 8700.40
10 10700.65 5208.60 10588.35 5197.79 10579.78 5188.62 10573.64 5176.32 10584.01 5127.26 10597.57 5114.02 10669.27 5101.56 10706.48 5137.59 10709.11 5149.70 10704.51 5194.56
6 8173.79 15798.35 8137.82 15730.76 8191.71 15704.81 8208.94 15702.48 8213.01 15719.97 8221.78 15780.34
6 2531.44 13529.71 2542.20 13618.11 2487.40 13664.81 2411.20 13620.83 2418.47 13558.25 2447.11 13510.71
9 4181.78 8233.11 4179.72 8200.88 4191.31 8185.83 4201.05 8174.84 4235.39 8180.28 4250.38 8204.06 4254.54 8217.76 4231.56 8250.45 4199.03 8254.76
8 5019.70 6605.55 5008.29 6571.19 5018.95 6498.28 5048.43 6469.74 5068.31 6487.03 5119.75 6535.01 5127.17 6587.78 5082.72 6609.90
8 7769.17 2264.05 7732.19 2312.71 7723.61 2313.62 7662.88 2301.72 7663.41 2268.75 7689.78 2225.14 7724.95 2209.06 7757.93 2230.80
10 16467.90 6969.43 16518.87 6879.12 16534.36 6861.58 16586.25 6884.95 16633.02 6962.87 16631.92 6964.76 16605.52 6991.41 16585.63 7006.85 16521.87 7016.36 16497.71 7007.72
7 17355.30 9418.37 17409.11 9466.76 17392.90 9484.45 17333.71 9522.80 17299.36 9500.25 17267.14 9460.80 17275.00 9452.53
9 7199.81 4900.13 7265.11 4872.44 7288.53 4882.88 7307.81 4968.58 7284.86 4989.55 7251.92 4988.82 7218.96 4982.00 7193.76 4960.00 7194.77 4913.29
10 8210.34 9931.43 8202.72 9913.97 8203.34 9906.79 8206.25 9888.93 8216.34 9873.86 8273.34 9901.33 8277.75 9903.79 8275.34 9925.69 8274.28 9931.64 8258.22 9959.52
11 522.10 7841.05 532.49 7816.61 553.76 7781.94 569.02 7784.89 625.46 7797.83 656.84 7829.31 653.46 7860.56 582.88 7892.00 557.59 7886.66 546.21 7884.21 526.53 7863.04
8 13615.30 11226.45 13644.15 11194.60 13676.45 11169.61 13729.61 11175.12 13738.35 11203.93 13721.71 11241.53 13710.33 11262.09 13641.18 11266.02
9 1637.28 12686.91 1637.66 12732.66 1628.05 12741.22 1608.46 12749.55 1580.66 12734.59 1572.26 12729.35 1571.37 12722.99 1581.15 12688.94 1603.89 12678.50
8 7217.41 3321.09 7209.61 3299.81 7219.01 3275.64 7242.98 3242.31 7252.05 3246.85 7254.99 3251.47 7274.94 3303.15 7259.65 3320.06
10 467.11 16677.68 513.80 16597.69 593.51 16598.30 604.96 16601.68 640.14 16634.43 646.55 16654.20 626.73 16711.54 596.84 16747.20 566.23 16758.80 518.78 16754.17
9 17134.96 8204.19 17029.15 8136.74 17096.31 8052.20 17117.79 8034.32 17128.72 8047.21 17170.51 8101.82 17180.89 8116.50 17181.39 8141.66 17169.63 8168.12
10 16275.35 8099.09 16256.09 8061.01 16274.67 8024.24 16301.50 8004.61 16307.94 8004.58 16339.07 8011.50 16346.44 8038.50 16348.35 8065.95 16329.66 8098.34 16315.89 8099.62
7 11849.71 8486.15 11846.92 8565.59 11782.11 8579.60 11766.50 8578.52 11712.98 8480.88 11762.19 8447.61 11808.31 8448.70
10 9773.32 4604.88 9794.66 4559.29 9845.65 4553.40 9902.57 4550.60 9907.65 4586.96 9906.23 4621.54 9881.31 4667.50 9843.85 4692.18 9795.03 4674.79 9781.18 4650.64
10 1437.89 6039.82 1440.90 5967.79 1458.76 5936.41 1473.98 5931.51 1527.94 5993.09 1534.31 6005.86 1536.81 6016.26 1502.55 6057.18 1495.67 6063.84 1439.70 6049.28
8 7824.08 11328.79 7822.06 11380.76 7736.19 11388.86 7730.21 11387.59 7693.58 11357.36 7716.34 11275.81 7770.08 11266.40 7822.96 11271.12
8 3657.44 12370.64 3583.30 12329.38 3584.78 12238.66 3609.42 12224.17 3640.14 12230.48 3747.02 12259.61 3729.59 12301.62 3717.72 12323.88
9 6393.07 1561.19 6334.85 1523.77 6347.37 1479.47 6359.55 1461.62 6375.89 1456.57 6421.70 1466.21 6432.96 1507.12 6428.56 1519.78 6415.30 1546.04
7 11246.76 14941.64 11203.10 14792.30 11270.30 14788.69 11306.24 14834.72 11311.98 14857.82 11314.93 14870.11 11299.38 14921.80
8 16217.58 6325.93 16187.01 6285.48 16200.64 6253.98 16239.00 6246.36 16246.98 6248.22 16264.94 6263.38 16255.92 6308.59 16244.78 6321.15
7 6656.85 7628.76 6660.28 7669.15 6648.69 7677.82 6614.05 7681.18 6609.15 7661.31 6605.77 7634.99 6618.74 7624.78
8 4798.87 2385.17 4742.07 2357.85 4746.13 2319.03 4777.19 2277.18 4797.93 2274.57 4837.62 2284.25 4860.24 2330.69 4843.07 2372.18
8 9759.13 5185.78 9726.00 5139.13 9742.29 5105.79 9764.14 5082.34 9780.13 5073.67 9795.55 5067.30 9835.84 5099.11 9837.74 5159.77
11 2319.20 11482.13 2313.26 11525.21 2259.03 11581.09 2205.54 11576.61 2190.88 11567.87 2134.38 11498.06 2129.93 11483.62 2176.06 11442.10 2199.07 11435.60 2267.00 11437.91 2310.66 11454.98
8 9417.79 15440.47 9472.74 15371.36 9480.05 15369.67 9521.38 15409.25 9541.08 15446.00 9530.73 15461.41 9506.91 15492.50 9426.42 15463.36
11 8267.82 732.95 8286.66 684.60 8349.53 685.64 8363.88 695.81 8392.39 718.45 8390.54 767.47 8364.43 792.56 8360.83 793.09 8308.10 790.00 8292.95 775.48 8269.78 752.79
6 16375.96 9176.97 16407.59 9086.85 16458.88 9102.47 16492.85 9195.10 16407.56 9226.05 16399.66 9215.83
8 12066.56 6981.70 12147.83 7040.69 12144.40 7050.52 12113.62 7113.00 12101.15 7122.91 12041.52 7112.87 12000.36 7044.95 12039.99 6993.11
8 7553.56 8316.51 7515.08 8378.82 7462.83 8363.64 7453.25 8335.85 7478.67 8304.49 7492.87 8293.84 7512.38 8288.33 7549.73 8298.89
12 12487.26 12956.97 12478.60 12938.83 12496.23 12888.94 12507.50 12883.59 12579.42 12875.44 12635.27 12932.73 12635.75 12941.30 12628.65 12968.42 12621.16 12981.00 12604.37 12997.51 12594.73 13003.40 12520.20 13011.87
9 15854.91 6311.23 15789.46 6281.60 15796.77 6228.46 15806.08 6210.08 15851.14 6195.47 15869.32 6195.21 15887.79 6220.90 15883.21 6306.47 15862.91 6313.22
7 7771.75 12388.85 7750.03 12312.42 7820.76 12244.69 7852.25 12260.50 7889.91 12305.27 7878.14 12334.64 7841.60 12382.32
9 9044.25 12271.42 9065.65 12252.19 9151.26 12230.83 9158.93 12260.73 9161.00 12320.95 9155.09 12350.19 9134.48 12386.29 9120.10 12380.45 9073.96 12357.32
9 2660.50 14701.49 2603.86 14678.81 2594.24 14660.40 2591.29 14607.75 2640.88 14568.40 2697.52 14586.67 2697.08 14654.43 2689.78 14688.29 2681.63 14701.40
11 16314.03 13419.05 16319.88 13367.33 16325.98 13360.01 16381.37 13325.26 16429.45 13353.56 16451.47 13369.30 16464.47 13402.88 16451.79 13423.15 16427.02 13444.70 16405.36 13448.35 16321.92 13438.50
10 16132.08 11616.88 16147.52 11580.13 16173.81 11569.35 16181.01 11571.03 16223.57 11621.33 16219.72 11649.23 16195.26 11654.61 16160.80 11657.81 16144.96 11658.87 16138.94 11642.55
8 9132.00 9801.34 9101.52 9859.14 9059.94 9841.24 9035.71 9818.52 9030.02 9808.56 9014.22 9777.92 9019.33 9762.37 9128.64 9753.87
9 4947.26 14980.28 4905.03 14938.83 4910.55 14913.39 4922.43 14879.63 4936.78 14863.81 5007.63 14890.04 5043.83 14937.02 5044.61 14944.31 5040.30 14948.51
8 9033.55 9432.11 9010.15 9368.42 9023.40 9355.64 9046.98 9342.73 9082.73 9342.90 9110.79 9380.65 9086.98 9418.17 9078.50 9425.39
13 9877.92 2239.55 9886.13 2283.90 9871.25 2301.76 9818.30 2326.81 9781.05 2308.67 9762.37 2264.71 9760.12 2257.73 9779.76 2236.56 9795.98 2225.59 9816.91 2214.47 9833.11 2205.91 9854.19 2201.77 9856.96 2201.76
6 2803.41 7459.34 2742.78 7492.82 2706.99 7472.80 2701.80 7413.40 2721.46 7392.65 2766.31 7395.25
9 6773.19 13231.05 6760.26 13187.25 6821.67 13147.72 6834.00 13143.69 6861.63 13170.67 6869.78 13223.06 6855.50 13250.25 6822.08 13265.67 6799.36 13269.85
7 6971.38 4322.89 6946.31 4246.66 7002.18 4248.07 7012.67 4257.51 7028.49 4296.81 7020.45 4315.40 6996.61 4321.56
12 14893.67 8357.92 14841.75 8355.98 14823.98 8338.11 14817.37 8324.13 14817.27 8297.36 14820.64 8277.32 14826.72 8273.47 14874.94 8269.04 14894.61 8280.19 14902.57 8296.61 14902.11 8312.71 14898.69 8340.12
9 15065.81 17486.64 15051.15 17453.95 15051.97 17439.07 15053.17 17424.75 15086.44 17420.69 15121.44 17421.98 15140.04 17432.25 15114.13 17480.18 15077.33 17507.11
8 7512.78 8536.31 7498.51 8473.46 7519.51 8448.87 7530.77 8444.02 7544.12 8452.16 7572.47 8485.57 7578.72 8512.17 7571.86 8527.51
8 7671.73 5420.51 7679.90 5367.30 7700.39 5349.56 7732.97 5374.81 7744.64 5409.96 7727.45 5435.80 7694.03 5455.92 7672.13 5421.43
8 12163.12 8718.54 12121.33 8755.43 12077.95 8743.62 12064.34 8698.02 12088.23 8658.52 12125.29 8656.72 12145.64 8669.68 12156.67 8677.78
7 12951.21 8434.72 12963.37 8487.20 12935.72 8507.91 12896.73 8521.87 12885.43 8518.37 12862.13 8495.82 12867.19 8443.22
9 16844.58 12628.59 16842.80 12676.09 16813.11 12685.11 16801.01 12678.18 16797.67 12675.08 16779.92 12654.68 16775.69 12631.27 16796.71 12622.14 16829.76 12613.90
9 10066.77 10213.78 10072.13 10169.07 10095.05 10156.09 10123.55 10165.13 10161.26 10213.75 10151.95 10224.36 10122.30 10243.86 10110.74 10247.41 10093.22 10245.16
10 2371.32 11251.12 2341.47 11151.32 2406.78 11103.11 2423.07 11092.97 2482.77 11108.67 2507.91 11126.16 2507.34 11160.36 2479.23 11218.03 2464.12 11239.75 2393.78 11253.35
8 8138.21 1633.30 8087.69 1729.39 8069.05 1724.64 8027.09 1690.13 8004.05 1658.73 8002.96 1611.24 8030.58 1603.18 8099.22 1591.81
12 17581.45 13843.66 17572.73 13769.79 17606.62 13735.94 17647.00 13714.54 17689.97 13720.47 17712.22 13737.66 17730.67 13787.48 17730.44 13811.41 17689.70 13870.05 17684.53 13873.66 17656.24 13872.03 17605.32 13854.90
8 14831.84 2999.89 14767.95 2911.54 14791.42 2850.36 14889.56 2839.35 14903.92 2848.34 14919.63 2917.88 14889.47 3003.84 14849.53 3012.81
8 14960.21 5730.94 14997.76 5745.73 14994.32 5771.86 14979.70 5806.01 14956.47 5804.27 14948.21 5800.39 14929.83 5781.72 14934.71 5763.53
9 11074.57 14190.77 11065.37 14132.94 11069.51 14099.71 11095.30 14081.74 11161.82 14086.55 11193.35 14160.12 11199.87 14176.49 11138.79 14202.45 11087.59 14216.66
7 13605.13 12444.69 13609.83 12404.09 13671.69 12412.94 13741.82 12462.12 13739.28 12495.34 13721.56 12499.04 13627.05 12467.11
9 13118.04 5307.47 13109.50 5270.93 13133.77 5247.81 13152.60 5233.54 13157.28 5237.27 13176.65 5255.16 13180.01 5258.73 13176.64 5285.76 13166.54 5317.22
8 601.45 12592.01 593.80 12568.46 617.58 12519.87 621.47 12512.47 663.76 12520.65 665.53 12522.19 654.17 12581.91 624.76 12613.85
7 12871.41 8309.93 12837.48 8361.99 12753.40 8336.49 12731.31 8313.74 12762.61 8271.16 12797.62 8263.36 12828.50 8265.95
8 1313.14 8372.63 1388.51 8345.19 1407.72 8365.72 1430.28 8398.87 1407.88 8436.24 1372.57 8461.83 1349.92 8449.33 1340.51 8430.36
9 4875.62 17753.10 4860.35 17798.05 4787.94 17817.64 4772.03 17803.37 4762.91 17789.01 4777.73 17734.54 4798.58 17702.78 4822.38 17711.18 4851.72 17725.78
8 10527.66 5705.87 10514.80 5669.73 10583.24 5638.93 10594.23 5635.42 10621.25 5656.95 10622.93 5676.83 10619.92 5727.74 10584.51 5739.56
7 9488.42 7238.84 9597.49 7200.32 9616.18 7204.82 9630.32 7261.95 9623.65 7301.10 9594.98 7334.17 9508.69 7321.07
7 16326.44 3764.59 16350.67 3720.73 16420.65 3718.17 16427.39 3723.02 16447.51 3762.11 16446.21 3774.59 16414.01 3787.72
12 16549.57 825.06 16603.97 820.56 16617.27 831.91 16628.50 860.35 16630.66 880.13 16609.53 911.45 16602.30 914.44 16548.46 920.80 16535.96 916.96 16532.64 912.56 16529.07 880.25 16531.86 851.58
8 12676.98 3559.81 12674.66 3530.00 12711.75 3487.08 12769.73 3463.46 12800.04 3510.38 12821.92 3549.36 12805.01 3582.47 12728.01 3620.10
7 2624.80 12691.13 2554.29 12734.40 2488.65 12715.32 2461.69 12663.48 2537.59 12603.32 2581.08 12593.91 2619.34 12647.17
7 15474.52 16983.56 15461.40 16905.79 15505.66 16858.71 15516.72 16849.20 15603.00 16874.98 15608.81 16886.46 15596.95 16975.89
7 11579.06 14416.17 11620.68 14388.15 11635.35 14401.62 11662.06 14456.89 11627.09 14479.61 11602.54 14478.23 11591.17 14448.42
9 9499.94 4813.85 9437.32 4824.91 9406.46 4818.85 9394.02 4806.66 9379.05 4765.77 9385.75 4747.56 9462.19 4687.94 9504.83 4714.38 9504.18 4803.99
11 767.72 2057.90 773.56 2008.51 788.68 1998.91 835.11 1984.55 853.45 1980.54 882.51 1982.14 892.78 2028.77 886.14 2044.87 838.97 2068.63 792.62 2088.67 773.81 2074.96
10 10026.99 5012.43 10056.73 4974.65 10100.90 4967.08 10138.86 4984.63 10148.51 5004.85 10151.66 5064.05 10142.98 5075.13 10103.13 5097.00 10033.17 5067.65 10031.71 5061.60
10 5238.96 14924.01 5229.12 14887.54 5247.69 14849.50 5305.01 14834.03 5316.84 14842.91 5336.11 14866.89 5334.54 14885.88 5323.14 14924.61 5294.71 14929.04 5251.68 14933.49
7 5447.84 13577.38 5478.36 13630.53 5467.13 13667.84 5409.42 13692.49 5394.54 13678.34 5357.63 13624.19 5377.22 13588.25
6 2533.42 4912.64 2497.72 4884.37 2501.67 4857.90 2533.25 4823.07 2579.43 4846.12 2569.15 4885.11
9 8873.90 2544.79 8827.74 2499.87 8855.15 2449.75 8868.52 2441.85 8902.82 2457.27 8916.11 2465.03 8933.52 2482.57 8935.09 2501.07 8902.77 2534.29
7 3858.00 7154.95 3869.07 7116.00 3880.84 7117.05 3928.00 7122.40 3923.85 7156.88 3892.99 7183.97 3872.61 7168.40
10 7354.49 6967.68 7339.93 6921.89 7358.21 6891.91 7435.36 6882.21 7448.37 6880.91 7456.27 6907.50 7449.61 6932.62 7446.29 6942.48 7439.04 6963.07 7402.14 6971.38
10 7422.91 2868.10 7423.15 2846.44 7454.01 2796.95 7471.54 2778.26 7494.95 2791.16 7531.16 2812.99 7544.73 2850.76 7531.73 2874.68 7511.25 2902.96 7444.86 2882.53
7 9256.13 14261.13 9238.78 14314.47 9234.71 14313.22 9203.22 14294.38 9192.95 14282.50 9206.14 14253.60 9224.90 14253.92
5 17754.32 15220.77 17780.83 15285.84 17759.08 15322.25 17730.25 15323.52 17733.44 15297.39
8 11273.63 5323.29 11283.53 5291.45 11373.03 5278.00 11401.34 5299.60 11375.35 5371.54 11349.78 5376.08 11313.34 5366.86 11291.89 5349.23
7 5043.66 12085.62 4992.12 12124.93 4961.69 12120.74 4943.40 12109.86 4918.36 12057.30 4999.48 12037.81 5013.07 12049.34
9 5737.77 8393.11 5705.91 8358.94 5733.11 8333.96 5766.95 8307.06 5770.49 8307.34 5780.34 8334.34 5786.73 8352.19 5778.84 8381.51 5767.86 8389.60
9 8972.96 941.20 9029.45 997.54 9006.29 1067.64 8986.27 1082.56 8952.05 1093.68 8907.88 1083.40 8886.29 1057.23 8874.15 1008.27 8956.79 946.31
7 1808.57 8590.66 1908.88 8560.42 1937.33 8611.73 1911.10 8689.92 1901.27 8694.07 1865.81 8694.45 1812.48 8660.89
7 11278.16 6213.02 11269.09 6257.00 11204.21 6243.24 11201.65 6193.94 11244.15 6174.31 11267.70 6176.58 11269.76 6182.36
12 4981.59 16791.50 4988.68 16731.79 5013.11 16692.74 5034.96 16692.40 5048.68 16693.73 5103.00 16704.28 5107.19 16709.90 5136.22 16792.05 5093.09 16833.07 5017.66 16844.64 4996.52 16841.22 4992.30 16835.54
8 4096.57 2755.25 4136.23 2834.89 4118.59 2891.01 4107.76 2912.47 4000.17 2868.08 3986.13 2848.10 4016.40 2797.15 4058.34 2771.73
8 17765.36 8681.50 17840.97 8742.33 17827.46 8806.53 17777.50 8822.36 17729.54 8814.41 17694.01 8736.19 17703.54 8721.30 17747.27 8680.83
12 13129.11 8438.24 13153.90 8385.36 13189.75 8370.69 13214.87 8368.27 13243.28 8376.17 13272.94 8397.99 13276.20 8426.84 13279.40 8463.02 13240.32 8508.38 13203.13 8511.72 13190.18 8511.73 13149.49 8476.11
11 4945.15 9704.51 4912.14 9774.02 4880.46 9805.27 4790.31 9779.60 4774.76 9774.97 4769.86 9764.02 4759.47 9694.65 4766.92 9675.54 4794.44 9648.25 4860.50 9630.26 4906.01 9650.53
6 9612.26 5406.35 9612.02 5354.46 9641.92 5361.84 9708.36 5409.35 9657.58 5426.38 9641.32 5429.07
11 6243.62 4391.23 6238.35 4370.42 6242.25 4357.14 6259.57 4341.66 6305.26 4334.23 6314.26 4342.70 6315.83 4344.70 6320.55 4364.09 6310.35 4382.61 6297.85 4401.66 6285.58 4406.43
10 4073.10 11983.77 4100.84 11910.65 4140.00 11876.42 4181.69 11876.10 4207.06 11885.76 4249.74 11941.67 4255.02 11965.37 4252.69 11989.16 4205.46 12046.09 4160.88 12041.47
9 5990.43 279.74 6001.14 221.80 6037.21 172.05 6060.53 168.88 6085.33 172.32 6134.63 279.52 6125.47 298.67 6057.07 329.12 5994.07 283.89
8 7496.70 11402.35 7481.69 11435.65 7422.72 11436.91 7397.08 11416.35 7430.40 11353.38 7434.76 11353.01 7474.04 11360.39 7484.33 11376.88
8 15942.22 5494.13 16036.14 5561.93 16022.97 5627.77 15974.39 5667.65 15886.60 5639.55 15865.88 5594.44 15870.97 5548.72 15914.96 5504.24
11 974.94 15195.24 1002.22 15221.37 995.96 15260.57 964.12 15287.43 955.30 15286.15 945.99 15283.15 932.28 15272.67 919.23 15258.91 913.65 15221.80 915.80 15218.98 942.44 15203.79
9 15376.12 6532.59 15319.21 6535.40 15252.36 6501.53 15244.76 6449.55 15245.03 6440.03 15319.42 6432.15 15345.89 6434.90 15419.52 6470.95 15417.05 6490.72
8 12358.88 14890.74 12345.40 14831.17 12355.11 14820.60 12362.85 14821.74 12403.12 14835.21 12406.48 14854.77 12405.23 14875.32 12389.33 14902.00
10 12292.47 3074.08 12336.20 3163.84 12297.99 3203.50 12270.99 3218.72 12214.90 3220.20 12191.04 3206.43 12170.90 3172.95 12164.14 3153.92 12170.15 3126.91 12199.17 3096.80
7 7995.92 3395.59 8010.61 3315.36 8054.57 3317.45 8079.99 3337.36 8110.98 3379.14 8093.36 3412.07 8039.90 3441.06
10 1928.85 13705.53 1961.29 13656.05 1978.73 13660.95 2023.37 13673.49 2063.63 13705.12 2073.08 13733.75 2062.96 13777.65 2002.31 13800.12 1978.53 13804.70 1929.33 13782.57
8 300.95 11462.07 253.42 11525.31 192.62 11499.98 132.22 11464.36 145.58 11410.89 249.98 11369.61 269.74 11379.04 294.60 11415.14
8 3550.30 3688.72 3626.70 3649.28 3686.37 3662.30 3669.55 3769.86 3643.87 3807.93 3622.72 3804.51 3571.18 3773.07 3558.43 3744.50
6 6207.41 8047.16 6213.57 8138.61 6162.14 8138.40 6103.98 8068.51 6132.45 8016.19 6153.45 8005.82
8 14290.45 8802.54 14334.73 8734.27 14408.31 8752.61 14419.70 8757.44 14426.98 8810.75 14416.29 8875.08 14356.06 8915.81 14316.38 8899.87
9 2010.48 10655.73 1979.42 10733.32 1926.09 10726.68 1902.60 10717.70 1884.22 10687.19 1875.81 10648.62 1909.90 10609.89 1955.43 10591.59 1966.98 10598.77
7 13428.37 2752.76 13403.36 2685.96 13455.11 2670.56 13503.26 2665.68 13527.47 2685.48 13482.25 2740.97 13455.71 2751.81
9 13562.87 16198.39 13563.99 16259.64 13548.40 16271.55 13530.27 16272.79 13507.35 16268.66 13455.72 16225.15 13456.86 16213.55 13488.77 16180.36 13508.70 16166.11
8 2200.45 5411.91 2192.11 5367.10 2237.72 5328.43 2323.86 5363.62 2333.72 5385.22 2354.95 5434.20 2305.55 5450.64 2227.12 5464.32
8 15395.61 11218.62 15451.55 11146.34 15498.90 11154.49 15529.00 11176.63 15549.37 11227.32 15508.11 11259.78 15423.73 11252.64 15400.23 11249.68
9 1146.72 8086.33 1119.65 8043.50 1167.72 8002.61 1183.62 7995.62 1227.06 8017.62 1236.33 8057.53 1202.00 8104.40 1190.69 8113.10 1182.07 8116.54
7 16343.21 10842.06 16322.28 10777.97 16368.71 10750.84 16425.83 10773.98 16428.35 10790.84 16404.71 10821.02 16389.49 10828.41
9 17491.47 10098.11 17479.11 10079.82 17479.89 10029.66 17499.39 10001.89 17569.88 9996.79 17579.49 9999.45 17613.20 10039.29 17582.22 10102.84 17545.02 10122.19
8 16147.85 7169.32 16117.73 7202.86 16076.19 7200.31 16041.36 7172.09 16039.90 7166.94 16044.46 7140.35 16083.11 7101.15 16146.96 7124.04
10 2245.06 1193.01 2261.03 1191.41 2270.71 1196.76 2287.41 1242.61 2289.54 1250.23 2269.52 1271.44 2260.69 1274.16 2227.70 1248.35 2220.45 1229.00 2241.29 1197.94
8 8656.32 16085.63 8653.43 16036.95 8693.23 16019.92 8734.18 16027.68 8746.95 16053.46 8754.38 16085.32 8715.21 16136.99 8712.30 16140.59
9 7772.55 14216.36 7714.32 14202.40 7709.86 14192.73 7704.12 14126.96 7740.76 14100.74 7785.80 14104.10 7796.57 14112.11 7819.95 14155.96 7809.80 14171.12
9 5950.37 12549.35 5970.62 12471.82 6008.92 12438.10 6077.17 12448.18 6097.57 12471.82 6117.94 12505.97 6114.79 12562.43 6078.20 12602.82 5985.06 12579.01
10 4029.50 10168.82 3969.28 10092.52 3970.52 10061.43 3973.46 10055.27 4018.88 10009.32 4029.44 10000.92 4105.44 10019.76 4121.83 10041.11 4133.85 10107.13 4041.86 10162.42
8 16399.53 10866.94 16419.52 10890.17 16414.61 10929.17 16407.34 10954.06 16364.42 10946.23 16349.70 10934.66 16342.19 10894.90 16378.04 10868.70
8 3959.47 15800.22 3900.18 15838.36 3866.21 15823.79 3845.74 15783.47 3857.09 15768.07 3869.85 15754.01 3896.00 15730.34 3957.78 15773.74
12 12138.83 1606.99 12134.68 1513.56 12145.77 1481.04 12232.62 1466.01 12252.40 1475.56 12282.86 1497.13 12296.06 1530.29 12288.21 1590.44 12271.25 1610.28 12193.03 1638.53 12170.98 1631.77 12146.53 1614.88
9 10094.26 3047.99 10123.77 3084.86 10114.41 3157.50 10061.84 3209.45 10017.47 3194.43 10007.66 3171.38 9994.04 3134.32 9995.29 3112.33 10039.56 3070.82
9 5621.08 1309.29 5594.54 1270.30 5584.37 1241.79 5577.14 1219.78 5605.83 1187.58 5666.80 1204.43 5685.32 1224.57 5706.69 1272.29 5656.91 1302.11
8 11727.06 16601.50 11724.80 16643.94 11658.09 16642.99 11641.92 16619.00 11644.59 16592.49 11660.94 16576.19 11711.22 16569.25 11725.58 16593.95
8 13293.63 14113.43 13301.04 14090.75 13319.29 14066.29 13331.14 14075.62 13345.80 14089.54 13339.98 14123.03 13329.86 14128.43 13304.28 14139.35
7 2997.11 13604.62 2994.31 13648.92 2949.62 13656.81 2924.14 13627.50 2925.47 13590.12 2954.21 13550.63 2993.65 13562.62
11 13699.45 7310.40 13724.27 7260.70 13735.90 7249.14 13772.41 7261.47 13775.07 7262.67 13805.51 7283.05 13810.22 7301.59 13812.16 7325.79 13765.33 7355.80 13737.70 7354.18 13729.66 7348.75
7 1245.82 12239.81 1279.14 12261.06 1264.76 12332.29 1219.19 12378.13 1145.18 12308.37 1141.51 12266.28 1167.25 12252.05
5 7297.42 8032.87 7230.95 7959.52 7273.40 7906.96 7337.11 7944.13 7339.02 7960.93
9 15403.12 15925.98 15420.05 15862.09 15452.80 15853.81 15492.54 15853.57 15542.81 15877.99 15528.34 15951.22 15497.28 15976.23 15477.58 15979.78 15428.86 15952.92
5 2253.55 3671.02 2342.37 3688.23 2340.27 3705.15 2335.34 3728.95 2280.20 3727.44
9 2206.30 12068.73 2219.29 12045.80 2278.24 12000.68 2317.86 12032.20 2353.25 12107.54 2343.45 12116.93 2305.16 12140.78 2265.93 12139.80 2210.75 12078.83
10 3540.15 3588.89 3554.96 3560.47 3597.43 3536.58 3619.47 3549.79 3632.27 3567.99 3646.49 3603.21 3645.58 3604.92 3636.97 3620.32 3561.87 3642.83 3560.34 3639.91
9 15213.85 15266.23 15256.66 15180.69 15302.88 15174.24 15339.66 15177.94 15370.11 15321.30 15293.35 15348.98 15273.16 15354.52 15263.78 15347.86 15218.45 15282.78
9 14681.03 14813.51 14719.39 14742.12 14859.00 14781.62 14860.39 14788.06 14861.57 14793.79 14862.00 14807.27 14830.32 14889.25 14786.67 14904.29 14728.65 14880.05
8 15203.66 5987.69 15214.69 5934.86 15286.17 5928.90 15306.85 5942.47 15305.51 5982.79 15298.59 6005.19 15269.92 6023.29 15218.52 6016.00
8 2223.06 11420.00 2169.34 11369.22 2169.85 11365.70 2180.83 11353.13 2204.45 11327.24 2240.99 11329.39 2260.63 11341.61 2265.67 11372.67
6 13416.24 8051.89 13496.51 8111.37 13475.39 8156.25 13399.13 8170.31 13347.02 8133.55 13401.53 8066.20
9 7254.23 16017.18 7250.65 15989.21 7284.60 15934.85 7303.64 15925.99 7368.47 15929.56 7406.24 15963.07 7416.13 16007.03 7407.63 16058.46 7304.45 16085.60
8 17073.51 15793.43 17079.59 15869.68 17078.67 15894.16 17074.38 15916.93 16990.54 15879.26 16983.67 15837.38 16983.71 15800.80 16998.19 15781.57
5 2618.48 3170.30 2602.94 3230.26 2545.94 3227.49 2525.86 3188.50 2586.86 3148.70
7 3091.63 1819.90 3120.54 1765.77 3174.67 1768.29 3206.55 1827.49 3179.31 1858.44 3133.32 1869.80 3099.66 1844.04
11 9272.12 14714.55 9284.16 14657.16 9364.83 14642.23 9399.60 14654.69 9412.27 14675.23 9413.46 14683.99 9416.91 14711.15 9383.22 14741.13 9369.23 14747.09 9304.93 14752.01 9273.34 14744.78
8 8506.65 5705.24 8490.26 5680.64 8494.82 5658.68 8499.28 5652.59 8544.87 5646.64 8563.64 5667.96 8527.81 5706.16 8519.04 5711.58
5 6030.41 9529.44 6016.01 9632.80 5975.62 9605.19 5956.77 9548.84 5994.95 9531.37
9 9057.96 5154.68 8980.36 5149.83 8965.39 5116.30 8957.35 5069.12 8982.48 5040.45 9060.21 4999.40 9074.64 5001.53 9124.70 5077.91 9082.99 5150.16
9 12961.30 16126.79 12960.73 16068.18 12965.85 16057.17 13007.00 16027.25 13059.09 16014.18 13117.38 16068.96 13126.74 16104.63 13098.67 16158.89 13075.99 16180.29
9 9313.43 12451.53 9297.08 12481.97 9264.11 12479.62 9254.05 12469.03 9247.39 12451.41 9245.91 12441.05 9248.12 12421.24 9282.58 12415.35 9307.71 12429.72
9 615.62 475.22 588.60 517.10 505.42 520.57 448.60 491.84 461.00 400.83 477.62 389.21 528.02 367.73 562.61 371.92 600.60 404.55
11 17480.76 6729.35 17445.05 6663.70 17463.02 6639.22 17508.67 6598.27 17524.88 6588.62 17562.76 6593.70 17626.44 6683.39 17586.02 6723.37 17568.17 6737.76 17537.87 6747.83 17502.34 6756.09
10 8455.56 11174.00 8354.26 11122.62 8364.38 11085.05 8370.16 11067.04 8378.87 11050.40 8397.19 11046.11 8476.76 11104.08 8496.89 11122.56 8489.51 11156.59 8483.38 11161.95
5 7630.70 7566.11 7661.83 7622.77 7634.09 7657.82 7550.35 7652.22 7558.06 7589.50
8 10212.69 13123.00 10244.98 13061.41 10371.40 13107.06 10383.11 13132.91 10355.97 13194.30 10300.37 13221.79 10272.05 13227.16 10215.22 13179.10
8 17895.64 2582.71 17898.25 2638.66 17897.85 2648.52 17857.99 2674.97 17845.56 2676.21 17828.01 2584.22 17827.99 2562.10 17885.49 2573.14
6 1826.19 7012.06 1763.88 7118.94 1699.61 7082.79 1674.56 6990.43 1740.94 6943.68 1762.89 6945.08
9 3281.61 2283.63 3277.10 2248.23 3299.23 2230.95 3338.81 2241.86 3347.43 2251.42 3348.21 2254.93 3345.75 2269.49 3342.66 2276.65 3320.33 2299.81
12 13952.65 10064.94 14012.49 10030.43 14031.88 10038.94 14049.01 10086.04 14042.84 10121.35 14035.64 10143.01 14003.35 10148.28 13990.65 10145.88 13965.85 10138.76 13939.05 10129.31 13935.73 10106.55 13942.76 10080.14
9 10814.58 6711.09 10822.79 6671.65 10833.65 6665.83 10845.23 6663.08 10869.16 6670.66 10886.25 6702.10 10863.42 6724.56 10843.03 6732.99 10823.23 6732.21
13 3896.81 6235.90 3917.38 6283.77 3913.63 6295.70 3907.34 6302.40 3895.14 6311.72 3887.51 6314.65 3880.46 6315.41 3875.74 6315.11 3866.10 6311.00 3845.51 6294.06 3843.19 6288.79 3841.26 6267.26 3883.41 6241.47
8 16217.27 8509.60 16149.27 8519.10 16139.70 8510.97 16097.68 8426.25 16103.40 8412.97 16122.08 8400.34 16204.93 8404.80 16214.22 8453.18
6 6570.79 5941.84 6531.73 6011.39 6441.48 5964.83 6440.88 5930.30 6528.36 5882.22 6569.92 5920.46
8 5830.91 4222.83 5821.73 4269.23 5718.55 4278.62 5702.29 4260.23 5720.65 4183.98 5736.33 4180.54 5774.38 4179.34 5814.33 4190.68
10 6081.83 8698.62 6091.87 8681.41 6117.34 8643.29 6151.60 8645.94 6179.32 8657.24 6196.78 8696.32 6175.92 8733.81 6168.13 8736.08 6154.36 8739.02 6096.03 8722.26
8 3670.24 17302.18 3778.31 17346.19 3775.68 17379.57 3766.91 17391.42 3723.15 17439.16 3640.72 17407.38 3627.33 17369.90 3629.07 17345.47
9 12886.81 757.46 12838.34 784.35 12782.45 731.68 12781.69 689.04 12798.43 666.09 12817.46 658.04 12828.81 655.49 12854.48 661.89 12880.89 739.19
8 3098.46 13169.45 3107.11 13141.90 3124.49 13127.77 3168.04 13135.72 3176.08 13182.81 3159.63 13204.88 3149.40 13217.25 3115.68 13209.98
8 13798.87 17359.67 13847.95 17468.32 13818.36 17494.27 13760.64 17533.51 13718.32 17523.70 13663.79 17427.86 13681.96 17388.07 13733.26 17375.24
11 2088.83 12332.54 2089.06 12309.70 2108.26 12294.05 2131.34 12290.06 2139.67 12289.27 2158.05 12310.55 2169.03 12329.90 2168.11 12345.00 2161.61 12352.69 2134.57 12362.05 2091.86 12347.66
6 4042.96 3419.75 4031.41 3457.92 3958.17 3477.48 3939.31 3441.09 3924.32 3404.28 3929.53 3380.63
7 2185.55 16004.78 2151.71 16049.82 2109.78 16039.11 2109.18 16037.11 2108.85 16023.02 2116.84 15985.35 2148.95 15981.03
9 15574.40 5173.38 15552.18 5136.25 15571.43 5096.76 15580.64 5090.46 15592.83 5088.03 15612.45 5105.25 15640.32 5130.12 15616.41 5179.98 15596.91 5189.03
9 17480.97 9502.78 17527.71 9443.90 17580.44 9451.33 17617.93 9466.52 17627.87 9503.48 17623.77 9544.96 17585.62 9575.74 17523.45 9566.17 17494.61 9560.75
10 5678.26 5276.36 5702.76 5210.71 5725.91 5183.46 5737.46 5178.96 5753.57 5180.62 5805.06 5220.47 5812.41 5243.64 5794.30 5295.35 5792.67 5297.09 5714.41 5303.94
6 4194.40 5804.86 4145.10 5665.76 4194.43 5642.88 4284.73 5662.31 4288.08 5688.24 4290.63 5772.73
8 8286.97 11405.67 8195.63 11472.41 8172.86 11446.80 8155.22 11387.98 8160.14 11352.18 8166.30 11335.76 8213.61 11325.27 8280.87 11352.60
10 4505.36 12246.22 4508.65 12200.55 4587.72 12160.88 4642.15 12203.40 4651.44 12271.38 4651.35 12286.02 4584.63 12323.10 4563.21 12322.67 4517.46 12286.46 4510.99 12267.79
8 6332.01 6982.19 6276.38 6887.42 6313.48 6856.37 6344.98 6842.94 6354.67 6841.13 6456.87 6899.69 6429.05 6961.19 6385.10 6982.18
9 4889.09 5114.23 4869.83 5071.94 4877.14 5033.61 4899.11 5031.82 4931.84 5031.27 4946.16 5045.44 4964.07 5067.85 4971.36 5081.12 4949.00 5113.02
7 10933.91 9393.69 10879.57 9368.60 10883.10 9329.47 10904.88 9286.60 10995.73 9269.89 11030.93 9302.15 11020.72 9372.99
11 1464.33 16975.02 1443.55 16912.81 1464.14 16867.74 1524.19 16843.29 1566.58 16851.84 1601.30 16878.86 1608.72 16908.69 1607.06 16955.48 1585.33 16974.85 1542.64 16998.75 1502.48 17001.79
11 3493.77 15363.35 3499.48 15347.80 3522.20 15332.40 3548.87 15321.77 3567.06 15341.61 3577.24 15359.06 3583.90 15374.81 3571.22 15387.64 3552.48 15402.40 3528.11 15400.18 3523.09 15398.36
8 16354.87 4762.20 16373.82 4811.14 16360.74 4853.56 16286.52 4878.18 16262.41 4860.80 16215.85 4793.86 16229.67 4768.05 16248.00 4766.26
11 13832.47 1356.26 13828.93 1308.52 13845.94 1286.05 13881.08 1277.05 13890.49 1280.96 13918.63 1305.00 13929.75 1316.85 13931.65 1345.66 13924.19 1351.21 13887.69 1366.66 13855.86 1371.47
12 11920.74 1611.81 11947.42 1598.28 11982.66 1612.50 11998.33 1626.68 12000.73 1720.52 11951.11 1731.92 11926.18 1734.38 11910.39 1733.40 11897.41 1711.93 11884.86 1689.17 11895.81 1657.10 11898.10 1650.61
5 1211.44 17070.13 1247.91 17160.43 1201.34 17184.09 1163.47 17151.07 1176.77 17091.68
9 10428.46 12165.02 10420.43 12144.27 10421.59 12103.25 10435.04 12090.85 10479.18 12078.14 10481.42 12080.78 10520.46 12134.48 10512.14 12179.13 10471.18 12200.26
12 10177.04 5642.28 10191.55 5645.08 10194.86 5652.83 10209.56 5689.26 10196.37 5717.00 10157.33 5735.47 10124.69 5724.23 10110.18 5706.14 10105.44 5689.22 10115.96 5665.81 10132.06 5651.41 10147.08 5646.16
9 17670.40 15385.07 17732.81 15404.02 17729.81 15478.88 17690.81 15522.53 17665.28 15513.38 17648.84 15503.56 17614.90 15457.06 17608.19 15438.68 17613.52 15420.45
9 10518.99 10817.91 10510.71 10724.47 10556.05 10692.95 10602.70 10673.58 10662.02 10710.44 10668.66 10745.31 10675.18 10782.57 10657.27 10828.59 10608.76 10835.00
5 1647.85 1179.25 1686.78 1105.16 1770.94 1115.81 1762.39 1147.42 1660.66 1206.35
5 11206.49 7374.01 11321.90 7336.75 11323.25 7420.55 11318.03 7455.79 11292.70 7463.93
10 3414.45 16571.95 3385.21 16509.39 3406.13 16461.34 3409.89 16458.39 3440.55 16442.91 3465.30 16432.62 3499.44 16447.09 3516.77 16531.77 3513.79 16552.59 3428.27 16570.25
8 10785.73 12262.37 10779.69 12221.98 10797.65 12202.75 10838.01 12207.97 10849.90 12211.71 10858.12 12236.71 10834.63 12271.55 10806.48 12273.00
8 14974.90 3654.78 14976.75 3629.76 15022.87 3590.22 15035.27 3599.70 15045.03 3625.51 15033.98 3669.51 15014.80 3678.51 15005.16 3675.33
8 9091.67 15196.07 9069.08 15148.33 9074.60 15111.55 9133.39 15094.48 9189.86 15109.03 9207.86 15140.80 9203.49 15174.76 9160.71 15208.01
8 13756.76 5047.89 13729.77 5112.34 13707.42 5116.10 13699.01 5101.27 13693.05 5081.48 13693.26 5010.99 13745.60 5009.36 13754.74 5019.93
10 1962.95 10306.25 1935.72 10232.93 1943.81 10214.72 2042.76 10202.05 2057.02 10215.00 2085.07 10261.55 2048.06 10316.06 2032.32 10328.76 1991.13 10331.32 1969.77 10316.77
10 8080.21 1402.79 8027.50 1389.14 7998.49 1368.37 7992.89 1360.50 7993.27 1335.43 7993.52 1330.87 8000.09 1322.48 8079.51 1338.85 8097.24 1343.92 8092.66 1383.96
10 1811.59 12387.36 1814.22 12340.61 1837.96 12332.94 1867.84 12327.54 1913.17 12361.74 1913.93 12362.45 1921.30 12399.52 1892.81 12421.37 1864.24 12428.87 1812.51 12419.66
9 3759.35 13956.64 3795.27 13978.48 3793.95 13987.91 3782.02 14023.22 3771.94 14030.79 3730.49 14024.09 3720.72 13982.58 3723.65 13979.44 3740.63 13966.22
7 393.16 12077.54 450.66 12099.73 441.99 12141.06 414.76 12158.52 366.52 12143.15 371.24 12114.05 378.40 12098.83
11 9521.13 12791.91 9515.04 12773.49 9532.25 12752.29 9546.24 12735.99 9558.11 12733.16 9575.36 12735.93 9598.42 12770.43 9596.61 12789.46 9574.00 12814.06 9552.97 12815.67 9526.25 12796.26
10 17272.65 16951.23 17271.45 16946.18 17276.64 16930.57 17287.37 16923.13 17312.61 16932.98 17337.02 16948.85 17344.99 16954.20 17344.96 16962.82 17339.69 16974.03 17283.24 16974.15
12 9572.80 12026.26 9601.94 12022.38 9632.97 12037.87 9686.25 12104.19 9683.21 12148.02 9675.88 12161.08 9666.91 12163.69 9632.05 12173.44 9576.99 12176.40 9546.53 12153.41 9522.04 12131.98 9535.93 12097.06
10 4556.86 13708.84 4525.16 13675.23 4533.53 13643.09 4543.54 13635.32 4552.78 13634.77 4573.99 13635.66 4589.91 13639.59 4599.86 13686.87 4593.58 13693.45 4588.91 13697.17
9 9575.85 7007.06 9619.96 7003.81 9650.26 7022.33 9660.95 7044.91 9644.92 7094.35 9625.36 7103.97 9593.58 7108.27 9563.96 7067.35 9568.85 7024.65
8 13267.97 5394.63 13334.91 5454.64 13326.63 5494.28 13253.73 5515.75 13238.16 5513.47 13228.37 5504.00 13200.17 5460.67 13229.19 5403.14
11 4151.35 6104.35 4130.18 6069.56 4136.19 6059.82 4154.76 6041.97 4188.07 6040.03 4205.23 6057.98 4203.09 6079.31 4196.08 6100.24 4180.30 6109.25 4167.41 6112.19 4160.42 6113.40
10 4838.19 2032.58 4853.69 1991.23 4891.99 1991.52 4912.34 2005.37 4914.24 2011.50 4918.94 2026.96 4919.94 2046.67 4882.07 2074.46 4873.30 2073.15 4843.43 2043.79
9 15975.38 9497.73 16002.00 9622.72 15960.33 9658.88 15882.22 9657.28 15854.80 9640.17 15840.88 9623.90 15832.26 9542.38 15877.71 9499.44 15951.51 9497.79
6 12340.24 217.83 12398.71 101.75 12450.59 172.79 12459.98 188.17 12454.20 248.46 12378.33 245.19
10 2665.99 1101.90 2689.93 1063.27 2717.39 1065.56 2725.66 1077.93 2733.20 1089.38 2740.83 1109.13 2735.17 1121.69 2699.34 1141.07 2686.47 1135.56 2680.99 1130.22
8 11590.24 11155.53 11539.74 11134.90 11548.31 11096.78 11563.60 11084.27 11582.25 11078.22 11603.28 11080.73 11617.74 11095.33 11615.07 11142.06
10 14425.86 8969.63 14412.67 8909.13 14460.28 8847.79 14501.12 8848.71 14527.75 8870.34 14568.30 8929.59 14560.68 8948.34 14532.03 8971.08 14480.03 8996.42 14465.44 8992.67
11 9148.92 12034.93 9107.97 11995.40 9111.52 11977.63 9119.33 11954.92 9128.17 11944.33 9136.89 11937.63 9173.72 11940.48 9195.00 11952.85 9198.02 11967.35 9198.78 11990.32 9173.16 12032.20
8 10942.00 7720.37 10913.71 7663.66 10913.87 7645.86 10921.34 7631.89 10951.26 7610.86 11015.65 7630.63 11023.08 7644.76 11021.57 7687.40
9 9303.90 2680.45 9362.95 2771.13 9358.53 2776.24 9297.27 2808.51 9250.44 2811.41 9237.80 2790.58 9220.28 2744.49 9225.44 2711.89 9279.33 2687.81
12 4514.97 10598.61 4504.03 10566.12 4520.67 10541.38 4537.90 10517.40 4551.29 10515.25 4569.44 10514.94 4600.85 10530.96 4605.72 10552.73 4604.11 10574.44 4590.12 10600.03 4576.89 10618.83 4555.51 10624.91
7 9072.13 562.75 9092.06 498.56 9109.76 506.54 9134.96 518.58 9120.90 587.15 9102.88 601.75 9079.42 594.17
10 5319.74 8259.80 5315.93 8180.11 5316.49 8171.37 5351.00 8121.60 5394.27 8106.60 5426.61 8137.96 5448.01 8159.01 5470.70 8189.57 5448.09 8270.59 5362.52 8294.78
10 16421.13 4675.51 16445.97 4636.39 16492.87 4651.32 16501.64 4661.11 16519.38 4684.96 16510.33 4716.66 16492.74 4742.04 16473.47 4750.81 16445.58 4762.25 16429.05 4749.24
8 2212.91 9647.96 2246.48 9595.70 2270.51 9587.18 2287.22 9596.79 2307.31 9629.08 2298.01 9677.62 2266.59 9684.90 2217.20 9680.80
11 4707.19 13022.28 4731.37 12993.91 4751.18 12978.50 4752.48 12978.56 4791.74 12993.73 4794.21 12996.83 4802.90 13037.57 4800.89 13050.85 4775.50 13073.31 4749.43 13076.53 4720.14 13060.99
6 6776.46 16735.39 6866.83 16697.67 6913.75 16751.02 6894.25 16783.96 6827.27 16822.65 6785.81 16756.01
9 15766.56 14588.55 15800.94 14541.62 15831.71 14542.14 15848.70 14549.45 15866.60 14569.64 15863.27 14610.66 15853.29 14627.42 15794.93 14635.99 15770.91 14613.63
8 6738.43 8990.40 6636.11 8922.75 6637.50 8904.11 6646.77 8871.03 6670.36 8847.97 6738.60 8858.02 6740.98 8858.87 6793.70 8934.36
7 16472.06 16245.70 16442.83 16198.96 16476.96 16173.05 16506.64 16151.37 16545.93 16185.29 16536.37 16223.44 16535.31 16225.36
9 12146.48 15819.81 12180.98 15884.82 12176.05 15923.49 12153.83 15941.77 12136.24 15942.68 12042.79 15897.35 12036.47 15871.90 12045.19 15855.25 12092.77 15833.81
9 3720.19 559.51 3738.91 522.83 3763.35 489.55 3804.15 502.49 3820.17 510.25 3817.62 541.86 3800.72 576.59 3792.55 588.97 3749.08 591.62
9 13281.83 9388.70 13309.26 9357.55 13320.35 9358.19 13374.62 9380.82 13375.69 9382.50 13375.43 9448.55 13335.48 9482.30 13300.57 9442.01 13285.38 9405.76
6 2191.75 17623.95 2279.93 17583.16 2297.68 17602.04 2303.04 17680.28 2256.21 17712.42 2217.21 17683.23
8 3721.62 4781.74 3773.26 4739.29 3808.05 4766.10 3808.52 4768.59 3807.96 4780.17 3778.92 4807.65 3768.22 4813.52 3740.61 4809.74
11 16831.90 5339.66 16834.62 5254.05 16868.56 5188.40 16887.62 5189.28 16944.41 5199.14 16961.24 5223.62 16992.37 5278.28 16993.69 5299.13 16973.36 5336.17 16964.92 5349.18 16880.31 5367.20
9 10408.55 15408.22 10369.04 15333.24 10384.80 15305.31 10428.23 15297.78 10456.30 15297.63 10480.42 15322.23 10498.08 15352.73 10488.40 15380.31 10434.80 15409.68
10 2752.82 16884.68 2729.54 16819.28 2731.98 16806.06 2740.70 16788.51 2816.06 16779.39 2857.59 16800.79 2856.53 16840.40 2855.08 16853.31 2821.81 16882.83 2801.27 16891.09
9 9829.56 1490.86 9824.00 1462.64 9849.46 1431.91 9884.87 1424.11 9919.21 1438.67 9932.05 1478.82 9921.07 1528.21 9887.32 1550.25 9874.05 1549.71
8 12816.71 10373.56 12898.46 10330.98 12955.55 10356.57 12975.30 10434.86 12944.49 10461.75 12881.90 10475.13 12844.23 10475.66 12831.54 10471.51
8 8747.54 2256.71 8752.90 2233.28 8767.39 2201.83 8789.47 2204.58 8837.62 2228.12 8830.79 2271.31 8810.63 2283.40 8766.50 2270.29
11 2410.48 12898.37 2425.26 12853.70 2444.05 12845.56 2453.78 12841.67 2481.02 12842.25 2507.83 12844.65 2531.23 12890.60 2522.48 12919.03 2487.35 12926.62 2424.78 12933.38 2422.64 12932.74
10 5273.89 16732.19 5309.00 16728.34 5341.26 16761.87 5342.88 16804.26 5341.56 16827.07 5322.92 16841.29 5279.38 16846.24 5260.99 16833.89 5249.23 16821.24 5254.28 16769.58
7 14329.85 11752.71 14379.49 11725.86 14384.51 11726.37 14395.99 11736.83 14414.92 11769.96 14372.52 11797.29 14345.68 11793.17
7 2017.67 11028.86 1940.83 10992.14 1945.93 10958.46 2012.59 10946.74 2044.52 10964.18 2043.24 10980.97 2029.30 11022.88
12 3302.39 4605.98 3259.70 4594.56 3217.63 4538.05 3213.24 4500.33 3245.67 4451.54 3254.44 4448.79 3273.10 4449.32 3339.81 4451.38 3378.39 4480.13 3377.32 4496.07 3366.33 4519.89 3321.77 4588.12
9 1780.33 5955.41 1777.80 5911.87 1783.87 5903.53 1805.96 5898.16 1838.13 5906.18 1850.70 5919.63 1832.28 5958.53 1814.74 5972.17 1801.39 5971.45
6 2854.12 16093.07 2802.08 16156.73 2795.95 16151.63 2746.19 16099.55 2773.99 16049.39 2784.77 16040.05
9 3371.06 8642.16 3350.35 8662.86 3308.19 8658.67 3290.81 8638.79 3301.67 8606.25 3309.15 8588.98 3336.86 8585.86 3344.47 8588.79 3368.26 8609.61
9 12772.91 8161.17 12870.73 8107.26 12896.95 8096.12 12935.12 8124.04 12951.11 8219.59 12929.23 8238.09 12873.78 8252.49 12835.18 8249.74 12785.46 8215.00
8 5940.13 9381.80 5892.85 9324.73 5896.03 9285.03 5963.68 9284.88 5978.86 9293.39 5992.74 9325.73 5978.42 9347.87 5962.29 9365.85
8 7150.86 13039.57 7161.45 13003.34 7246.63 12967.61 7317.99 12998.82 7321.34 13089.31 7267.35 13134.71 7208.08 13118.57 7176.65 13089.08
7 16942.46 10537.43 17005.37 10602.99 16980.85 10651.77 16910.20 10690.46 16849.67 10653.61 16827.44 10587.04 16849.16 10571.54
8 2953.85 765.94 2930.28 832.92 2877.09 833.74 2857.87 829.03 2818.08 769.29 2852.66 738.63 2911.11 690.22 2945.67 722.81
7 1397.65 9010.53 1370.79 9069.79 1358.98 9066.11 1329.49 9051.43 1336.25 9011.16 1351.64 8997.66 1378.74 8996.81
8 14539.83 17011.29 14545.69 16990.59 14583.31 16897.50 14659.49 16924.96 14699.28 16970.47 14655.65 17047.29 14655.22 17047.51 14571.02 17039.36
8 5392.61 16524.08 5370.87 16499.42 5398.39 16463.44 5428.14 16449.60 5443.02 16467.43 5449.08 16493.66 5438.19 16537.59 5422.44 16549.52
7 6196.48 11129.33 6249.23 11154.71 6290.84 11225.17 6292.91 11229.02 6281.05 11265.46 6231.29 11295.27 6200.19 11167.84
10 2370.57 6410.85 2411.70 6357.71 2436.77 6362.87 2444.76 6372.67 2458.32 6396.51 2462.87 6410.07 2465.54 6449.93 2447.21 6463.46 2419.33 6465.44 2393.21 6461.74
9 3046.30 14820.86 3060.04 14812.58 3140.68 14846.33 3144.61 14850.31 3133.67 14867.50 3048.44 14925.97 3038.41 14921.00 3029.38 14908.35 3044.18 14831.19
11 11428.50 2072.08 11424.75 2038.30 11425.52 2031.85 11447.85 2008.02 11476.05 2005.02 11489.98 2017.71 11506.08 2039.88 11496.92 2066.94 11474.20 2087.12 11458.82 2094.85 11443.86 2093.28
13 17450.52 8226.02 17477.62 8285.09 17470.76 8302.84 17462.89 8323.11 17457.53 8332.70 17448.74 8339.18 17429.15 8349.11 17398.40 8332.13 17354.30 8297.19 17352.87 8287.64 17352.47 8277.46 17355.86 8254.34 17409.01 8230.47
8 12826.37 12832.61 12860.40 12793.98 12889.95 12779.78 12924.46 12780.50 12955.54 12854.57 12898.14 12895.79 12873.55 12892.37 12829.47 12847.62
10 14717.24 15488.41 14809.94 15553.64 14801.08 15609.88 14798.98 15618.35 14755.94 15643.71 14716.84 15644.87 14682.16 15640.50 14641.09 15612.41 14653.68 15523.36 14693.20 15495.35
8 13877.44 9701.59 13831.69 9614.74 13849.63 9583.19 13875.63 9570.30 13910.79 9581.64 13945.81 9624.94 13943.58 9665.45 13939.90 9670.43
9 2355.91 8254.29 2397.37 8245.28 2436.43 8250.77 2450.96 8335.26 2436.74 8387.16 2410.35 8386.96 2366.56 8372.58 2341.15 8312.97 2348.74 8272.44
9 10759.96 5435.27 10767.99 5344.43 10782.86 5318.68 10862.58 5323.27 10909.62 5380.78 10871.52 5438.37 10799.94 5470.42 10781.57 5478.61 10772.87 5469.48
7 12345.35 17606.56 12289.98 17524.38 12326.00 17509.54 12350.45 17501.79 12375.50 17494.56 12403.54 17547.44 12378.06 17586.20
8 9073.03 4372.59 9101.08 4270.71 9114.52 4261.90 9216.01 4313.13 9229.03 4340.57 9189.41 4384.46 9122.07 4419.39 9100.55 4403.65
10 1751.35 12378.25 1731.15 12343.51 1764.25 12318.36 1795.85 12314.46 1801.62 12327.36 1802.93 12345.33 1802.10 12363.26 1800.12 12369.68 1793.63 12374.45 1775.54 12378.97
9 6524.33 10188.54 6526.32 10183.47 6572.98 10116.55 6599.47 10131.55 6622.07 10148.78 6634.55 10193.03 6599.79 10233.30 6576.95 10242.48 6536.57 10214.78
9 14580.40 3368.06 14531.73 3326.16 14548.22 3270.43 14567.17 3262.62 14656.60 3270.05 14656.68 3275.46 14641.52 3333.88 14635.77 3354.87 14588.45 3372.92
10 2007.51 3628.22 2040.80 3588.37 2106.38 3599.52 2117.93 3608.34 2125.95 3625.39 2122.17 3697.75 2113.28 3732.21 2048.24 3761.49 1984.83 3715.65 1989.96 3688.55
9 188.20 13520.01 195.45 13436.77 223.09 13405.38 280.31 13402.23 300.64 13422.50 309.82 13435.45 326.69 13476.19 315.15 13503.21 272.97 13526.54
8 4179.18 9166.32 4205.46 9093.33 4268.44 9072.08 4299.17 9115.73 4293.29 9137.48 4260.01 9196.84 4200.40 9183.81 4183.54 9175.22
7 9346.34 771.91 9431.99 719.21 9488.17 775.66 9488.98 804.35 9473.76 821.89 9402.96 845.04 9347.62 778.72
9 15132.04 3204.23 15157.07 3125.63 15222.00 3100.53 15276.80 3131.35 15282.65 3201.65 15279.69 3210.58 15214.38 3245.83 15149.58 3252.31 15138.77 3223.12
10 11100.35 16810.04 11102.89 16754.23 11120.38 16743.59 11166.04 16729.01 11193.16 16751.45 11197.70 16779.39 11193.04 16791.27 11172.99 16807.45 11152.90 16819.49 11134.80 16816.89
8 11549.47 857.85 11652.57 800.07 11706.63 860.81 11660.32 938.09 11658.38 938.73 11610.57 941.30 11574.02 939.97 11559.12 938.23
12 12693.14 5459.42 12720.16 5408.52 12736.49 5403.00 12758.53 5410.00 12766.14 5415.43 12785.18 5436.76 12787.38 5446.13 12791.59 5469.99 12776.80 5484.84 12762.35 5495.23 12734.10 5500.20 12695.46 5479.16
6 1251.47 10344.80 1132.66 10293.49 1202.71 10186.11 1277.62 10183.54 1301.65 10224.61 1286.27 10298.95
9 17382.82 5432.96 17332.66 5391.24 17347.99 5346.54 17401.66 5332.47 17434.85 5342.06 17442.78 5353.14 17444.24 5402.04 17437.76 5427.57 17408.63 5430.43
10 12702.23 8009.28 12680.15 8085.42 12638.17 8085.52 12576.93 8061.11 12573.22 8058.30 12565.29 8044.49 12591.07 7973.32 12657.61 7949.38 12686.20 7954.13 12695.49 7982.81
8 10609.10 13206.74 10686.08 13164.45 10740.90 13140.75 10755.36 13181.29 10769.34 13228.07 10737.77 13254.18 10636.85 13257.90 10628.06 13252.28
7 17318.40 7611.21 17356.07 7528.81 17403.15 7535.19 17455.71 7613.09 17413.94 7639.30 17371.08 7661.70 17358.40 7668.19
10 1416.03 12285.92 1388.31 12224.82 1422.41 12195.46 1446.45 12185.45 1497.27 12169.59 1502.71 12170.60 1526.31 12205.46 1525.35 12266.40 1450.01 12301.23 1437.90 12299.35
8 2167.10 4638.28 2138.14 4685.77 2122.11 4685.05 2108.72 4682.12 2098.68 4663.33 2095.85 4633.94 2099.08 4623.07 2131.58 4614.54
10 2368.19 395.51 2404.26 353.22 2434.89 365.85 2453.20 373.97 2456.38 380.49 2457.60 414.09 2438.63 432.34 2415.43 443.18 2381.30 434.95 2377.51 426.96
7 9565.01 969.20 9572.91 1039.86 9530.72 1072.98 9515.50 1084.07 9462.04 1042.63 9475.15 979.63 9496.01 962.07
9 1674.93 4497.92 1654.45 4458.09 1668.41 4430.01 1686.54 4417.22 1731.37 4430.88 1743.70 4464.57 1742.83 4478.64 1709.65 4511.31 1687.30 4508.18
7 10114.02 5231.01 10159.84 5132.58 10231.77 5149.00 10230.80 5190.44 10226.91 5210.41 10177.78 5290.40 10152.95 5271.16
9 8891.77 8981.46 8930.91 8937.76 8951.95 8945.61 9031.58 8984.47 9039.69 9009.32 9007.97 9039.02 8949.00 9059.47 8929.82 9060.23 8908.96 9045.74
10 9402.08 342.95 9388.08 304.78 9389.85 295.96 9432.61 259.82 9460.34 263.97 9477.91 280.15 9492.10 298.80 9496.91 324.99 9478.98 352.13 9435.21 374.38
7 11744.25 15640.11 11745.15 15624.27 11789.65 15588.24 11816.46 15608.24 11837.67 15646.37 11815.15 15650.16 11767.55 15645.67
8 6655.63 10639.08 6604.52 10663.95 6575.41 10644.78 6547.69 10604.69 6544.26 10598.48 6560.84 10574.56 6591.58 10551.29 6655.50 10587.14
11 14444.93 819.64 14443.04 781.65 14452.49 737.53 14455.19 735.84 14481.39 729.73 14543.57 749.74 14560.91 766.61 14548.99 808.38 14543.65 818.76 14482.78 833.76 14460.25 828.30
10 17410.94 16060.96 17370.42 16080.29 17329.23 16056.28 17325.54 16042.43 17336.35 15999.55 17346.89 15994.82 17351.06 15993.84 17380.28 15995.81 17396.31 16003.58 17404.09 16018.56
8 4075.98 14265.20 4076.57 14220.79 4126.60 14206.77 4151.36 14222.47 4152.56 14232.00 4146.13 14256.47 4118.37 14274.00 4106.28 14274.35
10 6574.33 3938.98 6577.18 3908.83 6608.14 3881.63 6631.04 3888.16 6651.44 3895.59 6665.63 3906.01 6669.63 3917.88 6644.32 3955.44 6640.16 3957.19 6596.16 3961.69
9 3615.79 9186.50 3639.69 9196.02 3643.32 9211.75 3645.81 9252.00 3602.18 9263.06 3569.97 9263.18 3578.04 9220.21 3590.63 9205.90 3598.92 9197.72
9 9856.48 17317.94 9857.27 17267.56 9877.87 17246.03 9909.37 17252.13 9954.55 17271.63 9958.18 17289.54 9956.89 17297.41 9899.21 17343.19 9861.65 17321.29
10 12798.44 11874.51 12822.98 11872.07 12837.58 11881.32 12838.70 11922.50 12827.49 11937.49 12820.61 11940.20 12805.08 11937.86 12802.40 11935.42 12778.92 11911.06 12781.10 11890.69
9 9226.79 11726.76 9212.33 11826.82 9159.69 11822.42 9136.91 11794.82 9133.55 11763.68 9145.49 11746.44 9162.12 11730.69 9187.48 11723.90 9222.95 11726.40
9 2963.22 10502.50 2938.24 10442.80 2963.98 10384.53 3033.53 10362.19 3079.06 10367.67 3106.98 10414.39 3093.08 10487.82 3081.71 10505.61 3038.93 10520.45
8 2689.98 1637.28 2618.58 1659.23 2601.69 1641.22 2580.12 1590.61 2612.47 1506.49 2655.88 1506.30 2680.69 1515.88 2687.78 1545.63
6 1026.50 3414.06 1102.66 3540.38 1092.96 3589.29 965.49 3510.25 962.80 3479.16 990.97 3442.97
10 16519.54 11046.03 16495.47 11002.70 16514.86 10964.52 16545.33 10962.00 16573.58 10967.21 16592.87 10976.00 16607.30 10997.38 16610.03 11003.84 16572.39 11058.12 16545.38 11069.44
7 3044.47 6324.98 2977.47 6276.37 2977.67 6260.96 2987.27 6253.08 3050.28 6213.32 3078.31 6236.66 3086.26 6308.99
7 6118.21 7280.99 6062.24 7279.95 6079.28 7221.14 6115.54 7214.82 6152.04 7212.74 6165.72 7231.05 6129.63 7276.19
8 15902.78 2415.86 15890.07 2479.15 15846.37 2491.85 15816.89 2474.23 15797.65 2456.79 15773.71 2425.07 15805.81 2412.30 15866.15 2392.66
9 1049.79 15922.79 1080.77 15904.12 1100.51 15902.03 1143.16 15917.95 1154.58 15944.22 1162.68 16013.39 1141.92 16025.22 1065.93 15990.75 1050.33 15977.49
10 6225.07 15748.52 6220.46 15642.79 6268.34 15608.07 6330.39 15609.56 6348.31 15635.96 6370.44 15729.37 6365.93 15748.75 6323.04 15777.32 6285.72 15776.16 6249.42 15762.09
9 14866.14 7375.87 14837.94 7340.08 14838.09 7331.34 14839.33 7319.98 14880.16 7304.55 14918.81 7306.40 14923.72 7326.48 14923.43 7328.22 14876.11 7373.55
7 9519.00 3754.76 9406.52 3739.86 9415.39 3680.71 9423.30 3658.76 9450.31 3651.97 9521.47 3687.36 9527.67 3696.45
10 15110.04 13680.66 15075.47 13621.74 15077.35 13589.17 15098.06 13550.09 15135.38 13540.76 15217.79 13554.45 15228.75 13570.45 15218.46 13663.27 15217.73 13666.04 15178.21 13672.56
10 9111.54 6184.96 9139.02 6184.77 9146.53 6185.58 9163.27 6235.63 9164.45 6248.42 9126.80 6274.36 9082.22 6275.09 9073.58 6267.92 9068.90 6219.93 9075.48 6207.88
8 16779.19 14369.06 16842.63 14275.06 16893.18 14306.36 16880.66 14341.83 16867.07 14370.36 16853.77 14381.35 16816.65 14405.87 16790.31 14390.61
9 3966.50 17778.42 3965.18 17752.92 4005.48 17693.33 4012.16 17689.19 4047.19 17682.02 4070.04 17700.28 4076.84 17737.76 4073.26 17741.82 4001.92 17809.30
10 3258.86 14639.23 3241.94 14589.37 3265.19 14551.62 3273.95 14547.39 3326.82 14555.68 3342.23 14574.89 3332.87 14611.14 3326.25 14627.67 3302.53 14647.79 3273.39 14647.07
6 11185.88 4323.22 11132.35 4298.17 11143.89 4244.83 11168.60 4238.00 11205.66 4247.12 11217.95 4278.66
9 16903.83 14240.29 16844.66 14252.08 16816.76 14236.21 16810.89 14181.49 16810.85 14139.47 16865.75 14126.98 16889.63 14132.30 16913.32 14142.26 16910.15 14210.22
10 9810.02 13581.42 9829.16 13561.80 9884.31 13515.45 9973.67 13583.11 9976.10 13594.03 9979.98 13635.69 9955.59 13656.35 9918.02 13675.49 9868.51 13686.22 9842.63 13677.17
9 799.66 1641.45 806.60 1722.22 783.31 1730.92 723.84 1753.09 712.89 1726.90 701.28 1691.25 698.18 1666.23 728.70 1621.54 755.21 1621.59
11 8862.67 2771.43 8798.46 2758.49 8810.00 2714.87 8819.87 2704.26 8827.21 2698.28 8830.83 2695.60 8867.78 2701.50 8875.85 2709.96 8880.93 2718.12 8885.24 2754.25 8879.04 2759.60
9 7476.59 10374.09 7490.26 10420.62 7487.85 10422.12 7457.25 10433.44 7436.74 10426.85 7432.78 10413.07 7438.06 10379.59 7445.66 10364.49 7461.16 10366.26
6 16417.10 507.05 16449.43 456.65 16511.17 469.67 16494.13 530.99 16451.17 545.88 16423.07 517.59
6 15120.05 6690.09 15224.09 6743.13 15148.63 6840.85 15094.96 6807.43 15093.47 6789.61 15097.51 6721.34
11 10136.26 4759.53 10180.23 4859.27 10177.82 4886.78 10173.70 4907.08 10162.23 4921.74 10148.52 4931.56 10026.35 4897.92 10005.86 4843.28 10011.88 4823.21 10018.60 4805.20 10028.75 4784.96
9 5049.09 5990.35 5014.02 6011.88 4967.84 5979.63 4948.38 5955.91 4949.04 5944.58 4959.69 5906.46 4976.40 5881.69 5008.85 5882.46 5039.83 5934.87
6 198.33 12997.27 170.32 12939.80 196.13 12901.98 246.57 12913.54 286.89 12955.78 267.59 12994.32
8 11287.03 521.98 11253.42 554.15 11210.51 541.95 11196.20 511.11 11195.24 507.71 11217.83 476.35 11238.60 467.51 11271.34 498.55
8 2149.30 8929.05 2108.26 8972.42 2085.54 8964.44 2074.72 8900.75 2076.86 8893.86 2099.34 8879.50 2118.22 8882.73 2136.07 8887.54
7 16247.45 1488.68 16189.20 1528.40 16122.68 1515.28 16121.07 1442.26 16145.90 1407.17 16165.65 1406.83 16233.25 1427.76
9 14649.02 16214.60 14576.68 16155.36 14587.20 16100.22 14594.88 16062.44 14607.72 16062.55 14702.36 16107.09 14715.50 16115.76 14708.04 16157.71 14684.44 16184.31
13 7864.45 10720.43 7808.41 10691.74 7793.74 10656.93 7790.37 10617.61 7793.88 10600.47 7832.06 10548.45 7840.77 10547.50 7892.03 10542.60 7919.65 10560.53 7961.39 10615.84 7957.38 10645.80 7926.91 10693.29 7893.85 10713.16
10 11269.37 2969.38 11307.89 3012.35 11306.64 3041.30 11304.17 3056.83 11290.18 3059.33 11265.05 3055.40 11246.89 3042.60 11244.06 3039.08 11242.56 3032.71 11248.37 2977.31
9 10450.24 8636.52 10454.72 8703.90 10452.48 8716.01 10445.57 8717.69 10422.22 8702.93 10396.82 8675.96 10391.25 8652.35 10395.98 8640.18 10423.87 8627.29
8 725.86 17650.48 687.17 17616.08 692.24 17578.98 729.61 17561.45 751.65 17569.34 765.21 17580.85 771.03 17597.39 762.31 17611.54
7 14262.29 11061.20 14306.35 11009.83 14331.34 11025.82 14357.63 11054.53 14372.40 11080.55 14350.31 11099.89 14269.38 11079.26
7 10829.30 12048.27 10795.95 12001.17 10809.02 11943.34 10839.53 11895.38 10895.52 11889.15 10934.88 11894.93 10872.21 12046.55
11 2114.98 12506.00 2112.01 12471.64 2140.83 12434.59 2171.82 12409.43 2199.63 12425.48 2217.04 12450.39 2227.01 12472.46 2225.40 12485.05 2208.92 12515.75 2180.79 12535.30 2146.18 12523.41
8 5839.93 3382.32 5814.97 3441.75 5744.67 3434.48 5730.23 3396.52 5727.15 3381.23 5734.53 3343.31 5806.10 3326.93 5833.83 3358.15
9 12973.68 12997.65 12957.66 12966.70 12965.41 12943.41 12987.65 12935.16 13026.79 12943.74 13036.68 12969.37 13020.97 12987.37 13005.78 13003.49 12985.04 13013.01
9 7572.68 8893.93 7569.75 8844.47 7574.51 8837.30 7679.70 8774.19 7692.08 8778.62 7708.02 8796.32 7697.94 8822.90 7666.36 8858.03 7649.94 8871.22
7 930.10 248.36 960.11 223.18 1001.19 232.75 1014.12 251.57 988.32 305.31 957.87 315.04 934.49 284.29
9 3452.83 7142.43 3495.32 7072.84 3516.94 7072.17 3561.70 7109.26 3538.89 7179.42 3529.11 7189.26 3503.59 7186.27 3477.43 7173.62 3459.40 7154.03
11 4532.70 13039.05 4556.78 12943.26 4568.41 12940.51 4639.13 12953.82 4653.69 12995.66 4662.67 13022.82 4661.39 13045.22 4638.17 13062.48 4615.64 13069.49 4607.79 13070.58 4554.98 13054.47
8 12402.60 16900.50 12289.04 16944.80 12264.44 16928.64 12246.05 16898.75 12241.56 16822.64 12289.22 16786.18 12371.63 16804.72 12386.82 16833.37
5 3401.61 12813.80 3441.83 12873.97 3418.57 12880.43 3387.02 12885.41 3394.69 12826.42
8 12754.03 7815.38 12714.42 7767.41 12723.61 7741.94 12795.62 7714.55 12881.15 7719.02 12884.58 7724.47 12876.24 7853.96 12858.67 7854.09
9 1752.75 14135.57 1743.67 14108.04 1745.36 14101.90 1778.98 14074.65 1807.40 14088.03 1815.62 14109.92 1807.37 14142.73 1773.55 14150.81 1771.43 14151.02
8 1867.45 6510.70 1893.59 6454.55 1911.98 6440.80 1946.22 6473.27 1963.78 6490.04 1945.33 6532.22 1932.52 6544.97 1905.94 6537.65
6 13386.87 722.97 13394.88 791.12 13354.24 764.53 13343.43 752.94 13346.91 739.15 13355.80 728.75
14 15026.23 12626.85 15022.27 12596.43 15023.01 12575.98 15048.49 12544.37 15090.16 12541.46 15108.31 12550.27 15132.60 12581.92 15138.45 12591.17 15131.56 12604.55 15105.32 12648.30 15082.83 12652.82 15069.24 12654.18 15041.47 12654.85 15032.68 12639.12
10 8449.58 1797.15 8403.88 1718.60 8419.59 1686.39 8453.86 1666.70 8487.15 1654.62 8518.18 1660.43 8540.66 1672.32 8562.14 1702.27 8568.12 1740.95 8544.30 1774.31
10 9024.87 14843.82 9024.91 14836.06 9063.67 14798.60 9075.32 14813.01 9087.75 14844.36 9087.48 14849.51 9075.51 14873.19 9069.46 14882.67 9054.88 14874.10 9035.90 14857.92
12 1762.71 13611.11 1820.49 13596.41 1858.40 13659.31 1872.09 13685.83 1841.10 13722.71 1827.70 13737.03 1822.57 13739.66 1775.03 13734.62 1754.58 13712.98 1734.69 13691.86 1733.35 13671.48 1756.63 13623.03
12 5006.56 17611.01 5053.96 17560.97 5096.17 17547.54 5135.10 17578.01 5140.97 17597.93 5141.77 17634.41 5131.64 17679.11 5087.61 17701.15 5057.30 17695.83 5033.81 17675.87 5010.22 17639.27 5007.04 17632.53
8 1950.29 16941.56 2072.69 16897.53 2093.75 16935.74 2094.37 16948.93 2086.01 16995.75 2059.01 17017.66 1988.21 16988.96 1957.42 16962.29
8 15320.85 2410.82 15279.17 2357.31 15331.29 2299.47 15381.74 2289.74 15392.37 2297.93 15423.60 2353.69 15419.90 2381.30 15403.62 2406.82
11 1037.04 15328.65 1091.77 15296.09 1115.95 15299.14 1123.99 15312.51 1147.07 15382.91 1132.86 15401.09 1093.67 15431.65 1056.09 15415.60 1032.40 15388.56 1027.23 15381.57 1030.43 15346.59
7 9471.40 3558.20 9432.85 3525.64 9446.80 3433.68 9505.57 3406.71 9538.97 3426.35 9578.45 3481.45 9547.78 3530.84
9 2249.00 15348.01 2277.57 15407.36 2235.62 15445.66 2222.74 15447.22 2192.59 15437.38 2180.81 15407.46 2178.35 15377.95 2182.37 15358.06 2213.66 15344.23
10 5131.51 3428.80 5177.72 3416.38 5192.18 3427.27 5209.41 3458.08 5210.97 3468.52 5213.79 3494.08 5209.36 3498.36 5185.56 3513.37 5164.57 3510.39 5132.46 3482.33
10 6018.49 13130.11 5986.52 13091.41 5952.21 13047.63 5951.19 13045.93 5964.96 13007.52 5978.37 12985.12 6035.16 12985.47 6092.26 13014.94 6074.80 13109.14 6036.56 13126.96
11 1559.65 8210.85 1542.28 8255.08 1534.39 8256.06 1502.91 8245.89 1460.95 8229.35 1456.56 8217.21 1452.18 8188.53 1470.75 8164.50 1501.62 8154.40 1540.44 8164.69 1553.53 8176.34
8 12434.58 5497.16 12469.11 5455.99 12516.80 5477.32 12534.13 5505.21 12527.29 5518.87 12502.98 5538.43 12480.27 5540.42 12440.66 5511.21
7 9649.65 7795.27 9730.01 7872.20 9664.56 7931.64 9622.30 7966.75 9612.52 7958.40 9590.99 7917.88 9620.26 7842.94
10 16146.51 10198.86 16168.23 10237.12 16116.14 10318.34 16051.72 10330.28 16043.48 10322.50 15997.28 10252.48 16007.43 10202.55 16026.70 10160.82 16040.31 10159.48 16085.11 10157.54
11 11483.70 10830.82 11473.03 10808.62 11476.31 10781.85 11516.63 10756.51 11543.52 10750.83 11576.10 10773.53 11585.84 10782.82 11581.92 10824.55 11566.03 10842.79 11537.37 10856.82 11516.15 10851.50
8 359.82 3742.46 331.81 3722.32 336.70 3670.89 354.66 3656.73 398.08 3684.74 407.79 3715.07 407.46 3725.02 394.02 3739.14
10 17305.23 1273.97 17350.86 1242.95 17394.54 1261.80 17414.68 1275.95 17413.42 1315.95 17376.06 1351.91 17364.47 1354.53 17338.21 1354.97 17328.52 1346.35 17307.13 1306.20
9 10187.89 14935.28 10182.00 14870.49 10193.91 14841.51 10208.89 14821.25 10280.13 14827.70 10300.19 14833.97 10302.58 14839.57 10310.99 14897.01 10281.42 14932.68
6 14489.29 99.03 14539.07 185.46 14498.21 235.37 14440.78 223.68 14395.99 180.87 14416.56 102.71
7 13407.72 15752.05 13456.04 15730.24 13495.14 15763.11 13481.21 15794.29 13464.51 15817.30 13431.89 15817.88 13421.70 15797.48
7 10232.36 16550.71 10258.49 16508.37 10310.38 16512.02 10318.66 16522.30 10317.03 16564.44 10311.31 16567.58 10235.16 16574.26
12 2736.45 10281.83 2681.07 10346.65 2657.17 10351.52 2625.82 10341.65 2602.66 10311.05 2621.79 10254.67 2629.72 10240.71 2635.78 10234.61 2658.70 10220.18 2666.02 10218.10 2687.96 10224.48 2730.50 10247.86
7 10675.00 7381.34 10691.04 7424.75 10671.98 7455.57 10667.68 7458.49 10660.62 7456.81 10635.21 7442.18 10650.27 7394.13
9 3932.80 4056.22 3984.37 4127.66 3966.45 4201.89 3909.21 4202.30 3879.94 4196.71 3852.41 4188.58 3823.31 4166.97 3818.03 4117.01 3876.55 4058.86
11 9691.83 14432.59 9682.25 14445.63 9673.89 14455.50 9647.95 14485.55 9636.12 14479.95 9579.53 14448.84 9575.28 14442.31 9572.22 14413.87 9585.23 14387.18 9651.00 14367.85 9689.70 14408.93
13 13304.62 10986.89 13271.17 11053.99 13232.10 11053.69 13216.92 11045.33 13205.60 11038.13 13189.75 11021.93 13194.40 11005.26 13203.06 10977.03 13212.72 10957.25 13218.83 10951.52 13247.38 10937.77 13274.94 10943.49 13298.56 10971.36
10 14868.12 5259.37 14806.62 5254.12 14776.71 5225.28 14775.18 5182.32 14780.06 5142.85 14857.84 5117.68 14871.93 5121.32 14917.65 5141.53 14930.77 5184.29 14912.73 5239.64
10 4223.99 15212.33 4153.83 15278.44 4099.34 15265.83 4069.32 15244.75 4059.99 15230.11 4053.24 15169.44 4065.53 15152.75 4135.77 15116.50 4194.14 15140.84 4206.22 15155.50
12 17689.85 10471.20 17712.85 10546.93 17683.36 10576.02 17608.80 10607.16 17571.92 10574.99 17564.57 10553.69 17556.52 10524.42 17574.45 10500.21 17585.16 10488.30 17594.74 10483.34 17610.45 10477.37 17620.01 10474.28
5 15954.24 14760.09 15937.58 14647.56 16036.44 14614.15 16067.63 14687.45 16049.92 14751.94
7 14991.27 4463.55 15018.92 4490.34 15012.07 4523.15 14992.10 4529.03 14961.15 4529.74 14939.95 4507.78 14951.70 4474.01
9 15867.15 14833.95 15869.20 14813.65 15900.64 14799.51 15916.24 14801.84 15933.13 14832.30 15936.22 14855.67 15927.04 14860.61 15888.00 14868.28 15870.15 14859.91
8 846.56 15952.57 900.09 15939.17 951.73 15970.09 956.32 16021.20 950.88 16034.55 902.75 16034.14 830.98 16015.86 832.75 15984.52
12 12761.78 16112.67 12743.46 16109.82 12733.07 16095.21 12722.17 16060.57 12723.83 16057.89 12729.47 16049.45 12744.23 16030.61 12772.58 16040.17 12796.95 16055.74 12802.54 16087.88 12797.14 16099.37 12775.13 16110.15
10 11172.95 8968.71 11217.45 8968.44 11229.14 8993.30 11233.40 9003.68 11232.02 9014.58 11222.17 9032.41 11200.67 9033.82 11156.18 9021.01 11149.92 9009.58 11164.89 8979.26
7 9906.51 9910.71 9865.74 9977.55 9833.02 9974.67 9754.50 9936.64 9750.07 9888.79 9754.45 9863.66 9838.70 9836.70
12 11958.75 11864.81 11990.79 11823.61 12009.36 11824.68 12032.26 11828.44 12051.69 11840.48 12058.46 11866.69 12060.01 11887.63 12056.29 11897.37 12052.82 11902.17 12038.38 11916.48 12018.03 11920.11 11985.65 11904.64
12 4312.95 14511.20 4321.62 14536.73 4319.89 14541.26 4310.34 14561.26 4282.76 14578.70 4275.65 14580.05 4227.03 14548.70 4221.62 14525.07 4246.75 14499.50 4257.76 14489.35 4275.94 14478.34 4285.06 14476.85
7 12995.87 6386.67 13007.12 6474.03 12958.93 6497.88 12929.56 6505.24 12890.61 6472.63 12917.21 6415.92 12950.36 6372.39
11 8685.61 9899.63 8712.14 9930.29 8711.30 9945.18 8690.14 9988.16 8678.46 9993.10 8643.52 9980.56 8603.18 9965.12 8600.50 9959.88 8597.01 9921.06 8637.28 9901.54 8647.48 9900.28
8 8168.95 16605.83 8167.62 16575.51 8189.30 16541.45 8208.43 16536.18 8235.98 16539.26 8253.02 16558.36 8240.81 16610.76 8195.58 16641.01
8 9986.58 14923.39 9953.30 14955.15 9912.81 14941.87 9903.50 14928.49 9921.06 14888.75 9938.85 14876.20 9974.08 14898.17 9982.45 14910.47
6 6883.57 8697.11 6897.08 8773.67 6883.98 8825.24 6829.59 8834.93 6791.08 8836.66 6803.04 8715.48
11 9572.69 16302.48 9587.45 16263.43 9627.11 16221.80 9645.72 16218.55 9691.25 16242.82 9702.10 16279.28 9701.56 16322.64 9670.41 16338.03 9619.77 16355.24 9592.50 16340.92 9580.51 16332.18
9 11740.18 13773.10 11731.74 13716.07 11804.51 13674.99 11817.55 13673.94 11820.02 13674.04 11829.16 13685.74 11828.66 13765.47 11795.07 13793.03 11758.79 13788.35
7 16989.98 6534.97 17041.76 6587.19 17029.60 6623.57 16992.31 6647.43 16964.98 6645.90 16945.91 6588.16 16953.17 6562.05
10 6633.92 4904.08 6566.93 4840.42 6555.46 4808.82 6553.84 4795.41 6599.43 4762.61 6633.73 4749.65 6691.26 4777.05 6706.95 4793.71 6709.01 4835.73 6652.91 4888.24
9 1157.30 13270.84 1197.07 13236.17 1216.46 13233.33 1219.49 13241.74 1229.71 13279.07 1222.66 13297.59 1198.40 13307.68 1178.43 13306.49 1170.00 13301.18
7 5381.44 5640.74 5350.84 5590.56 5371.11 5558.08 5384.61 5556.48 5412.95 5563.74 5424.05 5580.23 5431.49 5624.05
12 14773.28 4157.58 14792.64 4155.38 14807.31 4168.97 14815.14 4179.22 14818.74 4216.36 14816.09 4227.62 14807.20 4232.98 14773.34 4229.86 14768.09 4228.55 14765.81 4218.88 14765.87 4184.41 14766.97 4178.74
10 15343.82 17503.58 15319.62 17437.57 15339.39 17404.86 15372.97 17375.87 15433.60 17365.89 15466.41 17366.90 15502.49 17414.85 15478.55 17476.49 15456.52 17488.68 15414.78 17503.69
9 2112.75 8771.71 2050.31 8708.99 2070.71 8699.16 2092.37 8690.89 2128.68 8679.59 2142.43 8688.16 2141.80 8717.15 2139.94 8732.63 2123.04 8759.56
7 10681.00 10177.86 10719.60 10158.89 10747.55 10178.81 10742.21 10217.57 10708.83 10236.52 10689.49 10229.14 10681.98 10205.63
9 6375.58 8443.44 6426.28 8511.14 6390.14 8572.39 6351.40 8577.47 6294.21 8557.33 6281.65 8526.90 6292.14 8487.93 6301.84 8474.91 6309.44 8470.92
11 10711.32 5796.34 10743.80 5785.52 10804.51 5799.12 10828.70 5842.64 10824.07 5887.42 10810.25 5919.66 10804.09 5925.69 10701.28 5927.93 10672.44 5904.23 10664.34 5891.66 10679.22 5855.42
12 11517.47 5070.25 11520.53 5023.96 11542.65 5007.77 11555.94 5003.19 11585.98 5008.08 11591.26 5016.15 11604.89 5041.53 11609.86 5059.76 11588.31 5083.52 11568.47 5090.63 11541.82 5087.08 11520.27 5075.12
8 11059.09 12580.39 11117.64 12514.67 11147.38 12522.00 11177.21 12546.90 11196.43 12577.85 11176.78 12637.96 11105.38 12641.73 11078.09 12609.47
6 5792.35 10116.66 5857.89 10142.84 5857.45 10192.25 5813.56 10227.59 5771.38 10208.75 5773.57 10133.03
12 4621.96 5023.72 4572.14 4979.91 4564.53 4969.62 4532.99 4922.63 4566.00 4873.66 4619.08 4853.53 4636.64 4861.05 4654.39 4871.57 4684.11 4896.08 4704.93 4934.87 4704.23 4971.98 4654.09 5005.37
12 3115.34 17195.68 3120.36 17131.29 3158.17 17109.90 3187.65 17097.09 3244.65 17108.17 3257.83 17129.89 3266.84 17163.60 3272.49 17191.41 3254.24 17227.67 3238.73 17240.64 3168.64 17227.05 3152.72 17219.29
6 10506.34 12781.03 10484.47 12683.25 10492.27 12664.19 10518.35 12631.60 10616.71 12702.81 10600.89 12735.09
11 14743.21 14078.76 14714.78 14078.64 14699.75 14052.10 14690.80 14023.33 14692.25 14012.19 14696.03 13991.40 14713.75 13978.14 14745.31 13977.89 14788.10 13999.73 14781.39 14031.96 14758.62 14073.04
7 2864.09 12382.85 2836.39 12306.33 2843.49 12278.41 2862.13 12272.23 2926.54 12272.09 2955.01 12329.60 2936.09 12350.46
8 8158.73 13380.88 8127.82 13306.31 8167.82 13276.30 8182.03 13273.93 8256.75 13287.24 8259.70 13294.46 8236.48 13370.33 8226.75 13399.71
9 6559.33 13593.95 6555.94 13557.79 6570.92 13523.21 6604.05 13499.04 6613.45 13501.68 6628.14 13506.40 6677.31 13552.39 6666.07 13599.46 6588.92 13618.08
7 17716.70 731.79 17790.46 836.66 17779.04 845.17 17746.74 868.64 17687.58 804.39 17688.27 788.98 17697.43 744.28
7 8272.82 15486.49 8291.46 15508.20 8290.87 15518.93 8259.14 15556.06 8242.34 15558.44 8220.07 15539.39 8223.03 15502.28
9 7193.07 11907.23 7234.38 11845.42 7252.97 11841.95 7288.46 11866.57 7301.24 11913.23 7279.25 11956.08 7266.34 11958.00 7239.76 11950.00 7197.64 11921.26
9 2115.29 12977.23 2097.51 13031.16 2011.91 13045.05 1991.06 13042.12 1926.91 13014.07 1938.80 12937.14 1976.55 12905.40 2034.49 12898.69 2067.44 12911.87
7 15068.96 11001.72 15172.47 11054.86 15158.43 11127.12 15108.82 11172.58 15086.09 11169.77 15014.06 11068.05 15052.23 11018.69
10 15393.38 568.95 15369.89 471.45 15382.91 435.52 15460.70 405.90 15491.30 418.36 15536.94 455.59 15554.20 479.88 15533.53 556.06 15529.37 558.67 15504.31 565.30
7 2074.83 2635.47 1967.31 2589.56 2001.01 2540.42 2076.66 2515.76 2094.96 2531.24 2093.93 2571.90 2081.41 2630.48
8 8124.02 1177.54 8086.26 1204.78 8072.49 1200.09 8040.16 1178.65 8052.23 1146.05 8074.09 1141.77 8106.41 1146.04 8122.47 1154.02
7 3820.39 9208.36 3758.26 9149.70 3800.02 9096.66 3808.52 9091.74 3818.47 9096.49 3835.69 9106.72 3849.45 9137.01
10 10192.71 8771.82 10192.73 8786.96 10154.75 8845.38 10142.64 8852.45 10089.69 8824.77 10078.65 8812.64 10081.09 8762.12 10096.86 8737.72 10109.80 8736.14 10161.28 8731.93
9 8709.73 15491.24 8779.63 15457.07 8804.43 15478.21 8867.61 15587.44 8819.10 15632.22 8775.79 15638.48 8699.42 15574.14 8699.16 15548.95 8700.34 15529.16
10 4089.44 16534.01 4101.69 16495.12 4115.51 16469.31 4121.42 16466.38 4173.16 16477.79 4212.62 16534.47 4202.46 16548.14 4138.67 16570.56 4130.98 16570.21 4119.91 16564.93
6 2762.47 6810.72 2773.25 6790.32 2822.04 6792.33 2826.45 6847.20 2804.79 6848.06 2779.58 6832.44
8 15856.43 1725.55 15825.06 1666.42 15862.36 1615.47 15887.64 1590.22 15955.14 1601.40 15972.87 1632.78 15973.21 1660.52 15912.48 1712.78
9 3463.24 3215.47 3479.81 3284.38 3475.58 3312.19 3445.95 3327.86 3444.80 3327.57 3374.81 3309.55 3369.32 3305.98 3366.14 3244.09 3370.89 3235.75
7 3712.95 10174.74 3755.23 10242.00 3729.92 10277.88 3675.08 10291.92 3637.47 10273.06 3648.98 10233.77 3662.31 10210.62
9 11758.26 1723.70 11790.80 1716.86 11795.00 1717.33 11841.34 1764.27 11841.00 1769.64 11819.97 1814.64 11766.19 1824.13 11751.52 1803.78 11752.39 1744.88
10 16892.74 15925.75 16906.72 15919.70 16986.84 15930.96 17007.66 15955.66 17011.05 16008.24 16967.47 16049.09 16922.76 16072.57 16888.54 16033.12 16881.84 16012.25 16882.06 15987.52
10 12060.78 3265.29 12078.61 3216.62 12140.39 3222.85 12153.41 3227.30 12164.78 3246.33 12167.44 3260.31 12155.97 3292.45 12149.34 3304.97 12086.49 3317.60 12067.73 3288.45
8 4571.23 10199.95 4507.93 10178.33 4555.96 10111.30 4598.04 10092.22 4622.79 10086.67 4640.47 10125.94 4659.31 10173.23 4632.32 10186.65
8 9482.50 5606.25 9413.32 5653.88 9398.71 5610.36 9393.95 5581.00 9405.91 5565.10 9437.96 5567.48 9445.99 5573.58 9481.67 5605.00
8 10558.83 1223.36 10636.89 1207.94 10688.29 1233.97 10708.63 1323.33 10667.81 1363.98 10585.99 1373.50 10542.13 1344.41 10548.83 1268.94
9 358.42 8022.54 422.32 8009.45 445.30 8047.04 452.98 8072.39 413.66 8105.20 382.54 8111.72 366.16 8098.23 345.77 8058.77 353.20 8031.36
10 12407.34 15067.06 12358.86 15094.94 12318.52 15075.41 12311.00 15054.27 12316.68 15023.06 12326.90 15009.62 12331.05 15007.05 12365.94 14990.17 12382.48 14993.90 12394.55 15009.82
9 11127.23 13755.70 11095.39 13751.85 11076.52 13732.36 11048.71 13700.26 11059.22 13673.89 11073.73 13641.39 11111.19 13631.72 11189.86 13650.14 11182.70 13667.87
6 3159.12 2079.69 3127.55 2175.19 3061.71 2164.71 3014.07 2144.00 3027.22 2043.57 3092.98 2036.47
11 4779.69 3144.63 4806.03 3102.19 4843.96 3108.31 4856.15 3111.33 4865.79 3127.96 4872.85 3158.94 4868.90 3171.63 4829.52 3189.39 4809.03 3187.28 4799.04 3183.44 4798.07 3182.58
11 3071.05 10220.10 3033.93 10183.33 3055.26 10158.38 3071.13 10145.70 3085.50 10151.41 3086.36 10152.22 3106.63 10171.58 3106.95 10193.63 3101.63 10204.65 3097.32 10212.45 3081.35 10221.26
6 2112.06 16502.82 2068.38 16555.40 2033.05 16516.69 2022.83 16451.98 2102.42 16441.40 2106.77 16452.00
13 186.51 8665.37 205.10 8647.31 213.90 8650.62 225.28 8655.69 236.56 8662.21 250.60 8676.99 262.35 8699.96 242.32 8727.53 235.58 8734.67 207.00 8738.22 179.80 8705.04 172.01 8693.24 176.42 8682.05
10 8832.39 9564.46 8857.47 9504.54 8900.46 9474.21 8938.47 9466.35 9003.52 9510.62 9010.09 9581.95 8958.78 9628.21 8917.19 9634.42 8887.91 9621.23 8848.92 9591.94
7 5873.83 9674.05 5828.83 9725.25 5767.57 9717.85 5765.43 9650.51 5776.52 9630.65 5790.01 9611.41 5827.01 9613.55
9 11474.30 1017.69 11486.38 991.30 11507.77 968.14 11559.39 1015.28 11559.52 1030.02 11523.39 1048.03 11498.65 1056.21 11482.65 1046.15 11480.17 1042.63
8 16011.47 2341.58 15956.39 2365.05 15938.60 2359.21 15929.49 2326.70 15928.78 2307.27 15939.53 2294.37 15942.56 2293.91 16008.58 2304.23
8 4178.08 17560.21 4230.02 17599.29 4218.01 17663.07 4184.80 17679.10 4141.44 17679.18 4138.72 17674.23 4136.68 17650.26 4145.08 17573.03
7 8967.72 3793.96 8855.72 3847.67 8827.19 3844.54 8797.96 3787.55 8807.78 3706.40 8863.15 3681.92 8919.05 3738.02
9 9771.12 16320.54 9872.60 16373.30 9852.78 16427.73 9818.27 16464.77 9732.33 16474.68 9727.94 16469.69 9716.06 16455.52 9717.49 16407.91 9731.40 16363.36
7 5786.25 13145.37 5761.10 13097.34 5782.69 13070.71 5818.05 13059.44 5831.64 13065.39 5853.13 13119.97 5828.31 13149.48
10 8482.81 15874.85 8466.03 15836.80 8466.59 15831.54 8542.56 15805.74 8566.09 15833.53 8577.38 15856.47 8571.64 15866.17 8543.16 15903.01 8533.59 15909.83 8529.51 15909.82
12 9524.81 11960.36 9547.99 11900.89 9575.85 11903.42 9612.92 11909.48 9616.81 11912.15 9621.35 11946.63 9619.81 11967.67 9616.57 11976.88 9614.07 11981.50 9592.83 11994.04 9575.53 12000.78 9555.89 11986.56
11 17745.14 3719.68 17731.84 3694.65 17749.58 3677.04 17777.80 3660.68 17784.49 3660.54 17813.48 3664.78 17822.45 3681.20 17823.62 3696.86 17822.64 3715.77 17812.74 3740.56 17760.62 3746.05
8 8151.96 9823.87 8087.63 9938.32 8011.90 9882.13 7979.93 9839.09 7992.31 9813.00 8093.26 9767.33 8110.03 9767.78 8120.98 9780.80
6 2629.36 9065.61 2636.77 8986.94 2729.61 8974.55 2755.63 8999.77 2802.86 9072.32 2663.46 9112.44
9 14489.88 17460.04 14509.35 17426.91 14574.12 17420.19 14595.50 17442.45 14592.11 17464.14 14575.63 17506.95 14550.93 17532.84 14502.61 17508.24 14494.48 17491.77
7 8966.15 17655.58 8907.65 17706.47 8876.53 17694.18 8864.83 17680.33 8868.35 17636.76 8917.18 17608.32 8948.50 17617.36
9 4214.82 9368.63 4244.09 9405.05 4242.22 9410.35 4230.90 9435.36 4207.51 9445.34 4162.24 9444.03 4159.86 9439.80 4157.79 9412.85 4178.49 9374.38
7 4027.22 16386.01 4098.82 16423.65 4095.74 16450.09 4017.09 16513.86 3968.09 16483.11 3964.24 16429.71 4007.22 16394.07
6 16091.48 12689.84 16177.18 12592.12 16258.78 12655.79 16235.05 12711.68 16207.21 12765.10 16139.55 12748.93
7 12430.70 8059.62 12389.43 8134.95 12324.07 8116.04 12312.81 8014.72 12315.35 8012.37 12373.65 7987.60 12418.87 8019.09
11 13864.56 14893.35 13901.71 14937.23 13897.62 14963.61 13878.40 14981.82 13865.22 14984.87 13837.75 14982.54 13817.07 14979.21 13811.55 14975.60 13795.51 14962.53 13805.97 14914.07 13810.15 14903.19
11 14227.80 16324.86 14253.38 16276.91 14310.52 16255.22 14340.03 16286.10 14360.99 16322.67 14361.65 16334.31 14345.41 16353.36 14333.66 16361.69 14291.34 16382.50 14266.07 16373.82 14241.43 16357.73
9 4054.72 13274.32 4037.07 13348.84 3951.29 13339.97 3936.80 13327.88 3939.56 13300.39 3968.05 13253.35 3990.73 13250.55 4032.58 13259.89 4047.06 13265.42
9 15357.24 14262.31 15362.29 14214.15 15397.18 14200.39 15426.90 14217.95 15431.19 14259.38 15417.71 14265.93 15398.67 14273.31 15372.93 14279.02 15362.02 14270.37
9 11069.01 13929.17 11044.41 13912.12 11034.40 13889.85 11014.27 13825.25 11026.56 13791.62 11090.56 13767.55 11168.95 13800.20 11172.30 13857.66 11105.33 13906.08
6 8798.44 1424.53 8807.43 1490.12 8778.56 1494.86 8749.10 1481.85 8737.44 1460.42 8763.40 1426.56
7 1502.14 3801.00 1567.18 3743.40 1604.06 3761.69 1612.34 3776.44 1613.60 3833.50 1573.27 3870.24 1507.74 3841.66
9 13495.85 16446.24 13524.47 16382.93 13545.24 16371.97 13580.39 16371.58 13604.99 16389.71 13605.76 16432.01 13598.64 16460.05 13551.94 16488.89 13546.87 16485.05
8 13661.49 14648.50 13620.91 14615.41 13631.69 14569.26 13652.94 14566.38 13697.80 14591.39 13683.37 14633.60 13673.69 14643.38 13668.77 14646.94
9 14674.81 6661.61 14683.04 6621.23 14766.16 6622.00 14752.49 6674.51 14748.33 6682.25 14744.23 6687.09 14728.19 6703.21 14703.13 6689.36 14684.32 6678.67
12 12027.20 13878.95 11993.70 13830.08 11993.32 13829.47 11978.69 13804.27 12012.36 13755.38 12032.29 13729.28 12042.79 13717.87 12083.68 13718.19 12102.08 13735.14 12130.96 13786.91 12094.62 13839.37 12054.39 13867.99
6 3985.90 12115.72 3954.83 12030.04 3978.14 12005.08 4001.23 11993.14 4062.82 12037.61 4052.23 12079.63
7 877.13 13552.97 944.03 13433.37 1003.77 13449.47 1010.87 13549.66 1003.91 13565.94 922.29 13585.85 892.96 13567.65
10 15053.46 4507.26 14996.84 4444.70 15038.12 4360.42 15043.51 4353.85 15060.24 4337.92 15116.90 4333.31 15141.08 4374.11 15157.34 4450.31 15160.89 4482.27 15103.51 4508.10
6 9817.12 3825.03 9823.59 3871.61 9804.75 3880.87 9771.95 3888.58 9756.79 3843.86 9776.12 3833.75
11 14012.50 16093.29 13993.08 16067.45 13994.42 16034.55 14025.36 16015.95 14080.70 16012.24 14099.46 16039.07 14098.61 16067.16 14097.87 16078.75 14067.02 16106.52 14057.61 16110.61 14044.59 16107.97
7 11642.80 17780.88 11613.61 17831.11 11499.08 17827.27 11480.24 17787.96 11492.12 17748.88 11513.08 17741.75 11633.00 17766.89
9 10167.43 10595.82 10136.37 10515.04 10137.48 10471.69 10229.02 10448.65 10250.60 10460.72 10292.94 10517.00 10288.03 10549.40 10264.53 10578.82 10253.15 10582.05
8 11859.26 6012.86 11775.84 6058.33 11732.92 6036.67 11706.69 5998.43 11720.33 5941.59 11780.69 5898.31 11815.82 5917.50 11850.89 5936.69
8 2707.62 5660.19 2692.23 5706.64 2647.20 5712.49 2601.42 5674.18 2604.23 5638.54 2609.31 5634.62 2621.91 5625.93 2636.86 5627.64
12 4755.49 1128.72 4777.26 1200.92 4759.67 1211.96 4736.92 1222.20 4700.35 1210.63 4683.97 1190.22 4674.82 1175.61 4672.04 1170.31 4674.99 1160.33 4676.69 1156.09 4719.08 1130.98 4736.03 1122.47
8 11368.14 2621.53 11395.79 2565.88 11409.69 2560.42 11444.61 2568.98 11456.05 2617.84 11439.52 2638.91 11424.68 2642.46 11371.28 2629.15
8 15732.82 11406.96 15722.86 11448.05 15621.69 11457.21 15583.29 11424.45 15602.01 11358.93 15625.52 11333.31 15654.09 11323.57 15688.91 11349.07
8 14083.08 15412.94 14039.24 15389.92 14040.37 15366.28 14060.36 15335.05 14066.47 15332.27 14122.55 15351.00 14128.23 15375.12 14112.10 15402.03
9 15027.86 1810.01 15040.16 1785.69 15092.83 1767.96 15095.72 1776.10 15097.06 1797.80 15073.21 1830.59 15067.26 1832.50 15051.89 1834.63 15036.31 1835.04
7 11371.45 4671.81 11461.52 4639.90 11474.56 4693.45 11471.60 4718.24 11463.85 4725.72 11384.19 4729.91 11374.23 4701.63
8 13183.03 9711.66 13060.30 9744.67 13030.55 9630.27 13030.21 9607.52 13062.77 9579.14 13075.29 9585.04 13165.64 9649.50 13174.68 9675.22
8 6070.46 4931.92 6052.37 4881.31 6061.36 4860.56 6108.68 4834.67 6119.39 4844.18 6139.15 4891.39 6127.34 4920.67 6088.34 4931.06
9 4780.63 9283.20 4828.51 9317.33 4828.34 9335.41 4806.84 9372.73 4785.99 9380.57 4753.00 9374.77 4742.73 9352.24 4744.03 9325.79 4749.70 9296.61
11 16230.70 6918.08 16161.92 6964.64 16145.22 6959.53 16103.87 6931.93 16096.78 6922.07 16083.28 6894.09 16105.84 6838.67 16167.00 6820.05 16176.37 6822.36 16214.75 6834.87 16230.55 6866.46
11 14740.14 15085.93 14747.58 15062.68 14791.69 15041.75 14868.98 15050.30 14871.83 15119.50 14871.66 15141.59 14845.40 15150.35 14799.55 15151.91 14788.27 15146.94 14759.20 15125.87 14742.65 15093.64
6 2823.04 17274.25 2834.63 17243.93 2857.02 17244.38 2878.32 17274.83 2880.32 17295.01 2853.40 17317.13
10 7600.95 11449.28 7679.51 11396.44 7743.52 11426.25 7749.48 11500.37 7750.61 11521.77 7723.40 11555.87 7698.64 11562.69 7666.10 11557.32 7619.02 11545.09 7605.40 11524.72
9 14913.75 8067.16 14835.00 8126.41 14818.76 8126.05 14770.47 8079.10 14762.35 7993.88 14811.55 7957.10 14850.09 7961.86 14880.58 7968.38 14906.32 8029.01
9 15703.16 10972.06 15747.71 10947.16 15758.19 10947.42 15775.79 10955.24 15787.98 10992.98 15788.73 11000.46 15777.87 11028.76 15740.62 11025.72 15711.07 11015.74
11 1596.62 5849.26 1617.55 5816.78 1636.50 5808.17 1657.56 5818.14 1671.22 5825.75 1686.66 5853.51 1688.69 5870.31 1680.68 5876.07 1652.85 5890.24 1621.85 5887.02 1606.13 5865.05
7 10301.51 9817.37 10261.88 9887.59 10249.42 9882.00 10238.67 9868.46 10255.60 9808.65 10265.97 9796.92 10289.82 9796.13
10 16060.57 11627.26 16119.92 11653.72 16116.01 11690.52 16108.41 11747.83 16058.01 11773.06 16032.90 11762.34 16005.10 11736.92 15992.28 11724.61 15984.26 11688.42 16032.11 11644.29
10 9562.33 14917.49 9594.40 14915.39 9616.24 14940.66 9619.74 14967.31 9594.86 14984.81 9573.26 14986.69 9553.46 14986.04 9540.69 14965.60 9542.24 14947.66 9547.93 14936.02
9 5220.17 700.00 5195.09 671.78 5196.44 647.50 5201.94 630.37 5207.18 622.37 5209.89 620.98 5272.55 615.26 5263.62 711.32 5249.19 725.38
8 14122.55 1213.82 14084.32 1164.92 14085.50 1134.41 14179.44 1104.91 14204.78 1113.71 14213.73 1142.36 14202.08 1209.43 14177.63 1228.85
13 6082.16 5769.97 6064.51 5756.43 6042.39 5720.77 6039.27 5712.48 6050.08 5679.70 6070.53 5662.31 6088.25 5658.31 6113.71 5663.22 6134.44 5672.69 6146.67 5697.91 6150.07 5707.82 6147.69 5724.14 6132.26 5755.89
9 11327.29 7785.24 11264.81 7867.63 11240.97 7865.62 11159.03 7827.90 11148.03 7778.06 11182.64 7709.76 11234.38 7691.09 11241.60 7694.98 11312.37 7737.84
9 10202.73 9187.87 10218.12 9182.20 10287.35 9183.28 10324.49 9256.48 10319.53 9306.11 10205.60 9339.29 10177.41 9331.11 10165.72 9275.65 10188.16 9221.46
12 15925.45 6604.90 15937.00 6572.32 15952.01 6562.38 15963.97 6556.86 15972.65 6555.42 16021.48 6572.17 16047.97 6612.86 16050.55 6634.94 16038.30 6655.36 15996.79 6674.36 15978.78 6670.37 15947.81 6643.94
10 14027.11 10892.01 13995.38 10853.53 14011.24 10810.20 14042.96 10784.91 14071.23 10792.92 14100.47 10810.43 14116.44 10832.87 14116.89 10835.37 14121.78 10882.59 14109.13 10899.19
12 8014.93 13866.81 7987.63 13806.77 8029.69 13755.65 8073.58 13723.03 8076.28 13722.44 8095.21 13724.07 8115.00 13742.44 8134.95 13763.93 8161.25 13795.45 8119.11 13855.55 8094.04 13879.27 8059.66 13884.72
11 8584.81 6417.15 8625.26 6517.54 8616.76 6554.99 8577.35 6568.77 8520.72 6575.45 8476.33 6551.36 8464.88 6515.12 8477.19 6466.48 8481.71 6448.89 8495.74 6429.73 8512.34 6411.02
9 7151.18 12943.93 7142.20 13004.44 7077.29 13028.46 7064.24 13022.38 7039.68 12986.97 7022.02 12950.24 7041.97 12931.09 7052.06 12928.19 7100.03 12924.49
12 3942.95 2240.34 3907.83 2225.67 3908.04 2208.15 3909.26 2186.98 3916.26 2181.91 3937.34 2167.54 3947.95 2171.13 3963.51 2188.50 3967.56 2200.20 3969.89 2208.84 3968.86 2220.99 3952.52 2240.99
11 1069.76 8664.72 1085.75 8685.26 1095.83 8723.75 1095.88 8736.19 1068.76 8751.23 1054.42 8758.09 1026.84 8736.11 1011.37 8707.43 1012.07 8694.70 1022.33 8676.12 1053.71 8668.26
8 14935.93 12447.42 14966.72 12472.37 14964.63 12504.45 14925.35 12532.91 14904.17 12533.53 14898.62 12518.92 14890.24 12479.78 14891.93 12461.45
12 1824.94 9597.34 1839.84 9611.29 1840.99 9620.70 1842.74 9640.21 1841.53 9658.53 1831.39 9669.09 1804.66 9673.33 1796.73 9666.70 1774.58 9645.30 1776.56 9631.65 1786.36 9618.78 1803.84 9604.56
10 9585.93 1991.03 9562.44 1988.42 9548.16 1957.07 9544.33 1940.35 9548.37 1924.18 9556.16 1906.36 9597.58 1915.36 9628.34 1935.08 9625.70 1956.17 9613.89 1984.75
10 10481.83 4536.43 10487.78 4520.54 10512.89 4489.37 10557.49 4494.27 10578.97 4496.87 10582.57 4549.26 10582.00 4555.65 10551.53 4584.09 10496.87 4581.53 10494.97 4580.15
6 16814.03 2982.79 16784.35 2924.50 16822.56 2872.73 16870.38 2907.32 16875.62 2931.80 16866.54 2951.21
9 6796.52 11029.08 6783.99 10991.92 6794.06 10956.37 6812.53 10948.98 6829.97 10944.93 6861.96 10961.03 6866.27 10967.98 6853.35 11020.74 6809.48 11040.25
6 13047.45 17144.86 12998.77 17074.52 13085.36 16980.22 13105.50 17001.85 13113.13 17022.93 13049.82 17144.46
9 15711.29 5348.06 15643.77 5271.28 15673.91 5245.25 15709.92 5232.85 15737.12 5231.76 15770.08 5269.49 15796.43 5302.34 15756.05 5329.70 15729.01 5345.88
9 12846.77 15167.63 12843.80 15156.24 12850.79 15105.22 12866.75 15092.51 12908.89 15074.81 12952.31 15105.30 12942.93 15177.51 12927.35 15185.77 12884.27 15176.40
8 7922.72 4472.83 8031.55 4440.28 8077.62 4469.87 8069.87 4490.74 8051.44 4526.96 7961.57 4563.00 7950.70 4552.22 7934.84 4518.38
10 17262.34 16814.89 17263.09 16760.01 17317.22 16740.15 17357.83 16755.22 17365.05 16788.32 17349.07 16835.22 17339.39 16848.22 17329.41 16856.16 17304.40 16852.25 17276.90 16831.85
9 8046.74 15657.82 8055.34 15615.66 8082.00 15554.31 8109.30 15558.53 8153.80 15573.36 8157.92 15588.96 8151.98 15619.84 8131.79 15659.41 8068.40 15671.02
7 13274.01 16535.37 13292.52 16511.89 13305.52 16509.50 13335.98 16522.81 13332.29 16536.31 13304.55 16573.89 13278.08 16550.70
7 14698.34 3635.12 14697.67 3711.95 14639.30 3705.65 14603.36 3666.49 14607.76 3649.11 14616.02 3634.46 14634.16 3617.43
9 3221.21 2996.18 3284.39 3048.03 3277.30 3109.42 3234.82 3129.25 3191.48 3140.66 3153.23 3148.52 3138.68 3132.94 3149.38 3043.06 3189.88 2996.90
11 14795.75 3893.75 14758.00 3952.69 14737.74 3958.58 14733.58 3959.75 14714.23 3957.88 14692.83 3924.82 14688.69 3913.93 14678.63 3867.09 14696.06 3855.61 14748.52 3850.36 14790.04 3875.16
9 14928.46 8058.08 14990.57 8006.37 15013.07 7990.05 15068.15 8020.45 15082.25 8088.39 15047.61 8155.46 15029.52 8156.36 14938.63 8134.29 14928.59 8110.63
8 15623.38 14088.86 15662.54 14046.29 15680.24 14050.34 15686.19 14053.56 15694.33 14095.51 15692.82 14118.03 15669.20 14112.21 15623.63 14095.88
10 245.50 11154.14 275.64 11138.78 299.29 11159.14 310.16 11171.65 313.04 11175.76 309.65 11190.71 289.27 11212.96 279.96 11215.18 264.64 11204.13 248.75 11184.38
9 10050.08 16735.71 10086.46 16689.13 10115.84 16695.25 10126.46 16707.83 10135.72 16730.09 10140.77 16750.86 10124.59 16777.12 10073.46 16767.75 10057.38 16756.47
11 11277.29 3590.34 11258.15 3562.32 11263.15 3553.83 11283.16 3535.51 11304.27 3518.24 11307.94 3520.64 11332.72 3554.11 11338.52 3568.46 11335.47 3580.43 11312.44 3585.61 11303.84 3587.49
6 17087.79 10176.95 17189.40 10258.51 17147.28 10297.77 17061.13 10285.76 17057.02 10265.95 17068.69 10194.35
10 17695.70 16422.51 17674.43 16368.42 17691.83 16346.38 17714.22 16336.63 17741.29 16345.87 17758.92 16356.15 17772.59 16380.51 17757.74 16412.36 17733.94 16419.44 17712.71 16423.68
7 8749.23 2629.06 8718.63 2592.93 8736.49 2552.34 8760.94 2520.85 8785.28 2532.48 8810.08 2547.36 8824.45 2577.30
6 1081.96 6921.62 1024.26 6968.31 996.74 6964.92 972.99 6909.38 981.69 6904.09 1049.38 6873.39
12 9483.62 17342.16 9550.86 17250.42 9578.78 17250.07 9581.35 17250.24 9597.28 17254.83 9607.05 17265.07 9643.87 17304.16 9645.83 17335.54 9620.71 17363.73 9595.71 17374.78 9516.51 17368.80 9495.73 17359.38
8 671.56 8141.45 666.24 8098.68 697.25 8060.00 698.59 8059.32 720.73 8065.06 741.50 8083.63 756.33 8130.16 724.56 8155.49
6 2006.88 7156.89 2056.79 7201.52 2053.67 7245.82 1967.29 7295.23 1932.69 7262.40 1935.57 7174.76
6 10849.65 5540.76 10873.07 5641.66 10819.04 5680.06 10794.18 5681.48 10734.03 5645.94 10748.89 5583.21
5 9777.45 13400.60 9728.58 13343.79 9737.73 13310.96 9830.63 13326.41 9822.20 13343.60
8 3411.65 9781.95 3527.09 9821.02 3526.57 9860.89 3502.33 9940.61 3410.05 9943.88 3371.63 9908.77 3356.19 9884.49 3379.34 9818.09
10 5695.66 16490.61 5680.41 16453.20 5706.43 16419.32 5720.63 16414.41 5739.41 16408.06 5743.68 16408.21 5801.12 16432.14 5798.98 16471.87 5788.55 16487.99 5741.81 16504.04
12 369.48 156.13 433.41 133.29 466.79 180.96 474.68 198.05 478.69 225.82 405.23 274.37 390.91 280.74 382.70 275.29 352.13 231.60 349.28 213.04 352.78 187.98 357.73 173.90
10 14522.99 14865.79 14554.49 14798.54 14597.41 14794.24 14654.93 14830.71 14665.97 14898.44 14663.43 14921.19 14625.30 14944.11 14584.80 14948.76 14545.92 14917.98 14527.15 14896.86
8 1051.50 3133.76 1061.37 3168.57 1044.14 3190.58 1008.44 3207.53 986.82 3152.76 986.68 3145.15 1006.99 3125.33 1028.09 3128.80
9 4735.15 1866.00 4690.29 1794.99 4724.88 1735.56 4761.71 1729.62 4776.66 1740.00 4808.77 1778.26 4816.59 1797.71 4798.82 1836.81 4742.40 1870.71
9 11478.16 12389.77 11533.06 12467.36 11531.10 12476.63 11507.41 12531.65 11410.76 12537.76 11365.94 12503.09 11363.60 12486.17 11374.80 12449.11 11453.40 12391.65
9 11764.27 3165.14 11814.24 3210.46 11808.49 3231.74 11785.69 3289.49 11766.58 3297.23 11737.86 3300.24 11728.44 3295.40 11683.11 3224.84 11703.61 3188.20
10 674.17 1126.68 645.11 1090.99 647.90 1058.76 664.81 1040.55 703.11 1027.31 719.65 1029.51 737.63 1047.80 743.06 1057.54 751.11 1100.21 717.59 1127.08
7 14123.82 4493.98 14098.71 4510.45 14085.69 4500.62 14071.00 4474.50 14074.98 4469.33 14102.44 4439.14 14115.99 4443.19
7 5355.84 2274.73 5266.18 2247.55 5304.60 2133.69 5313.54 2121.37 5401.74 2139.04 5404.77 2205.19 5372.87 2255.92
7 12700.21 11991.07 12706.74 11944.70 12751.41 11956.55 12756.02 11985.25 12747.65 11998.51 12732.42 12015.50 12718.57 12008.42
9 8268.57 6127.79 8223.51 6107.28 8189.42 6056.48 8187.61 6034.92 8221.89 5994.12 8290.84 5991.32 8319.28 6014.01 8335.83 6050.15 8328.88 6105.95
8 4551.64 7227.62 4579.11 7195.95 4599.69 7195.64 4641.05 7208.07 4654.31 7219.53 4654.07 7256.13 4624.62 7285.86 4586.14 7283.89
9 4064.18 4247.27 4113.04 4185.35 4140.75 4186.27 4168.08 4212.68 4169.91 4222.25 4165.89 4248.58 4143.93 4300.04 4107.58 4301.59 4072.30 4272.90
10 8452.20 11505.48 8446.51 11473.06 8463.58 11448.08 8477.78 11442.30 8498.06 11442.59 8511.34 11445.38 8532.71 11471.46 8533.94 11480.01 8529.08 11494.43 8507.20 11523.62
8 8538.59 14495.89 8439.49 14426.49 8484.13 14373.12 8514.19 14352.05 8563.97 14363.60 8579.20 14389.21 8612.31 14452.44 8591.97 14485.49
8 6200.65 6530.33 6207.18 6493.79 6291.08 6456.52 6318.14 6480.22 6353.97 6538.36 6323.12 6584.64 6269.38 6587.64 6215.14 6552.46
11 10109.16 9406.52 10021.82 9391.81 10009.99 9340.65 10007.71 9327.08 10020.11 9298.88 10059.40 9272.77 10078.49 9266.50 10115.20 9275.30 10129.78 9285.88 10153.02 9320.00 10116.57 9405.37
9 4094.70 11707.13 4101.07 11688.18 4158.20 11696.70 4178.61 11721.51 4181.86 11763.60 4172.77 11767.94 4129.13 11753.33 4110.63 11737.37 4100.09 11727.61
6 5408.30 721.95 5440.33 764.75 5433.12 816.02 5301.65 803.18 5337.20 753.68 5355.85 735.30
9 11470.71 11615.68 11501.18 11579.02 11517.44 11565.42 11525.02 11567.25 11536.86 11586.00 11556.02 11622.41 11525.59 11638.46 11498.59 11649.77 11471.94 11625.65
11 12056.11 7969.13 12052.89 7951.86 12053.31 7950.48 12071.80 7921.06 12100.47 7914.35 12118.79 7927.09 12128.70 7938.31 12127.99 7960.22 12120.60 7984.94 12106.35 7998.05 12089.63 7997.52
6 16169.04 14348.24 16150.75 14313.64 16167.64 14249.50 16240.06 14241.49 16270.26 14265.90 16232.35 14342.45
10 15940.12 10470.95 15966.37 10420.01 16010.50 10410.95 16034.51 10421.32 16040.63 10431.22 16064.32 10494.37 16055.57 10512.55 16037.36 10542.51 15995.37 10550.43 15972.28 10542.69
9 4887.98 13317.32 4930.49 13367.54 4908.46 13410.77 4890.45 13426.40 4865.31 13427.25 4855.86 13425.61 4822.92 13411.67 4818.69 13360.51 4832.74 13336.64
12 8038.00 14143.44 8032.52 14080.71 8037.69 14072.12 8061.05 14063.19 8089.50 14052.50 8121.83 14043.85 8196.04 14110.06 8202.08 14164.63 8147.74 14190.58 8123.54 14197.84 8077.84 14204.37 8056.01 14183.43
8 10925.93 2962.52 10908.98 2885.49 10919.89 2833.63 11004.44 2818.01 11026.27 2832.08 11035.69 2880.91 11006.78 2933.47 10964.26 2973.93
10 7825.24 12833.12 7888.84 12769.64 7911.61 12750.93 7939.96 12753.48 7969.28 12806.62 7976.50 12833.23 7975.05 12836.69 7929.69 12906.82 7861.55 12899.74 7846.36 12882.39
9 4933.41 418.60 4903.74 489.58 4860.89 500.49 4841.79 490.80 4838.90 480.02 4836.10 423.12 4836.40 414.00 4848.91 410.83 4888.57 410.70
11 17446.77 4382.66 17511.73 4333.48 17535.92 4339.06 17555.84 4346.85 17572.17 4404.68 17571.80 4412.41 17555.50 4434.40 17519.98 4451.44 17471.75 4434.65 17459.15 4416.07 17450.32 4394.53
10 13202.80 4178.41 13212.38 4143.71 13243.63 4125.94 13277.66 4141.71 13287.14 4158.37 13283.31 4175.53 13279.67 4191.83 13276.95 4193.66 13231.11 4202.72 13219.69 4201.20
8 4187.65 5457.42 4194.61 5534.62 4186.82 5543.88 4138.22 5555.87 4076.77 5567.39 4034.73 5529.65 4078.29 5414.68 4094.09 5414.66
10 9321.72 4236.29 9297.97 4231.21 9290.46 4219.00 9281.79 4199.61 9274.88 4166.06 9300.08 4128.99 9311.74 4123.37 9347.60 4129.55 9379.02 4151.65 9354.84 4222.61
10 5443.45 9760.52 5434.87 9731.70 5436.23 9687.26 5458.58 9672.33 5501.30 9653.13 5507.66 9654.92 5546.29 9683.18 5532.83 9745.33 5520.38 9781.00 5512.51 9779.08
10 573.18 2428.05 541.81 2503.59 510.44 2507.79 475.96 2491.78 463.47 2484.13 460.64 2468.04 455.02 2417.35 462.40 2407.08 497.38 2383.48 555.40 2404.16
7 2664.27 5427.65 2630.16 5363.39 2633.11 5331.03 2655.55 5275.71 2687.40 5265.74 2747.26 5294.49 2741.05 5377.52
13 2441.78 4344.67 2502.88 4277.96 2530.02 4279.34 2565.21 4288.80 2586.65 4308.46 2607.53 4346.03 2597.92 4383.69 2588.95 4401.13 2571.19 4415.27 2547.33 4426.97 2484.36 4446.18 2479.34 4441.25 2446.04 4361.23
6 5267.92 14441.06 5300.76 14488.32 5292.36 14522.02 5234.65 14526.40 5217.68 14489.86 5258.70 14445.95
11 1793.02 6749.54 1827.28 6670.95 1837.49 6665.51 1867.29 6665.79 1897.13 6681.11 1912.83 6732.91 1912.87 6746.04 1898.25 6785.56 1855.87 6806.11 1843.81 6807.21 1798.66 6784.46
9 3233.61 11380.82 3211.51 11350.37 3238.21 11312.39 3256.17 11293.52 3263.23 11289.35 3322.25 11313.59 3337.93 11321.85 3326.70 11391.86 3275.58 11412.21
9 587.66 4982.02 575.40 4964.11 582.22 4936.13 589.21 4915.00 627.43 4899.78 639.51 4912.30 645.00 4930.55 639.75 4976.07 636.14 4988.03
8 4474.11 3528.22 4482.81 3477.34 4505.34 3466.09 4529.53 3477.61 4532.54 3485.57 4534.24 3510.40 4521.01 3523.16 4508.14 3531.13
8 16869.45 1165.71 16881.83 1088.94 16948.91 1068.85 16973.45 1102.59 16999.10 1138.58 16985.50 1171.01 16941.96 1191.79 16916.83 1187.31
11 12675.84 11176.00 12711.40 11180.66 12722.04 11190.17 12723.19 11217.55 12722.59 11221.38 12704.09 11248.00 12698.26 11248.14 12663.61 11238.09 12664.96 11208.06 12666.16 11200.25 12673.41 11179.53
10 4573.51 1310.68 4579.79 1264.46 4618.35 1245.18 4642.94 1253.59 4656.04 1261.58 4673.02 1295.14 4672.45 1301.33 4655.71 1339.20 4585.65 1355.82 4576.61 1331.44
5 16495.81 5935.81 16452.08 5862.52 16532.02 5806.50 16599.46 5833.00 16592.09 5911.46
10 14681.10 3079.29 14687.89 3065.04 14719.08 3040.37 14732.51 3041.24 14736.18 3046.27 14763.67 3085.66 14761.89 3096.72 14732.69 3118.98 14694.14 3113.61 14691.53 3111.67
9 6320.65 11578.37 6315.39 11550.41 6338.45 11523.02 6346.03 11519.09 6360.38 11515.83 6368.64 11518.32 6398.04 11546.48 6390.96 11573.59 6369.19 11604.84
12 8352.00 12799.10 8320.06 12798.80 8315.98 12793.15 8311.11 12778.79 8304.51 12741.83 8303.99 12736.14 8314.91 12733.58 8381.52 12728.30 8388.62 12742.03 8388.37 12757.23 8381.70 12788.11 8367.93 12798.99
8 1364.48 9238.16 1357.70 9140.73 1394.24 9116.46 1402.93 9115.53 1440.20 9128.90 1483.09 9172.34 1477.33 9208.00 1465.46 9249.09
9 7509.99 6352.84 7476.46 6361.26 7464.46 6353.84 7444.54 6332.26 7437.82 6306.72 7480.67 6282.45 7493.15 6278.87 7520.84 6297.10 7517.41 6338.85
8 11168.09 8771.07 11160.48 8751.07 11199.98 8720.54 11208.75 8718.98 11228.70 8731.59 11245.61 8751.22 11244.17 8778.98 11182.41 8801.27
11 6439.38 2411.94 6420.16 2359.96 6465.31 2277.70 6496.87 2273.84 6499.12 2273.87 6512.66 2274.79 6565.73 2301.28 6572.07 2316.85 6579.78 2351.44 6576.05 2421.79 6500.93 2447.68
10 14922.83 3651.57 14955.37 3695.41 14943.20 3727.77 14897.34 3743.27 14882.32 3729.48 14864.50 3711.45 14863.07 3699.20 14863.43 3688.89 14874.77 3668.08 14907.61 3652.58
8 7537.09 13219.88 7549.46 13157.37 7593.59 13145.86 7611.04 13145.75 7646.67 13164.22 7649.72 13175.59 7627.16 13212.62 7610.76 13217.00
10 2937.83 11397.40 2953.77 11424.15 2953.02 11429.36 2941.63 11469.53 2905.74 11461.32 2892.01 11455.40 2888.41 11452.25 2881.38 11424.46 2884.60 11412.67 2906.86 11403.45
9 1932.30 13966.88 1942.41 13941.15 1964.58 13913.37 1982.85 13918.62 1990.25 13925.54 2016.56 13963.09 1993.54 14002.72 1969.83 14006.91 1934.57 13989.47
10 12976.29 3562.99 13017.77 3443.00 13050.53 3428.26 13106.09 3456.83 13126.19 3487.23 13143.17 3518.78 13145.40 3548.44 13097.55 3597.85 13044.88 3608.92 12999.78 3597.00
10 13556.56 6710.13 13481.36 6674.34 13488.39 6645.00 13518.19 6609.43 13550.73 6573.12 13563.68 6569.93 13572.44 6570.53 13621.74 6612.80 13623.29 6639.69 13610.64 6693.73
7 3074.75 15829.09 3005.74 15865.39 3000.06 15855.36 2992.20 15815.26 2997.96 15785.15 3033.71 15767.65 3053.57 15783.63
5 14107.92 14307.28 14081.39 14272.75 14121.37 14219.38 14163.11 14242.51 14156.60 14290.01
12 13639.28 5189.13 13711.07 5127.77 13778.10 5113.65 13788.65 5121.80 13799.53 5137.20 13808.84 5196.65 13799.84 5232.24 13767.00 5254.29 13739.69 5268.76 13668.34 5242.37 13655.80 5227.68 13639.68 5193.65
6 8781.58 7725.69 8813.93 7687.94 8877.77 7704.61 8863.89 7753.15 8809.37 7797.41 8783.83 7758.01
10 14970.05 14265.99 15022.31 14219.84 15042.36 14229.13 15110.80 14261.82 15114.93 14297.71 15082.12 14332.08 15028.13 14363.75 14966.29 14333.41 14961.47 14321.59 14966.06 14288.77
7 2760.83 839.40 2768.29 789.35 2809.99 792.02 2820.20 801.10 2831.53 820.82 2829.44 849.15 2761.98 866.73
9 8635.16 9657.34 8615.91 9608.13 8631.06 9585.35 8672.80 9551.75 8716.62 9572.07 8742.76 9599.65 8731.49 9630.41 8722.59 9653.25 8702.22 9675.94
7 796.25 7404.58 722.44 7366.13 751.26 7287.49 752.60 7286.83 800.40 7273.42 840.47 7280.43 861.82 7362.97
6 3782.84 3830.36 3767.37 3799.21 3777.53 3786.62 3801.55 3761.69 3827.92 3767.63 3852.11 3837.86
10 12584.93 7253.45 12606.54 7215.34 12633.76 7220.07 12650.28 7225.81 12670.41 7236.70 12667.35 7249.23 12665.09 7253.56 12652.15 7276.95 12643.56 7291.14 12620.47 7276.82
6 9915.84 1088.87 9873.03 1039.35 9875.34 1022.59 9907.49 1013.62 9929.74 1034.50 9935.28 1085.96
11 5305.39 5532.48 5305.41 5580.89 5254.09 5626.75 5219.23 5631.52 5201.09 5617.72 5185.26 5577.09 5192.24 5541.40 5201.92 5509.71 5215.66 5504.08 5229.97 5501.54 5288.28 5525.26
9 13792.52 15504.13 13805.59 15466.26 13831.86 15461.92 13858.69 15483.40 13871.88 15516.16 13866.38 15532.83 13826.78 15536.02 13802.46 15527.32 13794.95 15512.20
8 12068.31 7734.08 12077.62 7699.94 12125.70 7711.70 12142.79 7717.75 12153.58 7761.39 12154.56 7766.50 12121.64 7787.15 12090.82 7785.97
11 8335.79 16225.21 8359.18 16180.09 8392.35 16150.82 8419.15 16146.95 8437.79 16147.19 8472.95 16178.95 8477.81 16218.87 8457.03 16261.44 8403.24 16274.91 8381.36 16277.01 8360.94 16257.73
6 2912.14 9909.69 2947.00 9921.81 2910.31 9950.04 2894.79 9941.89 2896.06 9932.17 2902.65 9914.61
9 12724.72 6137.14 12715.75 6109.14 12729.11 6080.86 12762.61 6058.17 12782.10 6062.66 12822.35 6087.30 12824.32 6092.08 12816.26 6160.70 12765.84 6184.07
8 2243.40 10128.07 2213.88 10172.16 2134.55 10168.41 2107.12 10130.38 2159.66 10070.07 2200.19 10057.89 2212.59 10064.03 2236.94 10114.61
12 6819.95 1760.75 6816.53 1699.09 6828.81 1686.40 6904.33 1648.99 6924.40 1660.53 6943.93 1679.64 6952.34 1694.37 6951.27 1745.18 6929.13 1771.91 6907.99 1790.18 6859.72 1797.03 6831.56 1777.50
7 472.71 10500.44 440.64 10620.00 410.40 10604.59 359.82 10560.67 337.81 10540.43 346.11 10520.10 383.13 10479.04
7 5586.82 696.69 5580.12 730.24 5516.62 724.37 5497.82 691.73 5500.38 630.37 5554.87 605.94 5563.45 628.56
8 17375.78 3600.25 17374.39 3572.63 17388.61 3544.83 17411.97 3531.24 17442.47 3543.81 17468.28 3569.90 17450.80 3596.45 17418.96 3621.84
7 5173.59 7541.41 5140.68 7565.95 5118.45 7556.51 5115.87 7507.10 5139.00 7491.93 5155.91 7492.21 5165.76 7493.20
10 16929.53 5756.04 16971.74 5792.99 16966.25 5882.33 16959.57 5898.05 16932.46 5908.85 16900.60 5908.04 16867.57 5895.91 16837.11 5815.06 16846.73 5790.26 16883.31 5764.47
10 1519.28 11259.30 1462.77 11304.53 1417.33 11282.21 1403.87 11271.90 1363.61 11236.28 1375.90 11180.95 1420.70 11140.16 1459.51 11149.68 1466.58 11155.04 1508.16 11190.51
6 7642.34 8611.91 7761.40 8556.22 7760.96 8583.71 7717.20 8641.81 7670.00 8638.93 7663.51 8635.51
13 1618.13 16610.40 1656.19 16602.12 1685.83 16604.25 1715.22 16617.15 1718.01 16633.73 1722.47 16670.26 1715.70 16702.80 1713.72 16705.56 1683.47 16718.46 1652.41 16713.48 1617.26 16688.02 1611.68 16665.17 1611.76 16646.87
8 17560.18 4535.06 17578.26 4453.73 17615.70 4445.90 17637.19 4446.26 17693.02 4531.28 17681.94 4554.88 17665.93 4574.37 17607.11 4566.48
9 4836.15 4789.81 4772.89 4747.83 4773.41 4709.52 4834.78 4668.65 4848.85 4678.43 4878.96 4700.74 4887.35 4716.37 4893.81 4753.67 4869.55 4780.66
9 321.27 1940.31 288.35 1938.09 281.83 1917.18 280.28 1888.87 297.89 1872.91 311.76 1864.85 349.54 1870.82 350.01 1894.53 344.34 1919.93
6 5767.14 15815.91 5828.61 15860.78 5820.57 15866.26 5771.87 15896.76 5751.64 15884.14 5761.29 15835.95
10 9100.79 8929.36 9078.11 8910.91 9078.82 8892.32 9112.24 8864.90 9135.43 8864.88 9147.79 8869.50 9154.13 8882.40 9153.11 8908.25 9139.41 8921.25 9123.86 8924.80
10 4219.02 458.37 4250.32 431.09 4271.00 423.30 4288.22 427.27 4290.90 441.34 4291.64 464.58 4291.38 483.90 4273.71 496.16 4251.92 497.29 4225.19 467.12
7 8947.61 2185.97 8997.16 2141.41 9035.96 2180.75 9014.76 2238.60 8997.29 2241.86 8980.07 2234.56 8954.55 2196.85
7 15405.64 14847.48 15394.38 14770.29 15431.52 14769.14 15475.81 14780.91 15515.99 14802.22 15499.74 14853.47 15469.53 14877.20
7 3634.01 4153.35 3661.88 4103.14 3743.81 4120.68 3767.20 4131.31 3757.83 4161.75 3740.46 4206.34 3665.22 4198.85
9 4016.54 8142.37 4156.17 8182.74 4153.91 8231.14 4130.79 8246.37 4114.88 8254.41 4101.18 8253.35 4018.11 8207.89 3987.21 8167.03 3987.59 8165.22
10 8540.83 15388.16 8473.44 15352.46 8474.92 15292.58 8495.39 15267.51 8558.96 15246.28 8610.19 15251.93 8617.83 15301.10 8617.80 15307.63 8615.73 15337.98 8596.17 15364.31
9 5130.43 10156.46 5093.84 10091.27 5116.64 10046.72 5145.56 10035.77 5177.14 10035.88 5194.70 10048.81 5243.24 10091.71 5229.58 10106.01 5160.59 10151.09
7 4954.17 17631.44 5003.74 17664.00 4985.21 17712.53 4955.85 17740.26 4918.62 17698.97 4908.92 17656.19 4931.88 17631.00
9 3537.04 13459.95 3578.26 13389.70 3635.51 13403.55 3648.85 13408.23 3655.03 13434.56 3641.63 13496.12 3607.36 13506.80 3584.31 13497.36 3554.88 13481.21
9 1047.24 17611.54 1071.80 17537.77 1085.61 17532.26 1123.97 17558.39 1142.37 17575.74 1149.43 17606.82 1145.12 17616.86 1099.34 17653.38 1054.97 17640.81
8 17663.45 16083.03 17604.34 16050.21 17616.32 16000.27 17632.24 15978.57 17675.50 15984.32 17697.30 16008.81 17710.12 16024.21 17693.68 16050.76
8 895.33 2912.76 867.46 2870.68 876.39 2829.21 895.33 2776.00 968.22 2774.39 1014.38 2828.61 1011.61 2910.97 972.91 2940.21
11 17071.55 14273.63 17075.80 14240.73 17091.91 14229.27 17134.94 14212.27 17181.69 14215.14 17193.63 14220.49 17199.28 14280.95 17198.16 14311.90 17158.14 14331.62 17108.04 14321.14 17089.52 14311.54
12 521.00 6815.03 499.09 6803.07 490.61 6780.88 485.34 6749.93 492.01 6728.82 501.63 6710.56 513.19 6701.65 520.18 6702.67 558.41 6729.10 578.31 6746.40 565.72 6792.41 542.49 6809.49
9 17753.09 14932.95 17728.95 14886.26 17743.78 14866.48 17770.42 14860.24 17793.30 14869.51 17803.32 14875.13 17808.08 14911.89 17797.99 14923.31 17779.18 14944.19
11 651.67 16163.65 667.82 16113.63 683.68 16103.31 711.08 16096.98 731.94 16102.09 744.34 16108.41 762.39 16139.86 762.69 16167.46 749.27 16187.01 720.05 16197.53 677.15 16184.33
10 9289.43 2311.53 9284.11 2299.54 9284.49 2280.20 9287.52 2259.84 9322.54 2228.08 9365.33 2226.57 9385.22 2241.95 9381.66 2301.24 9354.70 2321.20 9328.21 2334.42
7 12341.28 11067.51 12383.29 10993.31 12452.43 11009.79 12493.70 11066.15 12495.22 11095.80 12468.23 11120.47 12350.24 11114.25
13 15673.08 12038.33 15665.08 12018.16 15667.77 11998.73 15675.65 11986.90 15688.01 11975.07 15702.28 11971.79 15703.58 11972.22 15731.37 11982.89 15738.33 11993.16 15738.64 12002.26 15738.22 12005.42 15722.97 12044.85 15697.56 12050.20
9 2151.78 2304.07 2106.73 2255.65 2108.87 2228.61 2138.53 2202.16 2188.73 2199.66 2231.20 2213.29 2219.29 2264.28 2209.25 2287.85 2195.32 2309.53
9 10702.73 8805.89 10709.18 8779.19 10718.25 8755.46 10761.38 8759.24 10778.30 8791.98 10777.47 8805.83 10765.51 8817.28 10736.32 8833.59 10729.60 8833.65
8 1395.03 6671.76 1369.67 6618.37 1380.34 6604.14 1384.82 6600.84 1411.60 6605.58 1440.81 6612.27 1445.38 6627.17 1418.55 6661.76
7 11066.45 11120.75 11042.81 11096.83 11046.18 11085.38 11058.70 11053.87 11073.68 11054.54 11131.59 11084.16 11120.38 11104.35
11 11577.03 12108.55 11585.94 12082.54 11632.16 12055.15 11644.96 12051.55 11722.96 12086.01 11727.46 12103.44 11729.03 12163.35 11701.05 12186.95 11658.07 12205.80 11618.96 12202.66 11586.62 12147.16
8 12331.39 4169.67 12323.75 4079.83 12328.51 4031.34 12398.97 4018.06 12453.81 4025.47 12463.63 4034.47 12478.82 4115.98 12442.57 4162.05
11 17068.95 1458.63 17075.03 1482.41 17064.99 1523.24 17048.12 1536.88 16973.38 1537.71 16960.01 1517.73 16976.23 1461.56 16983.86 1451.00 17013.55 1433.20 17026.81 1426.43 17040.25 1436.23
11 2905.62 10627.67 2921.98 10573.83 2956.97 10541.21 2998.26 10526.74 3028.25 10532.93 3090.13 10612.42 3092.12 10645.48 3064.07 10689.66 3038.48 10702.89 2974.34 10681.65 2952.95 10670.51
11 11996.47 2539.46 12044.93 2526.84 12058.98 2531.24 12070.65 2542.34 12081.30 2553.58 12088.41 2606.99 12059.58 2621.67 11999.32 2626.47 11983.30 2606.92 11982.19 2601.89 11994.35 2545.97
11 10281.73 2257.87 10262.71 2249.11 10238.31 2226.96 10232.24 2215.96 10244.01 2177.34 10254.71 2152.25 10304.76 2160.71 10316.14 2167.35 10324.74 2181.88 10295.58 2243.45 10290.31 2252.29
10 16501.46 6202.15 16463.34 6200.44 16456.46 6195.84 16441.30 6165.47 16467.06 6124.82 16469.30 6122.55 16484.65 6127.23 16494.55 6130.99 16525.11 6152.44 16508.93 6190.94
5 2555.36 12144.44 2614.34 12132.36 2656.59 12195.59 2649.51 12232.36 2555.65 12220.41
7 17227.77 11744.92 17198.83 11772.37 17151.27 11763.60 17107.24 11749.86 17126.61 11700.36 17175.67 11685.15 17204.81 11685.82
8 4814.30 695.19 4833.33 660.95 4858.86 658.70 4895.05 665.93 4905.48 681.50 4899.55 744.55 4863.38 752.70 4826.34 748.46
9 222.69 15082.16 271.18 15138.26 261.17 15151.56 241.42 15171.76 218.37 15195.25 207.42 15187.43 152.39 15141.67 155.16 15117.46 184.49 15089.78
9 7224.81 4734.91 7244.94 4688.24 7294.44 4692.61 7307.78 4734.99 7305.80 4743.52 7302.79 4750.09 7293.11 4759.68 7275.52 4773.53 7240.82 4757.73
6 10892.70 15462.03 10905.15 15530.62 10850.35 15575.28 10789.57 15526.07 10771.90 15511.16 10828.57 15465.70
9 7200.43 11618.19 7211.29 11592.29 7247.35 11602.99 7261.95 11632.83 7256.08 11640.67 7239.05 11656.89 7220.64 11663.18 7208.09 11655.88 7206.08 11646.41
9 16110.49 14769.05 16110.72 14720.42 16148.23 14698.94 16193.81 14708.69 16200.01 14729.66 16209.02 14771.83 16198.03 14790.15 16160.93 14802.02 16128.81 14789.76
8 2058.84 12460.90 2029.11 12416.73 2039.76 12396.44 2065.65 12390.20 2077.06 12387.74 2109.09 12413.32 2105.03 12441.56 2093.84 12452.17
8 7070.38 6968.09 7052.68 6928.38 7061.67 6908.66 7147.02 6884.26 7170.99 6916.98 7180.51 6940.42 7154.47 6998.51 7111.84 7014.67
10 5868.42 2760.19 5881.64 2681.38 5904.76 2666.29 5934.24 2666.45 5995.46 2734.18 5992.34 2749.70 5944.07 2786.05 5911.12 2799.56 5889.81 2804.28 5881.08 2803.54
7 10047.19 10888.47 10126.40 10948.56 10122.83 10963.73 10100.76 11007.91 10015.14 11035.74 9995.36 10997.26 9995.86 10970.84
7 3668.55 17447.50 3722.83 17492.42 3718.10 17567.91 3701.59 17570.52 3659.20 17563.36 3605.43 17510.08 3654.08 17456.36
9 15910.67 9295.70 15901.26 9259.87 15926.02 9238.52 15947.95 9227.02 15989.52 9266.92 15994.43 9283.11 15982.76 9312.04 15951.93 9332.41 15926.50 9317.45
10 4895.31 4501.94 4891.97 4544.73 4858.02 4558.38 4829.84 4545.58 4827.88 4542.32 4824.50 4526.00 4821.81 4507.44 4831.69 4494.71 4843.32 4486.62 4891.58 4491.17
9 15358.20 10409.30 15405.93 10464.03 15387.47 10485.80 15358.63 10514.42 15337.85 10527.77 15292.44 10498.35 15288.55 10458.29 15299.18 10435.29 15309.92 10426.51
8 7691.24 1494.31 7633.07 1551.32 7592.60 1467.88 7585.65 1441.82 7606.74 1423.21 7656.67 1418.25 7667.74 1431.93 7682.14 1450.91
10 11232.53 8139.44 11231.12 8175.52 11210.92 8185.85 11150.60 8194.24 11138.01 8189.75 11112.19 8125.25 11128.31 8106.57 11148.70 8102.90 11192.31 8108.49 11227.99 8125.75
8 10874.83 9666.60 10857.00 9711.34 10827.21 9711.16 10811.43 9701.88 10797.60 9669.06 10809.37 9650.31 10830.87 9635.14 10855.59 9632.52
7 9506.26 7082.41 9446.18 7043.32 9451.36 7030.46 9471.61 7003.83 9524.45 7021.86 9534.06 7057.56 9521.26 7072.63
12 151.71 5031.81 138.77 5021.28 130.08 4996.13 127.80 4979.20 131.23 4969.25 134.68 4963.34 147.29 4952.82 159.58 4947.60 183.93 4957.56 202.42 4971.37 209.33 4981.92 191.59 5027.19
9 8004.76 16986.17 8000.29 16940.02 8039.62 16917.03 8051.41 16914.41 8076.84 16935.25 8084.77 16944.59 8091.41 16967.75 8058.89 16996.91 8040.00 17003.35
6 2858.89 10601.75 2805.97 10676.16 2746.04 10594.82 2720.73 10555.24 2806.86 10507.91 2838.12 10562.88
10 7292.96 10462.11 7365.69 10436.08 7390.38 10455.27 7404.28 10495.09 7407.27 10518.31 7354.18 10566.89 7329.55 10571.11 7292.68 10534.75 7271.62 10500.97 7280.57 10473.76
10 9455.19 4139.98 9448.62 4107.73 9477.58 4072.76 9489.31 4071.50 9510.08 4083.54 9531.95 4098.68 9533.34 4140.06 9530.59 4150.90 9480.61 4172.78 9471.68 4161.76
10 10669.20 3906.27 10652.91 3874.90 10677.21 3805.94 10699.37 3768.64 10757.66 3743.08 10814.77 3788.89 10825.75 3811.12 10811.24 3862.68 10751.58 3934.11 10722.44 3930.76
9 14806.60 4888.00 14801.23 4852.95 14857.34 4808.46 14883.76 4807.93 14924.18 4815.93 14940.61 4866.79 14919.22 4893.47 14890.13 4906.93 14859.04 4918.90
9 13241.99 11250.34 13222.26 11207.36 13224.98 11197.56 13244.74 11184.55 13275.15 11172.85 13296.83 11185.30 13308.10 11206.94 13290.54 11249.64 13283.38 11256.35
11 3422.14 2745.40 3408.99 2695.83 3411.33 2688.06 3427.13 2675.48 3432.88 2672.80 3473.94 2681.86 3486.15 2695.09 3482.63 2708.35 3476.30 2724.45 3465.84 2749.48 3447.53 2753.89
8 7866.01 5829.25 7970.61 5767.13 8026.50 5817.24 7954.38 5901.82 7910.79 5915.34 7904.06 5911.65 7886.85 5887.97 7872.52 5866.37
12 15750.04 10723.93 15745.26 10768.33 15718.42 10797.95 15703.29 10814.38 15668.95 10814.05 15647.67 10800.42 15641.51 10794.17 15611.39 10751.96 15622.52 10697.12 15634.30 10683.08 15721.50 10667.62 15735.92 10687.00
11 9468.28 5022.42 9489.62 4993.39 9530.72 4994.98 9549.26 4995.92 9593.65 5019.31 9592.18 5045.99 9579.78 5068.16 9577.62 5070.93 9521.39 5097.49 9499.06 5093.00 9469.69 5056.52
8 2809.16 5656.14 2835.09 5619.19 2849.58 5626.85 2894.47 5670.68 2895.09 5683.69 2878.31 5696.04 2848.75 5703.59 2829.47 5702.24
9 7219.47 13273.90 7220.51 13251.67 7283.71 13183.39 7366.01 13193.33 7391.16 13288.92 7382.32 13327.25 7362.03 13346.62 7339.97 13355.30 7224.93 13318.87
10 2759.18 9452.58 2757.61 9396.14 2769.30 9375.03 2808.74 9367.92 2859.41 9363.59 2870.35 9376.20 2894.52 9411.41 2872.45 9459.81 2806.75 9476.75 2772.97 9461.94
11 4092.73 17077.89 4063.83 17010.30 4069.98 16969.80 4119.22 16937.70 4155.20 16955.98 4198.29 16979.64 4216.01 17009.13 4191.71 17081.37 4166.00 17090.17 4129.40 17100.05 4107.72 17089.21
9 14594.01 7380.17 14583.73 7340.34 14593.91 7319.67 14633.47 7280.81 14658.57 7292.93 14677.46 7303.48 14693.35 7318.69 14677.86 7357.69 14650.13 7385.63
9 1508.84 3284.52 1516.10 3266.45 1593.42 3187.62 1604.98 3188.16 1643.19 3215.23 1690.76 3276.20 1683.21 3328.24 1599.12 3355.96 1546.90 3345.66
8 2663.45 13354.20 2687.96 13293.82 2758.34 13280.60 2779.27 13287.56 2790.83 13297.37 2798.77 13360.81 2754.26 13390.30 2695.96 13367.23
8 4969.30 12628.97 4945.04 12728.68 4924.41 12728.27 4836.16 12690.83 4844.33 12653.00 4868.05 12596.52 4949.69 12595.53 4955.58 12600.08
8 11978.04 16221.91 11942.01 16176.16 12016.46 16122.54 12044.34 16114.12 12045.32 16114.73 12069.28 16214.29 12042.75 16228.92 12039.56 16230.42
9 17693.48 6166.07 17709.58 6199.06 17672.76 6240.55 17660.39 6248.15 17644.61 6240.77 17614.08 6224.84 17607.53 6212.37 17605.38 6175.75 17619.19 6161.98
8 11992.23 1280.25 12025.02 1226.63 12111.89 1235.73 12117.13 1247.57 12120.71 1292.73 12102.51 1313.94 12052.29 1320.30 12003.07 1294.77
13 4901.24 12331.09 4894.49 12369.01 4875.39 12389.73 4826.19 12417.80 4785.36 12400.01 4754.17 12382.75 4747.54 12373.34 4727.88 12312.01 4760.04 12269.22 4784.05 12261.09 4827.39 12250.09 4855.55 12257.15 4880.88 12272.41
6 10635.49 8848.60 10615.41 8881.44 10568.85 8856.53 10561.62 8841.94 10597.04 8816.95 10624.75 8830.46
8 11610.03 3884.00 11599.68 3950.72 11488.97 3985.00 11458.55 3932.79 11448.87 3906.09 11475.06 3861.62 11519.76 3851.96 11593.09 3870.27
8 8463.91 14900.06 8527.04 14852.27 8574.67 14845.61 8591.22 14875.35 8624.53 14967.70 8613.61 14987.31 8532.48 15016.19 8501.23 14992.10
8 6842.22 2690.46 6851.83 2561.05 6902.66 2561.38 6922.35 2588.27 6936.95 2633.60 6936.79 2648.79 6916.10 2677.89 6873.15 2690.60
8 11149.03 12983.63 11131.14 13031.18 11114.89 13040.24 11083.47 13044.48 11067.16 12981.02 11065.30 12959.90 11088.14 12949.18 11140.19 12976.86
7 1029.84 7653.16 1018.15 7699.43 953.42 7725.09 923.23 7713.59 929.19 7651.27 940.13 7625.98 1013.18 7628.25
10 17704.49 3282.93 17774.83 3197.25 17831.44 3219.18 17849.10 3237.15 17852.59 3247.99 17862.70 3304.96 17856.39 3321.32 17839.20 3330.22 17751.03 3339.29 17719.71 3337.22
6 2571.38 4170.05 2593.71 4107.45 2622.59 4109.34 2651.55 4112.99 2663.22 4148.07 2624.85 4204.42
11 15473.14 12297.50 15463.39 12267.39 15495.00 12246.21 15515.66 12245.97 15538.19 12267.36 15541.98 12290.72 15536.57 12299.22 15535.87 12299.96 15523.23 12307.20 15492.13 12320.65 15483.79 12315.76
8 16846.30 1392.06 16805.17 1363.90 16845.98 1289.57 16869.83 1270.96 16883.43 1272.20 16906.94 1274.35 16912.63 1295.40 16866.21 1381.40
8 15308.50 9487.83 15365.61 9449.60 15381.88 9455.35 15422.19 9522.36 15427.54 9536.63 15404.33 9548.37 15310.51 9545.91 15309.83 9537.82
9 8198.64 14548.68 8239.14 14511.74 8275.10 14529.49 8282.54 14548.90 8280.63 14570.38 8263.70 14592.24 8237.46 14595.25 8228.10 14596.17 8227.21 14596.14
9 5187.05 1657.52 5231.81 1748.78 5197.67 1780.42 5119.29 1784.58 5094.05 1775.68 5079.22 1765.42 5082.10 1713.54 5094.31 1640.91 5110.56 1627.37
7 1789.71 7502.03 1807.83 7542.84 1794.53 7565.86 1745.64 7564.90 1734.24 7546.30 1750.21 7516.26 1760.95 7502.75
8 16967.77 13663.12 16863.96 13594.20 16877.27 13548.40 16937.03 13510.80 16985.24 13529.68 16997.74 13536.95 17013.93 13568.24 17017.51 13596.56
9 12494.86 2430.47 12465.52 2369.55 12480.45 2341.52 12528.36 2331.95 12557.27 2349.07 12565.75 2367.18 12564.98 2403.31 12540.81 2424.74 12525.97 2434.11
8 3959.58 6483.55 3977.18 6431.95 4046.94 6443.23 4046.48 6507.51 4044.52 6515.89 4036.97 6529.77 3988.21 6540.06 3961.53 6493.26
11 3477.44 6918.37 3487.83 6845.92 3506.16 6844.23 3530.20 6855.66 3542.51 6872.35 3543.19 6877.85 3544.26 6890.26 3541.79 6909.58 3534.38 6918.73 3516.42 6928.29 3479.23 6920.41
7 4346.68 8381.64 4359.48 8467.43 4246.00 8509.40 4223.29 8497.75 4183.14 8456.30 4190.06 8409.52 4218.18 8378.60
11 13962.10 16184.66 13982.27 16118.07 14003.96 16107.45 14013.61 16107.00 14032.50 16116.15 14058.64 16135.04 14065.02 16152.89 14065.73 16163.52 14056.66 16172.85 14005.35 16208.03 13974.37 16201.82
8 6615.27 9932.43 6576.64 9960.85 6567.19 9959.05 6509.13 9891.18 6518.23 9872.22 6544.67 9866.36 6552.84 9870.50 6614.11 9910.78
9 10338.37 7482.50 10344.01 7445.39 10357.26 7443.35 10375.99 7440.52 10402.68 7444.46 10411.76 7482.85 10380.14 7521.55 10371.73 7522.15 10353.82 7520.74
9 12226.84 15084.90 12253.32 15052.78 12286.46 15056.38 12309.07 15090.29 12284.26 15124.69 12281.17 15127.20 12270.04 15134.72 12244.38 15123.20 12234.12 15118.23
9 10032.91 11776.57 10031.37 11738.93 10061.25 11736.12 10075.46 11737.73 10095.69 11740.78 10100.42 11743.54 10100.68 11745.67 10095.17 11788.04 10076.63 11796.63
9 10103.48 8524.96 10081.85 8502.14 10083.07 8475.89 10127.80 8451.10 10157.73 8460.78 10167.96 8482.96 10166.99 8488.25 10137.16 8534.22 10120.37 8538.50
11 1364.64 8100.18 1383.76 8046.02 1393.69 8033.25 1456.93 8034.39 1484.92 8041.50 1500.09 8065.48 1492.13 8109.98 1470.51 8135.03 1459.49 8141.51 1411.71 8147.52 1385.47 8140.91
9 1292.18 4850.91 1274.72 4805.59 1321.22 4762.09 1337.80 4756.28 1385.61 4767.74 1430.67 4841.63 1400.37 4874.24 1325.92 4904.83 1319.37 4906.24
7 4837.22 16779.82 4841.39 16834.12 4773.30 16848.82 4749.10 16839.93 4763.40 16783.70 4775.39 16771.68 4800.05 16752.07
9 14519.89 15521.73 14499.00 15479.81 14526.23 15416.90 14562.22 15405.08 14582.78 15415.55 14639.78 15453.15 14620.58 15498.20 14587.97 15539.59 14562.44 15542.45
8 14544.35 4681.23 14523.39 4733.63 14518.69 4735.07 14474.59 4722.03 14481.72 4659.88 14497.15 4650.63 14524.03 4657.71 14542.15 4672.69
8 1365.62 16637.06 1404.35 16572.92 1435.10 16568.02 1457.74 16567.52 1480.58 16580.83 1494.86 16673.71 1412.90 16674.00 1374.61 16645.93
5 11155.28 5632.24 11198.35 5724.86 11084.36 5755.70 11066.36 5727.14 11073.43 5641.68
11 13049.20 15959.04 13045.51 15913.33 13087.38 15890.51 13094.84 15888.95 13102.83 15890.18 13112.34 15897.45 13120.40 15905.46 13098.88 15970.10 13093.52 15982.77 13068.57 15975.86 13055.70 15967.60
8 16423.19 3983.30 16442.86 3905.84 16468.85 3891.95 16520.97 3917.64 16526.98 3933.49 16522.84 3969.90 16503.90 3986.13 16478.45 3995.32
10 15342.06 8657.37 15368.98 8611.46 15463.91 8621.01 15467.03 8658.05 15464.28 8680.96 15459.32 8685.65 15417.46 8694.54 15393.44 8698.05 15388.27 8698.60 15368.66 8700.64
8 4536.08 17120.04 4469.81 17169.53 4400.04 17162.81 4391.96 17111.51 4402.95 17095.06 4416.54 17079.18 4474.53 17037.93 4509.35 17070.66
10 2272.50 6962.46 2300.88 6951.12 2345.76 6967.55 2362.09 7002.18 2370.88 7021.69 2342.71 7060.07 2304.60 7067.12 2281.87 7065.67 2226.14 7025.64 2243.52 6998.67
9 4513.48 6459.72 4505.60 6448.02 4518.10 6414.49 4540.83 6412.11 4546.61 6417.16 4577.15 6445.61 4571.83 6459.66 4552.33 6483.13 4533.26 6472.47
12 11501.02 10422.21 11417.30 10462.66 11376.13 10452.90 11351.31 10441.03 11347.07 10434.21 11338.34 10369.29 11360.49 10339.20 11380.21 10322.19 11431.99 10326.32 11460.58 10334.77 11464.96 10338.41 11485.30 10366.62
7 3414.82 9212.41 3388.19 9185.34 3391.49 9162.67 3411.46 9135.70 3435.57 9136.66 3453.17 9165.32 3451.99 9191.79
9 1217.33 17300.32 1240.80 17274.80 1259.13 17269.30 1300.83 17309.97 1304.60 17315.27 1298.25 17322.01 1276.28 17342.08 1255.47 17341.07 1224.62 17323.18
9 8255.38 12673.17 8200.49 12615.80 8231.23 12571.46 8246.48 12560.88 8284.51 12584.86 8299.55 12599.21 8306.44 12621.78 8305.95 12653.02 8278.89 12664.73
5 9442.31 12704.31 9373.55 12630.32 9403.71 12593.68 9538.40 12605.85 9537.87 12638.48
8 7869.68 7871.23 7935.37 7806.69 7948.62 7810.13 7952.76 7819.26 7986.03 7902.82 7905.34 7938.35 7880.20 7913.24 7877.26 7903.93
11 11074.04 15950.00 11064.11 15934.37 11057.84 15921.05 11051.31 15904.86 11064.84 15885.37 11096.34 15872.74 11106.13 15877.37 11111.69 15889.07 11112.37 15900.62 11112.33 15922.15 11108.26 15949.13
7 4622.82 4091.15 4730.68 4019.41 4737.40 4072.01 4731.36 4123.35 4721.09 4131.76 4644.45 4149.86 4627.35 4108.74
9 16742.47 6176.76 16749.80 6108.81 16822.66 6104.76 16866.97 6143.54 16869.24 6172.19 16844.85 6206.69 16801.10 6216.28 16779.77 6205.84 16745.46 6182.19
6 15516.66 970.60 15498.92 988.84 15460.64 978.12 15439.56 924.44 15456.17 918.40 15513.19 966.74
7 17715.92 13493.21 17736.25 13476.14 17757.85 13482.25 17770.07 13486.44 17752.86 13535.61 17737.40 13546.18 17730.55 13537.41
10 6275.93 17090.24 6242.89 17089.10 6224.13 17071.76 6221.89 17068.44 6198.36 17021.65 6208.45 16980.61 6233.09 16960.97 6287.85 16965.78 6321.17 17006.27 6291.74 17077.33
7 11870.81 14094.81 11947.33 14016.12 12024.54 14077.28 12023.97 14126.58 11995.66 14164.33 11947.03 14180.47 11905.75 14144.20
8 15658.28 2986.84 15590.51 2956.85 15619.99 2874.27 15639.57 2854.39 15642.04 2852.40 15667.49 2854.34 15713.31 2908.91 15712.39 2937.53
8 10121.08 2446.46 10105.80 2366.83 10142.36 2347.69 10155.31 2352.55 10187.63 2371.53 10199.94 2396.10 10187.57 2417.29 10177.70 2426.87
7 6321.47 17380.41 6376.39 17482.63 6353.55 17504.19 6259.98 17532.84 6226.59 17509.23 6216.44 17438.11 6248.99 17399.17
9 11039.40 6857.55 11039.47 6888.65 11009.94 6906.59 10958.99 6900.56 10961.99 6888.62 10962.82 6885.67 10980.03 6844.80 10986.60 6837.59 11028.38 6847.35
11 17663.28 10266.35 17691.82 10241.36 17729.60 10256.50 17731.69 10259.52 17734.85 10276.80 17736.79 10293.68 17714.86 10318.01 17703.85 10319.95 17683.49 10310.88 17656.78 10291.19 17659.09 10276.17
7 15756.58 10865.17 15748.70 10922.73 15695.52 10921.88 15669.45 10880.77 15670.00 10869.88 15701.31 10849.10 15713.53 10849.29
7 13385.17 16827.20 13408.21 16829.02 13413.34 16844.93 13423.70 16882.50 13381.24 16891.10 13351.31 16881.36 13359.67 16853.79
11 14860.20 15720.68 14862.59 15716.82 14904.11 15681.98 14926.78 15664.09 14961.94 15674.57 15001.33 15765.63 14989.14 15791.97 14950.04 15821.37 14882.60 15807.12 14873.99 15797.01 14863.68 15749.62
8 17452.97 5843.99 17447.95 5775.52 17493.90 5760.74 17527.93 5750.67 17605.59 5821.19 17582.92 5876.30 17577.12 5877.43 17506.00 5866.90
11 9190.41 10758.80 9209.51 10716.35 9252.02 10686.48 9273.58 10678.67 9298.69 10683.62 9319.85 10691.37 9337.23 10699.93 9342.60 10766.04 9339.48 10834.83 9295.82 10840.74 9215.08 10835.85
10 11764.27 10283.74 11759.04 10275.02 11751.82 10240.38 11749.00 10213.46 11764.24 10154.42 11826.34 10145.44 11854.39 10164.07 11891.14 10206.22 11896.54 10216.84 11812.60 10273.24
12 14245.93 6149.08 14270.21 6183.17 14271.84 6198.51 14272.39 6206.12 14258.63 6215.22 14225.14 6227.63 14206.46 6233.18 14192.17 6226.37 14177.24 6202.07 14179.11 6190.92 14201.23 6160.52 14208.78 6158.09
7 6449.53 7972.76 6404.11 7989.00 6396.41 7987.17 6386.22 7955.66 6383.82 7937.00 6442.97 7939.59 6445.32 7946.55
6 15888.41 4319.39 15792.60 4384.72 15748.97 4359.87 15743.78 4336.49 15739.68 4286.03 15828.55 4265.57
11 1341.58 5488.23 1370.56 5476.78 1384.48 5477.08 1413.96 5523.17 1417.25 5531.40 1411.69 5553.88 1391.91 5564.70 1376.46 5567.14 1351.96 5563.69 1324.01 5529.56 1336.83 5497.88
8 5925.40 7586.28 5947.44 7512.71 5979.01 7497.32 6014.08 7501.99 6024.27 7590.23 6016.01 7611.14 5954.67 7644.44 5926.18 7612.41
8 7243.02 7320.26 7184.85 7423.73 7135.09 7413.56 7127.91 7410.92 7074.31 7339.28 7094.72 7281.01 7166.32 7247.28 7182.35 7254.38
12 7563.67 16196.74 7584.13 16196.37 7631.76 16203.81 7687.40 16224.99 7707.59 16280.41 7695.14 16309.49 7654.97 16339.17 7637.13 16347.70 7600.41 16346.00 7527.27 16273.91 7540.42 16229.05 7558.67 16203.59
8 13303.12 6349.91 13283.67 6433.85 13181.16 6408.60 13147.33 6371.11 13140.79 6360.26 13178.03 6308.97 13191.67 6291.78 13270.63 6276.55
9 11193.13 803.88 11193.80 794.52 11224.34 691.54 11246.19 691.91 11301.89 719.47 11331.64 747.12 11277.83 809.02 11266.09 815.74 11239.99 822.32
11 7674.90 12605.45 7641.53 12644.13 7609.51 12642.68 7587.17 12627.02 7581.11 12612.24 7598.80 12584.58 7615.44 12561.80 7622.91 12559.25 7656.97 12570.58 7665.89 12574.28 7673.19 12593.32
11 335.28 12515.77 328.13 12443.61 342.28 12410.90 370.27 12398.20 433.55 12421.24 443.06 12434.66 459.76 12472.99 470.87 12516.62 455.85 12520.91 401.64 12527.81 343.82 12519.65
10 14120.90 11454.43 14136.91 11415.92 14157.31 11407.46 14191.35 11401.18 14204.32 11430.74 14207.11 11437.94 14213.46 11479.33 14199.08 11488.77 14180.00 11488.50 14129.11 11478.23
6 7823.55 11966.12 7831.82 11914.54 7855.28 11892.43 7880.67 11914.02 7896.13 11955.12 7841.75 11968.89
9 9996.07 12692.63 10022.04 12767.26 10012.68 12795.39 9981.13 12810.66 9967.49 12816.31 9921.76 12799.84 9902.39 12773.35 9895.08 12755.93 9919.49 12703.91
8 6841.14 10386.07 6802.91 10300.51 6836.92 10253.51 6861.05 10244.53 6885.94 10252.90 6912.26 10296.64 6910.12 10363.21 6860.69 10397.15
8 12032.38 5176.27 12051.24 5091.78 12082.50 5076.52 12128.35 5078.65 12165.56 5125.94 12156.60 5177.62 12114.46 5209.51 12067.13 5224.87
6 15223.65 17175.27 15179.91 17106.02 15208.26 17071.61 15231.02 17054.72 15272.90 17086.82 15284.78 17141.12
8 16398.95 16953.38 16401.25 16937.55 16430.70 16893.72 16452.02 16902.92 16480.29 16924.82 16470.54 16970.83 16467.74 16972.51 16446.60 16975.33
8 4212.14 9048.60 4181.78 9003.26 4192.32 8985.31 4212.34 8982.80 4225.96 8982.29 4251.94 8985.74 4264.37 9021.91 4230.32 9045.54
8 1535.30 17664.99 1653.99 17624.86 1687.31 17654.99 1691.85 17731.37 1638.10 17786.70 1595.34 17788.60 1593.57 17788.24 1552.58 17771.82
8 5458.43 4422.21 5489.26 4358.09 5504.23 4360.22 5537.59 4385.17 5544.15 4412.39 5518.24 4435.13 5495.25 4435.83 5461.88 4433.43
8 15465.46 4778.29 15493.41 4711.51 15564.28 4698.44 15611.27 4750.62 15630.88 4779.15 15623.83 4798.44 15591.07 4838.54 15515.96 4837.52
9 17350.27 5643.62 17329.96 5693.05 17300.11 5699.26 17227.49 5701.99 17207.93 5675.85 17209.34 5633.20 17217.89 5612.40 17251.91 5598.30 17335.11 5627.88
13 6094.49 14758.82 6090.30 14685.93 6095.62 14664.30 6183.32 14634.60 6219.74 14687.50 6223.51 14704.69 6213.01 14751.92 6205.66 14755.55 6185.94 14761.69 6152.73 14768.20 6146.84 14768.19 6109.90 14766.75 6108.91 14766.55
10 2813.31 6918.67 2819.97 6864.86 2827.06 6858.51 2836.20 6853.45 2862.90 6845.78 2879.07 6843.26 2892.85 6850.96 2910.64 6885.99 2915.51 6906.20 2907.63 6925.50
13 5717.79 7214.40 5627.52 7184.27 5617.09 7166.38 5607.77 7142.06 5601.18 7093.28 5626.31 7070.66 5663.24 7053.63 5671.72 7051.81 5702.56 7046.77 5733.30 7064.13 5748.73 7107.80 5754.58 7137.55 5751.04 7156.53
7 846.58 8880.82 790.93 8923.19 765.05 8918.33 741.31 8871.46 737.14 8824.06 742.35 8820.86 811.93 8825.77
7 2371.47 16952.98 2327.23 16917.13 2334.16 16900.31 2374.21 16866.49 2402.15 16871.61 2414.68 16910.04 2409.30 16936.95
11 17530.91 16712.59 17576.13 16715.46 17597.90 16742.69 17608.88 16758.98 17610.58 16790.15 17605.38 16806.27 17572.00 16816.80 17545.01 16819.07 17524.57 16815.63 17502.58 16806.40 17520.31 16736.70
8 711.14 16418.52 737.47 16473.74 715.04 16489.19 701.36 16494.64 691.44 16497.62 668.49 16452.43 669.25 16434.81 675.60 16427.72
8 8359.03 7141.03 8354.19 7090.66 8408.72 7072.51 8417.42 7070.33 8447.02 7078.75 8458.88 7092.51 8444.21 7127.87 8419.35 7175.99
8 11710.09 6782.30 11711.13 6757.69 11742.81 6723.65 11777.94 6746.05 11795.54 6776.73 11774.82 6802.43 11772.68 6802.75 11728.81 6802.23
12 5489.82 3128.16 5512.65 3202.04 5484.93 3249.01 5474.61 3255.41 5396.68 3278.24 5379.97 3275.14 5334.69 3234.28 5330.50 3218.36 5347.98 3163.18 5368.87 3120.48 5377.46 3117.66 5470.77 3107.33
8 13618.33 4153.64 13667.76 4236.33 13624.45 4294.30 13576.62 4300.98 13519.81 4270.45 13522.99 4240.93 13549.95 4171.86 13588.25 4157.49
8 17733.72 10707.40 17715.01 10633.27 17741.00 10613.31 17775.66 10592.34 17786.84 10611.50 17788.36 10697.60 17786.59 10704.87 17753.27 10708.17
10 5144.40 12730.87 5139.18 12785.85 5125.63 12797.91 5060.43 12822.26 5044.64 12823.01 5033.68 12788.00 5030.65 12725.20 5050.69 12710.77 5072.35 12698.52 5120.38 12712.64
8 6242.70 13777.19 6205.95 13723.07 6221.08 13683.35 6233.04 13663.55 6275.38 13641.07 6327.49 13711.48 6327.60 13728.86 6295.07 13753.31
6 4618.68 6192.50 4581.28 6168.27 4587.88 6110.23 4638.95 6118.76 4636.85 6163.75 4635.43 6173.63
10 6984.30 4748.31 6980.90 4715.59 6987.23 4687.31 7014.54 4660.50 7023.71 4658.94 7091.49 4675.33 7109.91 4705.48 7095.79 4730.23 7057.68 4783.16 7048.97 4785.66
9 10664.01 13064.06 10637.59 13035.85 10643.59 13020.37 10659.27 13000.64 10678.35 12997.26 10701.53 12996.35 10719.63 13006.12 10721.76 13058.21 10707.64 13074.10
9 8324.68 5355.22 8318.94 5296.28 8323.90 5286.85 8368.53 5263.75 8395.50 5270.74 8453.09 5318.87 8441.09 5347.67 8405.84 5377.71 8353.68 5373.32
11 14357.60 15902.84 14409.25 15864.53 14455.01 15875.73 14480.94 15906.87 14482.78 15922.85 14478.71 15958.02 14469.10 15994.66 14397.18 16002.29 14376.88 16002.04 14348.39 15970.97 14354.18 15923.48
7 9287.42 5420.23 9337.41 5441.92 9326.74 5506.13 9297.58 5506.42 9261.40 5504.02 9262.65 5468.93 9276.22 5433.66
11 13464.32 13424.08 13483.94 13416.53 13495.71 13421.47 13523.65 13456.05 13515.37 13491.23 13507.26 13492.56 13465.44 13497.50 13460.98 13493.66 13438.86 13472.54 13437.63 13468.28 13453.85 13441.15
9 9712.04 16718.41 9698.88 16631.73 9699.60 16618.87 9736.14 16584.19 9795.96 16585.14 9817.38 16587.11 9854.51 16637.09 9843.46 16720.09 9756.93 16755.32
7 17848.81 7592.46 17806.27 7665.89 17773.49 7665.11 17728.83 7657.44 17712.45 7609.69 17764.42 7579.29 17827.44 7565.81
6 6205.21 9202.32 6263.37 9266.39 6254.18 9289.78 6171.88 9331.27 6107.12 9291.18 6136.63 9209.54
11 7710.32 15878.20 7673.31 15817.92 7673.84 15798.37 7679.40 15784.30 7742.63 15771.10 7778.00 15790.65 7791.33 15817.66 7783.08 15850.18 7773.23 15873.58 7740.52 15891.07 7720.02 15887.10
9 6756.79 4705.74 6757.57 4671.88 6771.17 4662.24 6797.90 4646.24 6849.83 4675.15 6852.67 4723.42 6824.31 4738.19 6780.72 4744.90 6760.10 4723.58
9 12934.06 11136.23 12938.80 11179.29 12928.64 11208.42 12921.01 11219.98 12916.62 11220.97 12846.45 11208.02 12832.66 11145.32 12875.38 11122.66 12897.14 11125.20
7 2819.32 8874.02 2866.10 8808.71 2905.39 8815.97 2933.24 8840.32 2920.32 8895.01 2888.42 8904.87 2834.75 8903.65
8 9583.07 13215.41 9529.30 13254.64 9498.09 13238.17 9495.15 13231.30 9500.83 13192.42 9529.27 13161.33 9551.51 13170.42 9577.45 13203.64
8 11255.51 16004.01 11287.70 16036.40 11283.27 16088.71 11235.52 16109.75 11206.27 16095.34 11205.21 16092.66 11198.44 16048.91 11198.45 16016.85
10 10473.78 16790.49 10469.71 16729.37 10491.46 16697.97 10539.63 16684.31 10599.12 16708.69 10631.96 16730.54 10609.77 16788.00 10585.58 16802.05 10521.62 16829.56 10506.17 16823.89
9 4345.61 17602.23 4305.75 17559.09 4282.63 17518.21 4271.98 17498.89 4273.18 17452.88 4329.38 17435.88 4400.30 17461.02 4414.02 17522.44 4397.57 17545.98
9 665.12 1361.37 578.43 1437.59 562.15 1433.62 506.52 1383.65 507.89 1351.48 534.26 1314.46 578.25 1292.56 609.37 1295.82 629.79 1298.23
8 5182.77 4831.21 5162.81 4815.34 5172.24 4779.05 5194.94 4766.87 5209.52 4768.92 5236.86 4785.15 5235.85 4808.65 5200.41 4842.76
8 17502.38 2460.32 17521.05 2501.25 17519.52 2512.14 17490.18 2550.52 17468.22 2542.34 17444.75 2506.33 17439.30 2483.95 17473.20 2459.69
11 11100.40 17248.02 11106.91 17211.20 11138.95 17200.68 11161.45 17214.46 11168.89 17225.10 11168.65 17245.19 11162.57 17271.46 11130.19 17284.10 11121.66 17282.88 11107.23 17275.51 11104.89 17270.37
10 9742.00 1967.85 9698.29 1967.67 9691.30 1961.73 9685.27 1934.53 9695.08 1906.89 9715.93 1898.51 9746.97 1893.40 9755.20 1902.39 9753.07 1944.92 9747.54 1957.69
9 9732.47 12383.50 9740.83 12325.64 9783.49 12294.79 9842.37 12326.87 9867.59 12386.12 9828.08 12457.89 9809.69 12459.32 9757.51 12437.70 9734.42 12423.49
9 9403.08 16341.67 9362.46 16288.43 9375.55 16247.40 9408.54 16234.51 9436.25 16226.92 9464.74 16221.94 9485.36 16232.81 9492.65 16247.94 9471.39 16332.48
8 8963.79 450.30 9008.82 534.77 8988.19 554.81 8986.39 555.57 8931.83 564.50 8890.16 541.84 8890.33 516.51 8921.45 461.06
11 17517.02 17802.99 17515.94 17784.86 17518.51 17777.52 17534.83 17762.62 17554.22 17748.50 17589.23 17763.55 17595.97 17769.56 17591.80 17782.43 17588.35 17786.87 17567.80 17812.12 17549.07 17823.14
8 2590.09 4975.09 2605.31 4860.64 2701.92 4842.94 2740.32 4892.03 2746.04 4901.76 2747.07 4957.37 2688.49 4994.03 2644.30 5014.92
6 9482.72 1201.96 9483.39 1251.68 9441.82 1277.30 9403.96 1248.53 9400.34 1231.13 9419.00 1205.54
10 2413.03 1092.99 2445.96 1059.90 2476.10 1035.84 2493.02 1049.32 2537.29 1121.90 2499.96 1157.38 2484.44 1160.07 2478.93 1160.39 2438.60 1147.71 2420.85 1138.76
11 3657.65 13048.88 3645.49 13014.35 3653.76 12980.43 3669.44 12958.43 3693.44 12952.00 3726.65 12952.55 3750.91 12965.72 3769.76 13016.62 3756.62 13050.72 3742.42 13058.49 3689.29 13079.14
7 13520.14 10318.04 13496.05 10288.73 13499.10 10270.24 13503.17 10261.83 13535.70 10241.38 13573.49 10242.01 13585.78 10276.40
9 8348.69 7851.97 8394.74 7920.43 8393.16 7937.05 8369.83 7974.61 8359.48 7982.21 8260.39 7983.78 8255.56 7967.89 8262.71 7911.91 8330.36 7853.86
8 12526.03 17774.91 12528.56 17686.72 12537.44 17669.60 12633.53 17675.34 12641.28 17733.82 12636.67 17805.04 12627.74 17809.53 12531.32 17787.97
7 7691.92 4117.04 7711.75 4165.63 7673.89 4190.37 7656.98 4181.74 7635.48 4156.93 7644.72 4127.73 7660.42 4123.99
9 15819.29 9317.38 15777.53 9308.06 15772.33 9290.90 15763.63 9224.21 15823.70 9204.01 15830.26 9203.80 15842.26 9224.09 15847.49 9269.14 15845.55 9305.65
8 1371.59 1343.10 1399.28 1429.65 1399.26 1438.56 1361.03 1468.85 1314.81 1457.14 1307.38 1417.95 1301.26 1351.57 1312.37 1340.69
9 10072.09 6927.81 10026.11 6883.88 10026.68 6852.28 10064.32 6813.41 10129.50 6755.24 10153.49 6758.97 10185.55 6775.90 10196.86 6845.80 10153.36 6901.07
10 6151.06 6460.91 6160.53 6513.61 6147.98 6554.64 6084.07 6585.67 6037.09 6545.24 6030.46 6494.10 6049.88 6479.03 6086.29 6453.57 6091.03 6453.96 6106.10 6455.57
7 12436.65 7039.09 12471.20 6975.22 12486.37 6979.93 12558.51 7025.31 12571.24 7045.59 12502.65 7105.05 12444.24 7089.26
8 13044.50 2091.99 13064.49 2083.29 13077.90 2088.47 13098.52 2098.22 13114.04 2106.28 13102.86 2140.40 13068.36 2167.87 13053.61 2157.37
12 15932.65 6867.78 15955.22 6904.35 15928.03 6948.93 15892.64 6966.14 15843.81 6970.55 15814.33 6938.19 15813.74 6930.27 15817.13 6882.44 15838.80 6853.37 15862.68 6847.83 15894.21 6842.76 15909.02 6846.99
8 8791.73 7006.60 8747.28 7063.87 8680.21 7038.77 8662.55 7031.82 8646.44 7009.37 8692.05 6928.84 8735.36 6924.40 8756.86 6945.23
8 1863.44 4807.03 1905.90 4860.00 1901.11 4864.21 1867.32 4873.13 1808.58 4876.56 1769.06 4853.34 1788.66 4831.01 1823.69 4806.68
12 2917.15 17790.47 2921.36 17755.30 2959.67 17738.03 2977.49 17740.69 2982.27 17743.80 3017.99 17787.60 3019.60 17793.42 3017.56 17806.90 3001.67 17821.29 2985.07 17834.76 2954.07 17834.90 2943.65 17834.31
11 15584.94 14828.56 15612.77 14814.10 15675.35 14862.51 15686.65 14881.74 15650.46 14927.48 15628.29 14932.35 15614.87 14928.93 15594.08 14913.85 15583.27 14906.00 15556.46 14886.14 15562.59 14864.42
13 11969.83 10549.56 11962.23 10516.22 11977.37 10501.45 11982.61 10498.83 12000.92 10492.70 12015.71 10488.33 12031.67 10502.94 12031.81 10505.22 12027.58 10523.38 12022.28 10538.65 12017.55 10544.99 12009.64 10555.49 11997.79 10562.22
11 129.37 3772.81 188.92 3735.46 235.45 3731.11 272.76 3791.79 277.58 3816.57 257.04 3839.23 230.29 3868.45 217.57 3870.19 202.78 3867.43 162.92 3841.62 135.27 3788.26
10 13217.07 14184.90 13175.82 14144.75 13176.37 14121.59 13205.72 14102.09 13222.95 14104.92 13247.68 14109.91 13254.43 14119.27 13263.86 14147.73 13256.78 14161.79 13243.84 14180.47
11 10914.62 13403.70 10946.67 13387.86 11033.83 13394.79 11041.58 13405.36 11056.29 13450.44 11052.65 13485.97 11032.18 13506.19 10952.05 13532.55 10916.43 13508.52 10906.45 13487.73 10910.04 13433.76
11 12354.18 5011.39 12419.15 4979.77 12452.51 4982.05 12490.09 5018.79 12489.08 5029.53 12484.07 5063.11 12472.07 5095.74 12442.63 5113.42 12406.62 5110.86 12374.62 5094.71 12356.20 5061.54
8 10066.79 17752.38 10037.89 17694.69 10052.30 17676.79 10069.78 17657.36 10077.21 17649.28 10122.23 17687.52 10136.38 17729.38 10105.26 17748.31
7 14072.78 16828.52 14107.73 16771.65 14146.59 16776.55 14209.34 16842.48 14196.63 16876.31 14169.78 16886.96 14081.14 16865.73
9 12237.66 762.74 12214.95 829.96 12178.12 826.40 12121.27 813.10 12110.51 720.94 12139.72 702.97 12161.43 698.91 12195.93 702.67 12213.84 717.53
9 13599.96 17176.12 13573.82 17108.61 13574.68 17097.08 13614.84 17056.88 13655.22 17054.78 13665.58 17065.79 13705.07 17120.41 13675.34 17167.93 13662.13 17186.32
8 1321.22 3605.35 1277.98 3534.26 1315.70 3500.52 1354.37 3487.53 1375.13 3487.50 1405.03 3534.40 1409.55 3560.17 1367.83 3609.18
11 14086.67 9726.67 14120.23 9793.28 14111.86 9813.73 14078.63 9841.61 14068.41 9842.57 14036.39 9839.90 14017.85 9821.20 13997.50 9787.44 14003.58 9748.26 14015.39 9730.80 14032.88 9729.50
11 6813.31 8065.06 6810.25 8050.59 6839.96 8027.84 6846.65 8023.49 6860.52 8021.80 6873.14 8026.88 6875.46 8035.39 6879.83 8058.14 6878.89 8083.81 6833.56 8097.95 6821.06 8080.33
10 12725.02 3794.01 12780.43 3739.86 12840.48 3759.34 12843.16 3791.73 12841.94 3795.59 12807.88 3831.64 12799.04 3840.14 12779.02 3843.61 12756.39 3843.52 12733.39 3809.60
6 3237.69 14988.38 3231.33 15059.30 3124.44 15088.30 3096.70 15054.29 3084.10 14981.82 3148.78 14937.48
5 16830.89 7668.96 16891.96 7589.22 16944.24 7622.40 16965.74 7666.86 16894.54 7723.31
7 894.79 16664.22 848.97 16590.86 871.61 16573.07 942.03 16559.47 959.02 16589.48 961.19 16595.27 953.88 16635.35
10 12772.72 13940.04 12758.51 13892.14 12765.09 13846.73 12809.40 13838.69 12899.97 13874.78 12901.02 13914.79 12875.65 13947.50 12837.74 13970.21 12830.25 13972.42 12781.01 13947.91
11 6093.29 6367.38 6087.09 6334.27 6141.67 6263.05 6152.98 6254.59 6184.00 6240.62 6216.52 6252.14 6247.10 6281.25 6259.01 6304.79 6188.84 6398.71 6165.13 6404.90 6107.83 6377.85
9 5945.50 12818.83 5941.28 12845.97 5930.09 12852.67 5902.38 12861.30 5883.56 12858.67 5887.97 12790.79 5904.78 12770.61 5938.27 12783.61 5943.53 12790.91
7 17128.86 12020.39 17142.93 11922.25 17154.50 11923.18 17233.54 11940.90 17239.83 11974.74 17160.80 12045.36 17146.82 12042.49
10 9874.49 254.61 9869.84 208.67 9879.26 195.36 9896.37 179.38 9992.85 131.11 10042.33 172.54 10055.39 205.85 10046.17 264.77 10023.64 298.76 9936.20 309.91
8 16337.46 12916.39 16311.06 13000.32 16273.32 12995.73 16226.67 12935.03 16242.81 12882.84 16303.42 12863.03 16309.38 12862.94 16322.44 12873.96
9 16266.70 4463.05 16310.70 4406.47 16367.44 4423.11 16373.78 4425.93 16393.65 4443.47 16387.09 4496.48 16376.19 4533.15 16349.16 4544.32 16294.83 4515.08
8 11066.03 1882.22 11035.86 1966.83 10977.49 1965.09 10916.33 1933.38 10899.03 1902.74 10986.62 1813.63 11008.35 1808.01 11030.68 1823.63
7 11149.77 3760.85 11109.65 3705.52 11120.43 3681.84 11178.82 3688.48 11208.35 3700.76 11188.38 3740.15 11178.90 3757.71
11 3557.94 14356.22 3614.15 14419.85 3597.70 14438.78 3577.12 14449.99 3540.63 14458.12 3520.99 14452.39 3502.71 14429.62 3497.13 14419.98 3497.91 14410.11 3507.22 14371.19 3524.15 14361.77
9 14496.99 10322.10 14492.78 10415.76 14462.14 10434.79 14435.78 10438.61 14426.14 10427.60 14395.53 10380.70 14391.90 10362.27 14407.38 10332.89 14450.12 10321.43
6 16007.56 1948.38 15988.67 2032.34 15921.27 2023.60 15872.22 1985.65 15924.87 1908.39 15946.01 1911.58
13 537.68 5726.07 582.95 5717.90 592.69 5725.47 611.56 5740.71 618.99 5755.35 621.19 5770.63 619.32 5772.87 608.82 5780.47 576.61 5801.77 558.31 5801.75 528.73 5786.74 523.16 5769.76 525.21 5761.17
11 4171.37 7247.52 4203.62 7316.39 4203.51 7321.85 4195.24 7360.72 4123.09 7385.33 4109.88 7375.19 4080.23 7350.97 4073.89 7334.97 4073.95 7290.77 4090.61 7271.14 4114.56 7252.31
7 16895.98 3411.73 16914.00 3370.22 16955.68 3372.69 16984.23 3389.69 16977.44 3411.55 16966.13 3441.57 16919.10 3439.74
10 16628.09 4095.13 16671.76 4059.90 16708.27 4071.41 16737.44 4110.27 16732.98 4126.60 16678.93 4180.24 16664.69 4180.53 16631.38 4154.31 16619.18 4135.04 16619.76 4108.22
10 6679.14 1126.58 6698.80 1108.99 6746.49 1073.60 6769.20 1103.72 6798.28 1150.82 6795.06 1160.76 6774.93 1190.46 6729.71 1176.14 6713.74 1170.17 6692.09 1153.24
6 14440.82 14646.17 14427.13 14684.13 14375.77 14663.40 14368.63 14645.43 14393.87 14614.66 14421.97 14614.16
7 700.23 2635.90 693.78 2543.78 757.97 2517.31 791.09 2528.64 827.43 2553.16 826.99 2592.43 810.36 2604.67
9 10808.41 4693.06 10752.12 4602.59 10800.99 4536.39 10815.81 4531.59 10865.40 4532.77 10912.79 4600.19 10907.99 4623.92 10894.75 4673.45 10827.61 4695.09
9 5723.92 13906.18 5724.62 13947.30 5718.59 13954.30 5682.17 13955.07 5661.36 13951.76 5655.56 13931.63 5661.36 13893.66 5677.98 13882.40 5701.28 13883.91
6 350.94 10169.73 346.20 10217.11 320.03 10212.52 299.51 10206.35 274.21 10124.04 344.30 10134.37
11 4587.78 1476.10 4616.70 1469.57 4636.09 1485.05 4644.52 1495.78 4646.56 1500.76 4647.44 1507.97 4645.90 1523.93 4615.23 1541.98 4585.69 1545.04 4576.68 1530.10 4577.60 1512.08
10 3932.81 15094.86 3915.72 15056.84 3933.46 15014.15 3954.59 14988.61 4017.78 15009.39 4033.34 15016.47 4043.10 15056.36 4034.96 15096.42 4006.03 15121.27 3966.61 15124.85
8 8472.23 9202.80 8422.21 9255.96 8384.34 9245.17 8366.52 9228.54 8362.51 9191.77 8398.20 9164.95 8420.79 9159.11 8466.17 9190.55
10 7107.61 12453.36 7104.43 12429.65 7120.64 12411.91 7128.04 12410.02 7166.56 12410.93 7192.52 12421.30 7210.73 12455.90 7203.65 12486.71 7180.38 12501.59 7128.62 12511.21
11 3757.08 5475.97 3725.15 5453.05 3710.93 5398.73 3706.48 5373.66 3726.24 5342.19 3795.42 5318.22 3844.72 5316.34 3868.56 5358.43 3875.17 5379.63 3865.11 5399.86 3823.33 5457.70
8 3578.15 13648.47 3622.15 13592.17 3662.53 13600.51 3696.34 13647.47 3696.95 13660.97 3688.38 13679.71 3627.40 13706.74 3615.22 13698.82
7 15170.25 15440.08 15148.01 15399.34 15163.51 15379.15 15192.31 15355.55 15202.33 15371.10 15213.06 15424.89 15177.98 15442.65
12 12883.01 4744.22 12858.96 4794.29 12832.29 4816.35 12802.13 4816.33 12791.33 4810.15 12781.91 4801.55 12777.76 4795.10 12770.30 4764.49 12779.70 4732.83 12794.93 4714.83 12825.03 4710.05 12877.45 4724.41
14 17641.64 5286.54 17690.79 5295.75 17724.36 5328.52 17726.82 5353.84 17701.28 5387.66 17698.48 5390.32 17679.41 5403.60 17671.41 5405.03 17643.11 5392.53 17595.16 5354.08 17593.01 5343.62 17589.93 5309.46 17591.61 5303.34 17622.61 5289.26
8 16875.97 8826.74 16944.37 8721.44 17019.18 8782.06 17022.46 8794.69 17008.18 8848.01 16973.86 8874.37 16972.68 8874.84 16881.09 8852.57
7 8396.78 4705.37 8432.28 4778.18 8428.64 4795.18 8321.60 4831.02 8293.52 4812.19 8280.55 4724.07 8296.05 4711.35
7 12832.52 9654.72 12873.93 9645.39 12873.39 9671.14 12871.33 9734.39 12804.77 9697.66 12789.51 9688.62 12810.05 9669.94
8 3216.83 8385.11 3189.59 8432.90 3159.16 8437.51 3126.01 8407.43 3126.85 8346.26 3157.24 8323.19 3201.51 8335.93 3216.64 8371.31
8 10179.07 1942.71 10145.99 1959.12 10119.07 1943.16 10117.24 1899.29 10125.39 1889.96 10144.79 1882.43 10169.95 1888.58 10174.57 1908.13
11 9581.69 4184.98 9567.40 4172.33 9580.41 4145.12 9590.56 4124.11 9618.04 4123.19 9631.89 4132.46 9637.91 4145.27 9638.70 4148.15 9637.03 4155.60 9626.51 4180.12 9622.87 4186.79
8 420.77 15767.28 296.58 15794.11 273.48 15713.37 267.00 15672.33 287.85 15650.78 348.71 15628.16 370.07 15627.03 412.52 15662.50
11 13508.03 13941.28 13478.91 13888.84 13487.74 13864.73 13497.08 13857.32 13542.91 13852.12 13550.84 13859.40 13564.53 13876.11 13566.45 13891.05 13560.51 13919.45 13554.88 13925.85 13547.22 13929.94
11 15497.17 2119.59 15517.31 2166.04 15504.64 2204.06 15493.39 2218.84 15474.87 2241.00 15381.66 2217.53 15360.87 2189.40 15363.30 2139.10 15372.48 2103.29 15440.40 2070.68 15459.35 2065.31
9 14082.74 1475.15 14127.79 1418.35 14168.29 1425.57 14180.48 1443.73 14193.19 1472.69 14188.69 1498.55 14186.88 1503.85 14167.87 1516.36 14118.45 1514.60
7 5984.30 2951.07 6042.52 2899.45 6099.01 2942.31 6103.91 2962.64 6080.28 2998.07 6012.83 3008.53 5999.80 2995.58
10 7410.12 1357.86 7441.52 1304.88 7486.56 1316.87 7497.25 1326.36 7500.45 1357.65 7485.96 1372.46 7476.91 1380.61 7472.15 1384.81 7464.02 1388.44 7437.20 1380.25
6 4086.97 12528.62 4082.01 12469.03 4122.09 12447.95 4153.85 12481.45 4151.49 12518.93 4147.90 12520.78
10 8963.76 14478.96 8941.26 14453.14 8928.53 14432.96 8925.54 14423.38 8955.75 14396.00 8965.13 14389.20 9006.92 14399.05 9017.82 14437.33 9010.39 14462.93 8986.92 14476.21
9 13334.61 7833.72 13296.09 7871.40 13287.49 7864.09 13278.26 7853.84 13247.50 7793.44 13246.38 7784.61 13310.09 7784.77 13314.28 7785.78 13320.06 7792.53
12 13132.23 8225.84 13176.09 8204.86 13220.78 8216.34 13254.78 8233.51 13255.59 8281.81 13246.99 8324.84 13223.68 8340.35 13158.00 8338.94 13114.89 8294.21 13109.47 8276.42 13111.76 8256.41 13113.59 8250.48
11 10397.16 5096.80 10393.41 5133.03 10373.79 5158.77 10372.23 5160.01 10356.99 5159.75 10334.42 5150.16 10327.27 5143.78 10307.57 5119.79 10325.10 5090.99 10359.05 5078.54 10378.38 5085.82
7 7623.54 3979.97 7613.45 4021.58 7582.63 4024.09 7541.76 3994.95 7547.23 3947.80 7566.50 3935.09 7601.13 3945.52
8 15544.38 8932.04 15545.58 8897.29 15575.21 8873.69 15605.68 8891.71 15630.93 8920.13 15612.39 8953.08 15581.51 8962.90 15559.27 8958.45
12 2751.23 527.48 2775.03 492.63 2787.72 476.64 2802.60 477.98 2832.82 481.66 2850.28 497.81 2863.75 533.10 2862.01 541.07 2845.09 569.21 2793.67 580.69 2766.83 561.71 2761.14 554.00
9 4094.16 2042.75 4073.73 1985.45 4076.61 1955.34 4086.29 1930.74 4102.25 1927.07 4130.75 1924.40 4179.47 1963.44 4186.79 1997.42 4164.38 2022.45
8 17668.24 2747.18 17643.61 2699.65 17649.14 2682.78 17664.83 2661.73 17725.41 2670.64 17738.32 2686.07 17727.17 2722.27 17709.76 2744.83
9 14412.48 10521.05 14461.30 10583.70 14441.35 10636.61 14424.93 10647.83 14408.98 10646.72 14362.99 10629.35 14334.07 10590.51 14331.68 10543.19 14401.76 10517.94
8 7140.78 5718.11 7170.75 5680.41 7225.29 5682.48 7241.77 5688.65 7245.25 5721.44 7235.14 5762.13 7163.54 5774.87 7145.37 5771.32
10 17588.09 12640.37 17597.57 12597.51 17598.91 12593.23 17601.12 12590.46 17632.64 12608.35 17650.39 12630.42 17624.82 12659.72 17623.54 12660.92 17610.03 12662.46 17599.43 12656.90
7 12740.00 14110.74 12696.76 14075.67 12709.77 14051.68 12740.19 14024.50 12776.15 14032.17 12787.14 14060.15 12781.96 14086.36
8 1571.59 1700.60 1598.17 1669.34 1631.98 1685.48 1671.17 1737.32 1673.12 1748.22 1665.06 1761.28 1647.30 1783.30 1595.76 1777.31
8 17568.37 17602.24 17655.45 17562.09 17694.45 17597.35 17668.74 17660.91 17663.23 17668.94 17598.38 17649.99 17571.68 17638.89 17568.45 17620.62
9 14003.08 17491.40 14045.97 17457.24 14083.52 17485.46 14078.15 17520.49 14069.05 17524.36 14030.79 17531.87 14019.49 17533.04 14012.00 17519.33 14007.23 17507.20
9 16268.59 17128.55 16202.00 17182.18 16137.25 17139.35 16135.75 17137.97 16135.93 17095.91 16173.00 17027.01 16183.65 17020.94 16231.78 17030.06 16251.80 17060.02
6 14095.55 4851.49 13987.01 4803.02 13996.35 4758.25 14034.53 4726.14 14101.75 4741.94 14110.07 4808.81
10 6765.25 6668.78 6743.84 6656.98 6741.10 6641.21 6738.09 6602.71 6761.07 6592.14 6773.63 6591.48 6790.85 6598.81 6813.10 6620.62 6802.58 6642.06 6779.17 6666.85
10 1654.78 14528.47 1564.85 14506.00 1537.59 14483.65 1529.71 14469.73 1533.04 14453.88 1554.68 14386.55 1567.60 14375.58 1661.31 14376.18 1700.46 14421.67 1671.61 14495.96
9 4121.23 195.18 4087.08 153.08 4172.19 109.01 4211.76 92.97 4219.73 128.39 4220.34 137.26 4216.91 181.08 4172.62 212.80 4140.05 204.28
8 5318.46 8031.64 5363.89 8006.19 5374.86 8010.95 5424.26 8043.91 5417.38 8080.47 5389.08 8094.91 5345.44 8103.79 5327.31 8091.65
11 14580.64 2693.39 14587.69 2761.66 14570.31 2789.38 14515.00 2805.10 14465.20 2792.97 14441.04 2768.00 14445.15 2725.33 14465.67 2682.06 14494.66 2657.47 14532.79 2657.11 14544.71 2664.25
8 8190.39 9589.29 8172.21 9519.89 8176.51 9490.32 8200.36 9480.42 8248.78 9499.29 8269.96 9545.31 8247.93 9593.57 8227.71 9614.34
8 11117.82 5081.58 11134.77 5045.20 11153.00 5010.42 11233.26 5031.40 11244.80 5099.26 11234.96 5138.24 11195.15 5161.38 11133.72 5120.95
8 5815.51 8467.94 5810.35 8424.65 5814.73 8391.03 5846.38 8372.81 5919.52 8403.59 5922.59 8440.96 5899.65 8461.46 5834.62 8488.81
12 7116.44 12803.42 7095.68 12800.59 7083.93 12768.55 7079.40 12755.49 7083.10 12739.28 7114.41 12710.48 7141.75 12713.24 7145.89 12719.82 7160.54 12757.93 7143.71 12785.71 7132.36 12795.05 7119.53 12802.03
8 11143.46 3808.40 11183.85 3875.63 11156.42 3914.50 11093.97 3913.13 11083.88 3901.91 11067.88 3882.87 11066.78 3877.80 11085.71 3815.33
10 17387.16 16192.53 17414.46 16120.67 17433.31 16111.19 17481.59 16096.37 17522.84 16130.19 17540.71 16171.66 17523.75 16244.09 17509.03 16248.75 17446.15 16251.48 17412.32 16219.91
11 5584.75 10300.79 5635.23 10291.39 5667.52 10311.55 5688.78 10395.54 5685.88 10406.39 5657.97 10436.47 5618.72 10462.89 5577.90 10452.94 5531.35 10408.45 5506.73 10381.80 5515.55 10362.49
10 3419.68 16229.41 3380.18 16147.77 3424.90 16098.08 3453.93 16069.72 3503.00 16076.87 3525.56 16094.09 3540.63 16133.85 3548.89 16160.24 3507.05 16231.26 3446.15 16247.67
6 6502.00 3615.27 6567.97 3727.40 6487.49 3783.91 6439.28 3742.87 6433.90 3682.68 6447.66 3662.08
11 14696.06 16356.14 14695.19 16303.05 14708.87 16278.48 14741.14 16266.74 14755.19 16267.27 14793.90 16288.43 14798.38 16326.07 14799.28 16346.56 14764.29 16383.43 14757.15 16385.49 14743.83 16388.74
9 4889.23 16189.29 4956.28 16149.00 4982.63 16157.80 5017.42 16216.02 5000.14 16243.74 4965.79 16266.66 4946.58 16272.37 4929.45 16263.51 4889.75 16236.92
9 11500.09 2496.49 11521.67 2445.49 11589.94 2444.58 11611.86 2459.19 11603.84 2502.21 11603.37 2504.41 11592.47 2514.06 11549.69 2550.29 11523.40 2535.50
10 15079.23 16274.87 15086.27 16214.99 15122.08 16184.67 15142.19 16197.41 15181.80 16224.37 15184.26 16233.52 15174.33 16275.92 15172.12 16280.80 15148.39 16296.52 15103.40 16289.76
10 4307.01 4476.60 4330.56 4411.12 4377.13 4410.48 4392.70 4423.58 4427.16 4469.04 4428.37 4473.52 4407.09 4503.46 4389.53 4521.86 4332.05 4525.48 4316.18 4504.35
12 8656.12 4777.76 8677.04 4723.02 8678.40 4722.22 8705.17 4712.75 8726.43 4719.87 8729.61 4727.17 8750.53 4779.03 8747.17 4794.93 8741.46 4807.57 8720.77 4823.19 8684.81 4812.48 8666.63 4798.55
8 4614.34 6773.54 4645.13 6829.05 4635.56 6843.45 4608.77 6851.27 4562.16 6836.06 4556.98 6824.90 4565.81 6797.42 4573.69 6789.28
9 906.81 718.07 978.77 636.88 1020.70 651.20 1029.63 677.27 1040.62 710.34 1049.19 763.79 1032.69 777.19 984.77 801.14 933.47 765.53
10 3247.39 7943.84 3224.75 7992.09 3214.53 7994.54 3175.78 7976.06 3172.84 7972.95 3171.01 7967.16 3168.41 7942.65 3192.17 7922.74 3211.38 7912.77 3228.80 7919.71
6 12749.28 2960.98 12795.62 2858.01 12827.24 2886.71 12844.81 2948.26 12828.59 2982.60 12753.69 2990.25
11 11690.70 17329.52 11699.09 17314.21 11728.13 17303.86 11747.69 17318.92 11759.29 17342.16 11761.84 17365.90 11760.89 17370.71 11736.09 17381.06 11730.01 17383.37 11715.29 17376.40 11692.03 17362.94
10 4748.49 11689.96 4784.86 11632.53 4848.00 11625.11 4876.67 11640.16 4878.58 11642.37 4895.68 11674.88 4917.74 11765.57 4897.53 11784.05 4817.00 11796.44 4777.14 11746.87
10 6427.78 5742.05 6417.79 5801.42 6388.01 5810.50 6339.43 5790.97 6330.78 5778.21 6360.20 5701.95 6363.36 5701.59 6389.45 5707.27 6407.53 5712.25 6427.65 5726.50
10 10860.52 4052.55 10852.04 4030.17 10859.29 4012.10 10867.71 4002.90 10885.83 3987.21 10933.26 3989.32 10940.05 3999.21 10941.85 4024.74 10924.92 4067.12 10898.65 4071.32
10 12999.31 9136.82 13024.25 9068.12 13039.57 9058.83 13087.35 9035.34 13114.86 9029.31 13173.80 9080.52 13183.11 9157.97 13138.69 9200.54 13091.63 9219.50 13020.11 9159.67
8 11293.29 13108.14 11244.08 13011.57 11251.60 12982.79 11287.13 12963.13 11320.76 12959.23 11368.06 13002.79 11361.54 13087.09 11335.46 13095.93
10 10336.91 15762.78 10315.48 15668.90 10327.78 15656.44 10408.18 15632.87 10450.56 15680.37 10463.90 15703.90 10445.56 15749.27 10433.99 15763.82 10398.84 15769.66 10343.14 15765.35
9 9976.47 3989.62 9946.21 3903.99 9953.54 3878.39 10006.69 3852.65 10055.51 3857.38 10057.92 3862.40 10054.45 3970.08 10032.51 4012.43 10003.06 4011.77
8 17586.90 187.97 17633.94 134.65 17661.73 129.28 17684.78 157.79 17688.95 196.80 17674.35 218.52 17646.23 222.28 17632.42 217.48
7 13161.83 5125.09 13195.90 5141.30 13180.35 5195.82 13166.22 5199.45 13145.82 5176.20 13124.52 5143.35 13134.84 5133.31
7 7925.42 852.97 7954.10 828.42 8020.71 861.23 8043.44 889.37 8038.89 918.22 7958.15 954.76 7928.60 873.50
8 3461.58 14015.81 3419.53 14067.40 3395.07 14070.61 3358.08 14053.33 3348.42 14037.44 3392.11 13978.17 3405.24 13972.49 3443.37 13982.28
6 17462.99 13376.33 17494.90 13306.38 17571.24 13325.36 17582.68 13410.40 17515.21 13437.06 17475.46 13427.02
11 8573.82 10917.45 8614.10 10952.53 8613.19 10965.60 8608.09 10982.38 8575.95 11030.45 8543.63 11028.12 8512.88 11002.52 8512.80 11001.85 8508.27 10950.54 8522.92 10930.05 8536.04 10918.58
6 10997.76 13025.15 10993.27 13087.90 10923.01 13113.46 10912.01 13089.14 10911.18 13025.25 10941.07 13017.65
6 10466.78 11811.31 10621.29 11850.46 10583.83 11884.95 10518.62 11906.26 10484.04 11892.33 10475.51 11866.33
9 5250.32 8491.06 5272.71 8457.96 5285.79 8452.26 5324.94 8480.62 5325.90 8493.21 5326.98 8511.35 5322.20 8515.58 5287.35 8527.02 5251.51 8497.33
6 2217.26 6326.07 2219.36 6277.68 2251.28 6278.91 2284.45 6308.78 2277.41 6330.74 2233.08 6329.51
10 2783.92 15663.34 2782.33 15616.23 2807.44 15593.03 2858.89 15577.82 2870.89 15588.35 2882.76 15609.38 2881.90 15649.66 2854.22 15678.10 2821.44 15681.80 2802.73 15672.62
11 3608.64 2118.90 3583.86 2080.44 3584.82 2075.10 3603.07 2055.64 3630.20 2036.72 3668.77 2057.02 3679.13 2082.21 3682.95 2105.70 3652.26 2119.60 3637.76 2124.50 3625.68 2122.98
11 1216.98 896.52 1227.52 861.65 1245.25 849.70 1269.86 846.74 1297.83 895.65 1301.35 914.36 1296.03 924.57 1279.27 932.82 1263.48 935.36 1239.74 935.56 1227.78 923.44
7 1905.90 12703.16 1938.32 12636.42 2023.41 12662.57 1989.79 12740.51 1983.98 12748.46 1943.07 12742.64 1923.01 12723.40
8 11892.89 4485.52 11955.56 4393.09 12038.00 4412.08 12052.84 4462.99 12016.60 4515.09 12002.34 4527.70 11949.22 4557.03 11926.65 4529.30
11 1132.06 3093.05 1009.06 3044.34 1018.98 2995.38 1024.13 2970.63 1047.34 2959.54 1099.27 2942.30 1122.07 2944.16 1138.53 2949.48 1167.14 2995.93 1182.02 3047.63 1149.25 3087.89
8 14327.23 3958.10 14390.81 3972.77 14386.39 4006.69 14349.90 4061.97 14305.41 4042.59 14284.91 4009.21 14280.73 3987.03 14304.00 3968.72
8 1396.97 14817.36 1443.97 14804.13 1476.52 14812.99 1501.35 14883.08 1469.37 14902.92 1438.44 14913.15 1387.77 14899.76 1392.06 14840.94
8 5451.22 2837.74 5441.27 2724.56 5550.21 2707.63 5578.29 2721.00 5568.17 2851.77 5562.80 2860.88 5517.41 2877.93 5482.04 2872.68
10 15734.88 12484.33 15671.05 12447.25 15652.03 12431.87 15646.64 12419.04 15665.95 12384.62 15714.24 12323.10 15791.02 12366.14 15804.74 12377.54 15800.87 12410.58 15796.39 12444.74
9 11898.53 14921.82 11906.62 14897.67 11971.21 14843.09 12004.69 14854.34 12041.19 14881.33 12042.09 14936.22 12023.79 14966.40 11966.27 14972.96 11911.15 14960.05
6 1302.45 1997.12 1251.68 2068.87 1207.47 2031.99 1207.21 1972.17 1276.61 1961.73 1296.28 1987.87
6 1258.79 10576.04 1293.11 10681.96 1251.60 10697.99 1200.91 10688.11 1178.46 10635.06 1195.44 10592.26
8 3398.97 1618.88 3367.68 1552.71 3406.44 1474.47 3427.90 1470.61 3484.66 1476.32 3535.07 1519.85 3514.92 1601.98 3476.45 1618.62
7 12695.28 9339.00 12731.66 9286.49 12749.47 9285.03 12789.60 9304.08 12768.98 9373.58 12718.40 9379.73 12704.66 9355.55
7 6941.21 15903.03 6926.97 15873.87 6971.59 15828.32 6996.46 15822.30 7015.69 15826.15 7036.48 15913.29 7032.31 15929.03
8 5908.27 7944.79 5867.97 7922.47 5868.64 7896.23 5871.92 7833.92 5919.59 7798.84 5973.64 7818.48 5996.29 7887.21 5939.08 7931.27
10 8371.48 2762.26 8385.37 2746.80 8416.67 2719.76 8429.14 2727.62 8446.58 2744.22 8447.83 2769.63 8445.02 2777.31 8426.30 2782.01 8393.12 2789.86 8385.62 2784.65
7 17898.61 8134.39 17822.00 8190.06 17806.50 8154.00 17786.77 8104.67 17805.55 8083.26 17833.32 8076.59 17874.00 8080.70
11 15174.09 14658.75 15162.23 14610.79 15173.92 14563.19 15205.20 14544.12 15220.73 14537.20 15223.64 14538.14 15267.45 14566.82 15301.36 14599.76 15277.25 14664.70 15234.87 14687.99 15196.56 14673.47
6 1880.12 3894.75 1933.05 3882.21 1950.69 3934.36 1925.46 3960.23 1894.24 3954.61 1881.03 3947.60
8 14358.31 7703.39 14323.85 7674.19 14326.54 7629.93 14339.54 7618.81 14388.05 7615.36 14412.38 7617.33 14424.03 7654.68 14400.79 7694.55
8 15709.17 1476.58 15700.01 1402.49 15709.23 1389.46 15812.33 1347.61 15841.88 1373.29 15869.31 1401.46 15792.98 1500.63 15762.60 1506.64
9 4146.25 7119.61 4224.54 7086.22 4264.52 7111.53 4275.21 7151.32 4272.14 7180.14 4252.32 7213.16 4216.36 7210.60 4172.10 7194.39 4147.39 7142.09
13 11277.59 14732.78 11255.54 14714.09 11253.03 14709.52 11251.41 14706.04 11236.79 14669.93 11249.06 14655.47 11263.86 14642.86 11304.91 14649.28 11310.88 14661.35 11315.71 14689.35 11311.54 14698.02 11298.10 14718.82 11287.37 14728.82
9 10486.46 14397.64 10472.76 14387.24 10459.48 14339.65 10454.84 14313.57 10485.34 14292.15 10538.53 14270.36 10576.23 14303.60 10583.31 14349.90 10554.64 14396.34
8 10218.72 11299.40 10238.57 11232.25 10298.66 11231.18 10315.81 11253.13 10318.03 11259.35 10293.66 11320.16 10282.02 11330.50 10259.25 11326.03
9 10002.54 12374.14 9971.25 12363.45 9959.25 12345.91 9924.32 12268.05 9956.42 12217.77 9977.08 12203.84 10076.37 12249.78 10085.35 12291.46 10076.23 12333.77
10 9928.33 3972.60 9911.33 4005.54 9840.04 4003.17 9829.90 3994.51 9812.46 3969.50 9816.52 3953.46 9842.00 3919.43 9861.77 3910.34 9873.33 3915.52 9913.06 3955.24
9 8704.32 5283.90 8698.87 5217.24 8702.14 5192.16 8744.25 5190.93 8781.53 5207.46 8784.53 5255.05 8783.48 5259.40 8755.36 5282.45 8748.75 5286.29
9 13709.14 187.33 13763.59 131.10 13835.48 110.52 13850.36 110.88 13895.61 230.90 13830.10 264.58 13786.56 259.71 13729.12 237.64 13724.20 234.55
9 4137.55 16672.80 4085.10 16703.09 4060.88 16693.73 4059.27 16692.35 4066.28 16651.05 4073.77 16641.43 4091.82 16634.69 4116.01 16636.58 4131.72 16649.06
8 6777.64 16476.91 6845.62 16466.13 6879.97 16492.19 6883.68 16507.16 6888.88 16555.36 6842.97 16584.08 6755.75 16541.59 6771.79 16481.96
7 4085.65 2343.90 4091.49 2297.18 4125.89 2285.55 4155.86 2295.49 4152.35 2328.46 4108.84 2368.01 4102.77 2363.73
10 2128.77 6108.18 2151.29 6166.50 2138.65 6180.12 2059.83 6212.76 2036.32 6214.46 2009.73 6175.63 2007.60 6139.45 2013.68 6131.16 2068.19 6104.06 2076.29 6103.83
11 11834.73 16804.73 11858.72 16745.67 11879.18 16727.27 11911.78 16725.46 11941.94 16738.83 11965.33 16777.36 11957.85 16808.00 11943.54 16828.74 11877.56 16834.76 11853.04 16833.28 11845.09 16821.98
8 14934.47 10211.15 14948.72 10180.16 14981.69 10140.42 15017.30 10145.56 15075.15 10213.98 15059.78 10225.72 14984.47 10258.78 14938.92 10234.27
6 1104.69 10204.81 1066.84 10242.03 1035.28 10218.22 1025.72 10163.63 1055.28 10158.90 1076.45 10155.99
6 6218.45 10787.83 6194.09 10867.67 6067.80 10847.38 6046.56 10756.66 6137.17 10717.91 6192.79 10764.67
8 5282.57 9908.45 5257.44 9945.70 5204.56 9932.23 5182.47 9884.81 5184.87 9869.07 5224.77 9858.95 5277.07 9857.59 5282.33 9863.53
7 5364.89 13067.29 5346.71 13087.63 5303.08 13080.98 5287.71 13077.75 5295.70 13037.30 5302.59 13029.16 5337.41 13035.48
9 3589.81 10828.47 3574.10 10774.42 3578.69 10767.45 3589.81 10755.86 3626.52 10732.12 3662.13 10750.38 3672.88 10773.95 3653.06 10793.36 3617.19 10820.03
7 7792.89 14545.90 7817.49 14479.40 7859.58 14483.17 7875.25 14501.64 7883.47 14536.57 7882.23 14547.45 7820.21 14556.35
8 6530.86 7372.26 6519.41 7351.14 6522.25 7325.04 6540.02 7306.61 6611.88 7306.20 6629.33 7338.58 6602.94 7376.21 6553.00 7389.34
7 16520.52 11304.64 16501.40 11265.80 16524.06 11218.98 16566.19 11214.66 16577.43 11244.13 16587.93 11282.80 16572.29 11311.27
7 16077.58 1631.23 16114.92 1654.46 16108.51 1680.79 16094.56 1709.10 16058.03 1711.33 16045.25 1689.98 16057.11 1631.52
9 2725.39 12886.37 2744.71 12858.48 2772.10 12851.27 2789.72 12864.10 2815.95 12896.16 2822.65 12918.93 2813.74 12929.13 2773.52 12949.99 2728.89 12925.75
7 9397.41 6558.77 9399.60 6522.49 9441.81 6521.37 9457.61 6540.39 9458.57 6550.17 9411.65 6569.88 9409.31 6568.94
7 15195.12 8672.41 15173.02 8730.59 15083.64 8726.93 15069.19 8704.05 15061.74 8684.98 15089.74 8679.98 15164.69 8669.98
12 11565.79 205.94 11575.89 280.60 11572.38 295.20 11557.07 317.05 11522.19 329.31 11455.61 292.90 11451.85 257.72 11457.96 231.92 11461.01 221.03 11479.98 200.38 11494.29 190.47 11533.07 191.24
7 2783.79 7612.01 2852.47 7719.38 2804.71 7763.64 2760.27 7768.93 2733.17 7747.73 2720.18 7652.81 2727.89 7616.03
7 11465.17 13207.14 11388.67 13279.22 11376.55 13269.56 11365.45 13238.94 11354.49 13167.08 11393.04 13147.09 11462.87 13195.13
9 12712.87 7486.93 12724.67 7468.82 12739.14 7459.70 12754.32 7453.68 12786.40 7462.94 12788.08 7508.90 12781.52 7512.23 12742.38 7527.97 12723.15 7516.77
9 9457.57 5939.12 9456.59 6060.47 9369.61 6093.22 9344.41 6084.91 9331.95 6053.88 9324.63 6012.90 9312.08 5940.08 9328.77 5920.28 9343.18 5914.86
10 13526.90 1765.52 13557.30 1727.88 13615.75 1748.50 13631.79 1791.85 13621.93 1816.95 13610.26 1839.18 13564.37 1850.77 13544.02 1844.20 13500.59 1811.07 13507.78 1796.48
7 14548.23 16790.63 14538.57 16848.24 14507.33 16869.64 14448.37 16885.73 14453.14 16790.01 14467.10 16749.92 14488.24 16758.72
6 7045.82 848.21 7005.98 829.97 7009.29 791.76 7025.85 771.12 7061.07 794.97 7076.40 825.55
11 17192.39 481.53 17246.70 455.10 17310.04 495.38 17328.86 509.95 17334.84 521.00 17333.41 593.59 17260.13 618.35 17227.65 621.29 17186.95 594.58 17165.47 568.11 17185.14 497.14
9 2286.50 1935.71 2279.57 1999.64 2261.01 2004.16 2216.61 2010.38 2191.13 1990.01 2181.37 1965.67 2185.67 1950.99 2228.67 1929.99 2260.54 1924.84
7 5253.92 386.69 5254.58 334.33 5271.49 325.15 5310.50 309.24 5336.88 340.65 5338.82 389.25 5318.89 415.70
8 12734.00 15025.45 12766.45 15087.32 12763.59 15110.98 12731.26 15141.53 12663.13 15144.74 12631.65 15069.13 12623.00 15046.05 12673.66 15009.66
10 9457.20 221.30 9437.74 220.50 9422.14 172.09 9420.15 139.65 9461.49 114.42 9476.11 121.48 9517.80 175.21 9526.03 193.71 9516.21 205.31 9483.95 219.76
7 12330.14 13188.34 12256.62 13143.13 12288.16 13068.69 12355.45 13050.14 12385.69 13074.17 12402.34 13148.96 12366.94 13184.81
6 16757.51 14704.29 16715.17 14656.89 16747.36 14626.64 16765.03 14619.51 16801.72 14623.50 16807.47 14673.01
6 10945.46 649.32 10988.95 561.13 11065.78 643.62 11057.16 692.07 11010.87 715.52 10970.07 715.55
9 16210.97 10242.05 16232.27 10216.76 16251.62 10203.11 16277.62 10205.50 16293.62 10239.63 16297.48 10281.41 16277.65 10290.37 16248.03 10294.30 16232.54 10283.89
7 10978.64 10953.34 11027.02 10874.72 11081.64 10885.62 11136.46 10922.47 11097.36 11002.64 11092.69 11010.65 11018.26 11003.67
11 16044.35 3327.45 16015.64 3309.22 16020.26 3280.48 16036.70 3261.50 16060.40 3257.82 16067.68 3257.43 16095.66 3284.81 16092.50 3300.38 16084.29 3315.69 16076.52 3329.95 16062.58 3334.84
9 1569.70 17422.28 1582.75 17501.84 1553.59 17516.60 1492.78 17500.45 1488.86 17498.48 1484.82 17490.74 1476.36 17469.08 1510.36 17420.54 1530.14 17404.85
9 14867.14 9669.64 14874.26 9648.88 14913.58 9622.02 14926.21 9636.43 14928.35 9660.18 14927.12 9665.03 14915.83 9692.41 14894.60 9693.47 14882.75 9693.36
9 7071.27 3600.43 7097.75 3532.57 7170.13 3522.14 7205.11 3548.92 7210.07 3566.85 7205.50 3611.28 7181.99 3648.85 7116.54 3649.45 7082.01 3614.82
7 2709.00 917.04 2728.03 909.57 2809.28 922.84 2811.81 944.93 2813.23 974.78 2792.99 979.26 2725.34 976.88
10 6918.32 7722.89 6887.51 7681.35 6894.84 7648.57 6904.95 7633.18 6942.05 7613.06 6960.85 7610.17 6986.14 7633.62 6994.02 7667.69 6997.25 7690.10 6960.60 7720.20
6 6082.21 13821.23 6034.94 13701.25 6067.83 13675.42 6159.20 13744.36 6138.02 13788.75 6122.37 13798.17
11 11590.56 16109.17 11553.61 16208.51 11536.81 16211.06 11515.69 16207.36 11476.88 16197.66 11459.79 16192.48 11432.42 16148.82 11428.99 16115.92 11453.69 16069.82 11544.33 16059.59 11576.34 16090.76
10 10428.87 7951.70 10364.14 7875.33 10378.32 7836.23 10387.39 7813.24 10405.48 7805.01 10477.20 7780.68 10533.03 7804.34 10551.11 7865.75 10526.61 7918.14 10470.62 7965.70
10 6943.88 9217.89 6925.57 9123.34 6938.11 9087.73 7007.25 9062.02 7031.84 9055.51 7050.74 9058.11 7082.72 9097.64 7109.72 9144.13 7079.65 9181.95 6996.83 9233.50
8 3119.65 988.08 3039.97 1067.57 3004.09 1068.36 2955.14 1034.20 2963.33 950.57 2977.22 931.73 3026.18 878.72 3110.27 915.91
7 5425.03 12411.96 5412.33 12384.31 5415.99 12368.74 5477.79 12362.25 5473.39 12392.70 5460.91 12399.40 5434.30 12409.29
10 6695.69 10467.92 6687.14 10419.88 6702.17 10387.03 6714.10 10372.53 6798.08 10368.67 6817.71 10367.77 6851.12 10451.61 6851.49 10459.76 6761.52 10535.86 6753.25 10536.99
8 15957.42 16904.17 15944.75 16881.84 15945.32 16833.29 15959.20 16816.29 15969.27 16811.97 16023.93 16836.30 16030.98 16871.53 16024.18 16891.60
12 16031.91 17696.64 16042.31 17682.54 16057.09 17671.01 16066.12 17665.40 16087.75 17676.89 16094.09 17683.25 16096.03 17687.34 16098.25 17714.66 16078.19 17734.16 16065.93 17736.66 16038.40 17727.29 16033.98 17708.04
8 17762.90 5857.92 17778.20 5911.62 17756.18 5918.80 17746.72 5921.77 17689.59 5915.12 17681.68 5911.21 17687.26 5866.60 17717.75 5814.96
7 10393.77 2806.64 10309.31 2720.68 10366.63 2686.51 10424.25 2690.94 10464.24 2749.40 10463.44 2759.65 10450.12 2793.91
7 8188.17 10645.97 8164.56 10598.00 8172.23 10573.88 8199.84 10564.31 8231.58 10560.78 8233.93 10562.79 8225.97 10644.83
8 3236.06 7071.84 3203.78 7129.67 3142.29 7120.38 3127.48 7104.74 3125.84 7060.77 3160.04 7033.73 3188.36 7036.08 3194.31 7036.95
8 5337.31 10228.07 5290.75 10286.58 5253.10 10271.31 5222.65 10232.68 5192.35 10185.06 5258.61 10126.12 5282.77 10122.50 5322.43 10161.89
10 5199.59 2537.54 5169.75 2605.80 5137.66 2600.38 5131.66 2546.17 5138.35 2527.60 5155.23 2506.75 5167.64 2495.49 5181.71 2500.94 5182.78 2502.75 5196.67 2528.79
10 15172.43 2627.44 15186.05 2654.31 15185.68 2665.56 15183.55 2674.04 15175.29 2700.84 15132.58 2727.42 15130.11 2728.92 15112.54 2721.27 15082.36 2675.75 15104.06 2645.62
9 1194.43 6605.80 1080.39 6687.15 1057.77 6668.06 1048.11 6643.64 1037.38 6585.09 1039.13 6545.26 1098.15 6515.47 1165.36 6552.04 1181.57 6579.46
6 8638.96 5190.39 8541.29 5140.13 8574.81 5072.30 8621.71 5028.08 8666.84 5079.40 8671.72 5168.22
8 3501.01 14958.39 3509.63 14910.60 3556.54 14899.95 3616.93 14937.23 3620.56 14982.91 3576.98 15036.75 3518.59 15026.29 3510.64 14996.95
7 9776.98 8762.87 9768.30 8658.64 9862.08 8625.13 9894.25 8639.94 9915.15 8697.83 9914.52 8729.74 9881.57 8772.02
5 8366.24 11708.12 8350.70 11588.44 8458.75 11592.59 8472.60 11607.79 8395.99 11700.08
11 5814.87 11225.07 5812.25 11185.69 5812.54 11165.04 5813.84 11155.77 5840.77 11149.96 5897.02 11145.07 5905.45 11149.31 5924.91 11186.08 5915.70 11225.42 5870.01 11257.41 5854.03 11258.60
8 12233.23 15881.05 12204.68 15857.12 12216.04 15832.51 12232.36 15809.74 12266.02 15795.59 12288.08 15816.03 12286.23 15838.45 12271.49 15883.03
6 14430.92 13109.08 14359.30 13071.41 14375.93 13043.38 14449.44 13032.73 14454.74 13034.61 14468.78 13042.76
7 3729.88 13537.21 3721.28 13466.63 3747.06 13454.76 3816.59 13499.62 3828.08 13513.81 3821.33 13526.48 3809.61 13546.34
10 807.07 11588.14 805.60 11549.95 810.70 11527.14 821.18 11512.61 838.74 11509.05 896.39 11524.04 902.86 11537.41 908.02 11568.28 900.04 11586.96 861.24 11594.08
9 10983.40 11469.04 11060.34 11537.39 11051.66 11586.87 11017.78 11632.49 10959.70 11627.80 10942.26 11613.68 10933.06 11602.54 10899.24 11542.17 10923.07 11503.40
8 15156.69 15070.53 15196.40 15043.43 15220.67 15050.50 15234.77 15086.08 15223.37 15123.92 15204.53 15128.44 15168.55 15121.79 15160.97 15112.43
7 17340.32 11619.03 17290.48 11520.58 17347.48 11492.62 17406.10 11473.91 17421.23 11485.45 17420.05 11574.94 17406.89 11629.65
8 620.54 15248.25 583.08 15272.25 560.49 15268.52 549.86 15255.92 533.30 15218.54 550.60 15202.71 557.99 15196.19 613.52 15209.51
9 5930.80 10982.19 5978.64 10983.57 6038.79 11014.48 6025.25 11056.20 6011.20 11066.73 6003.26 11069.90 5970.60 11065.47 5936.61 11042.90 5932.58 11036.91
9 6277.99 15141.76 6302.51 15072.37 6354.50 15048.04 6408.12 15054.39 6437.59 15125.53 6413.89 15176.24 6381.47 15186.45 6318.05 15191.98 6299.12 15170.27
7 17686.62 12853.21 17636.14 12772.75 17743.69 12693.81 17766.72 12726.50 17771.92 12758.41 17762.14 12812.86 17757.14 12827.63
8 17003.56 14943.28 17080.35 14981.27 17068.56 15029.33 17019.87 15083.25 16970.94 15063.80 16961.17 15036.85 16953.42 15008.12 16983.03 14953.60
9 17616.56 8797.09 17596.06 8812.30 17585.58 8798.25 17574.23 8754.61 17576.76 8751.65 17597.72 8744.67 17613.56 8745.45 17628.33 8753.72 17627.20 8776.00
12 6665.41 12672.09 6671.02 12639.05 6724.68 12625.99 6762.67 12651.18 6776.53 12695.41 6780.41 12746.11 6764.20 12766.50 6749.10 12778.79 6725.84 12785.92 6708.02 12785.33 6679.56 12775.63 6673.09 12765.35
9 15242.49 11873.53 15270.46 11838.39 15286.61 11828.43 15307.43 11835.96 15315.71 11850.91 15330.50 11888.82 15316.60 11905.99 15278.86 11903.82 15263.61 11900.26
8 135.46 5748.05 179.86 5668.68 242.43 5643.00 289.96 5684.62 273.09 5752.22 229.31 5797.12 193.74 5806.32 140.71 5775.75
5 13062.89 12566.37 13094.61 12495.93 13115.08 12505.83 13122.12 12534.80 13110.79 12560.95
11 1590.45 9835.34 1598.56 9807.19 1637.10 9783.53 1645.60 9779.43 1656.44 9783.67 1680.49 9809.94 1681.51 9847.17 1681.42 9848.47 1634.36 9877.41 1619.24 9875.81 1598.23 9847.06
7 5941.36 427.41 5918.66 452.91 5862.89 438.82 5852.28 416.82 5866.19 390.93 5893.59 368.89 5921.93 379.69
9 17337.02 8229.69 17292.14 8208.65 17308.07 8156.61 17347.61 8152.55 17355.56 8158.73 17361.66 8167.63 17364.52 8174.47 17361.17 8199.19 17355.96 8219.48
8 11444.74 7673.37 11523.57 7610.46 11575.10 7629.69 11602.89 7688.77 11580.56 7760.43 11565.72 7771.36 11499.69 7772.47 11465.19 7728.02
9 13092.52 9309.62 13100.27 9254.29 13147.26 9221.16 13183.97 9222.37 13213.12 9269.53 13233.36 9318.72 13203.06 9336.99 13156.18 9360.76 13111.89 9326.95
6 9848.75 14086.55 9808.30 14005.00 9857.41 13971.88 9903.05 14004.06 9923.53 14043.35 9918.33 14073.49
7 3273.24 7898.72 3349.19 7862.30 3369.64 7916.51 3370.55 7922.27 3352.53 7972.72 3297.99 7974.98 3281.44 7952.77
9 2113.67 3858.65 2115.48 3903.76 2110.74 3910.54 2070.09 3921.58 2061.44 3923.19 2056.13 3905.65 2050.39 3882.61 2049.59 3872.49 2070.36 3848.60
8 14949.04 3145.37 14925.03 3102.41 14928.94 3087.49 14971.18 3075.68 14989.89 3085.51 14992.34 3122.93 14984.89 3133.48 14972.35 3142.98
10 11314.18 6373.74 11289.23 6295.16 11323.80 6249.40 11355.02 6243.58 11383.90 6264.14 11414.54 6286.98 11412.63 6320.35 11398.00 6350.25 11356.10 6378.82 11341.72 6380.94
11 13485.39 14890.95 13480.59 14855.70 13498.57 14835.51 13517.07 14834.05 13544.59 14843.47 13549.24 14860.84 13553.80 14883.00 13526.29 14903.53 13514.50 14903.61 13507.19 14902.20 13502.89 14900.01
7 10485.25 15998.66 10446.74 16047.26 10346.85 16036.78 10341.33 15940.23 10350.11 15933.91 10371.59 15926.48 10470.17 15944.82
8 12758.32 8876.30 12826.65 8833.62 12886.80 8853.74 12912.27 8908.29 12915.64 8921.66 12881.98 8993.98 12825.11 8999.42 12767.02 8958.99
10 8155.51 4982.55 8107.81 4968.68 8086.74 4936.03 8079.87 4903.10 8120.81 4857.29 8133.18 4851.75 8200.86 4876.90 8216.43 4899.91 8214.24 4918.26 8200.69 4960.39
8 16387.57 8352.67 16410.64 8394.54 16385.20 8462.11 16371.35 8462.64 16329.58 8448.30 16305.35 8426.88 16291.22 8372.02 16315.24 8354.89
7 17641.16 11054.85 17714.33 11089.31 17695.96 11135.35 17671.51 11153.50 17619.40 11151.81 17608.84 11140.34 17628.02 11082.17
7 6013.86 11604.17 6065.89 11569.87 6104.44 11611.92 6107.63 11638.16 6079.23 11670.98 6053.97 11660.94 6029.79 11641.11
8 17224.55 9762.75 17258.84 9718.80 17295.99 9722.47 17309.22 9768.82 17307.38 9792.69 17281.72 9811.70 17272.29 9817.74 17243.37 9794.86
8 12959.63 12008.95 12912.69 11936.20 12980.94 11873.79 13004.55 11865.14 13022.30 11871.63 13047.67 11893.55 13065.17 11920.96 13083.59 11954.91
9 12157.43 16510.86 12059.27 16513.49 12029.07 16497.44 12014.44 16397.66 12071.26 16352.84 12176.42 16383.57 12177.92 16384.05 12174.43 16443.88 12169.39 16477.13
11 12135.62 8960.30 12174.66 8894.75 12243.32 8907.77 12259.22 8911.26 12261.09 8915.09 12268.21 8973.98 12268.95 8992.03 12253.30 9005.92 12200.18 9027.14 12191.84 9029.00 12161.57 9016.69
8 17628.25 7119.62 17587.94 7075.52 17594.81 7041.62 17646.13 7037.63 17653.99 7042.41 17683.14 7067.31 17683.31 7069.90 17667.85 7086.73
8 6083.51 16626.26 6150.17 16529.77 6231.97 16550.24 6264.88 16632.35 6242.73 16645.07 6126.59 16703.13 6109.70 16684.76 6087.70 16637.15
8 16970.68 14462.20 16951.62 14550.05 16909.90 14551.62 16849.11 14552.64 16833.11 14506.36 16874.86 14410.73 16905.43 14403.09 16964.11 14440.81
9 6703.62 11675.05 6710.94 11737.41 6697.14 11766.71 6634.56 11759.19 6607.99 11744.33 6608.55 11724.88 6611.23 11696.64 6615.06 11667.64 6686.92 11668.85
10 13918.84 9962.82 13889.36 9945.89 13868.91 9899.83 13866.61 9870.73 13903.44 9843.47 13906.73 9842.98 13935.80 9862.29 13974.41 9902.32 13975.81 9934.67 13954.92 9955.67
9 5670.60 4363.74 5706.33 4316.44 5728.80 4313.87 5741.50 4327.65 5744.89 4341.15 5751.09 4367.28 5720.50 4394.84 5707.08 4395.91 5699.57 4390.88
8 14282.05 1248.09 14284.12 1330.10 14267.68 1331.85 14190.87 1326.78 14187.53 1293.48 14191.00 1270.92 14219.66 1237.37 14260.42 1240.15
9 10017.48 13998.38 10038.30 13964.91 10083.66 13954.46 10097.59 13973.78 10109.02 14002.10 10109.88 14004.24 10107.54 14011.85 10064.34 14038.10 10045.95 14028.61
8 176.78 9438.39 247.99 9491.90 244.77 9571.11 219.29 9599.65 194.00 9613.48 120.34 9593.48 107.00 9525.71 120.38 9455.42
11 4381.65 9970.07 4399.33 10025.47 4388.11 10039.29 4357.37 10049.85 4354.49 10049.84 4333.29 10043.90 4322.06 10026.79 4320.09 10019.69 4316.74 9997.47 4326.19 9979.82 4351.00 9972.15
8 4934.30 943.32 4915.31 923.50 4927.43 898.20 4954.59 879.19 4989.67 891.35 4990.98 903.18 4987.02 945.46 4973.14 962.84
11 17415.59 1145.53 17409.69 1123.22 17409.82 1072.65 17415.76 1063.63 17429.34 1050.93 17480.33 1027.45 17527.42 1056.89 17529.38 1059.27 17518.62 1131.73 17504.92 1156.78 17469.23 1169.23
12 3037.82 9761.57 3038.27 9701.94 3062.54 9685.22 3075.52 9677.37 3090.57 9670.60 3118.01 9681.05 3151.12 9697.93 3156.62 9726.36 3138.93 9768.68 3128.33 9784.94 3108.94 9789.67 3051.49 9776.44
12 5724.81 1057.75 5715.31 1024.72 5724.68 977.75 5748.00 946.89 5798.98 922.96 5823.44 931.43 5848.72 952.47 5841.82 1041.83 5836.27 1053.27 5818.74 1063.90 5784.11 1084.47 5734.15 1065.40
8 16276.89 12079.80 16293.10 12022.79 16371.57 12033.52 16421.34 12041.72 16409.03 12096.67 16392.75 12131.60 16366.14 12140.07 16294.14 12116.94
7 12931.94 3587.73 12943.59 3688.88 12894.88 3711.12 12887.93 3713.74 12825.95 3615.25 12834.39 3603.77 12869.72 3595.03
11 6066.37 16900.77 6072.33 16940.45 6056.83 16963.20 6026.94 16988.30 5991.87 16987.88 5977.47 16963.09 5958.16 16929.74 5967.79 16909.11 5996.10 16891.63 6010.20 16885.19 6034.94 16883.83
7 9162.43 1828.70 9237.04 1918.10 9197.49 1959.92 9108.43 1984.61 9097.48 1982.33 9072.28 1936.79 9091.74 1861.15
9 6042.98 13612.21 6008.23 13701.30 5956.29 13694.58 5931.37 13672.00 5907.52 13643.00 5901.64 13635.29 5906.81 13609.42 5942.38 13556.51 6012.39 13576.52
10 7327.90 1224.36 7336.15 1184.84 7366.95 1138.78 7423.04 1143.10 7457.97 1170.36 7477.36 1216.74 7439.02 1268.16 7433.36 1275.14 7405.59 1287.95 7401.80 1287.54
8 5640.64 213.13 5620.55 163.13 5631.85 151.16 5662.43 139.34 5678.93 147.96 5693.02 191.39 5685.01 205.12 5654.62 216.40
9 3894.30 14191.97 3888.73 14173.89 3910.62 14134.49 3926.66 14128.20 3964.06 14139.95 3988.48 14151.13 3999.81 14176.84 3987.22 14236.79 3937.81 14239.77
8 8239.51 10390.23 8282.33 10355.41 8350.52 10370.43 8359.91 10411.40 8337.12 10446.41 8287.68 10459.31 8254.79 10460.15 8246.69 10451.56
11 11250.00 4948.00 11229.88 4902.70 11232.85 4887.14 11247.51 4862.12 11260.25 4853.91 11287.91 4853.81 11301.18 4855.88 11310.95 4898.67 11307.69 4921.54 11297.16 4932.29 11272.11 4950.92
6 14540.29 9952.19 14542.61 9900.01 14562.21 9895.02 14582.08 9897.81 14595.68 9933.47 14572.41 9952.82
12 11644.50 15514.75 11657.32 15540.20 11594.07 15586.74 11547.85 15584.19 11522.55 15580.66 11513.76 15569.58 11497.13 15526.32 11505.92 15476.93 11509.19 15466.73 11511.80 15466.37 11559.05 15461.05 11633.62 15506.07
10 9808.89 15439.62 9830.35 15436.63 9844.50 15448.01 9868.87 15474.07 9863.92 15500.79 9858.67 15502.47 9806.32 15509.48 9797.00 15495.36 9790.59 15484.42 9790.92 15470.93
11 7554.61 16774.54 7599.30 16765.53 7614.65 16776.27 7622.15 16806.65 7624.51 16864.30 7576.36 16876.88 7539.81 16869.43 7539.38 16869.12 7523.39 16851.58 7522.20 16798.75 7534.61 16783.64
8 11667.74 11298.17 11584.79 11222.94 11637.36 11149.07 11654.97 11141.55 11660.40 11139.65 11720.37 11168.36 11729.85 11212.10 11721.83 11274.68
13 10298.47 125.66 10290.88 220.00 10276.89 230.37 10206.16 230.53 10190.98 228.88 10155.91 216.15 10147.56 152.67 10157.27 134.59 10197.07 102.33 10218.45 99.35 10278.78 96.49 10280.09 97.04 10297.68 118.68
8 14957.82 17373.76 14960.08 17320.08 14984.89 17301.13 15014.83 17299.67 15042.48 17334.42 15046.37 17353.80 15021.25 17389.07 14992.95 17392.86
7 4160.58 6333.61 4225.61 6306.63 4264.87 6310.98 4285.54 6368.62 4287.65 6433.82 4235.25 6457.01 4184.81 6410.42
10 10412.73 14237.74 10408.69 14308.03 10393.39 14319.08 10369.42 14319.36 10365.07 14317.82 10341.31 14308.29 10328.43 14288.87 10325.50 14261.54 10352.62 14225.40 10408.96 14233.96
9 6892.92 17820.62 6846.88 17761.35 6846.93 17715.93 6902.05 17681.55 6929.23 17682.33 6996.91 17714.19 6991.70 17737.17 6980.59 17757.65 6912.90 17817.45
6 16261.79 9719.85 16239.54 9768.96 16180.59 9752.57 16171.01 9694.35 16228.09 9696.13 16239.12 9700.68
7 7324.47 12736.71 7344.51 12847.24 7331.78 12854.46 7278.40 12876.08 7243.28 12861.17 7238.95 12758.56 7267.86 12729.71
11 9848.06 1193.96 9860.88 1165.69 9888.69 1155.94 9917.29 1156.69 9921.06 1163.64 9928.94 1179.14 9934.96 1204.04 9895.89 1218.74 9880.67 1224.40 9865.25 1217.57 9853.94 1205.27
9 17102.75 10963.46 17167.07 10887.76 17194.84 10888.80 17206.24 10902.06 17241.30 10975.07 17227.27 10993.38 17203.09 11013.85 17152.65 11015.33 17130.24 11007.68
9 9537.83 1457.93 9531.08 1413.92 9549.60 1376.74 9557.73 1361.16 9625.97 1347.16 9680.30 1369.06 9682.16 1370.43 9673.56 1460.15 9610.04 1490.72
8 1686.01 13214.89 1740.07 13155.71 1794.64 13155.35 1813.76 13173.54 1827.37 13228.07 1827.02 13251.88 1758.38 13280.75 1706.80 13255.76
10 16256.11 2531.23 16250.29 2480.36 16266.32 2453.76 16289.80 2442.04 16328.19 2463.51 16337.36 2473.78 16340.02 2494.05 16324.72 2525.34 16299.26 2540.29 16283.39 2540.89
9 11544.96 12319.30 11570.24 12257.82 11604.64 12237.09 11681.62 12250.17 11700.37 12300.44 11692.97 12334.30 11671.34 12353.04 11649.71 12364.99 11567.97 12347.96
8 8123.37 1954.34 8044.98 1933.14 8046.57 1786.18 8106.34 1778.86 8169.77 1822.07 8184.21 1838.46 8181.71 1862.52 8155.79 1929.63
8 8818.40 6240.68 8820.61 6218.79 8846.80 6196.80 8883.94 6221.36 8893.33 6248.96 8878.09 6272.69 8870.31 6282.93 8861.32 6277.92
9 6485.70 17008.25 6484.97 16960.30 6523.28 16918.63 6572.16 16907.14 6614.11 16912.47 6637.50 16953.78 6620.04 17014.50 6571.47 17041.05 6546.05 17044.09
8 7595.20 15012.71 7667.76 14903.26 7721.39 14942.42 7739.35 14959.46 7769.79 15021.04 7766.52 15025.93 7740.29 15053.86 7626.41 15065.67
8 2195.09 4258.23 2182.98 4218.08 2205.06 4190.31 2221.49 4187.18 2248.82 4199.29 2260.93 4224.33 2239.20 4249.63 2214.39 4258.29
7 12476.86 6884.48 12473.03 6824.74 12523.39 6771.27 12551.20 6797.04 12570.09 6818.79 12537.57 6865.18 12492.24 6883.54
12 10988.00 5925.45 11005.49 5939.75 11005.34 5982.69 10991.04 6003.00 10988.41 6004.84 10961.39 6017.56 10948.75 6021.19 10902.64 6014.37 10903.74 5966.43 10906.84 5956.10 10930.46 5935.55 10973.41 5920.57
9 4434.85 3070.20 4366.58 3067.41 4355.36 3049.98 4346.66 2997.93 4375.03 2951.44 4403.05 2945.42 4453.89 2968.62 4458.88 2975.40 4454.24 3024.50
8 9731.71 4297.35 9665.42 4391.16 9600.49 4377.74 9578.05 4339.70 9560.33 4283.84 9633.14 4227.69 9684.24 4237.83 9704.93 4245.39
6 7287.38 3076.54 7268.10 3148.57 7242.18 3146.10 7203.09 3121.98 7214.87 3077.15 7265.51 3070.77
9 16612.70 6080.85 16628.18 6033.05 16702.06 6042.35 16707.97 6048.99 16701.08 6092.42 16673.85 6114.19 16657.24 6118.95 16644.71 6114.36 16615.29 6088.52
10 10107.44 11303.79 10081.32 11329.01 10037.89 11314.89 10032.50 11312.52 10026.15 11305.97 10027.28 11295.04 10050.89 11257.29 10063.43 11238.89 10075.09 11239.71 10089.63 11249.40
9 15360.87 10590.44 15310.87 10640.67 15280.99 10632.05 15263.60 10609.43 15263.43 10606.20 15270.80 10571.89 15307.80 10551.85 15336.03 10559.89 15341.69 10563.10
9 9934.12 11634.58 9896.32 11565.02 9951.18 11482.41 10012.79 11498.71 10048.25 11509.81 10044.76 11581.67 10039.43 11587.55 10007.69 11608.92 9973.86 11627.57
5 2665.64 2127.66 2706.68 2048.36 2766.25 2094.37 2710.31 2160.53 2670.25 2134.78
7 15373.56 5210.43 15378.73 5185.75 15425.76 5168.13 15445.74 5198.14 15446.66 5221.24 15415.85 5232.58 15380.21 5215.73
9 8836.62 411.54 8813.37 380.08 8818.54 355.09 8867.25 341.05 8877.07 348.18 8889.88 376.53 8887.06 400.11 8863.88 413.32 8849.77 417.07
12 15948.65 11966.90 15939.33 11912.18 15955.76 11896.52 16018.48 11918.41 16053.99 11942.94 16062.52 11950.45 16063.22 11988.85 16061.41 11990.97 16040.63 12007.92 16000.92 12026.48 15979.04 12018.19 15976.59 12015.83
8 2187.79 14873.50 2195.91 14945.56 2165.15 14957.30 2128.27 14966.71 2092.10 14974.71 2074.89 14965.11 2069.44 14876.75 2098.85 14854.00
10 16597.00 7327.12 16618.70 7283.75 16661.81 7205.09 16735.50 7241.47 16737.52 7263.38 16738.25 7316.38 16736.12 7328.48 16697.09 7363.06 16692.33 7366.16 16650.50 7364.37
9 14287.17 13582.71 14321.68 13542.51 14332.54 13542.38 14351.00 13547.46 14374.93 13567.31 14365.71 13584.57 14338.02 13626.87 14305.56 13616.61 14291.75 13611.06
13 7178.29 11308.62 7132.56 11265.04 7126.33 11245.83 7122.07 11217.49 7163.71 11142.83 7199.93 11135.20 7222.13 11142.56 7243.84 11156.21 7298.44 11194.77 7300.85 11214.22 7290.79 11244.61 7271.05 11267.53 7239.79 11283.50
7 17843.51 12083.79 17794.12 12117.80 17759.41 12106.54 17751.14 12088.66 17751.03 12050.80 17792.30 12025.38 17836.83 12051.88
7 8077.80 13187.09 8008.61 13120.11 8032.41 13092.28 8079.58 13079.57 8107.96 13111.67 8118.96 13131.05 8102.95 13173.50
10 11872.04 14763.01 11865.18 14699.15 11875.27 14682.28 11879.11 14676.94 11902.68 14665.07 11933.64 14668.58 11957.96 14689.18 11968.80 14727.75 11966.22 14742.39 11923.92 14775.04
8 3293.64 12694.53 3242.97 12721.67 3238.59 12719.85 3220.08 12702.57 3217.43 12687.54 3216.97 12673.15 3227.96 12664.08 3283.05 12671.64
9 5863.28 2589.38 5828.79 2567.08 5833.56 2541.35 5859.68 2511.89 5884.87 2490.71 5910.81 2519.81 5924.90 2571.12 5907.42 2580.24 5892.35 2586.63
9 13580.95 15035.16 13608.59 15064.46 13606.89 15119.11 13599.35 15131.84 13584.81 15143.34 13558.03 15138.24 13509.03 15120.57 13492.90 15074.54 13507.89 15048.42
9 11459.50 4172.95 11503.48 4160.51 11535.35 4170.65 11581.63 4239.20 11545.86 4301.20 11534.30 4303.64 11428.78 4271.03 11425.46 4225.50 11449.49 4187.25
13 3333.06 824.67 3286.57 814.91 3267.06 774.10 3259.48 742.40 3261.90 726.83 3270.40 711.36 3277.07 701.31 3310.77 683.56 3351.94 692.12 3376.45 706.11 3377.61 711.62 3371.12 758.82 3346.87 802.16
12 10758.34 10149.11 10733.46 10110.23 10734.41 10066.57 10766.08 10043.73 10769.49 10042.11 10806.84 10039.67 10823.63 10061.59 10825.29 10073.23 10827.05 10086.39 10823.98 10112.42 10810.26 10134.78 10794.51 10150.80
5 12303.59 650.48 12397.42 498.76 12458.41 591.70 12450.62 618.67 12419.97 654.69
10 12667.82 6263.77 12675.97 6214.85 12739.58 6199.69 12767.78 6218.17 12775.47 6232.38 12773.63 6270.78 12756.86 6293.38 12723.63 6325.87 12703.32 6319.47 12675.35 6291.00
9 3613.31 16318.71 3594.90 16293.27 3602.63 16247.60 3644.49 16234.86 3655.68 16238.32 3691.71 16265.67 3680.45 16296.53 3671.51 16319.38 3655.72 16326.23
11 6905.01 14033.14 6889.24 13997.62 6889.87 13980.88 6921.49 13950.86 6935.87 13940.49 6949.14 13944.71 6984.00 13972.83 6994.29 13987.87 6966.40 14015.98 6955.76 14020.09 6934.45 14027.79
8 2243.77 848.73 2273.58 782.10 2349.09 794.97 2364.89 852.95 2333.76 885.63 2298.01 896.31 2263.03 901.48 2252.52 889.87
8 16892.24 4297.61 16925.34 4354.64 16919.09 4369.82 16897.94 4376.43 16881.00 4380.08 16848.08 4355.41 16856.77 4333.35 16871.47 4301.61
8 9859.66 1875.82 9852.41 1914.72 9822.56 1914.54 9781.66 1910.46 9776.17 1874.99 9796.26 1841.23 9803.68 1842.18 9845.78 1852.20
8 2374.52 645.75 2425.75 615.77 2504.21 604.46 2517.48 614.50 2546.16 730.52 2507.71 761.23 2462.75 765.82 2400.83 728.72
8 12874.39 7335.97 12898.40 7259.77 12979.86 7274.65 13021.50 7328.07 13012.61 7361.09 12995.71 7412.90 12947.09 7431.86 12890.13 7387.75
7 12410.47 6394.29 12395.10 6286.89 12418.40 6267.50 12501.80 6315.94 12533.34 6368.59 12496.06 6381.11 12440.94 6389.71
9 12350.58 10028.88 12373.83 9938.59 12406.38 9930.60 12442.39 9924.10 12487.81 9946.08 12495.89 10018.05 12486.33 10053.52 12450.87 10075.63 12386.86 10056.74
8 8483.53 7734.41 8457.47 7759.60 8447.87 7751.63 8415.26 7708.63 8408.26 7683.75 8414.37 7680.02 8455.25 7688.06 8474.78 7695.22
10 4049.97 7878.78 4057.06 7837.32 4071.42 7821.69 4103.48 7795.64 4154.05 7808.06 4185.49 7860.42 4173.80 7889.38 4141.81 7929.80 4107.44 7938.12 4068.57 7921.55
9 8392.04 6498.41 8339.72 6573.71 8287.36 6560.80 8260.65 6492.69 8259.95 6487.49 8312.56 6445.31 8379.28 6434.24 8387.13 6452.30 8389.70 6468.76
10 10368.00 3002.89 10401.70 3027.74 10396.07 3042.56 10384.52 3053.14 10373.24 3063.21 10365.24 3062.82 10339.29 3059.86 10330.24 3053.16 10324.91 3042.71 10339.78 3014.82
9 6312.80 5139.72 6234.88 5067.40 6240.68 5033.02 6281.55 4979.42 6322.91 4977.10 6361.85 4988.88 6396.95 5041.54 6392.31 5077.78 6367.22 5127.95
6 1057.73 14471.82 1005.97 14402.02 1011.23 14322.87 1153.45 14348.38 1153.24 14386.68 1135.81 14441.15
7 14586.05 14479.76 14651.15 14455.49 14671.72 14461.69 14706.05 14515.59 14690.78 14551.91 14642.30 14567.39 14601.83 14531.80
10 17411.36 14991.37 17383.94 14903.04 17413.15 14887.52 17444.50 14893.38 17461.47 14905.11 17488.50 14936.18 17481.96 14958.74 17474.59 14970.40 17459.38 14984.30 17423.75 14993.83
7 13986.86 8420.48 13971.58 8490.42 13951.79 8487.80 13901.39 8473.75 13856.01 8424.02 13904.49 8391.75 13957.85 8385.72
9 14955.58 14777.34 14981.86 14736.41 15008.83 14710.65 15040.52 14713.82 15075.15 14727.58 15079.69 14800.09 15068.06 14809.10 15010.69 14834.64 14971.39 14808.72
10 2725.02 6437.76 2791.19 6399.51 2822.74 6446.43 2824.05 6477.84 2823.13 6501.31 2818.74 6528.57 2789.24 6550.71 2760.25 6538.67 2757.31 6535.36 2729.85 6472.53
6 5323.20 13191.55 5313.63 13124.73 5478.56 13128.48 5490.54 13154.32 5461.07 13195.55 5423.58 13222.85
10 1162.35 11897.84 1121.28 11882.66 1112.42 11867.05 1112.23 11843.06 1139.92 11826.33 1180.37 11837.22 1183.70 11843.80 1188.42 11857.62 1189.49 11876.34 1175.66 11889.21
11 7285.82 14593.87 7361.61 14586.01 7394.57 14609.01 7414.32 14625.98 7423.40 14640.36 7428.59 14715.06 7362.61 14758.09 7336.74 14756.00 7261.71 14705.81 7260.23 14644.29 7263.43 14636.83
5 8332.23 3242.79 8382.58 3210.23 8415.85 3221.68 8421.08 3281.82 8361.74 3302.23
9 677.63 11056.82 670.54 11048.18 685.30 10985.44 692.34 10971.58 748.00 10948.96 818.65 10958.95 849.67 10997.62 834.22 11093.28 762.21 11115.25
8 6178.49 5314.86 6155.59 5300.07 6158.34 5267.27 6169.39 5262.41 6202.94 5255.60 6211.92 5259.84 6225.52 5266.37 6222.84 5297.70
12 13015.83 2408.12 12957.89 2376.65 12942.80 2340.87 12939.77 2286.46 12963.21 2260.45 12984.57 2250.32 13024.68 2240.16 13057.69 2257.11 13078.32 2268.17 13109.16 2318.54 13089.70 2363.11 13063.68 2397.09
9 9071.10 12055.70 9092.88 12048.79 9122.47 12068.58 9138.90 12108.75 9119.70 12150.81 9077.19 12172.89 9045.42 12155.06 9004.48 12122.62 9039.51 12083.61
8 6258.18 8017.16 6221.74 7979.15 6249.26 7950.89 6279.67 7920.75 6305.68 7932.57 6332.85 7953.84 6306.18 8012.52 6285.78 8019.34
11 4716.59 13997.83 4688.94 13938.02 4707.69 13894.39 4716.81 13878.12 4737.62 13865.16 4792.59 13872.81 4825.31 13925.55 4812.66 13945.92 4753.05 14011.91 4740.57 14016.75 4732.71 14011.92
7 8068.18 16252.76 8044.83 16211.78 8066.65 16185.20 8121.12 16190.27 8125.52 16217.51 8115.89 16239.99 8096.52 16248.14
9 6734.11 14126.76 6786.70 14063.29 6810.96 14062.35 6865.40 14124.31 6880.16 14150.72 6871.95 14191.12 6858.21 14195.49 6764.94 14197.14 6745.60 14190.27
7 3042.21 6707.73 3077.46 6649.51 3147.41 6660.58 3134.74 6746.05 3130.53 6749.34 3114.78 6757.35 3094.78 6754.73
8 6973.04 15028.19 7003.07 15066.29 6980.84 15111.68 6966.24 15119.67 6929.17 15101.59 6920.89 15039.34 6937.41 15034.95 6955.96 15031.02
9 9219.91 2489.69 9252.64 2495.48 9275.13 2534.81 9279.63 2562.81 9245.43 2573.43 9236.09 2575.02 9201.96 2560.62 9190.43 2550.59 9196.81 2532.48
8 11491.33 3367.69 11489.80 3407.98 11439.43 3408.04 11434.38 3406.95 11420.14 3383.64 11430.36 3372.60 11444.02 3359.92 11469.00 3346.70
8 16433.28 12596.49 16456.50 12495.13 16526.75 12494.55 16568.40 12515.76 16588.26 12532.31 16576.54 12631.06 16511.57 12662.47 16490.05 12659.70
12 2468.44 2750.66 2471.33 2671.57 2530.76 2625.55 2559.88 2632.56 2583.50 2646.36 2591.91 2655.16 2624.21 2692.74 2633.26 2726.46 2613.24 2756.16 2585.95 2780.27 2534.12 2796.96 2499.60 2779.78
11 14104.27 16650.04 14137.61 16688.66 14131.67 16713.29 14106.86 16736.90 14096.68 16736.00 14065.19 16724.03 14060.09 16721.92 14044.69 16694.78 14038.95 16681.58 14036.47 16672.61 14052.94 16650.54
9 13967.23 6511.59 13920.70 6478.68 13925.83 6461.33 13927.78 6454.95 13943.23 6443.04 13976.67 6434.81 13988.05 6438.58 14001.83 6469.45 13974.80 6511.42
7 10456.21 13167.76 10417.82 13087.51 10436.55 13074.89 10521.78 13062.61 10550.72 13101.35 10520.16 13127.75 10488.42 13151.24
9 17687.34 9013.63 17759.13 8984.05 17799.91 9000.85 17816.06 9055.77 17799.84 9064.80 17722.50 9090.43 17666.59 9071.35 17662.46 9054.73 17664.68 9045.89
8 13226.11 15908.47 13192.44 15799.05 13248.25 15744.49 13274.74 15752.50 13345.25 15816.82 13343.11 15837.02 13338.06 15870.76 13262.48 15907.98
8 3675.39 14029.38 3627.54 14101.99 3555.26 14082.13 3535.97 14052.56 3535.86 14025.31 3555.50 13979.96 3616.97 13970.49 3673.95 14021.59
9 4740.10 313.91 4705.32 338.27 4660.95 333.19 4650.92 292.84 4646.35 262.10 4649.15 253.49 4680.41 240.77 4725.33 261.00 4739.47 274.20
6 13318.65 15962.59 13311.03 16077.62 13256.02 16069.96 13223.80 16005.85 13283.15 15963.39 13304.89 15953.88
10 2140.69 13816.06 2182.60 13782.00 2187.98 13782.64 2201.91 13786.93 2261.87 13826.92 2249.01 13858.49 2235.58 13888.01 2218.17 13903.29 2171.19 13881.02 2142.18 13853.40
9 13617.24 14001.91 13564.43 14045.46 13540.33 14050.08 13505.76 14029.98 13525.56 13973.59 13537.88 13964.57 13570.12 13951.82 13607.19 13973.09 13614.78 13980.27
7 6316.28 14553.83 6262.53 14472.06 6277.76 14447.82 6329.22 14395.22 6407.19 14414.94 6434.37 14518.72 6356.53 14552.32
6 12928.83 14931.32 12992.52 14845.04 13033.00 14889.41 13043.12 15019.44 12966.28 15021.04 12940.56 14990.29
10 609.96 11756.68 610.81 11659.18 684.91 11659.62 730.64 11680.07 731.22 11688.81 729.18 11760.50 708.56 11789.40 654.40 11809.73 636.67 11797.91 613.13 11768.33
9 16996.93 13658.57 17006.41 13630.40 17076.67 13600.87 17102.15 13608.57 17126.14 13655.71 17115.89 13677.60 17086.13 13698.62 17067.83 13703.29 17062.29 13702.23
8 5593.56 8102.41 5562.31 8076.04 5564.65 8068.63 5575.94 8037.13 5601.00 8028.42 5606.68 8031.04 5642.92 8064.18 5626.56 8079.75
9 1368.64 12722.69 1303.63 12797.78 1261.42 12796.02 1254.89 12791.45 1230.08 12723.49 1227.46 12688.60 1244.70 12647.70 1263.44 12637.53 1359.62 12668.21
9 6837.51 13697.38 6849.87 13738.13 6849.15 13749.47 6845.52 13802.04 6824.82 13809.29 6777.77 13810.31 6763.90 13804.55 6747.61 13731.08 6795.32 13709.03
8 13660.88 17656.72 13648.74 17591.38 13682.63 17573.15 13737.37 17569.62 13743.28 17579.80 13755.67 17604.60 13753.32 17631.45 13747.67 17649.03
11 16872.57 2829.06 16846.47 2777.44 16852.69 2758.89 16866.94 2726.63 16872.35 2718.39 16900.53 2714.35 16931.51 2712.13 16980.50 2763.07 16980.92 2778.66 16979.91 2805.87 16926.28 2828.76
7 8414.76 4557.94 8443.78 4504.09 8483.06 4499.72 8522.60 4526.22 8520.20 4576.45 8486.81 4601.30 8458.59 4589.95
10 8244.37 14381.22 8279.17 14349.25 8306.50 14360.86 8309.91 14367.72 8324.91 14398.91 8310.78 14429.68 8307.09 14435.84 8255.75 14452.54 8232.14 14440.64 8235.10 14407.55
7 9980.55 14609.01 9959.85 14594.02 9966.43 14573.24 10026.24 14548.38 10026.74 14554.31 10026.28 14569.05 9995.89 14602.62
9 8767.08 10984.05 8722.95 10890.09 8739.34 10852.17 8779.41 10834.43 8841.77 10857.39 8865.83 10921.21 8853.85 10964.43 8820.04 10983.87 8802.84 10988.72
9 514.31 14567.79 547.81 14503.37 608.75 14504.27 645.91 14563.28 628.78 14606.54 602.29 14626.55 573.65 14633.55 556.79 14629.92 539.41 14614.77
9 7628.67 17675.46 7641.22 17617.92 7675.97 17593.42 7688.94 17590.75 7717.98 17595.61 7748.90 17651.12 7730.70 17682.13 7703.47 17708.88 7679.70 17706.81
9 881.04 13815.40 840.59 13823.42 822.17 13810.85 783.85 13774.29 778.10 13765.48 785.41 13752.31 808.81 13725.90 854.46 13713.83 879.74 13754.36
6 15695.94 8212.28 15720.75 8269.71 15704.65 8282.73 15670.58 8276.52 15638.71 8242.22 15659.38 8213.41
8 9541.17 7577.31 9650.55 7542.87 9695.96 7577.30 9702.11 7632.25 9700.78 7679.54 9617.12 7726.97 9572.13 7711.74 9544.46 7637.31
9 11255.75 5756.82 11239.03 5686.48 11263.97 5657.59 11315.82 5625.22 11333.26 5627.07 11369.83 5668.59 11362.10 5731.28 11323.44 5779.06 11292.05 5782.17
9 11524.49 7311.39 11519.38 7281.80 11561.59 7242.86 11563.10 7242.15 11617.59 7268.19 11627.47 7316.98 11615.25 7327.91 11550.30 7347.84 11532.81 7325.72
8 17095.58 9981.86 17088.43 10037.93 17031.94 10034.15 17015.22 9998.32 17023.36 9963.84 17076.48 9946.02 17078.77 9947.46 17091.56 9967.63
7 12516.30 349.87 12561.83 339.92 12578.32 369.91 12587.31 391.77 12563.03 405.85 12535.58 404.41 12524.29 381.76
10 7646.86 17228.73 7660.30 17212.45 7685.07 17227.65 7708.85 17243.72 7715.06 17262.82 7699.29 17286.47 7645.10 17303.27 7635.04 17301.65 7624.81 17287.68 7639.14 17248.11
8 13535.67 10533.69 13522.44 10568.48 13469.81 10571.44 13456.44 10560.23 13454.37 10551.91 13452.48 10542.21 13460.30 10520.35 13515.31 10522.18
8 4755.50 3563.44 4721.85 3497.78 4761.13 3429.76 4787.58 3427.71 4799.60 3431.24 4862.08 3487.64 4855.75 3523.10 4820.02 3569.18
8 16948.08 15670.18 17011.23 15745.15 16985.35 15766.76 16936.78 15780.38 16915.85 15778.62 16837.09 15729.50 16862.59 15688.94 16895.03 15673.94
12 10841.97 2369.36 10849.58 2390.07 10830.52 2441.00 10811.49 2457.20 10793.45 2469.27 10715.20 2446.38 10706.33 2441.25 10696.71 2414.75 10696.75 2382.20 10700.42 2355.03 10725.60 2331.45 10764.74 2311.34
6 3638.25 15082.55 3696.27 15081.01 3700.21 15135.35 3664.60 15127.86 3652.81 15123.79 3639.76 15117.50
9 13664.92 1151.71 13702.73 1076.39 13727.02 1077.21 13810.56 1086.04 13805.86 1140.74 13791.56 1173.71 13760.16 1200.59 13739.97 1207.73 13686.86 1173.01
9 593.94 9201.88 615.14 9193.12 656.37 9195.72 690.43 9249.85 682.75 9280.18 629.11 9309.28 585.03 9285.79 576.33 9263.04 581.71 9240.62
8 11910.50 2049.37 11856.62 2032.06 11873.37 1980.29 11907.25 1955.64 11928.22 1950.38 11955.20 1971.90 11962.25 2007.09 11928.46 2036.68
11 14105.66 1089.54 14096.53 1063.00 14115.13 1030.88 14127.96 1022.47 14137.63 1018.92 14163.38 1042.68 14165.89 1054.28 14164.91 1072.58 14163.49 1083.96 14144.91 1095.61 14129.76 1097.88
8 1452.94 5113.65 1402.92 5158.06 1382.41 5143.49 1353.95 5116.25 1360.27 5045.57 1375.27 5034.07 1412.03 5026.96 1440.55 5050.63
7 14059.83 12837.19 14068.88 12889.24 14058.93 12900.75 14002.28 12902.65 14008.10 12840.14 14009.47 12838.62 14025.14 12821.31
7 2162.56 14688.82 2191.32 14613.64 2259.21 14671.03 2273.77 14709.78 2246.08 14738.32 2232.08 14744.00 2203.50 14723.56
8 13312.92 6874.48 13295.73 6902.57 13243.42 6894.64 13230.57 6888.09 13239.82 6846.89 13255.70 6821.52 13281.78 6816.48 13298.36 6840.10
9 10731.51 12642.10 10811.15 12705.99 10806.70 12745.25 10797.11 12763.80 10751.88 12818.38 10745.69 12816.65 10648.78 12774.33 10650.54 12719.88 10662.57 12691.62
7 4477.84 15078.07 4518.94 15013.45 4528.55 15013.96 4541.67 15030.87 4551.81 15045.70 4542.19 15054.85 4506.42 15084.48
6 1668.09 10431.51 1672.55 10496.61 1622.60 10507.99 1574.11 10486.57 1565.77 10447.99 1608.78 10437.78
8 7127.80 8210.74 7140.35 8164.04 7228.01 8090.69 7269.02 8120.25 7302.09 8177.98 7289.05 8241.18 7239.69 8268.69 7147.66 8246.28
9 14153.59 5516.68 14110.73 5568.91 14061.17 5559.01 14023.21 5550.35 14009.97 5524.16 14032.85 5453.29 14048.14 5431.90 14107.71 5419.31 14136.55 5457.64
9 1450.18 4601.04 1389.87 4570.20 1393.00 4486.31 1423.72 4464.00 1464.14 4474.92 1494.15 4491.41 1498.01 4497.28 1502.83 4506.93 1501.05 4542.34
10 6752.43 4970.10 6749.86 4946.53 6756.93 4917.62 6759.37 4912.31 6780.66 4913.01 6797.95 4917.17 6808.27 4923.92 6815.01 4941.87 6808.13 4974.16 6788.54 4977.92
10 15154.73 4723.46 15172.46 4694.84 15180.07 4695.29 15235.26 4699.80 15252.51 4710.51 15254.36 4722.91 15247.79 4757.77 15188.42 4791.99 15174.34 4790.97 15157.28 4767.19
10 3075.84 8034.05 3038.61 8056.07 3019.33 8053.56 2988.91 8040.25 2986.69 8036.93 2992.75 8023.89 3054.19 7973.93 3055.35 7975.97 3066.13 8001.74 3071.84 8016.14
6 2823.97 17158.10 2793.76 17250.73 2694.16 17211.23 2671.65 17191.58 2698.44 17128.05 2777.69 17082.88
8 784.99 15513.49 769.95 15579.09 662.64 15537.76 653.95 15529.04 682.96 15474.93 691.88 15463.04 711.68 15453.61 765.15 15477.81
11 8872.96 11442.66 8910.68 11463.69 8909.42 11512.28 8904.93 11519.03 8874.14 11530.91 8859.69 11532.49 8848.30 11524.43 8838.77 11510.88 8831.31 11496.19 8835.55 11485.46 8853.52 11463.07
8 13510.19 10129.61 13489.75 10069.34 13513.63 10037.85 13550.68 10015.74 13593.75 10036.16 13606.08 10089.18 13611.97 10120.44 13593.57 10142.17
12 16017.01 370.23 15973.72 346.70 15949.76 290.11 15949.04 267.48 15972.40 238.64 15991.20 221.34 16057.08 246.12 16060.83 250.03 16071.70 273.75 16075.16 299.56 16064.07 355.18 16044.60 366.34
12 13810.90 12944.35 13809.57 13020.21 13790.05 13045.44 13747.04 13041.94 13671.45 13031.56 13653.21 13015.93 13648.57 13001.39 13652.43 12983.86 13676.07 12893.51 13729.85 12888.08 13763.33 12886.54 13805.91 12934.32
10 14383.17 4178.23 14413.35 4137.35 14453.79 4130.69 14472.53 4135.25 14491.62 4148.40 14523.32 4202.50 14524.75 4223.05 14489.08 4260.48 14457.30 4259.26 14416.31 4245.95
8 9867.31 3240.54 9928.65 3176.96 9947.35 3172.16 9966.15 3180.14 10006.44 3292.79 9983.62 3313.82 9971.35 3314.09 9883.05 3266.74
10 6252.44 8703.75 6302.58 8686.17 6327.07 8693.30 6335.05 8699.43 6340.01 8716.28 6336.28 8742.99 6321.12 8755.20 6274.00 8766.95 6261.38 8764.35 6253.44 8749.84
11 13055.91 5695.76 13087.75 5640.70 13119.20 5633.14 13129.09 5635.89 13162.78 5677.53 13168.48 5713.61 13165.16 5728.51 13141.78 5766.99 13111.52 5757.69 13091.39 5751.22 13060.60 5717.49
7 8097.21 15792.09 8126.17 15892.48 8066.40 15933.71 8032.30 15944.26 8009.99 15930.94 7978.00 15835.20 8026.38 15798.50
9 8722.58 2077.99 8756.68 2027.63 8787.64 2019.14 8838.70 2013.87 8874.56 2055.25 8878.46 2106.07 8848.50 2130.26 8808.59 2140.99 8738.31 2113.96
10 1644.03 15355.13 1675.06 15293.56 1688.61 15285.08 1696.77 15280.98 1732.60 15286.75 1755.95 15306.88 1765.92 15345.00 1761.78 15352.96 1694.98 15385.56 1674.48 15386.57
6 3707.19 12733.83 3683.63 12709.17 3693.61 12654.45 3712.99 12653.22 3733.70 12664.88 3715.93 12720.29
7 2777.29 5060.78 2806.52 5026.70 2860.75 5029.26 2870.90 5031.84 2875.53 5106.48 2836.30 5129.42 2785.31 5105.23
8 2179.22 3737.17 2211.38 3713.34 2253.64 3737.51 2261.39 3743.36 2235.05 3787.69 2223.78 3797.31 2196.82 3781.50 2183.25 3767.80
7 11278.07 17695.42 11251.74 17717.23 11205.88 17681.85 11204.99 17650.43 11206.53 17618.98 11271.00 17609.60 11276.72 17625.48
8 6680.86 3700.09 6697.60 3624.29 6747.31 3627.81 6769.95 3653.51 6778.54 3681.85 6760.62 3717.32 6718.44 3735.23 6686.23 3708.21
10 12187.11 14888.97 12206.06 14850.67 12229.90 14821.40 12277.44 14832.95 12287.11 14839.65 12315.36 14885.81 12287.99 14928.17 12284.46 14931.68 12250.31 14937.52 12239.88 14931.36
12 11756.41 7481.41 11761.42 7426.34 11779.39 7409.95 11803.35 7406.66 11845.61 7450.20 11853.19 7458.34 11848.56 7490.46 11835.21 7497.55 11819.67 7505.10 11776.20 7517.32 11758.57 7514.45 11757.23 7501.34
6 16231.49 16633.98 16180.62 16615.83 16193.17 16574.47 16230.34 16560.06 16269.05 16567.45 16302.59 16596.22
12 4324.08 11271.68 4320.79 11196.49 4347.01 11167.48 4366.58 11161.89 4439.27 11170.77 4454.32 11184.44 4486.25 11234.21 4488.06 11252.83 4476.61 11276.62 4446.23 11302.05 4417.63 11321.60 4412.79 11324.13
9 9095.09 16364.05 9096.93 16328.72 9155.38 16303.45 9186.85 16342.09 9198.14 16371.13 9194.28 16383.14 9137.18 16417.14 9123.23 16423.24 9104.75 16390.85
9 11611.09 13843.10 11592.69 13791.89 11600.23 13763.25 11659.58 13739.74 11696.61 13753.90 11711.76 13791.49 11691.71 13834.28 11680.85 13851.70 11632.51 13847.31
6 13574.13 11449.44 13544.25 11350.39 13588.70 11347.74 13624.46 11381.80 13625.28 11413.70 13593.04 11439.20
7 884.43 7743.17 822.31 7758.42 777.18 7725.04 758.02 7688.67 778.94 7653.54 819.31 7646.57 871.59 7657.67
9 12617.09 1187.02 12666.21 1261.45 12662.03 1282.95 12609.62 1350.71 12527.45 1343.42 12506.39 1322.58 12489.10 1239.21 12494.61 1229.43 12529.05 1193.85
8 8599.69 11129.55 8638.80 11084.69 8657.87 11067.20 8720.50 11099.26 8725.84 11151.92 8723.55 11175.79 8691.92 11196.57 8612.15 11157.08
9 17481.08 14563.79 17416.64 14513.82 17426.33 14433.68 17440.29 14417.05 17515.22 14409.70 17589.66 14458.25 17575.29 14529.26 17556.08 14551.07 17515.66 14570.85
10 2158.10 5049.74 2199.64 5129.08 2154.71 5185.30 2138.42 5198.01 2050.86 5169.33 2032.47 5151.41 2050.23 5099.69 2069.97 5055.27 2102.96 5029.87 2131.33 5025.03
10 12158.97 12348.73 12088.68 12336.18 12077.12 12323.40 12055.96 12266.79 12058.61 12240.83 12121.22 12206.24 12184.86 12223.46 12190.71 12230.03 12208.80 12280.66 12196.82 12316.62
10 6315.04 7544.57 6292.93 7504.22 6301.91 7467.03 6307.58 7461.65 6356.08 7450.21 6391.06 7472.77 6404.04 7499.13 6399.51 7517.43 6376.25 7558.46 6334.62 7556.44
10 15073.39 15863.02 15080.57 15894.87 15066.60 15910.89 15052.66 15915.41 15002.63 15912.28 14998.89 15904.73 15002.23 15864.29 15026.76 15840.07 15043.45 15843.43 15059.20 15852.43
6 8544.51 7602.46 8539.79 7585.66 8547.03 7559.31 8593.03 7539.04 8615.35 7545.31 8628.73 7591.40
11 6747.01 3744.74 6791.05 3738.34 6822.30 3741.76 6836.70 3748.31 6835.20 3782.55 6834.84 3787.88 6825.79 3802.90 6818.90 3805.00 6781.45 3806.58 6765.95 3797.61 6751.62 3770.11
6 4608.34 11962.65 4529.01 11925.19 4532.08 11864.57 4558.31 11851.35 4583.22 11845.15 4612.66 11851.42
10 15680.21 3961.93 15680.57 3924.32 15690.61 3906.65 15707.69 3892.30 15752.29 3902.58 15773.41 3947.07 15765.88 3969.09 15750.23 3981.33 15705.06 3985.09 15687.24 3977.41
10 7655.52 7530.40 7651.18 7503.17 7666.11 7482.21 7678.38 7469.96 7700.69 7470.22 7726.27 7473.93 7737.24 7477.51 7741.46 7501.72 7739.39 7518.03 7691.90 7554.41
10 15829.81 13529.17 15784.80 13525.85 15766.99 13507.46 15749.36 13451.98 15756.17 13428.19 15773.68 13397.06 15806.93 13390.97 15853.61 13405.26 15869.16 13414.27 15865.92 13504.60
5 2638.89 9650.07 2507.75 9624.25 2563.92 9541.55 2609.45 9540.06 2632.03 9554.07
11 10267.04 6174.08 10186.64 6143.15 10175.40 6126.35 10155.73 6084.61 10183.24 6050.06 10240.28 6031.59 10279.44 6024.38 10307.04 6061.63 10311.10 6076.89 10305.62 6116.88 10292.87 6147.03
8 10365.79 1284.02 10326.89 1328.92 10305.34 1312.42 10290.32 1293.61 10285.18 1283.78 10276.51 1260.05 10283.68 1242.23 10326.25 1227.79
9 3186.61 9600.81 3111.62 9658.74 3055.05 9639.91 3050.03 9632.65 3033.16 9602.69 3052.75 9532.87 3056.74 9528.20 3098.20 9507.49 3173.61 9539.60
10 1648.90 7443.53 1624.70 7435.28 1598.18 7384.49 1592.12 7366.19 1667.90 7325.15 1669.52 7324.76 1697.62 7330.30 1727.87 7364.88 1730.62 7375.56 1703.53 7427.81
11 5780.90 10965.59 5771.23 11006.84 5733.86 11070.87 5660.96 11028.58 5634.79 11012.95 5629.11 10997.95 5620.26 10968.39 5619.92 10952.34 5662.91 10905.14 5713.95 10900.82 5752.70 10920.00
8 16038.26 2677.22 16125.79 2587.57 16204.47 2632.95 16205.41 2709.60 16170.64 2754.05 16099.90 2772.96 16089.47 2769.33 16052.37 2708.49
9 6064.41 4197.11 6028.91 4159.84 6039.81 4123.38 6095.72 4091.92 6122.26 4107.24 6146.09 4134.80 6140.22 4172.89 6133.12 4186.15 6116.96 4198.79
8 2275.55 727.73 2186.56 685.90 2202.05 601.86 2259.60 582.25 2291.19 590.16 2300.44 594.71 2326.20 634.73 2309.49 695.56
8 10633.27 9642.25 10608.04 9724.08 10576.64 9723.45 10550.02 9714.38 10543.95 9710.93 10551.48 9643.47 10568.52 9634.75 10589.86 9625.29
7 9963.56 15588.08 9970.99 15608.24 9967.04 15613.83 9911.28 15639.27 9901.27 15611.81 9892.59 15540.57 9903.45 15545.27
9 13299.56 16999.78 13159.64 16991.65 13152.26 16985.06 13150.26 16969.39 13175.22 16920.04 13195.31 16903.48 13245.85 16905.52 13270.52 16912.25 13288.54 16932.85
7 7615.38 7196.96 7650.86 7214.59 7646.98 7264.99 7621.25 7273.95 7585.45 7263.68 7574.19 7236.29 7579.87 7217.83
9 10825.43 17616.82 10843.12 17580.93 10875.48 17526.04 10942.29 17584.15 10953.57 17628.01 10938.22 17649.35 10927.31 17663.17 10877.52 17649.96 10828.58 17627.86
7 4135.47 17486.83 4091.10 17419.45 4093.76 17398.05 4139.31 17327.31 4237.85 17353.34 4254.23 17396.85 4245.76 17460.42
10 15659.45 9375.18 15685.23 9368.00 15714.12 9382.24 15725.69 9394.18 15727.72 9402.94 15722.79 9433.12 15710.24 9442.51 15688.93 9440.18 15641.99 9411.27 15642.19 9405.78
8 6225.93 9130.56 6205.58 9159.54 6197.15 9158.76 6159.58 9151.32 6159.14 9104.64 6199.33 9091.27 6205.18 9094.00 6224.64 9104.17
8 12080.11 1076.46 12031.09 1070.95 12029.22 1068.10 12025.88 1024.58 12025.77 1001.79 12132.26 1016.89 12134.84 1022.17 12124.96 1054.34
6 1149.01 2809.46 1119.08 2743.28 1231.57 2732.34 1236.18 2746.74 1234.00 2767.99 1216.13 2803.13
7 562.73 12228.74 592.86 12281.81 592.64 12302.42 544.21 12342.69 498.21 12301.33 496.03 12274.78 521.41 12235.76
11 10089.30 4443.11 10055.61 4396.85 10087.49 4354.96 10098.97 4341.64 10139.10 4349.40 10150.32 4359.34 10158.23 4375.16 10157.84 4390.91 10143.39 4422.96 10132.73 4439.74 10114.32 4444.32
10 1605.15 3021.61 1613.36 3091.34 1582.14 3109.82 1516.00 3116.28 1472.23 3094.64 1471.71 3090.68 1474.39 3036.27 1489.66 3020.91 1542.80 2982.75 1558.52 2986.62
12 8590.28 12445.60 8576.67 12373.20 8592.04 12360.59 8642.72 12327.16 8661.28 12316.03 8707.97 12344.31 8739.41 12429.21 8732.91 12468.39 8722.71 12473.26 8679.86 12485.48 8652.55 12488.42 8614.90 12468.94
8 4051.87 3227.65 4088.53 3177.20 4113.89 3169.27 4139.11 3201.79 4154.23 3266.75 4127.18 3294.37 4114.90 3297.55 4065.53 3274.23
11 4434.68 15152.37 4457.11 15118.85 4513.87 15111.37 4570.77 15137.54 4571.46 15184.74 4568.16 15192.45 4553.25 15221.17 4521.09 15232.40 4465.53 15214.18 4458.52 15204.46 4437.53 15161.90
8 551.50 3462.58 579.25 3400.59 642.11 3364.40 682.14 3380.27 730.06 3454.50 716.08 3495.88 656.82 3541.89 617.64 3535.87
7 12086.69 6445.17 12188.02 6506.78 12145.55 6593.46 12040.71 6564.50 12048.45 6495.81 12064.36 6466.97 12081.52 6448.94
11 8867.21 4793.19 8866.39 4743.81 8886.68 4690.60 8910.92 4680.45 8973.52 4721.78 8975.96 4725.26 8979.55 4736.99 8971.83 4780.22 8971.58 4781.17 8930.26 4809.21 8887.55 4815.01
7 14030.79 8170.57 14058.60 8211.56 14019.94 8268.56 13943.67 8276.67 13916.60 8263.19 13918.70 8257.92 13966.25 8183.72
7 2676.40 9981.88 2715.03 9990.29 2709.39 10064.31 2690.59 10068.98 2673.27 10063.95 2633.92 10020.54 2634.17 10007.33
9 8081.15 4054.46 8063.03 4116.98 7979.66 4120.39 7918.76 4081.31 7905.91 4064.75 7938.72 4007.62 7961.65 3988.85 7988.39 3974.80 8070.67 4035.42
14 9020.55 3252.79 9027.05 3225.50 9063.02 3192.36 9081.44 3196.02 9104.86 3210.29 9108.39 3212.58 9132.97 3254.35 9136.23 3271.77 9124.43 3282.03 9104.16 3298.11 9081.13 3306.94 9045.27 3283.28 9044.42 3282.48 9022.96 3258.91
10 12686.42 2777.34 12701.22 2804.27 12697.89 2827.31 12683.47 2838.45 12675.29 2842.63 12640.00 2844.29 12634.77 2840.00 12625.95 2824.58 12624.84 2794.50 12643.51 2778.46
8 4218.75 8626.69 4199.18 8580.04 4204.52 8553.24 4241.90 8539.85 4248.56 8544.88 4280.16 8598.17 4282.50 8611.52 4272.29 8626.84
13 1408.97 17124.35 1411.66 17059.62 1422.39 17042.15 1433.61 17036.51 1466.78 17022.49 1480.19 17025.34 1505.85 17056.77 1512.33 17070.32 1514.36 17091.26 1517.42 17137.06 1492.82 17146.29 1441.43 17148.99 1409.30 17125.64
9 10465.78 17612.33 10467.52 17700.61 10459.64 17702.22 10416.04 17707.29 10375.24 17700.62 10345.33 17678.16 10359.35 17630.24 10376.91 17596.84 10418.58 17602.06
9 10484.75 4629.09 10460.28 4729.85 10435.29 4738.57 10345.37 4729.30 10330.61 4707.08 10341.88 4592.16 10390.21 4572.15 10420.88 4572.51 10471.22 4591.10
9 14279.34 6678.08 14285.99 6651.08 14320.20 6612.92 14345.26 6619.33 14350.65 6654.89 14344.01 6685.18 14337.53 6701.70 14328.96 6706.73 14290.41 6698.58
7 17128.85 1715.44 17121.41 1680.95 17141.43 1662.15 17171.70 1669.75 17192.52 1681.13 17187.38 1722.37 17176.39 1726.39
8 17762.68 1042.05 17786.40 929.30 17813.41 919.70 17819.69 924.52 17898.32 990.08 17884.45 1027.05 17872.56 1051.68 17803.05 1047.41
10 10691.78 3016.67 10616.20 2997.12 10594.02 2978.41 10586.06 2963.59 10582.29 2951.37 10591.86 2914.23 10622.79 2848.83 10727.31 2861.12 10740.69 2876.15 10740.63 2891.21
6 10781.09 14879.34 10804.58 14947.96 10785.04 14986.07 10682.83 14991.22 10668.41 14949.58 10692.28 14918.08
6 3176.79 1450.61 3133.19 1421.80 3143.87 1408.16 3188.87 1384.49 3222.44 1410.87 3214.01 1425.70
9 6102.81 11145.31 6056.25 11107.37 6064.12 11027.61 6077.92 10994.04 6083.12 10986.01 6165.16 11007.48 6186.16 11029.93 6193.40 11041.70 6161.48 11091.70
8 6555.94 6646.31 6518.29 6578.93 6552.01 6513.18 6608.69 6505.14 6653.63 6533.68 6668.73 6566.46 6637.84 6650.26 6577.19 6663.80
10 9730.18 17669.73 9752.55 17662.00 9783.34 17662.12 9798.19 17670.51 9811.89 17782.78 9765.43 17788.42 9692.73 17786.14 9687.00 17770.17 9683.93 17706.02 9716.84 17679.80
8 15305.60 3707.68 15344.35 3783.30 15299.56 3835.53 15264.10 3875.60 15190.48 3854.26 15173.21 3821.00 15159.58 3748.17 15207.83 3708.64
6 10335.89 10635.58 10361.01 10683.38 10333.77 10712.94 10281.49 10672.76 10289.30 10650.89 10324.49 10636.74
9 11698.44 11850.22 11755.65 11814.55 11795.19 11844.83 11805.64 11898.79 11764.84 11926.89 11702.49 11930.38 11677.07 11916.14 11679.11 11896.04 11688.61 11868.17
11 6268.86 13540.68 6250.83 13574.53 6236.18 13591.51 6212.74 13609.76 6192.90 13605.64 6160.66 13592.93 6147.78 13572.06 6135.86 13509.33 6143.32 13497.64 6184.30 13477.58 6264.38 13508.09
7 17455.32 7780.82 17477.05 7743.12 17531.44 7749.30 17545.85 7799.47 17532.59 7828.44 17496.55 7825.86 17460.04 7817.66
11 14808.46 9455.10 14831.29 9432.09 14858.10 9438.45 14882.64 9445.26 14897.02 9460.12 14903.41 9476.83 14896.13 9511.47 14841.71 9535.66 14810.40 9519.13 14803.27 9506.45 14804.77 9488.40
7 1570.21 10360.18 1604.21 10258.62 1623.00 10260.39 1705.73 10302.78 1709.35 10333.70 1706.25 10378.44 1598.26 10388.97
11 6486.54 9794.92 6482.31 9766.94 6484.93 9742.87 6493.28 9713.69 6575.30 9721.84 6591.21 9737.22 6613.53 9774.66 6579.68 9807.06 6560.34 9824.58 6515.68 9828.10 6502.22 9821.53
9 17562.45 4301.73 17553.92 4299.30 17552.47 4281.41 17552.01 4241.54 17584.62 4216.45 17603.57 4219.94 17616.18 4237.78 17632.47 4268.33 17616.09 4292.42
7 6943.65 12727.02 6989.23 12737.59 6986.94 12790.68 6967.75 12796.32 6943.81 12792.82 6916.87 12747.82 6926.64 12733.97
8 1346.34 7364.77 1359.11 7333.36 1403.81 7309.67 1418.41 7305.68 1426.68 7326.56 1448.64 7385.92 1440.40 7396.97 1395.39 7389.59
9 720.17 14996.55 729.15 14945.30 756.30 14920.38 809.68 14931.82 818.28 14957.18 815.41 14975.78 787.98 15016.39 759.39 15015.63 721.38 15000.62
7 14600.84 4253.04 14628.08 4257.34 14647.41 4297.37 14648.52 4336.22 14645.06 4346.31 14496.48 4318.24 14497.41 4298.55
9 7354.91 13477.45 7340.57 13498.50 7283.88 13497.28 7281.80 13480.77 7286.11 13470.14 7297.67 13445.12 7311.67 13445.16 7340.68 13450.19 7354.16 13471.51
11 14288.70 9250.72 14285.73 9215.64 14293.05 9182.35 14337.80 9166.07 14365.31 9164.79 14386.41 9163.89 14400.10 9178.80 14405.60 9184.86 14395.68 9243.85 14375.24 9273.41 14339.75 9267.80
6 6124.01 15132.00 6090.48 15117.11 6117.18 15074.16 6128.84 15062.39 6151.24 15098.06 6156.03 15119.35
6 9754.41 7740.61 9787.03 7648.44 9845.15 7687.00 9843.82 7745.10 9800.66 7763.12 9773.91 7758.93
9 8631.44 16386.47 8639.33 16332.60 8688.94 16305.74 8739.99 16341.64 8755.50 16384.93 8750.20 16399.39 8712.60 16428.03 8694.73 16435.45 8674.61 16427.10
9 9196.14 15823.87 9272.89 15850.66 9262.57 15922.02 9214.74 15982.78 9167.45 16004.29 9135.10 15977.17 9128.60 15963.25 9127.38 15875.20 9153.56 15847.35
6 15016.64 17015.13 14966.90 16958.14 14992.23 16913.79 15080.84 16896.09 15094.53 16925.10 15079.19 16987.78
8 9782.09 1084.66 9751.67 1031.47 9758.39 1007.58 9767.83 1003.45 9802.96 992.26 9836.09 1018.65 9851.11 1048.48 9810.18 1088.69
7 3648.65 729.17 3632.20 666.21 3644.26 660.44 3700.25 675.19 3709.04 690.20 3710.07 692.91 3703.17 715.37
10 14635.98 87.13 14706.70 65.52 14759.60 92.46 14773.30 104.12 14773.80 196.89 14744.05 241.79 14653.39 226.28 14630.19 201.28 14607.03 131.82 14612.97 117.82
7 8580.18 7414.89 8583.30 7469.61 8560.77 7490.99 8550.31 7489.23 8508.83 7479.03 8500.79 7429.16 8513.23 7419.05
8 15509.42 13168.54 15499.74 13100.35 15523.46 13079.20 15558.96 13084.75 15582.34 13126.73 15582.48 13147.53 15567.17 13165.08 15526.96 13171.03
9 215.54 7963.66 263.44 7985.59 253.87 8044.53 244.35 8048.94 220.67 8057.80 187.04 8041.35 185.42 8033.30 193.67 7979.47 198.60 7973.15
8 902.56 4236.88 845.33 4296.41 807.95 4275.73 784.65 4240.00 772.56 4187.26 831.21 4169.03 859.50 4171.62 889.23 4183.69
9 5126.43 8709.95 5112.31 8644.00 5151.92 8596.74 5167.79 8583.97 5210.82 8605.27 5237.71 8621.50 5242.89 8628.73 5230.50 8659.34 5172.41 8710.09
8 4736.17 16254.44 4682.12 16315.28 4594.72 16305.43 4555.47 16239.78 4587.70 16180.74 4625.17 16137.40 4701.77 16158.10 4704.43 16164.34
7 13509.32 13819.79 13467.37 13871.70 13430.53 13870.25 13400.26 13810.45 13416.29 13785.99 13431.79 13772.20 13440.04 13776.64
10 16627.67 6729.37 16631.14 6693.75 16648.63 6680.47 16680.01 6685.38 16692.19 6696.35 16695.26 6710.70 16688.18 6736.10 16673.03 6745.33 16643.96 6750.52 16631.39 6743.00
9 8598.06 12858.57 8653.13 12799.85 8674.11 12783.97 8697.95 12781.48 8752.23 12821.31 8769.18 12897.83 8716.21 12945.19 8652.13 12934.31 8631.79 12921.22
10 9550.67 3052.90 9471.24 3018.65 9477.11 2946.93 9512.19 2899.04 9530.24 2884.76 9581.83 2900.79 9621.30 2928.81 9622.64 2938.64 9611.27 3005.57 9567.73 3043.78
9 10463.35 5557.58 10454.07 5528.84 10482.58 5510.43 10502.17 5512.19 10517.95 5531.92 10525.73 5550.56 10523.40 5554.68 10486.02 5567.82 10477.20 5564.87
9 4206.20 13309.14 4135.35 13237.36 4160.88 13177.18 4195.10 13139.29 4244.79 13144.63 4293.13 13173.63 4315.30 13238.58 4280.57 13293.46 4266.75 13303.69
8 14775.14 4490.65 14770.72 4546.20 14688.24 4583.98 14652.12 4565.60 14644.70 4471.15 14675.63 4455.28 14723.27 4460.49 14751.14 4465.17
9 3215.79 15761.66 3233.33 15784.25 3219.91 15803.08 3196.91 15817.65 3183.63 15819.79 3177.60 15815.95 3162.62 15801.89 3154.01 15784.53 3170.33 15770.70
7 13080.44 2945.89 13026.56 2899.45 13039.78 2840.63 13086.02 2837.31 13113.45 2857.25 13121.12 2880.42 13118.46 2910.64
11 14130.99 15096.57 14117.81 15081.89 14099.43 15054.08 14085.47 15030.60 14104.06 15000.10 14120.19 14997.95 14156.00 14994.71 14173.82 15007.45 14200.77 15037.86 14196.39 15048.00 14170.31 15086.24
5 17665.84 1918.04 17717.75 2004.41 17673.09 2061.03 17572.74 2019.03 17616.68 1962.66
5 16688.34 15603.20 16591.30 15600.60 16599.12 15538.29 16619.65 15510.54 16705.38 15519.83
7 9738.85 6655.47 9708.64 6609.15 9723.92 6577.10 9765.27 6560.64 9800.04 6575.40 9814.84 6609.58 9794.87 6629.91
11 1417.82 661.71 1387.34 637.27 1375.13 611.28 1371.53 603.19 1383.68 557.75 1398.19 548.54 1437.93 545.78 1442.98 551.73 1482.89 600.48 1445.56 640.97 1430.59 652.42
8 1321.37 12402.37 1403.92 12331.06 1453.36 12382.90 1467.34 12418.83 1468.01 12474.49 1394.69 12501.40 1346.11 12473.15 1332.06 12452.34
8 13628.87 9122.18 13666.40 9086.64 13720.19 9102.37 13722.38 9139.00 13712.54 9148.86 13696.27 9162.97 13662.08 9166.71 13635.89 9148.49
7 10644.97 9439.38 10668.91 9475.34 10651.50 9515.58 10620.11 9517.68 10594.76 9514.31 10577.38 9491.87 10603.36 9440.83
11 1709.22 11256.27 1696.19 11284.34 1659.78 11275.15 1645.03 11269.73 1644.02 11268.79 1639.69 11260.48 1641.97 11249.92 1658.83 11216.79 1670.46 11215.88 1695.42 11220.72 1705.26 11238.90
9 2492.27 5586.80 2497.01 5537.26 2514.93 5522.04 2574.55 5503.12 2615.35 5561.20 2624.65 5581.08 2620.40 5591.70 2522.79 5643.21 2499.39 5628.97
8 4689.78 3561.66 4733.51 3582.17 4750.71 3620.41 4751.92 3633.10 4679.79 3669.71 4653.06 3658.56 4657.67 3596.90 4664.29 3583.24
7 2736.96 12263.05 2695.69 12322.76 2652.24 12305.58 2645.52 12271.96 2671.15 12235.07 2708.19 12226.41 2723.65 12234.04
8 534.67 14806.77 488.44 14781.67 497.87 14755.12 512.04 14720.45 540.37 14712.09 561.59 14736.39 590.47 14783.02 578.28 14806.73
10 12269.61 7229.14 12205.58 7254.28 12136.75 7183.85 12134.95 7099.55 12166.50 7081.66 12258.29 7076.10 12287.79 7118.24 12287.78 7164.43 12284.87 7184.03 12275.78 7216.19
10 15954.02 12333.87 15944.83 12301.95 15951.23 12265.98 16000.39 12241.75 16031.00 12234.66 16054.44 12238.15 16103.05 12299.89 16083.85 12363.89 16000.49 12384.94 15988.20 12377.05
7 5180.77 10763.57 5253.10 10703.52 5342.79 10735.62 5337.04 10796.83 5321.11 10831.12 5266.33 10860.69 5220.68 10811.49
11 4132.35 679.45 4083.26 625.80 4106.87 591.42 4127.14 572.62 4173.49 555.23 4233.32 569.20 4254.49 583.15 4249.01 643.95 4219.49 692.95 4185.01 694.14 4154.57 690.55
8 16787.40 2438.50 16829.65 2371.00 16855.93 2364.66 16960.90 2412.39 16969.79 2450.44 16936.44 2482.82 16817.14 2517.91 16795.42 2495.52
7 12890.43 7064.93 12934.97 6961.63 12998.79 7007.39 13009.54 7054.39 13005.34 7076.30 13002.30 7084.12 12929.92 7088.68
9 17622.80 16186.44 17688.47 16146.31 17737.72 16182.10 17759.69 16214.87 17713.72 16280.48 17704.17 16283.73 17619.84 16278.83 17601.54 16232.97 17613.04 16196.38
9 12378.87 8465.10 12324.97 8441.41 12326.68 8402.10 12339.19 8380.15 12380.94 8356.89 12427.53 8353.52 12448.50 8388.92 12430.75 8448.21 12422.14 8451.25
11 3733.88 15663.83 3725.13 15653.35 3725.69 15646.83 3733.94 15618.02 3750.83 15591.44 3778.70 15591.23 3787.64 15594.40 3796.13 15598.69 3799.86 15601.64 3792.35 15648.39 3764.71 15677.77
9 1788.20 4799.44 1729.74 4859.10 1646.55 4790.27 1634.96 4769.06 1662.25 4731.43 1693.11 4707.71 1727.10 4701.80 1738.76 4706.18 1765.56 4721.84
6 9297.80 11033.57 9316.41 10955.61 9371.14 10966.32 9423.17 11018.16 9417.96 11058.91 9374.89 11087.18
9 416.13 3412.40 449.78 3441.95 447.07 3497.44 446.53 3499.77 443.31 3509.31 437.04 3511.03 422.01 3510.27 371.05 3503.04 371.63 3449.14
11 7416.83 6543.91 7439.85 6501.61 7445.85 6496.10 7465.41 6480.13 7502.24 6500.30 7516.16 6532.94 7492.75 6562.60 7475.79 6569.50 7471.99 6569.82 7447.61 6571.32 7434.32 6566.11
8 3000.13 7577.30 3026.41 7657.85 2994.57 7665.95 2929.67 7654.32 2908.51 7643.76 2906.46 7615.89 2927.27 7595.35 2950.85 7579.97
8 7567.70 792.92 7599.83 728.56 7649.91 728.09 7682.48 762.55 7667.11 818.76 7612.01 841.37 7600.87 840.05 7575.56 816.94
9 10151.85 10654.28 10195.77 10733.63 10195.16 10747.39 10185.03 10769.23 10143.25 10800.97 10074.97 10786.51 10055.54 10713.72 10057.80 10694.15 10093.20 10653.44
8 14329.50 14733.13 14359.43 14759.08 14343.79 14775.83 14302.72 14785.91 14283.65 14783.33 14275.01 14755.57 14276.35 14747.53 14298.29 14735.20
8 8915.26 12334.34 8941.21 12365.11 8936.13 12399.19 8921.14 12404.34 8891.69 12403.87 8870.06 12396.88 8873.48 12354.29 8893.15 12335.46
5 4981.49 12559.52 5068.95 12463.80 5111.64 12489.76 5114.87 12560.41 5089.35 12604.98
6 15098.87 1938.49 15151.07 1850.57 15247.57 1878.75 15253.27 1974.07 15217.76 2002.43 15191.44 2003.07
7 5650.91 11856.72 5629.23 11809.81 5634.24 11763.16 5674.42 11762.61 5690.97 11772.14 5704.22 11824.88 5676.28 11841.73
11 731.45 10013.48 670.10 9947.07 672.96 9903.79 689.37 9869.71 707.60 9851.60 793.82 9842.24 846.42 9893.07 844.83 9926.12 821.22 9986.47 772.91 10024.11 769.51 10024.19
12 7898.72 5017.74 7959.28 5005.77 7975.08 5019.75 7980.67 5027.07 8011.28 5079.73 8013.17 5083.80 7986.56 5126.75 7970.33 5137.08 7934.00 5126.70 7885.49 5087.47 7877.73 5078.00 7878.62 5064.45
5 12155.90 16888.97 12140.22 16941.17 12110.26 16940.35 12046.24 16838.74 12105.70 16819.04
8 383.24 8763.75 334.07 8688.56 343.36 8608.20 374.78 8604.45 417.70 8634.95 442.58 8657.62 467.79 8682.80 452.37 8723.36
11 4954.68 8536.57 4928.56 8556.63 4912.00 8550.85 4887.16 8533.10 4887.41 8524.70 4890.99 8515.72 4904.00 8486.93 4932.81 8500.47 4941.27 8506.51 4946.20 8515.28 4953.06 8528.67
8 3858.07 14407.39 3768.05 14338.54 3779.80 14311.84 3854.57 14281.35 3858.59 14282.77 3903.13 14320.70 3897.06 14391.57 3881.29 14408.87
7 16263.31 3531.80 16377.74 3576.72 16334.91 3664.23 16319.82 3667.99 16245.78 3630.39 16246.60 3554.62 16253.59 3543.94
10 5110.23 7806.96 5092.41 7733.25 5095.84 7721.03 5142.25 7698.76 5180.35 7694.55 5203.71 7698.07 5217.03 7774.32 5216.06 7798.60 5177.57 7817.62 5133.61 7810.82
10 946.59 3818.40 970.09 3786.63 989.54 3773.14 1003.07 3766.52 1007.55 3767.44 1033.58 3797.51 1033.15 3820.48 1003.42 3842.90 969.55 3846.40 954.62 3837.05
8 11290.59 13689.22 11358.37 13650.34 11429.16 13690.58 11413.66 13748.75 11406.06 13758.62 11333.55 13801.20 11309.30 13786.40 11291.80 13700.07
11 7080.17 16164.29 7137.71 16091.51 7178.59 16097.07 7201.54 16100.61 7203.38 16101.36 7230.72 16115.72 7204.78 16250.74 7190.64 16268.97 7145.24 16260.60 7088.44 16243.80 7084.12 16202.73
6 5640.35 13168.72 5628.38 13087.91 5629.02 13071.04 5687.72 13090.93 5688.10 13104.67 5686.74 13168.11
9 16569.79 11109.38 16574.20 11160.31 16573.45 11170.06 16561.41 11186.48 16534.18 11188.98 16493.64 11163.58 16484.81 11122.32 16506.89 11094.49 16564.69 11108.03
7 5674.18 17716.13 5638.74 17768.42 5605.13 17752.05 5534.13 17678.47 5571.59 17629.48 5585.86 17616.87 5659.46 17644.15
8 7565.37 6641.80 7613.59 6609.43 7637.10 6614.57 7645.49 6636.17 7653.63 6670.10 7637.46 6687.11 7600.38 6689.67 7581.85 6677.68
9 1754.87 14922.75 1753.68 14884.55 1759.91 14837.61 1801.32 14821.38 1830.50 14829.84 1869.66 14860.44 1855.60 14922.88 1806.70 14946.61 1792.82 14950.37
7 7375.11 9774.53 7428.80 9844.73 7402.30 9892.39 7400.78 9892.55 7330.42 9876.70 7321.62 9860.43 7327.54 9803.52
9 3703.80 5975.14 3692.82 5921.78 3696.67 5900.85 3749.78 5886.31 3788.65 5911.67 3792.04 5939.41 3789.59 5953.93 3784.96 5973.07 3726.60 5988.54
10 13397.29 10075.50 13418.93 10035.29 13457.95 10020.45 13463.19 10028.33 13466.95 10038.27 13478.01 10068.01 13478.04 10068.46 13472.72 10099.17 13432.07 10111.56 13402.26 10088.32
6 10750.72 9042.44 10653.44 8983.35 10653.79 8953.13 10686.97 8881.40 10781.03 8932.68 10768.94 9020.49
11 11645.40 3774.54 11633.05 3763.85 11609.29 3737.92 11606.42 3733.09 11608.29 3715.84 11614.35 3704.18 11626.26 3700.04 11671.04 3704.44 11679.50 3719.23 11680.03 3732.01 11677.33 3764.67
6 12535.10 5234.36 12589.80 5174.05 12639.08 5207.42 12647.46 5238.40 12641.46 5248.01 12592.87 5294.14
9 3618.69 12855.87 3668.96 12883.84 3668.31 12891.56 3660.08 12909.24 3635.35 12935.89 3624.32 12935.22 3596.98 12924.40 3585.42 12906.81 3596.91 12864.89
10 9896.98 17040.54 9847.78 17038.14 9802.92 16987.72 9801.84 16971.30 9833.91 16925.37 9847.00 16910.27 9895.05 16915.22 9939.99 16940.70 9937.63 16968.42 9927.15 16988.94
10 12334.09 2868.67 12297.36 2899.12 12287.23 2891.55 12257.22 2851.99 12259.79 2842.82 12268.42 2824.27 12312.21 2817.52 12313.85 2820.31 12333.54 2854.29 12333.91 2858.62
7 2577.54 6115.57 2595.42 6147.21 2590.62 6160.42 2567.62 6190.94 2536.41 6176.17 2516.05 6129.41 2541.64 6113.43
10 13666.95 1392.51 13576.01 1357.11 13588.03 1241.64 13596.89 1223.61 13660.97 1206.83 13703.61 1222.40 13727.05 1265.49 13716.73 1336.07 13712.62 1350.81 13707.10 1360.75
7 1822.47 927.53 1770.69 993.50 1726.05 985.46 1714.39 960.80 1735.65 907.70 1751.86 900.47 1774.19 898.66
8 17490.03 2752.46 17443.48 2860.07 17419.57 2859.09 17360.63 2834.71 17303.92 2781.93 17373.22 2711.70 17389.12 2702.28 17442.72 2726.23
14 11816.87 7700.36 11828.62 7667.97 11843.87 7661.10 11888.40 7669.83 11910.16 7686.02 11949.01 7716.76 11937.12 7768.70 11935.34 7772.60 11886.47 7782.79 11883.22 7783.39 11868.44 7785.62 11856.96 7783.73 11822.28 7734.68 11816.88 7711.23
8 15242.53 8438.99 15253.58 8371.89 15332.05 8375.47 15333.47 8391.32 15331.35 8408.87 15300.89 8459.57 15291.07 8468.55 15251.09 8448.44
12 14821.31 3565.11 14845.75 3500.23 14871.77 3492.63 14908.58 3488.07 14938.50 3489.62 14962.14 3509.36 14963.25 3571.24 14936.89 3601.08 14898.02 3623.29 14893.89 3625.28 14887.09 3623.90 14862.95 3603.11
7 8477.04 1367.30 8500.96 1438.18 8492.48 1442.43 8441.07 1454.58 8417.97 1417.83 8418.49 1407.97 8434.15 1371.66
9 10721.03 12451.37 10784.51 12397.33 10869.45 12469.72 10876.99 12482.29 10848.92 12515.19 10831.93 12529.08 10756.11 12559.91 10737.16 12543.99 10723.48 12482.05
6 16176.14 14115.46 16209.89 14048.79 16256.87 14050.13 16324.10 14056.15 16327.00 14132.70 16248.93 14193.96
10 8540.44 16130.14 8616.46 16091.42 8633.74 16106.78 8663.87 16137.68 8699.66 16180.86 8694.83 16233.34 8665.26 16250.94 8591.21 16265.68 8569.47 16261.02 8544.59 16202.05
7 5716.64 12852.69 5617.61 12808.17 5627.69 12777.33 5653.79 12714.06 5754.61 12710.40 5775.65 12758.47 5776.03 12767.00
8 2605.11 6843.57 2658.44 6885.29 2600.83 6964.45 2589.68 6975.82 2566.32 6959.28 2549.61 6945.68 2544.22 6869.78 2555.45 6856.46
8 2682.92 3510.29 2619.38 3577.81 2575.62 3553.47 2504.83 3503.90 2532.69 3429.95 2593.46 3419.04 2625.99 3416.84 2678.24 3501.58
8 12020.30 10819.25 12043.17 10763.60 12088.20 10764.38 12122.08 10771.06 12131.76 10826.54 12119.38 10844.03 12100.70 10869.99 12032.77 10842.75
9 1315.92 4407.46 1320.66 4364.52 1347.55 4354.14 1363.59 4360.87 1395.06 4399.92 1392.22 4412.98 1375.83 4438.47 1353.93 4430.57 1323.27 4417.66
8 14840.62 1905.34 14802.70 1885.32 14820.57 1842.57 14841.24 1799.33 14850.84 1782.14 14908.76 1823.78 14921.40 1861.38 14852.44 1900.30
8 268.16 17403.98 307.30 17470.14 296.37 17501.20 234.80 17520.11 192.78 17489.02 177.09 17435.34 192.91 17425.66 212.92 17417.51
7 2914.22 16727.16 2974.03 16666.80 3023.07 16700.35 3025.59 16752.73 2986.05 16798.73 2933.52 16799.86 2926.07 16773.94
10 5010.20 11233.83 5045.61 11228.67 5055.98 11243.80 5073.21 11276.70 5073.53 11301.70 5050.91 11321.41 5038.38 11323.97 5027.21 11317.71 4979.47 11271.62 4998.67 11245.34
8 611.35 5990.48 741.91 6030.20 724.90 6080.58 702.64 6117.46 677.82 6142.41 597.88 6097.81 595.57 6062.82 597.96 5994.36
11 3573.78 5617.35 3576.38 5624.27 3565.59 5656.14 3475.19 5709.48 3444.51 5690.41 3443.63 5665.66 3444.26 5661.13 3448.91 5628.96 3488.06 5589.73 3499.30 5586.09 3546.03 5574.23
9 15319.75 8328.00 15334.75 8280.42 15361.99 8272.34 15369.29 8280.00 15376.11 8294.87 15381.99 8325.53 15361.71 8343.37 15353.89 8348.42 15328.17 8333.86
14 17279.65 15075.86 17327.73 15053.55 17337.39 15058.85 17363.59 15087.39 17364.47 15090.13 17369.13 15112.08 17362.98 15122.30 17357.73 15128.71 17327.24 15147.96 17312.92 15152.92 17299.47 15151.99 17289.24 15137.63 17271.31 15106.95 17272.18 15093.81
10 2888.49 2462.57 2895.10 2412.63 3005.40 2370.21 3022.35 2391.85 3051.34 2445.03 3043.46 2486.39 2996.30 2531.69 2952.88 2533.06 2944.15 2530.69 2913.68 2520.86
8 14481.79 16360.03 14455.48 16252.02 14483.62 16195.43 14524.29 16197.81 14563.63 16207.71 14581.88 16237.59 14592.94 16307.59 14568.58 16336.85
7 6484.29 15868.52 6454.79 15816.68 6476.80 15790.89 6489.29 15777.26 6514.48 15795.36 6541.76 15826.38 6536.51 15841.99
9 12194.51 10175.10 12212.83 10090.09 12237.98 10062.71 12350.10 10080.71 12369.99 10109.77 12362.01 10169.31 12331.51 10191.20 12281.92 10222.63 12205.44 10191.78
9 10911.81 13902.34 10840.52 13874.80 10854.96 13832.19 10878.20 13796.73 10880.03 13794.81 10899.12 13787.07 10930.50 13831.03 10944.43 13861.72 10941.64 13890.83
