Giant_1500_A
13457.47 3476.47
5185.28 8364.09
4 0.00 0.00 15600.00 0.00 15600.00 15600.00 0.00 15600.00
1500
8 13132.04 12845.17 13089.92 12866.79 13043.40 12854.32 13040.56 12830.46 13050.68 12817.39 13088.17 12795.11 13097.67 12791.49 13118.12 12802.76
11 5645.37 11129.54 5639.12 11082.29 5674.42 11047.89 5704.40 11045.24 5766.83 11049.11 5790.49 11061.27 5808.99 11084.43 5790.93 11150.27 5732.26 11182.78 5691.76 11186.36 5688.35 11183.86
9 15488.29 4430.68 15430.77 4487.82 15351.75 4461.15 15334.03 4416.51 15335.60 4376.98 15357.04 4321.07 15399.42 4312.29 15482.71 4382.58 15487.84 4402.29
10 7307.91 14879.88 7307.48 14867.24 7312.59 14834.10 7402.74 14800.33 7463.52 14873.21 7470.69 14896.22 7471.53 14903.83 7461.09 14943.88 7356.20 14962.97 7328.27 14963.27
13 5920.90 3348.40 5922.10 3282.93 5937.01 3271.69 5968.49 3255.86 5996.80 3245.21 6020.53 3257.07 6027.69 3264.65 6038.59 3294.91 6038.91 3333.63 6035.62 3361.32 5986.76 3377.25 5951.35 3381.90 5934.89 3370.67
6 11958.79 2416.45 11978.91 2346.34 12065.08 2401.06 12076.65 2408.53 12037.46 2455.32 11973.41 2460.94
9 14856.98 9258.00 14884.47 9252.01 14918.72 9317.96 14920.05 9323.56 14904.14 9353.73 14883.31 9364.14 14841.48 9343.80 14828.04 9322.69 14829.12 9308.19
11 2980.38 11568.71 3028.95 11612.05 3023.38 11639.45 3007.17 11672.57 2993.67 11684.09 2951.05 11686.13 2934.99 11669.43 2926.99 11643.77 2923.78 11627.18 2933.69 11584.97 2954.74 11576.60
10 12292.52 14731.79 12284.41 14698.35 12300.26 14673.96 12338.36 14661.53 12364.00 14678.26 12379.35 14711.47 12369.01 14733.19 12340.10 14753.49 12319.39 14751.56 12311.18 14746.01
7 2639.42 7634.46 2584.30 7683.01 2557.05 7675.79 2551.36 7632.63 2563.87 7586.48 2625.98 7588.12 2635.18 7602.08
11 6209.45 2549.97 6244.16 2521.80 6297.86 2506.27 6336.62 2527.40 6344.35 2535.69 6356.17 2608.99 6323.92 2650.81 6305.64 2667.46 6269.81 2654.67 6247.23 2643.62 6242.92 2633.78
9 10282.46 729.15 10345.98 781.00 10338.11 848.84 10312.44 885.28 10291.59 887.51 10252.92 858.91 10206.65 814.25 10197.69 790.09 10231.30 760.01
9 9192.58 5096.83 9248.79 5180.38 9232.32 5224.97 9210.19 5241.96 9188.38 5251.60 9149.98 5235.71 9110.83 5169.42 9108.05 5149.14 9153.08 5107.59
8 14272.99 13593.52 14188.44 13564.99 14208.12 13503.16 14230.38 13441.55 14265.98 13435.61 14285.12 13435.87 14323.45 13486.73 14313.19 13514.40
9 175.95 5624.66 196.13 5557.95 247.49 5539.49 323.91 5570.96 326.30 5572.57 334.32 5620.82 321.73 5641.85 246.77 5680.35 227.19 5675.63
8 2103.33 10196.11 2152.65 10140.21 2221.71 10136.90 2243.46 10155.21 2242.48 10213.42 2240.80 10242.47 2209.18 10280.06 2128.87 10263.09
10 919.50 8272.05 961.40 8205.82 1029.52 8201.03 1056.08 8258.47 1062.94 8296.96 1055.33 8324.92 1027.95 8348.83 981.13 8351.80 949.29 8338.26 940.90 8323.05
7 8931.10 1222.38 8981.75 1198.51 9002.55 1236.16 9021.31 1272.95 8979.60 1296.90 8968.53 1296.95 8939.97 1290.04
9 12978.48 11175.27 13011.95 11125.37 13045.28 11117.71 13064.38 11126.72 13060.56 11153.57 13047.54 11188.46 13035.53 11201.95 13023.41 11214.94 13003.00 11214.71
11 2536.74 7183.89 2532.62 7106.29 2552.84 7088.05 2643.29 7068.84 2663.93 7079.06 2715.51 7127.63 2676.54 7197.09 2673.44 7201.03 2656.51 7220.80 2602.35 7225.34 2543.48 7193.52
10 7384.25 11573.31 7370.30 11524.58 7419.63 11499.52 7450.82 11526.15 7450.68 11542.97 7445.18 11579.54 7441.31 11586.77 7429.00 11585.96 7416.35 11584.09 7404.34 11581.76
8 12223.99 11923.48 12245.42 11991.43 12189.33 12017.72 12175.83 12021.60 12139.77 11995.11 12120.54 11966.99 12112.86 11914.53 12167.88 11893.83
10 6954.73 6947.39 6903.83 6947.38 6887.69 6935.98 6884.23 6926.49 6883.66 6898.78 6927.64 6856.77 6947.11 6842.75 6960.89 6847.03 6980.16 6881.62 6967.13 6929.58
10 9175.37 7825.54 9230.29 7896.41 9228.60 7910.92 9218.27 7928.58 9171.88 7953.74 9160.01 7954.43 9116.21 7910.06 9112.05 7884.97 9116.83 7877.95 9160.76 7838.49
9 11792.03 7157.96 11790.39 7142.06 11802.88 7125.35 11833.25 7105.39 11863.53 7115.05 11899.72 7149.68 11894.74 7169.15 11868.94 7218.37 11835.94 7222.98
9 6967.10 8886.89 7041.07 8876.10 7076.75 8881.34 7109.55 8979.42 7058.20 9021.79 7008.69 9021.71 6960.13 8996.83 6952.45 8948.75 6955.87 8922.40
9 8848.90 3120.83 8829.87 3030.28 8835.67 3012.47 8896.67 2990.33 8907.41 2987.85 8948.69 3052.61 8983.24 3110.91 8954.43 3137.96 8890.07 3129.08
7 4579.40 8837.52 4593.63 8881.75 4586.30 8893.98 4455.26 8882.97 4445.09 8853.72 4459.58 8835.56 4513.70 8822.04
10 13583.49 931.22 13542.73 854.15 13556.76 782.79 13576.06 772.72 13594.85 765.79 13632.60 753.05 13671.02 769.12 13712.50 823.99 13701.56 898.66 13646.63 931.41
7 3638.91 9211.52 3621.10 9179.65 3632.33 9141.08 3663.84 9129.27 3710.22 9144.88 3716.41 9169.07 3672.99 9193.06
9 15410.67 5686.19 15363.56 5639.40 15374.79 5601.41 15403.55 5558.31 15452.15 5547.97 15486.07 5576.31 15500.74 5600.40 15489.58 5631.24 15456.02 5661.47
8 2482.88 5971.33 2447.93 5947.19 2455.57 5898.88 2466.31 5874.87 2510.82 5887.64 2538.66 5913.80 2539.80 5927.89 2521.43 5959.29
6 213.06 12183.03 217.80 12246.16 171.61 12247.70 159.62 12233.86 157.33 12227.82 173.91 12183.08
12 2544.22 8638.01 2540.42 8636.79 2536.32 8630.80 2514.82 8596.21 2518.89 8570.32 2543.17 8552.65 2606.97 8548.36 2618.40 8579.73 2617.90 8606.36 2611.88 8619.60 2602.26 8628.74 2551.75 8637.43
9 14190.79 2736.17 14159.48 2788.33 14089.99 2766.68 14073.40 2745.11 14075.99 2711.81 14078.33 2703.54 14110.87 2667.87 14131.10 2666.83 14164.94 2697.86
7 12742.25 15211.11 12663.34 15132.47 12727.02 15080.50 12745.29 15076.56 12759.47 15081.14 12777.99 15099.25 12811.23 15165.74
7 7922.17 11899.13 7959.89 11859.55 8027.81 11876.86 8028.81 11886.74 8019.25 11912.48 7959.61 11955.78 7930.46 11916.40
7 1912.05 7519.72 1897.10 7428.38 1905.15 7419.18 1953.26 7411.28 1990.32 7432.61 2000.56 7477.42 1984.12 7519.17
11 1318.28 13996.21 1345.15 13967.17 1384.41 13958.86 1389.89 13960.54 1405.93 13998.02 1406.21 14017.24 1395.09 14032.85 1376.68 14044.43 1368.08 14047.38 1349.47 14053.17 1332.27 14032.63
11 12685.83 13653.60 12690.39 13638.33 12736.52 13620.28 12757.63 13646.15 12759.48 13663.90 12757.91 13670.26 12751.62 13676.27 12740.60 13685.47 12718.64 13692.20 12700.75 13692.21 12693.33 13685.60
10 2633.05 8176.07 2561.45 8145.60 2535.11 8124.99 2520.95 8095.63 2582.47 8052.53 2599.10 8049.40 2656.78 8072.94 2662.83 8088.85 2651.57 8137.81 2636.04 8172.64
9 9028.54 10708.03 8971.22 10740.70 8934.52 10723.15 8913.37 10682.42 8914.71 10652.42 8945.31 10625.60 8982.92 10619.84 8995.55 10620.23 9025.69 10644.80
6 3713.24 14749.26 3639.73 14699.79 3659.06 14638.89 3704.54 14613.25 3767.12 14648.39 3766.02 14683.32
8 2422.07 6688.66 2363.81 6726.82 2359.55 6723.55 2327.88 6694.60 2312.42 6654.68 2338.94 6608.33 2382.09 6598.35 2419.12 6618.86
11 11148.25 6194.59 11129.83 6163.89 11137.10 6153.09 11161.70 6125.31 11166.33 6123.93 11215.79 6155.17 11216.48 6164.07 11212.04 6192.29 11211.33 6195.99 11194.67 6200.44 11157.49 6208.60
8 4308.83 5071.25 4228.38 5106.70 4202.79 5088.00 4201.31 5008.34 4232.06 4983.69 4280.53 4986.31 4288.40 4989.12 4293.36 4992.51
7 13373.64 13317.75 13308.14 13207.54 13344.84 13172.05 13451.14 13185.52 13484.64 13225.77 13475.30 13243.20 13434.87 13273.24
8 9090.42 3387.69 9011.50 3446.38 8924.46 3408.02 8916.94 3317.70 8920.95 3311.19 9002.23 3293.24 9051.31 3316.34 9071.16 3345.75
8 9182.44 8126.55 9112.59 8078.52 9128.20 8025.52 9176.67 8005.59 9216.49 8010.97 9221.28 8014.33 9225.86 8042.47 9210.79 8102.64
10 5076.69 4430.53 5092.80 4405.30 5153.92 4373.10 5212.88 4391.67 5227.89 4413.61 5242.13 4472.38 5182.63 4508.75 5140.75 4509.59 5123.10 4505.91 5079.41 4457.91
10 14638.09 2053.63 14644.73 1999.80 14668.15 1972.87 14705.27 1980.16 14715.95 1991.67 14726.77 2014.56 14730.24 2044.36 14714.15 2068.57 14698.80 2077.80 14650.41 2066.65
10 1390.06 11920.53 1420.97 11880.84 1440.41 11875.80 1462.18 11872.21 1470.93 11877.92 1514.79 11950.69 1482.00 11994.07 1459.22 11992.40 1423.74 11980.23 1420.30 11974.50
8 14042.20 10371.00 14074.82 10340.40 14103.04 10355.51 14117.42 10388.81 14110.40 10419.61 14090.48 10421.92 14064.69 10414.47 14050.51 10406.58
12 14590.49 14669.31 14624.11 14645.34 14654.30 14642.78 14662.78 14656.00 14670.86 14674.93 14679.10 14697.70 14682.81 14720.23 14678.34 14730.04 14658.12 14735.30 14619.32 14743.15 14599.61 14729.60 14595.05 14700.42
8 5133.66 10218.01 5056.69 10171.52 5076.41 10087.53 5090.67 10048.13 5167.93 10071.53 5206.38 10089.96 5195.54 10167.17 5178.70 10192.02
8 968.85 2742.98 899.76 2700.63 922.91 2635.28 969.24 2604.45 1044.46 2621.41 1054.87 2642.20 1048.37 2691.62 998.93 2754.73
7 3093.93 14657.04 3038.65 14614.17 3059.55 14546.98 3094.09 14531.72 3149.90 14575.09 3150.83 14576.32 3136.58 14627.95
9 14479.42 12690.57 14489.21 12678.14 14521.63 12669.47 14539.92 12698.60 14544.58 12716.01 14529.34 12733.76 14525.42 12736.23 14522.74 12735.78 14510.01 12727.09
9 15222.10 1975.99 15211.96 2035.30 15161.34 2048.72 15157.74 2044.68 15139.66 2009.67 15136.10 1982.26 15148.82 1968.29 15191.32 1958.98 15216.91 1967.92
9 11528.50 7535.64 11609.05 7478.66 11645.75 7485.76 11663.56 7520.98 11678.62 7557.35 11679.37 7563.03 11649.54 7601.44 11559.61 7587.25 11547.17 7570.69
8 11847.22 11215.55 11847.35 11205.97 11889.82 11166.87 11915.86 11177.16 11928.00 11187.52 11917.98 11213.49 11899.60 11241.84 11865.78 11242.55
9 9092.70 11235.61 9054.88 11328.82 8987.23 11308.97 8954.22 11263.19 8958.22 11244.87 8976.53 11218.18 8997.78 11202.69 9027.90 11188.36 9039.80 11188.59
8 2489.39 13570.81 2535.02 13511.96 2581.37 13507.26 2635.94 13534.58 2618.25 13597.14 2591.91 13634.53 2502.41 13601.76 2492.23 13584.13
10 8409.40 8875.07 8410.30 8845.94 8426.00 8834.50 8440.88 8824.44 8457.77 8817.13 8473.70 8836.58 8481.03 8850.34 8465.95 8881.25 8455.75 8893.55 8418.44 8888.02
8 8367.25 15421.29 8306.89 15369.82 8327.35 15330.81 8369.17 15308.31 8382.33 15316.47 8414.35 15355.85 8414.02 15395.91 8402.69 15410.70
6 7760.51 6550.14 7737.45 6517.30 7854.91 6472.38 7874.73 6492.86 7865.91 6518.03 7846.79 6548.97
8 3385.49 4811.56 3350.48 4887.80 3322.86 4882.62 3284.04 4866.13 3269.57 4849.32 3270.53 4824.49 3272.27 4815.20 3332.96 4772.19
6 4705.51 4111.31 4759.01 4160.60 4758.87 4172.67 4673.61 4237.88 4644.22 4224.09 4650.79 4175.67
10 3812.69 13900.76 3789.91 13869.45 3793.39 13848.44 3808.08 13835.58 3816.12 13835.44 3844.19 13853.74 3861.68 13867.40 3867.98 13883.70 3860.38 13890.84 3847.46 13898.34
10 14174.29 10068.11 14153.26 10060.63 14141.09 10045.16 14133.56 10018.39 14159.46 9987.56 14163.69 9983.62 14199.00 9993.52 14200.34 9994.74 14208.24 10031.94 14187.13 10059.92
9 13409.87 9952.11 13426.36 9908.86 13455.08 9895.61 13490.49 9932.45 13496.01 9945.63 13493.38 9968.97 13472.00 9978.39 13437.54 9989.77 13428.77 9989.17
10 9501.13 13180.50 9486.44 13255.92 9381.04 13251.37 9358.31 13217.18 9357.25 13199.65 9357.56 13197.54 9389.22 13160.98 9411.76 13137.12 9429.67 13139.88 9475.60 13154.09
8 11862.89 4103.85 11848.87 4071.17 11850.82 4056.65 11873.84 4019.15 11917.48 4016.33 11968.80 4062.63 11966.46 4100.27 11941.65 4137.61
9 9335.78 9195.44 9356.00 9112.11 9456.15 9077.02 9496.41 9105.38 9502.11 9191.13 9477.28 9231.48 9401.47 9250.96 9389.03 9243.32 9361.84 9219.13
7 10882.75 5186.71 10810.31 5244.56 10795.03 5242.61 10718.09 5195.56 10738.83 5126.05 10767.95 5097.74 10868.36 5108.87
8 14382.25 5518.20 14399.68 5456.42 14427.41 5453.73 14457.68 5477.47 14463.28 5510.22 14447.42 5522.30 14438.98 5526.81 14396.27 5522.74
7 3005.18 3445.10 2986.80 3501.56 2968.39 3493.77 2949.23 3485.03 2937.16 3479.03 2934.40 3473.11 2957.48 3429.76
8 158.94 818.34 187.19 770.71 227.16 762.88 243.95 767.77 257.79 815.95 253.27 825.11 227.97 830.13 170.07 837.03
8 7167.78 14951.58 7217.34 15014.53 7210.00 15080.07 7185.54 15086.84 7168.57 15083.00 7158.29 15077.63 7098.31 15023.99 7101.32 14980.40
9 13761.87 5964.47 13749.79 5960.45 13731.96 5933.64 13726.63 5922.49 13738.20 5906.82 13753.32 5904.86 13766.71 5906.86 13805.16 5919.61 13800.56 5938.15
8 14214.14 6119.27 14254.87 6051.71 14297.91 6060.89 14364.73 6096.31 14330.44 6134.68 14258.06 6163.28 14240.58 6165.73 14236.84 6163.52
5 4737.46 4751.68 4706.06 4805.69 4634.90 4796.86 4615.96 4724.17 4676.65 4681.94
8 9090.05 791.86 9064.22 835.29 8970.94 828.21 8933.08 786.51 8954.12 754.81 8992.14 720.25 9006.00 713.63 9080.07 731.54
8 6695.63 13845.43 6717.30 13791.21 6734.89 13782.17 6819.61 13785.97 6833.35 13834.87 6831.91 13862.11 6790.96 13884.50 6723.63 13860.42
9 6613.67 14980.15 6602.38 14943.84 6621.17 14898.07 6643.24 14886.78 6683.25 14908.07 6702.77 14920.83 6711.22 14954.20 6711.35 14979.51 6692.98 14996.33
10 895.60 9180.80 871.50 9179.74 832.16 9140.93 827.76 9115.49 849.41 9086.83 867.69 9067.14 943.04 9081.46 952.71 9097.96 951.46 9120.48 931.29 9172.51
10 1220.27 11062.83 1213.84 11111.66 1211.27 11112.65 1189.41 11118.66 1149.24 11122.49 1139.34 11109.87 1145.70 11072.31 1149.81 11055.44 1154.78 11043.68 1186.54 11044.77
8 1929.40 883.59 1870.52 917.20 1864.81 911.55 1860.49 877.10 1865.00 868.17 1884.09 849.63 1906.70 849.69 1922.25 856.88
7 13553.65 1965.10 13509.42 1915.35 13521.47 1853.72 13560.46 1821.43 13636.21 1852.56 13638.33 1894.36 13633.49 1946.15
9 6835.90 9113.13 6881.42 9061.04 6903.82 9073.42 6905.49 9082.43 6908.92 9111.05 6909.26 9121.85 6900.85 9132.84 6864.45 9129.65 6841.66 9125.42
10 3748.92 14258.06 3712.92 14205.35 3735.86 14163.12 3749.38 14151.71 3781.09 14137.32 3847.06 14148.04 3893.19 14201.03 3889.71 14258.38 3859.68 14282.89 3794.72 14280.40
7 532.68 10019.82 575.66 9991.64 627.38 10004.49 635.91 10024.19 628.88 10075.95 585.75 10096.14 533.14 10036.82
6 4389.15 11314.63 4398.73 11241.55 4477.11 11253.57 4478.84 11268.59 4466.06 11330.81 4424.80 11337.41
9 12096.35 14828.48 12105.74 14733.17 12130.72 14726.10 12173.28 14719.48 12202.17 14741.91 12199.64 14758.79 12187.75 14835.36 12173.86 14842.88 12111.81 14841.62
9 1449.37 9568.77 1437.70 9515.37 1459.20 9499.01 1495.23 9499.60 1530.88 9529.68 1531.53 9532.40 1529.26 9552.92 1510.87 9582.30 1476.14 9583.28
7 5283.89 407.88 5277.32 313.09 5354.63 321.96 5371.87 326.68 5385.31 378.04 5382.81 386.03 5330.98 410.51
11 6868.02 12637.21 6926.99 12619.73 6950.05 12632.12 6968.54 12648.78 6975.65 12662.35 6977.62 12681.43 6955.98 12719.40 6902.60 12727.09 6867.19 12709.84 6855.77 12693.89 6858.27 12676.72
6 878.90 7546.26 824.32 7513.31 832.90 7464.21 846.16 7442.50 927.78 7451.88 936.36 7492.95
7 7984.04 14626.74 7934.25 14592.68 7949.58 14514.74 7967.46 14485.00 8023.38 14496.82 8033.41 14514.68 8048.35 14568.50
9 12530.24 8691.36 12540.33 8625.96 12553.27 8597.69 12658.62 8598.43 12695.62 8650.96 12665.24 8706.72 12640.87 8728.26 12586.28 8733.52 12554.53 8728.69
7 14063.47 12880.39 14119.50 12819.47 14139.66 12830.28 14143.22 12870.94 14139.95 12894.98 14098.33 12910.19 14073.82 12911.78
11 8372.36 1819.13 8315.02 1780.21 8314.15 1778.68 8313.27 1759.35 8312.22 1735.69 8315.22 1681.26 8382.39 1663.12 8436.97 1691.01 8448.40 1703.62 8458.25 1740.22 8455.23 1758.40
10 13992.82 8421.25 13976.02 8420.88 13972.28 8407.47 13955.62 8318.53 13997.10 8282.49 14058.88 8295.99 14082.02 8339.36 14083.80 8346.63 14077.69 8405.18 14070.83 8413.97
8 1921.51 10081.64 1930.10 10118.63 1923.24 10141.93 1892.84 10143.18 1857.68 10129.24 1851.64 10119.23 1864.16 10100.13 1878.90 10083.10
10 14494.69 3881.50 14531.64 3810.42 14558.69 3777.04 14628.87 3818.35 14676.67 3870.20 14659.72 3911.51 14621.38 3925.53 14571.93 3942.64 14519.50 3904.72 14495.74 3887.51
9 8545.05 5683.77 8522.10 5702.93 8503.22 5675.19 8486.60 5618.69 8503.12 5606.76 8527.36 5610.14 8557.81 5619.81 8556.61 5654.34 8555.24 5659.45
9 13032.53 3028.86 13117.87 3072.03 13112.08 3162.73 13096.41 3176.58 13049.96 3178.84 13011.26 3177.20 12983.96 3167.85 12973.08 3141.05 12983.27 3117.86
7 13018.38 1859.46 12922.34 1893.91 12865.10 1843.94 12863.92 1799.62 12881.68 1773.76 12956.08 1730.91 12993.34 1747.63
10 6845.22 13971.92 6866.01 13943.73 6933.96 13927.10 6978.93 13943.00 7000.56 13964.25 7009.86 14033.23 6968.35 14077.28 6917.65 14065.25 6899.59 14054.88 6870.63 14032.25
9 12011.41 11078.68 11965.18 11010.58 11990.84 10955.82 12017.36 10917.85 12033.76 10920.51 12091.33 10965.88 12118.57 11013.42 12081.61 11052.74 12064.62 11066.85
10 7293.68 6851.59 7285.74 6806.06 7305.91 6750.54 7364.33 6741.26 7407.93 6768.36 7434.25 6812.65 7441.23 6854.87 7408.76 6904.74 7402.40 6907.86 7311.20 6910.95
9 8203.70 8737.74 8197.24 8700.08 8234.02 8672.87 8260.19 8664.77 8281.63 8667.81 8291.35 8671.33 8310.39 8693.16 8309.75 8726.95 8267.90 8780.80
6 13948.21 15132.25 13972.36 15124.90 13992.06 15125.30 14005.24 15129.25 14006.87 15166.36 13999.77 15183.37
7 12312.93 14819.60 12382.66 14852.92 12366.71 14903.53 12329.48 14916.15 12297.66 14883.91 12290.39 14870.02 12298.55 14838.80
7 12559.61 1866.48 12522.57 1770.20 12641.37 1750.35 12654.21 1757.01 12678.52 1790.46 12658.11 1844.83 12650.62 1861.05
11 2983.51 6431.21 3077.93 6387.95 3097.60 6397.23 3107.20 6419.27 3124.06 6474.94 3128.35 6494.12 3125.22 6527.20 3115.60 6545.80 3082.95 6559.98 3037.89 6563.10 2997.68 6521.83
10 11406.40 6045.30 11413.39 5994.78 11432.35 5975.12 11467.22 5994.73 11480.53 6020.09 11484.78 6034.02 11477.69 6058.12 11466.53 6066.98 11459.10 6069.04 11415.91 6072.64
12 8315.15 7736.34 8327.25 7678.97 8348.04 7670.59 8401.81 7656.93 8438.65 7675.26 8462.10 7688.94 8472.06 7778.46 8462.65 7797.27 8406.45 7820.31 8385.26 7826.51 8348.69 7817.58 8344.66 7808.59
10 10349.83 2816.78 10367.88 2736.04 10432.74 2745.05 10487.76 2755.37 10489.56 2832.61 10475.41 2859.08 10461.41 2877.75 10432.92 2888.99 10421.45 2888.85 10359.50 2865.10
10 14843.02 3477.90 14768.82 3378.90 14769.04 3370.67 14800.60 3327.55 14838.29 3296.16 14904.32 3330.57 14934.04 3380.60 14924.99 3418.62 14872.66 3471.47 14865.40 3474.08
11 4980.22 3286.97 4968.32 3199.13 5034.55 3160.30 5045.10 3157.45 5051.73 3156.23 5062.02 3166.85 5090.02 3206.55 5077.43 3249.39 5064.14 3284.15 5034.23 3287.39 4983.22 3292.68
9 9007.43 9166.26 8992.07 9129.65 9016.83 9098.10 9071.44 9073.87 9114.89 9057.61 9120.89 9062.42 9138.89 9115.29 9118.68 9161.08 9104.92 9185.27
10 4712.84 9233.81 4697.79 9153.45 4745.59 9122.84 4783.46 9117.08 4833.10 9120.85 4857.47 9182.12 4858.42 9192.85 4829.04 9247.53 4801.46 9259.61 4794.54 9261.24
9 11685.91 10742.05 11675.14 10866.31 11585.45 10874.71 11568.51 10871.16 11517.83 10822.46 11518.68 10816.13 11529.75 10754.82 11579.41 10706.82 11657.84 10718.59
7 2283.32 12432.86 2303.26 12534.90 2248.45 12559.16 2188.99 12552.10 2163.79 12534.75 2163.70 12522.39 2209.87 12456.76
10 385.23 5444.60 381.43 5413.04 392.43 5393.39 406.49 5387.06 420.77 5388.87 439.93 5412.31 447.47 5435.94 437.76 5449.97 405.08 5459.74 402.20 5460.42
11 6119.19 13034.84 6163.73 12994.39 6196.55 13008.75 6229.49 13036.22 6234.28 13042.42 6223.12 13078.25 6194.29 13118.63 6190.11 13121.67 6180.20 13115.41 6143.95 13090.80 6126.00 13060.78
10 13656.70 5808.28 13595.95 5817.16 13573.67 5807.31 13565.47 5782.18 13568.75 5769.68 13572.67 5760.94 13613.77 5731.11 13663.73 5737.45 13664.75 5746.38 13659.89 5795.41
10 5622.81 1857.65 5677.13 1844.85 5697.15 1845.28 5728.72 1914.58 5722.32 1943.72 5675.48 1960.27 5661.29 1963.52 5624.38 1955.68 5607.04 1916.57 5621.17 1862.25
9 1929.67 1284.62 1839.21 1294.16 1832.95 1290.88 1799.97 1176.77 1848.51 1141.97 1887.74 1147.78 1943.50 1182.97 1956.91 1193.26 1953.07 1243.91
9 8302.23 6039.32 8284.72 6020.40 8288.12 6004.31 8306.32 5987.14 8338.01 5981.32 8367.55 5992.08 8370.67 6023.23 8366.69 6049.36 8343.51 6063.28
12 1226.56 13072.19 1191.03 13093.91 1181.11 13091.58 1153.38 13074.47 1100.54 13023.38 1095.15 13004.50 1137.13 12960.26 1155.12 12950.10 1190.88 12948.05 1208.41 12954.46 1251.71 13022.02 1242.92 13044.29
10 3386.07 11044.06 3408.90 10993.65 3427.63 10976.32 3445.24 10967.05 3514.50 10978.45 3533.89 11038.05 3538.68 11053.92 3524.02 11094.45 3448.98 11114.29 3396.77 11080.70
10 13115.05 9715.02 13078.44 9660.00 13089.95 9613.58 13104.79 9600.33 13189.56 9585.61 13200.27 9597.93 13205.57 9611.29 13222.69 9659.06 13214.81 9715.94 13168.88 9733.99
8 12806.11 691.32 12773.66 597.59 12812.07 559.92 12846.15 561.41 12896.76 598.15 12928.69 623.87 12913.41 644.45 12860.86 697.24
6 9290.72 12905.61 9253.42 12843.21 9311.98 12773.12 9350.74 12789.21 9381.75 12819.81 9362.44 12889.43
8 278.09 7633.41 263.39 7615.83 268.69 7581.71 291.66 7576.33 332.08 7585.73 337.65 7604.92 336.97 7608.89 315.70 7657.27
8 8501.59 10772.96 8503.99 10812.41 8494.03 10825.31 8432.40 10829.17 8397.26 10791.85 8386.23 10768.46 8405.82 10744.55 8417.36 10746.50
7 13584.74 234.18 13629.50 303.71 13622.52 339.92 13553.43 399.42 13528.04 374.58 13455.01 287.10 13560.34 235.08
6 2705.13 15282.78 2752.83 15227.36 2832.23 15271.56 2840.52 15306.33 2765.55 15354.32 2755.88 15353.60
10 2879.72 2382.96 2850.68 2419.23 2819.28 2409.93 2775.42 2370.23 2779.60 2318.39 2782.64 2312.28 2793.49 2300.05 2806.25 2294.09 2834.03 2298.83 2870.83 2320.57
10 12304.82 8236.17 12296.78 8191.52 12311.59 8167.79 12331.20 8163.84 12359.44 8188.13 12367.29 8204.60 12366.24 8219.72 12349.99 8234.06 12347.57 8235.96 12339.17 8238.97
9 689.84 14408.24 705.89 14396.79 733.58 14380.99 749.14 14388.54 759.47 14408.33 762.22 14444.87 726.64 14466.87 702.53 14462.67 692.34 14434.99
10 14237.16 4723.31 14215.73 4658.51 14223.86 4636.67 14273.86 4621.70 14277.51 4622.99 14307.71 4636.83 14332.79 4689.55 14329.73 4722.59 14308.72 4737.16 14270.65 4739.48
9 12569.24 4934.55 12520.62 4959.74 12486.52 4955.33 12471.73 4937.23 12475.56 4903.71 12499.97 4871.04 12528.20 4859.95 12549.12 4871.08 12563.02 4903.62
10 5639.49 13175.44 5664.82 13137.03 5683.13 13136.31 5724.35 13148.33 5727.33 13161.73 5729.73 13192.24 5717.25 13216.55 5693.44 13222.09 5674.06 13218.30 5663.17 13212.75
10 5355.10 14851.92 5426.16 14920.68 5385.33 14989.53 5355.13 15013.37 5335.09 15016.43 5320.71 15001.93 5286.59 14953.59 5271.79 14916.53 5275.96 14887.99 5294.98 14873.87
7 14210.76 9879.64 14284.53 9857.99 14292.09 9859.60 14296.70 9882.34 14290.31 9897.97 14250.64 9916.35 14216.84 9895.04
9 3092.79 6311.07 3109.65 6294.28 3125.29 6283.83 3168.01 6293.97 3186.86 6349.71 3190.25 6362.49 3172.15 6392.01 3139.92 6376.91 3103.29 6326.89
8 4042.11 12700.15 4030.27 12672.19 4073.62 12626.95 4109.46 12614.51 4160.85 12638.88 4173.06 12707.60 4165.32 12748.67 4096.71 12768.27
6 1070.64 1052.57 1074.26 1096.55 1045.14 1113.96 1018.51 1096.38 1021.16 1077.33 1024.73 1059.69
9 11144.90 7367.65 11137.79 7327.65 11146.59 7277.29 11191.07 7270.74 11237.42 7270.11 11243.84 7289.02 11249.95 7330.78 11231.93 7365.08 11223.50 7366.96
7 9375.25 6182.76 9396.46 6139.73 9417.92 6140.23 9444.47 6188.57 9444.24 6192.06 9425.44 6223.25 9406.57 6228.77
12 1741.39 399.90 1741.75 374.34 1745.30 364.97 1755.62 343.49 1764.28 327.51 1828.09 354.92 1835.98 361.81 1834.15 375.44 1826.16 393.73 1797.92 430.22 1785.74 431.71 1756.81 423.02
8 2569.73 11071.83 2573.81 11022.11 2627.29 11004.99 2700.13 11045.40 2708.28 11066.64 2668.31 11117.56 2656.48 11129.83 2611.17 11108.28
9 11805.67 5459.67 11767.64 5414.65 11793.26 5401.78 11842.22 5378.15 11859.39 5387.40 11868.15 5396.42 11858.64 5445.71 11843.08 5461.82 11831.04 5467.35
7 7110.31 6805.88 7184.65 6768.33 7196.22 6778.04 7222.88 6828.90 7229.56 6860.27 7207.48 6871.99 7133.74 6873.91
10 10147.06 8346.75 10130.22 8309.97 10143.75 8281.89 10160.63 8278.34 10169.87 8280.19 10193.27 8294.51 10205.56 8307.81 10187.50 8355.13 10170.29 8363.98 10158.67 8356.10
6 7878.60 13774.32 7844.87 13727.08 7853.80 13713.09 7905.56 13703.98 7916.03 13720.63 7910.06 13774.15
9 5444.62 6431.55 5424.88 6356.24 5441.03 6317.08 5510.33 6295.00 5551.48 6305.59 5563.75 6327.29 5583.20 6374.50 5566.00 6412.70 5481.95 6445.67
11 6178.39 2469.26 6132.94 2419.05 6133.29 2384.03 6140.46 2364.48 6189.41 2340.77 6219.49 2343.74 6257.59 2368.12 6253.24 2402.17 6247.84 2420.02 6232.70 2440.60 6197.65 2472.92
8 656.74 8690.87 672.69 8671.22 705.95 8645.71 746.24 8661.44 759.13 8696.51 735.50 8726.40 680.78 8730.04 664.04 8724.54
8 14096.20 13487.00 14095.81 13581.71 14016.21 13610.22 13951.01 13562.22 13956.51 13503.37 13985.03 13458.68 14014.10 13442.54 14091.66 13456.08
6 15117.35 15217.89 15043.56 15168.80 15161.01 15111.23 15195.33 15139.30 15172.91 15184.25 15136.89 15207.11
7 8582.82 3127.53 8598.86 3071.59 8674.89 3083.14 8672.01 3140.52 8653.16 3152.06 8616.45 3161.36 8590.29 3140.28
6 6024.45 12387.70 6006.26 12424.27 5933.46 12412.20 5928.51 12370.11 5953.24 12348.80 6012.34 12360.90
9 1603.25 1680.40 1598.37 1612.48 1661.56 1579.76 1721.98 1587.07 1745.41 1619.99 1738.99 1688.23 1696.25 1715.45 1680.60 1718.54 1671.33 1718.00
12 3871.01 209.52 3866.60 287.49 3837.09 303.00 3775.99 288.62 3752.58 271.78 3744.52 239.22 3740.88 221.70 3763.86 171.88 3772.91 165.28 3790.16 162.27 3829.47 161.14 3863.97 199.77
10 826.38 14003.21 882.01 14076.02 869.70 14109.73 861.74 14123.38 801.52 14144.99 797.50 14146.30 755.12 14125.64 736.45 14082.63 747.97 14032.99 789.34 14011.23
6 12142.18 14295.11 12189.09 14279.40 12212.44 14301.25 12225.77 14352.48 12192.24 14376.01 12144.50 14361.08
8 10477.12 1642.61 10524.36 1608.89 10571.00 1609.39 10583.16 1621.31 10589.03 1685.87 10585.95 1712.97 10535.10 1715.60 10516.34 1701.25
11 9877.60 565.98 9869.69 498.35 9908.70 469.59 9921.76 466.22 9950.63 460.66 9998.21 491.42 10014.07 528.25 9945.86 601.39 9921.38 610.96 9912.70 606.92 9895.78 594.69
8 11819.00 8379.83 11809.53 8321.00 11826.60 8302.41 11857.60 8305.78 11876.48 8313.34 11891.12 8351.36 11869.84 8372.74 11859.02 8383.38
10 11746.54 14728.81 11784.09 14694.72 11838.85 14701.40 11852.70 14732.53 11877.47 14792.56 11857.05 14842.25 11801.67 14844.76 11775.46 14830.94 11738.73 14771.85 11740.46 14760.83
10 13578.60 11725.73 13615.15 11706.40 13629.31 11709.07 13641.58 11736.84 13649.05 11761.29 13628.20 11778.97 13610.45 11779.07 13584.72 11767.30 13570.51 11745.18 13572.84 11731.64
11 14831.73 2829.85 14851.88 2873.65 14851.86 2896.05 14839.25 2959.46 14831.99 2966.07 14801.15 2987.96 14775.35 2977.32 14732.47 2873.45 14732.80 2859.97 14743.61 2855.22 14784.75 2841.47
8 1807.06 8271.27 1848.13 8192.19 1924.33 8332.36 1921.87 8334.79 1864.03 8352.45 1860.67 8351.35 1845.16 8344.97 1808.48 8285.91
10 2419.11 3228.08 2384.47 3181.35 2395.47 3168.13 2403.56 3160.88 2426.55 3172.06 2456.47 3191.33 2455.32 3199.16 2451.11 3206.93 2446.99 3213.22 2441.37 3221.47
9 1884.90 6906.01 1934.77 6861.15 2030.79 6895.25 2043.73 6928.97 2040.22 7006.45 2032.36 7020.06 1992.41 7044.05 1928.70 7011.96 1886.01 6954.86
8 14388.17 3794.29 14459.81 3815.07 14433.95 3870.54 14413.05 3903.71 14383.41 3901.23 14360.08 3893.67 14347.98 3883.13 14348.41 3824.48
7 9211.84 10987.83 9258.94 11018.46 9218.60 11078.72 9206.74 11080.36 9164.21 11048.10 9159.49 11015.03 9184.91 10995.57
12 14981.41 2902.77 15001.44 2897.00 15013.35 2899.27 15045.89 2907.94 15064.35 2944.05 15063.92 2959.58 15014.63 2994.76 15007.33 2993.71 14976.06 2982.85 14973.25 2978.92 14969.49 2960.45 14970.78 2933.78
11 835.39 1405.96 825.03 1373.07 832.76 1356.11 838.42 1345.18 875.25 1323.01 885.85 1324.86 901.05 1328.07 918.90 1338.93 898.25 1394.04 879.29 1429.89 840.44 1409.47
7 13205.50 11717.15 13164.77 11815.23 13109.70 11816.77 13082.39 11764.67 13079.14 11735.84 13118.41 11696.27 13194.83 11700.35
9 5280.12 13195.25 5234.58 13133.34 5244.47 13100.08 5293.10 13062.22 5304.67 13058.39 5308.55 13058.74 5340.20 13100.12 5371.84 13184.45 5293.93 13197.30
7 2684.97 9710.05 2813.40 9683.97 2834.69 9710.44 2839.89 9761.50 2811.99 9812.02 2748.03 9799.02 2694.30 9786.18
7 9893.87 10275.59 9945.84 10342.54 9932.99 10386.93 9785.11 10388.61 9783.49 10380.74 9824.80 10314.27 9866.09 10282.97
10 13989.12 5389.90 13944.77 5382.45 13920.51 5353.62 13910.67 5315.29 13913.34 5305.81 13940.98 5280.19 13963.82 5280.68 14020.38 5287.21 14036.66 5316.80 14008.31 5385.55
8 12683.61 5310.19 12681.89 5285.75 12703.13 5268.47 12736.57 5262.75 12758.62 5264.24 12770.33 5274.36 12752.16 5307.75 12714.56 5322.09
8 5036.77 9817.06 5046.90 9871.98 5026.10 9881.58 4995.82 9890.17 4983.09 9883.61 4968.70 9815.98 4978.44 9810.44 5010.51 9806.56
9 11671.12 3876.65 11644.03 3924.62 11575.37 3919.05 11555.29 3873.39 11561.91 3862.43 11600.58 3805.14 11633.70 3801.08 11640.34 3806.27 11658.48 3839.02
7 4818.08 10294.68 4819.60 10242.33 4901.17 10253.90 4921.61 10282.70 4914.55 10302.35 4882.98 10337.81 4859.81 10329.20
6 13975.40 3985.98 13986.29 4040.37 13967.74 4073.80 13911.31 4073.66 13875.49 4033.77 13894.04 4001.12
8 13355.44 12922.74 13409.40 12874.99 13419.89 12876.77 13439.52 12903.50 13443.44 12929.40 13427.38 12955.14 13385.61 12957.93 13358.71 12935.80
10 7051.58 11105.75 7060.55 11073.88 7070.17 11049.29 7100.21 11057.71 7120.02 11072.32 7119.13 11084.49 7112.62 11100.76 7095.50 11115.69 7061.51 11122.70 7058.51 11118.45
6 12907.25 5842.16 12908.06 5902.66 12895.26 5924.51 12835.27 5945.80 12791.91 5886.84 12794.70 5858.00
6 14746.49 1380.59 14781.67 1295.75 14803.23 1301.98 14851.04 1339.43 14834.24 1412.87 14789.64 1430.70
8 11777.13 9523.22 11799.97 9440.58 11871.06 9430.40 11930.11 9483.56 11916.45 9527.41 11883.48 9567.94 11837.72 9589.82 11812.00 9569.96
7 3689.15 11815.89 3686.12 11874.40 3633.56 11857.48 3616.37 11832.76 3615.91 11818.69 3669.25 11785.18 3687.49 11803.68
9 11903.99 2514.76 11839.31 2544.22 11823.77 2529.04 11815.25 2489.45 11819.88 2480.01 11864.41 2468.60 11885.48 2470.66 11908.04 2482.78 11904.75 2511.15
10 3791.68 13262.69 3733.58 13275.60 3719.93 13241.76 3716.23 13232.02 3715.49 13188.21 3744.70 13172.50 3792.11 13187.92 3795.87 13190.05 3806.09 13204.64 3802.95 13227.80
6 1908.16 14789.87 1949.92 14751.40 2014.13 14793.02 2022.13 14891.37 1910.57 14810.48 1908.34 14804.26
9 6498.71 8078.28 6460.38 8066.70 6462.41 7984.54 6503.31 7951.15 6524.61 7951.79 6585.41 7970.22 6581.80 8048.81 6574.92 8066.25 6550.62 8080.92
11 6303.48 11784.04 6305.72 11838.37 6278.38 11847.59 6208.21 11863.39 6192.38 11856.27 6169.82 11804.62 6178.18 11785.75 6210.52 11748.15 6224.07 11741.65 6261.59 11734.72 6268.09 11735.20
10 8256.52 9112.30 8250.13 9054.56 8250.37 9049.19 8280.93 9024.59 8314.66 9028.93 8343.85 9037.06 8358.83 9055.74 8359.13 9060.04 8357.23 9094.97 8324.26 9118.05
9 9663.97 533.27 9686.73 497.09 9714.47 496.07 9731.64 513.03 9737.45 523.61 9730.18 549.58 9717.83 570.18 9714.33 571.34 9670.80 559.86
8 8275.26 2395.45 8261.37 2332.14 8316.51 2294.83 8332.28 2290.57 8374.38 2323.44 8407.20 2355.78 8376.55 2388.06 8355.67 2409.14
6 6216.80 4363.51 6231.66 4403.96 6183.47 4446.18 6158.26 4453.28 6138.54 4419.26 6168.38 4382.29
9 1321.21 10983.24 1345.46 10937.60 1349.45 10936.19 1374.48 10936.72 1382.81 10947.58 1398.48 10977.80 1391.55 11006.94 1357.39 11012.89 1340.47 11001.53
7 13099.20 2099.12 13141.07 2089.00 13143.43 2096.76 13158.83 2154.48 13151.49 2158.65 13136.87 2157.67 13122.56 2139.36
8 7943.72 1573.24 8019.14 1497.09 8037.88 1505.75 8076.58 1563.16 8049.70 1603.30 8023.32 1618.60 7988.13 1619.27 7966.24 1611.45
8 3574.93 15236.39 3509.67 15192.59 3529.44 15091.96 3576.96 15074.13 3621.93 15096.97 3658.11 15125.87 3659.82 15132.26 3608.22 15216.12
9 11845.65 5804.57 11801.82 5742.55 11819.84 5715.81 11856.62 5687.98 11902.06 5714.37 11915.61 5733.46 11917.89 5755.42 11907.18 5770.34 11880.98 5805.63
8 8717.19 14305.39 8660.42 14418.06 8598.81 14399.82 8560.11 14317.60 8584.10 14261.17 8649.21 14243.44 8684.93 14244.55 8706.80 14262.51
8 12309.53 7330.00 12280.67 7330.30 12274.62 7329.38 12256.25 7307.65 12277.07 7277.50 12306.06 7259.91 12316.85 7263.99 12316.38 7307.83
6 2062.54 13487.71 2011.61 13540.65 1985.14 13517.49 1964.07 13491.24 1974.10 13455.14 2003.99 13451.81
13 13849.24 12124.28 13824.00 12090.00 13824.70 12052.19 13858.31 12028.92 13885.71 12028.56 13903.63 12030.43 13938.13 12048.47 13941.05 12053.45 13941.03 12064.98 13940.35 12086.39 13913.50 12126.00 13890.66 12129.57 13865.69 12131.85
9 12061.60 13757.61 11991.61 13706.30 11993.13 13686.04 12004.99 13670.81 12048.99 13656.84 12087.50 13672.99 12091.85 13683.64 12098.22 13712.05 12092.37 13725.40
13 8131.77 6072.58 8069.41 6070.20 8063.70 6064.71 8048.49 6032.74 8035.46 6002.33 8038.58 5991.65 8046.30 5979.26 8066.59 5957.49 8088.36 5950.78 8130.73 5952.22 8165.22 5989.27 8160.98 6025.93 8145.50 6061.40
11 2123.38 4546.28 2071.50 4491.97 2087.59 4459.93 2148.81 4409.37 2162.24 4399.09 2207.15 4440.67 2225.14 4464.11 2233.95 4484.61 2231.33 4507.50 2210.47 4529.11 2125.08 4546.01
9 2560.55 12816.47 2566.74 12793.17 2603.20 12780.06 2620.75 12789.37 2640.92 12812.30 2653.30 12829.15 2622.48 12857.22 2614.11 12864.24 2566.30 12828.52
7 1480.38 3125.64 1464.95 3095.04 1468.44 3060.62 1472.22 3054.42 1533.60 3043.69 1554.34 3055.29 1562.01 3064.76
8 1118.31 9860.50 1112.85 9796.11 1127.58 9774.19 1183.31 9754.49 1202.30 9761.83 1246.24 9806.79 1228.56 9855.34 1158.40 9895.43
11 2201.53 4336.14 2220.44 4312.66 2286.84 4321.15 2305.52 4324.81 2319.30 4370.04 2325.32 4393.60 2320.36 4413.40 2269.90 4443.55 2221.30 4438.41 2191.36 4399.97 2197.97 4348.78
6 7724.01 608.58 7749.31 671.93 7740.05 694.96 7720.13 698.61 7680.61 659.18 7684.30 652.08
9 1057.45 5998.00 976.78 5985.97 946.34 5952.19 946.07 5892.79 972.75 5861.54 1032.65 5829.19 1113.36 5864.24 1125.46 5887.02 1075.30 5990.42
9 8808.62 9113.42 8752.94 9133.27 8720.64 9117.28 8706.98 9087.12 8709.42 9080.60 8734.55 9045.74 8750.97 9039.08 8787.77 9045.85 8801.39 9074.96
7 835.87 10200.76 827.29 10173.63 833.20 10138.94 837.75 10125.53 848.97 10128.09 866.49 10135.01 875.28 10189.82
8 1590.52 7862.04 1547.28 7889.61 1529.82 7876.61 1520.77 7865.91 1529.72 7848.25 1533.88 7842.23 1576.24 7835.19 1579.15 7837.44
8 11002.29 13183.06 11028.16 13134.35 11090.88 13113.69 11097.20 13125.58 11123.20 13225.10 11112.81 13243.12 11087.20 13249.90 11035.40 13219.96
9 10394.07 9178.72 10385.39 9160.78 10388.45 9139.15 10428.36 9105.21 10492.82 9110.76 10507.77 9141.89 10486.48 9182.10 10444.46 9234.20 10441.74 9235.48
6 12427.92 1442.04 12310.54 1405.80 12362.41 1335.55 12383.06 1322.65 12438.84 1340.70 12470.74 1360.45
7 4083.13 5081.90 4114.21 4992.54 4146.07 5007.15 4157.01 5020.64 4167.44 5043.76 4159.50 5060.87 4136.60 5095.16
8 7217.97 5923.70 7227.93 5903.40 7360.04 5884.99 7389.15 5916.29 7393.74 5982.30 7374.91 6005.98 7267.19 6012.35 7221.67 5954.31
8 6143.98 6098.16 6150.91 6017.80 6173.78 6005.82 6237.03 5996.94 6277.16 6024.77 6289.29 6059.81 6268.92 6082.02 6171.01 6111.77
12 4936.24 5493.03 4975.93 5448.90 5000.60 5427.62 5072.14 5435.47 5090.28 5446.75 5109.23 5474.32 5115.13 5491.61 5119.28 5553.69 5067.82 5603.68 5028.99 5609.53 4998.54 5601.53 4962.98 5549.00
10 4560.50 11828.53 4568.59 11758.11 4600.08 11721.07 4671.81 11738.95 4675.20 11751.68 4655.06 11825.28 4652.43 11831.33 4617.27 11841.90 4587.21 11842.50 4571.18 11835.22
10 6916.62 3484.23 6818.30 3459.58 6820.59 3375.11 6846.01 3347.11 6862.21 3336.93 6870.69 3332.41 6929.23 3338.80 6943.90 3342.15 6971.60 3385.71 6971.79 3473.67
11 11063.94 2641.09 11049.24 2586.71 11092.20 2550.30 11124.81 2528.73 11187.09 2547.52 11192.78 2551.13 11195.50 2574.59 11187.39 2632.98 11165.80 2659.26 11149.54 2672.74 11087.12 2656.80
10 5208.78 13432.69 5238.58 13384.64 5279.16 13359.19 5285.02 13357.57 5327.64 13406.02 5348.46 13433.68 5321.76 13479.23 5304.35 13499.28 5278.01 13500.42 5255.89 13494.37
12 12309.08 11329.01 12325.29 11328.88 12361.61 11332.91 12363.52 11335.50 12368.40 11343.08 12381.36 11379.92 12374.17 11393.94 12358.63 11403.81 12321.10 11406.55 12318.76 11405.85 12298.55 11384.92 12301.70 11347.51
9 5465.47 7621.55 5467.18 7574.04 5486.59 7556.33 5504.53 7543.68 5547.63 7576.04 5549.49 7593.98 5547.85 7624.12 5538.69 7642.34 5489.47 7629.48
9 10231.15 12635.88 10246.06 12690.10 10204.41 12726.52 10183.88 12734.96 10158.43 12717.64 10154.86 12714.27 10138.66 12677.59 10142.31 12660.89 10152.39 12653.49
9 5841.15 6850.07 5771.21 6820.15 5772.07 6766.86 5807.38 6732.17 5814.80 6732.60 5853.00 6745.70 5880.09 6761.63 5886.23 6789.34 5861.27 6834.79
12 7542.85 11705.45 7482.12 11633.80 7515.08 11589.46 7546.76 11581.17 7578.96 11588.72 7591.65 11603.41 7601.00 11619.23 7605.60 11649.78 7606.75 11661.32 7592.68 11687.89 7578.99 11698.70 7563.44 11704.14
11 6589.87 15449.33 6589.37 15436.86 6596.78 15395.96 6626.27 15368.46 6648.30 15367.10 6686.14 15386.28 6694.37 15391.71 6709.68 15406.20 6712.04 15419.36 6709.60 15441.07 6651.77 15497.69
10 12902.67 3409.10 12837.96 3414.58 12820.07 3395.75 12801.47 3354.15 12803.82 3340.45 12829.58 3308.95 12851.64 3294.48 12882.61 3298.91 12892.35 3309.44 12898.63 3336.73
6 1957.56 8503.45 1947.82 8561.42 1910.56 8557.22 1908.48 8538.15 1910.69 8526.29 1919.42 8509.22
6 4095.50 8301.58 4041.93 8290.58 4052.71 8273.86 4084.96 8238.11 4097.65 8249.23 4120.69 8273.47
11 2887.96 10151.99 2868.83 10127.45 2869.08 10123.63 2909.01 10092.60 2939.91 10092.49 2948.54 10093.48 2953.95 10101.11 2959.94 10126.18 2944.64 10161.37 2939.85 10171.33 2925.34 10172.27
12 4779.08 11442.71 4728.60 11403.17 4729.11 11368.45 4746.47 11329.30 4756.98 11308.34 4773.79 11286.98 4800.60 11288.52 4824.88 11297.06 4848.85 11305.75 4879.77 11324.39 4853.01 11427.79 4836.44 11443.47
7 7658.93 13669.93 7599.65 13653.39 7604.53 13627.53 7637.38 13597.38 7663.81 13608.90 7666.24 13617.69 7671.53 13650.43
8 5588.70 5525.77 5631.34 5475.75 5657.95 5500.91 5665.73 5523.08 5668.27 5572.36 5634.82 5578.70 5609.63 5567.52 5603.50 5564.63
10 8088.06 1465.79 8172.74 1422.74 8193.63 1431.85 8219.47 1457.08 8265.28 1515.92 8180.48 1590.29 8158.10 1599.05 8091.96 1564.73 8086.16 1556.91 8086.21 1488.52
10 1980.08 13037.44 2004.58 13007.09 2019.03 12999.76 2047.39 13008.88 2048.62 13012.46 2058.58 13052.51 2040.71 13073.21 2037.86 13074.43 1983.98 13056.83 1982.91 13051.71
10 12740.60 5757.16 12780.45 5680.13 12821.93 5687.81 12860.94 5699.50 12887.49 5761.19 12855.17 5795.88 12845.65 5802.42 12804.54 5812.81 12762.02 5801.65 12751.14 5787.08
9 14204.03 11716.49 14219.92 11663.70 14285.87 11678.49 14329.27 11708.03 14329.18 11713.32 14316.12 11758.44 14288.25 11777.70 14234.68 11770.75 14209.32 11728.57
7 12139.41 11132.99 12109.04 11082.08 12153.07 11047.99 12197.37 11064.50 12195.32 11080.54 12167.18 11115.33 12147.33 11129.77
8 7689.46 2951.22 7718.13 2905.36 7742.99 2911.78 7774.35 2930.11 7785.28 2960.82 7773.28 2974.00 7724.35 2979.12 7707.25 2972.07
9 9818.49 2597.08 9848.78 2560.99 9890.52 2526.85 9928.00 2547.79 9930.11 2615.79 9910.98 2641.34 9905.27 2644.23 9875.55 2653.25 9843.56 2634.52
10 7427.38 5197.09 7430.70 5156.56 7450.97 5148.86 7472.82 5143.68 7487.22 5145.81 7511.61 5171.89 7502.50 5190.09 7495.27 5202.21 7489.15 5211.04 7438.05 5209.38
11 4685.32 11242.46 4696.90 11286.89 4696.28 11294.44 4685.07 11310.60 4648.33 11319.90 4623.13 11304.44 4617.49 11278.48 4622.79 11261.24 4637.98 11240.19 4655.18 11232.70 4657.32 11231.86
8 13327.51 8617.79 13319.02 8577.08 13319.82 8556.87 13391.79 8526.95 13430.25 8557.32 13441.45 8585.93 13425.76 8621.74 13383.39 8650.16
7 15067.39 6855.55 15125.72 6924.91 15103.38 7002.06 15068.12 7009.28 14987.60 6970.68 14981.94 6890.58 15045.77 6853.12
7 5633.97 10601.81 5705.86 10508.38 5758.41 10592.11 5752.16 10601.03 5715.80 10617.86 5692.28 10626.88 5642.39 10625.50
8 12309.69 10384.89 12300.56 10336.16 12325.52 10282.61 12355.21 10273.07 12408.18 10301.32 12412.82 10309.90 12404.40 10383.46 12330.47 10400.28
10 2881.22 14284.82 2901.39 14340.63 2879.09 14354.05 2846.60 14369.58 2836.26 14374.07 2793.27 14347.16 2799.89 14300.59 2816.00 14274.33 2831.03 14275.84 2867.91 14282.41
6 4493.72 1795.52 4549.84 1882.34 4476.98 1916.50 4428.91 1913.74 4409.24 1863.64 4419.09 1808.00
7 9475.72 2549.14 9440.60 2581.46 9351.18 2558.23 9341.95 2549.58 9348.17 2510.68 9402.93 2491.32 9425.56 2492.20
8 8117.56 8273.88 8172.84 8310.20 8169.75 8338.41 8158.09 8407.68 8111.64 8402.83 8052.37 8357.39 8040.63 8326.96 8094.81 8286.93
8 12264.64 818.81 12305.87 911.06 12305.07 920.85 12242.26 969.41 12226.69 975.89 12184.85 934.93 12176.02 822.72 12182.60 819.52
12 15340.50 6634.83 15287.92 6633.09 15245.07 6578.96 15244.56 6561.61 15265.68 6511.46 15301.04 6489.05 15321.93 6484.85 15324.96 6485.62 15381.78 6512.69 15403.92 6550.16 15394.39 6575.46 15371.26 6615.04
9 1298.02 7589.20 1301.33 7503.99 1334.88 7501.76 1359.94 7513.62 1365.96 7552.75 1356.05 7590.61 1352.37 7593.36 1337.93 7597.34 1313.76 7597.83
9 7522.19 12281.33 7512.06 12223.75 7529.32 12206.95 7605.79 12194.31 7619.25 12204.65 7666.27 12289.04 7626.02 12322.68 7595.56 12336.42 7552.89 12352.37
10 11448.13 10389.11 11369.07 10352.70 11369.09 10331.54 11380.63 10258.81 11393.51 10238.71 11434.20 10210.44 11461.40 10206.54 11519.41 10236.84 11540.73 10283.65 11517.22 10351.17
10 7943.91 7601.32 7915.83 7669.85 7882.35 7669.24 7859.48 7655.48 7813.06 7563.38 7818.02 7538.05 7832.30 7535.22 7913.05 7531.42 7925.56 7534.89 7941.28 7564.58
11 2552.11 8750.86 2637.72 8771.75 2635.26 8836.93 2633.75 8870.38 2601.46 8911.53 2559.03 8916.00 2495.48 8863.11 2491.21 8859.48 2493.54 8829.36 2494.51 8823.05 2511.36 8779.08
7 14528.72 11552.40 14543.52 11511.42 14563.36 11514.11 14610.52 11552.99 14616.22 11567.50 14585.65 11596.11 14562.12 11590.54
7 12579.20 7957.03 12528.42 7867.34 12565.90 7823.56 12611.31 7827.21 12662.20 7853.84 12647.56 7909.94 12627.71 7952.33
10 14762.89 4758.12 14759.70 4703.23 14847.28 4645.29 14870.61 4646.12 14913.49 4684.46 14920.18 4710.75 14907.71 4778.31 14846.99 4805.10 14805.36 4809.50 14785.13 4794.87
6 3241.74 4488.51 3259.49 4556.87 3229.88 4588.43 3197.47 4549.40 3174.64 4510.91 3185.20 4499.30
14 11004.51 11756.33 11004.38 11675.03 11042.69 11636.95 11058.90 11626.29 11077.13 11619.20 11118.19 11630.29 11128.41 11656.59 11136.22 11718.79 11139.64 11766.79 11133.04 11778.78 11124.26 11790.95 11118.90 11794.83 11110.99 11798.97 11096.92 11803.34
8 3496.83 727.20 3510.62 685.40 3559.14 697.16 3589.86 704.67 3586.65 738.70 3571.07 775.07 3541.19 778.89 3514.47 768.34
8 267.07 14746.26 223.10 14630.47 281.58 14587.21 322.33 14607.89 377.75 14647.21 377.17 14666.54 368.90 14716.11 304.76 14742.27
7 10712.46 5804.97 10805.83 5733.46 10825.51 5749.85 10872.58 5837.85 10827.48 5887.16 10809.08 5895.94 10764.45 5881.24
9 6599.00 12912.13 6703.67 12855.70 6742.49 12872.43 6773.28 12911.94 6766.38 12991.40 6680.76 13032.65 6657.23 13033.51 6622.68 12988.67 6611.38 12962.64
9 3912.39 984.16 3906.10 945.37 3946.00 912.50 3981.64 898.92 3991.60 897.41 4050.42 959.68 4057.99 989.73 3978.39 1052.60 3949.83 1063.59
8 6308.82 12710.44 6305.72 12626.26 6371.64 12606.02 6405.53 12602.75 6424.76 12647.52 6444.35 12712.22 6438.82 12736.52 6367.38 12777.10
9 5223.22 8270.90 5243.62 8309.75 5236.73 8329.77 5228.51 8345.19 5191.56 8345.11 5186.99 8343.90 5168.87 8314.65 5167.69 8291.99 5206.56 8268.93
8 4252.39 15432.22 4227.40 15369.41 4260.05 15347.51 4292.14 15328.14 4331.56 15357.82 4326.94 15418.71 4320.09 15425.04 4304.79 15427.88
11 2695.15 14078.99 2734.70 14028.81 2778.84 14027.16 2797.83 14034.89 2813.91 14067.79 2795.66 14133.62 2785.03 14137.42 2752.39 14131.58 2739.08 14127.04 2724.78 14119.82 2715.70 14107.43
11 15226.16 9093.14 15218.02 9102.57 15199.67 9121.61 15187.39 9116.34 15180.09 9107.82 15155.61 9075.26 15150.75 9056.58 15171.29 9046.75 15183.83 9045.10 15214.87 9063.51 15218.65 9065.77
12 8186.34 5719.89 8186.93 5685.06 8236.89 5655.96 8261.35 5645.11 8271.30 5648.00 8284.53 5656.02 8309.50 5701.42 8289.04 5737.07 8220.37 5774.39 8218.73 5773.94 8205.14 5764.18 8194.62 5752.60
9 2178.81 1176.24 2058.48 1215.53 2027.77 1207.27 2021.21 1191.86 2024.99 1113.96 2059.31 1056.88 2102.10 1069.57 2146.71 1085.60 2167.71 1144.62
11 8368.72 13003.95 8362.62 13021.44 8345.32 13040.93 8328.27 13039.97 8308.12 13038.62 8295.42 13012.52 8292.46 12987.93 8314.38 12962.59 8326.62 12964.16 8339.70 12965.88 8351.97 12976.78
9 12458.46 7301.79 12481.91 7334.85 12477.87 7359.54 12469.74 7376.65 12450.14 7382.92 12422.58 7375.43 12416.99 7366.92 12415.04 7326.14 12438.49 7304.59
9 2828.64 12554.43 2829.11 12504.30 2848.15 12478.59 2869.76 12473.62 2889.12 12475.53 2914.92 12495.93 2907.78 12512.08 2881.75 12549.69 2861.10 12556.78
8 14796.73 1617.54 14847.28 1556.95 14881.79 1553.66 14910.11 1596.39 14917.36 1636.78 14913.35 1669.30 14811.90 1671.17 14800.38 1651.52
9 6837.13 11170.19 6885.61 11218.95 6863.06 11259.25 6853.87 11258.16 6806.40 11249.80 6799.08 11241.04 6792.59 11211.18 6796.75 11201.93 6813.61 11181.66
6 7344.66 10986.02 7317.19 11094.55 7227.33 11098.33 7194.90 11064.22 7194.36 10984.03 7230.94 10932.11
9 13556.63 4525.48 13564.97 4485.33 13576.01 4469.17 13600.44 4454.85 13631.19 4461.43 13649.63 4511.14 13640.44 4539.03 13635.81 4551.68 13596.55 4546.83
10 5111.30 10714.16 5137.93 10675.02 5153.02 10662.41 5253.15 10694.79 5261.25 10731.77 5268.95 10785.78 5194.09 10820.34 5156.61 10813.91 5137.70 10804.70 5130.41 10793.82
8 1187.89 1298.28 1172.91 1263.20 1190.38 1235.68 1230.89 1233.62 1244.06 1266.70 1242.16 1277.19 1229.68 1290.03 1215.68 1296.98
10 14610.05 2535.86 14589.95 2507.29 14590.33 2482.18 14592.45 2450.90 14632.36 2427.10 14679.25 2419.86 14703.13 2435.84 14724.40 2460.21 14693.21 2525.13 14637.93 2549.50
9 7957.11 13806.37 7928.78 13771.25 7934.26 13735.37 7956.39 13717.58 7981.46 13703.38 8061.52 13705.05 8063.91 13759.07 8030.86 13825.37 8021.93 13832.79
9 13650.73 2908.41 13705.81 2836.30 13714.89 2833.93 13765.27 2862.37 13788.93 2936.64 13728.77 2980.28 13715.37 2981.97 13695.33 2975.61 13694.68 2975.11
6 12140.13 10892.97 12194.26 10866.33 12255.06 10912.44 12233.13 10945.49 12202.80 10967.97 12154.93 10965.48
10 9044.39 3520.11 9068.01 3558.91 9056.02 3594.14 9036.21 3623.38 8994.41 3621.57 8977.49 3604.32 8961.42 3580.83 8955.25 3551.41 8958.01 3531.62 8970.20 3516.97
10 6596.25 8704.80 6511.17 8660.09 6513.38 8631.11 6541.48 8545.65 6563.22 8538.54 6601.28 8537.67 6646.37 8549.44 6659.83 8565.69 6657.26 8652.36 6652.60 8657.32
7 5061.88 14969.08 5016.16 14922.31 5027.00 14874.46 5062.48 14830.92 5083.61 14810.43 5145.39 14867.63 5147.54 14919.03
9 14329.51 10345.74 14351.85 10302.71 14378.72 10301.02 14407.80 10301.78 14427.65 10325.37 14412.22 10358.22 14400.95 10378.54 14386.52 10378.34 14352.76 10375.27
12 15170.21 7799.40 15197.54 7716.86 15212.37 7707.82 15243.85 7708.13 15279.32 7722.19 15295.21 7731.60 15325.58 7758.85 15320.39 7802.52 15275.27 7849.66 15256.92 7854.71 15220.31 7849.22 15193.67 7831.60
8 7339.92 13206.43 7328.41 13147.51 7330.78 13138.28 7361.76 13116.23 7366.21 13117.47 7399.68 13137.83 7392.13 13186.26 7380.22 13207.29
7 2322.83 10442.16 2366.31 10374.64 2446.98 10411.00 2449.65 10412.25 2461.67 10422.97 2466.70 10478.85 2395.67 10526.08
9 10975.71 11993.27 11047.52 11945.17 11098.10 11927.21 11135.53 11977.08 11157.20 12026.41 11119.13 12073.32 11033.44 12087.97 10981.90 12020.91 10977.72 12015.45
8 10453.66 8968.18 10472.44 9040.72 10461.70 9064.65 10442.63 9066.19 10431.74 9065.35 10407.60 9059.01 10378.28 9010.69 10410.36 8970.44
9 7955.59 10636.17 7950.32 10584.27 7991.37 10517.47 8074.01 10519.15 8084.82 10527.39 8121.38 10601.40 8081.82 10650.99 8055.00 10679.26 8004.59 10673.92
11 7344.95 9966.29 7321.03 10029.73 7304.74 10057.21 7281.77 10054.52 7225.96 10031.33 7223.02 10023.44 7215.64 9994.66 7234.50 9933.17 7262.77 9920.80 7312.46 9926.16 7322.61 9934.94
9 9466.47 8559.45 9522.35 8527.18 9554.24 8589.28 9568.42 8642.56 9557.82 8665.57 9504.49 8687.55 9442.93 8667.51 9415.56 8639.62 9454.37 8577.39
6 5357.98 1603.68 5324.68 1558.68 5328.59 1534.02 5382.93 1523.03 5394.52 1561.39 5396.33 1585.52
8 8525.19 1976.31 8507.03 1882.76 8538.21 1855.11 8595.00 1845.81 8638.65 1868.21 8657.11 1888.10 8668.51 1954.98 8630.27 1988.95
7 11565.29 3955.18 11589.69 4005.30 11547.08 4042.32 11499.93 4033.16 11486.56 3989.12 11503.74 3967.91 11508.29 3965.18
9 9702.44 10454.10 9710.03 10428.04 9731.54 10403.14 9763.61 10407.16 9779.93 10415.54 9786.21 10435.99 9783.71 10457.82 9770.54 10469.98 9721.00 10477.74
10 3283.12 8661.33 3290.63 8614.99 3321.63 8573.21 3392.94 8582.52 3414.36 8618.65 3417.81 8634.22 3402.85 8675.95 3382.74 8697.43 3313.26 8686.47 3288.75 8673.30
8 15118.27 2666.65 15122.66 2652.72 15134.61 2626.30 15159.21 2635.15 15183.55 2653.94 15178.23 2668.59 15148.38 2694.09 15139.25 2690.94
8 14685.61 14200.58 14741.06 14247.36 14726.73 14284.13 14673.02 14314.82 14655.73 14315.57 14650.16 14312.17 14616.93 14289.11 14657.99 14208.82
6 8071.93 2911.33 7935.71 2999.43 7925.89 2984.68 7918.99 2967.61 7908.52 2899.29 7997.02 2849.29
9 3356.33 8547.35 3342.69 8520.51 3354.53 8481.01 3359.54 8475.46 3394.34 8441.97 3448.13 8440.00 3477.78 8477.49 3470.70 8519.54 3402.99 8577.05
7 9930.70 5081.06 9852.65 5065.05 9870.57 4946.97 9903.10 4935.96 9932.84 4929.97 9962.55 4969.68 9983.04 5007.21
10 15337.43 1518.13 15318.75 1458.48 15361.62 1421.25 15386.91 1416.18 15422.13 1413.39 15454.98 1449.03 15460.76 1466.19 15447.29 1508.38 15396.67 1542.90 15365.57 1538.18
11 5133.91 15323.99 5162.31 15299.31 5208.86 15268.93 5210.68 15268.53 5228.26 15274.22 5272.92 15310.36 5280.83 15380.19 5268.86 15420.11 5240.01 15446.14 5147.63 15404.18 5142.54 15400.54
9 14033.61 4167.59 13997.63 4126.61 13999.26 4119.17 14022.30 4104.85 14047.63 4091.87 14066.49 4096.02 14091.70 4120.54 14062.81 4176.33 14059.50 4179.98
7 12090.90 5741.07 12186.39 5727.73 12192.14 5787.25 12194.80 5839.17 12081.91 5863.42 12059.80 5822.01 12066.12 5781.71
10 4243.13 2158.81 4232.53 2149.86 4253.82 2110.69 4273.10 2094.76 4321.36 2102.64 4333.62 2107.22 4344.90 2131.87 4342.56 2150.12 4325.40 2181.31 4300.61 2191.70
6 14976.80 681.80 15063.77 568.10 15146.82 609.56 15142.14 699.90 15093.82 739.73 15036.43 711.77
8 10284.20 13390.33 10287.24 13448.93 10261.65 13465.70 10238.55 13452.05 10211.90 13426.85 10213.74 13416.35 10221.21 13404.59 10249.82 13382.82
7 9757.11 14300.10 9838.10 14330.32 9831.55 14381.44 9753.92 14404.35 9730.20 14390.36 9721.41 14370.07 9744.43 14321.81
8 14315.98 3445.57 14264.42 3488.54 14191.75 3475.76 14174.33 3426.82 14185.64 3389.41 14199.47 3360.88 14234.86 3338.86 14308.36 3435.35
9 10522.29 10636.51 10531.39 10559.51 10572.29 10527.69 10642.36 10537.69 10667.25 10542.83 10689.70 10601.09 10680.86 10658.40 10599.66 10684.95 10545.13 10675.31
8 3529.81 5601.50 3498.33 5496.72 3513.57 5464.88 3517.75 5462.53 3596.83 5448.18 3625.50 5493.43 3632.91 5576.47 3586.32 5592.41
9 14579.31 8396.39 14557.33 8308.69 14570.41 8281.18 14610.36 8281.85 14663.59 8289.78 14672.82 8307.33 14654.04 8353.02 14640.58 8382.93 14626.35 8397.64
10 9608.90 6513.65 9623.94 6459.95 9661.89 6396.21 9726.58 6398.31 9744.93 6409.31 9779.55 6465.53 9762.71 6523.07 9708.65 6547.58 9687.37 6543.24 9625.45 6529.44
10 3290.90 11669.96 3308.29 11735.06 3277.87 11792.19 3237.91 11826.03 3218.87 11823.19 3153.62 11790.90 3142.27 11765.43 3140.87 11730.48 3158.72 11696.57 3183.25 11675.45
12 12491.92 15331.85 12524.09 15267.84 12527.75 15264.64 12538.30 15262.27 12577.98 15278.65 12604.27 15343.88 12601.37 15367.17 12589.74 15375.60 12573.41 15384.63 12546.83 15386.33 12527.19 15375.12 12495.60 15339.61
7 6266.76 2043.19 6306.50 2095.36 6268.29 2190.60 6246.17 2204.58 6161.27 2159.44 6142.39 2101.47 6156.52 2069.10
13 14104.70 13707.78 14109.03 13672.40 14116.27 13653.85 14129.25 13625.73 14134.13 13615.17 14182.47 13624.11 14196.29 13637.23 14208.41 13658.97 14206.49 13685.78 14191.59 13713.80 14175.42 13730.36 14152.58 13739.95 14117.59 13724.19
8 4894.28 9438.45 4794.60 9520.21 4765.12 9500.29 4746.63 9460.82 4738.48 9380.66 4768.83 9364.90 4809.66 9354.13 4882.76 9410.15
8 578.15 6931.57 528.24 6937.38 512.38 6917.21 507.76 6870.45 524.07 6852.04 583.87 6853.33 588.36 6882.85 583.35 6924.52
6 12674.32 11905.53 12599.50 11965.88 12574.63 11938.18 12558.17 11889.59 12625.96 11861.24 12628.28 11863.22
10 5218.29 10476.72 5180.34 10377.62 5193.25 10357.19 5252.79 10337.74 5287.88 10328.57 5355.80 10410.51 5358.10 10434.83 5332.23 10461.67 5314.76 10473.25 5262.92 10499.87
7 10648.62 14986.81 10684.43 15038.73 10679.05 15045.53 10654.80 15046.94 10633.72 15040.42 10620.76 15014.07 10636.57 14989.26
7 2496.75 11957.91 2385.62 11953.87 2407.42 11894.92 2410.51 11890.36 2442.64 11846.07 2497.26 11831.37 2517.73 11850.58
8 15358.50 1284.44 15328.54 1305.77 15297.60 1293.73 15278.81 1257.57 15290.03 1227.28 15327.07 1221.71 15330.40 1222.84 15357.72 1250.43
8 10657.74 3974.26 10638.53 3930.89 10668.95 3860.89 10729.60 3855.08 10775.42 3881.11 10785.64 3888.02 10796.58 3940.79 10796.70 3942.95
10 9115.14 6617.84 9140.24 6577.62 9156.15 6578.76 9174.95 6584.05 9179.61 6586.45 9180.35 6587.56 9183.63 6600.94 9170.85 6627.82 9163.52 6637.54 9123.34 6635.71
11 8154.11 3726.05 8182.13 3723.35 8221.27 3735.06 8233.09 3756.73 8219.07 3797.03 8212.45 3810.12 8204.33 3824.91 8161.79 3832.05 8158.91 3829.50 8132.55 3794.86 8138.53 3766.02
8 2555.28 7414.59 2618.22 7446.66 2604.43 7537.12 2534.32 7538.04 2508.82 7533.95 2481.02 7502.89 2483.55 7461.04 2516.33 7420.97
11 524.53 13952.42 550.42 13926.75 608.25 13937.11 643.24 13949.01 643.22 13989.02 622.47 14003.79 567.13 14035.57 546.99 14023.82 530.63 14013.60 520.25 14000.15 520.71 13983.48
6 9219.95 2957.29 9237.32 2892.72 9255.45 2896.78 9316.91 2939.35 9311.48 2976.54 9220.04 2959.58
10 605.60 10503.11 607.27 10538.94 602.55 10557.36 583.70 10578.45 560.96 10585.30 538.34 10560.28 520.53 10539.12 509.28 10517.64 518.29 10502.11 576.16 10502.08
11 1854.71 9071.02 1894.39 9126.55 1898.72 9138.56 1903.52 9161.78 1876.88 9200.57 1870.72 9206.42 1781.67 9191.73 1762.08 9170.10 1770.29 9106.83 1776.89 9096.08 1791.19 9090.30
6 12209.93 3968.62 12167.92 3904.17 12179.65 3874.95 12182.37 3870.92 12223.45 3879.18 12259.43 3941.59
10 15221.04 14778.99 15221.52 14775.25 15250.74 14734.76 15251.14 14734.28 15278.83 14735.54 15288.55 14746.91 15303.59 14776.62 15286.33 14811.72 15278.55 14819.52 15236.41 14817.04
6 13652.47 12224.43 13617.74 12178.11 13633.82 12122.99 13679.28 12110.24 13727.13 12134.78 13723.92 12191.41
7 3798.31 2064.27 3699.80 2115.03 3656.42 2087.69 3651.53 2077.95 3674.33 2021.97 3690.23 1998.64 3792.93 2042.18
8 8169.52 8088.22 8171.79 8056.75 8223.28 8010.94 8248.29 8079.43 8253.11 8107.15 8243.01 8118.02 8187.81 8142.05 8171.52 8100.18
11 5373.64 10543.40 5345.55 10498.77 5390.84 10447.89 5475.95 10468.48 5493.89 10474.13 5508.00 10539.36 5508.51 10553.78 5499.03 10568.94 5454.67 10584.52 5439.68 10588.08 5403.56 10590.22
8 13211.69 1740.80 13159.89 1708.88 13170.17 1681.72 13186.87 1668.07 13213.33 1651.12 13226.21 1657.40 13239.54 1690.45 13226.09 1726.59
6 14984.10 4831.83 14992.00 4740.03 15070.35 4727.45 15077.98 4762.78 15084.56 4848.60 14988.26 4849.62
7 530.12 12757.10 434.05 12771.21 414.45 12754.82 412.53 12680.19 485.74 12656.14 540.01 12671.41 534.34 12734.31
7 6665.97 1483.35 6626.99 1502.43 6617.32 1498.53 6600.45 1448.23 6606.10 1423.33 6634.37 1424.71 6663.53 1450.13
7 12352.85 13870.95 12380.02 13929.58 12358.66 13986.04 12266.17 13999.78 12241.95 13958.28 12254.10 13905.41 12275.31 13874.11
10 13018.83 3854.95 12934.88 3744.96 12965.94 3716.87 12997.29 3704.59 13049.89 3693.24 13092.47 3720.46 13104.55 3746.53 13047.29 3828.61 13033.83 3845.97 13023.17 3858.25
10 14144.57 8828.07 14124.88 8748.24 14142.53 8729.64 14177.59 8713.87 14201.94 8721.86 14235.69 8743.49 14236.69 8799.24 14226.69 8805.95 14182.46 8833.91 14179.00 8834.33
7 8759.76 7030.90 8801.71 6987.91 8829.85 6993.76 8840.53 7059.17 8831.78 7065.52 8801.45 7070.53 8771.87 7054.84
8 11157.54 8576.83 11188.73 8601.63 11183.23 8638.52 11160.16 8657.76 11116.86 8647.53 11108.25 8616.83 11109.80 8603.56 11117.89 8593.37
9 239.94 2086.50 317.62 2020.87 370.86 2034.71 396.00 2067.27 403.20 2097.56 367.84 2187.13 357.51 2188.74 338.41 2183.39 261.66 2159.00
12 5614.50 2090.35 5654.67 2166.57 5652.16 2195.98 5650.74 2212.31 5608.88 2235.72 5577.73 2234.33 5575.03 2233.03 5524.50 2205.47 5508.67 2156.57 5533.14 2119.01 5554.87 2101.25 5583.33 2096.04
6 12386.14 7654.62 12411.87 7622.16 12454.36 7635.66 12465.05 7673.20 12401.61 7695.72 12386.60 7658.42
8 223.03 11055.67 291.71 11006.48 325.55 11026.27 345.24 11072.04 352.19 11095.05 340.02 11144.24 311.89 11164.25 261.11 11156.36
7 2498.32 5593.41 2532.55 5558.45 2544.72 5560.91 2572.99 5587.10 2571.05 5606.57 2540.00 5632.63 2504.74 5614.32
9 4931.11 8888.43 4912.15 8852.50 4954.38 8783.12 4970.99 8778.06 5004.24 8779.25 5035.20 8823.04 5053.90 8850.23 5038.86 8863.80 5010.44 8886.90
10 6105.61 15073.01 6106.08 15007.57 6123.62 14995.27 6163.66 14975.65 6237.97 15028.77 6238.68 15108.12 6235.31 15136.87 6191.29 15165.51 6129.98 15154.05 6106.55 15110.77
10 13239.83 5072.74 13243.92 5040.02 13268.73 4988.15 13345.15 4988.67 13373.93 4989.99 13408.07 5067.75 13388.69 5106.12 13375.53 5109.97 13324.13 5123.46 13294.93 5116.75
9 10997.22 14127.94 11031.79 14101.39 11059.04 14083.28 11094.82 14106.55 11095.08 14115.78 11066.30 14145.36 11035.05 14154.67 11023.51 14157.52 11015.25 14149.47
7 7914.77 10818.79 7907.21 10756.41 7922.95 10750.15 7963.31 10744.02 7982.01 10761.52 7992.13 10805.88 7969.89 10819.76
8 8161.72 4793.60 8148.46 4787.79 8153.09 4742.26 8216.05 4670.41 8256.08 4683.71 8268.42 4708.71 8263.66 4756.81 8229.53 4819.08
6 9764.54 12185.17 9730.29 12116.77 9833.08 12101.90 9850.68 12122.74 9850.32 12177.02 9827.59 12192.68
7 8260.92 12532.77 8292.71 12619.75 8241.40 12679.22 8200.01 12674.68 8152.25 12662.74 8124.94 12615.37 8202.45 12535.15
9 9487.00 3913.08 9545.24 3952.62 9540.05 4016.16 9534.36 4029.92 9498.72 4027.92 9488.19 4025.15 9432.50 4007.65 9432.46 3989.76 9434.45 3979.24
12 14005.45 14862.06 13977.67 14909.16 13959.54 14927.69 13937.25 14923.06 13925.34 14919.15 13917.11 14906.17 13883.61 14847.37 13881.92 14841.26 13882.93 14837.83 13903.24 14816.90 13956.93 14798.50 13965.24 14799.99
6 7787.75 11240.04 7828.09 11340.87 7782.99 11356.20 7703.33 11351.43 7675.85 11300.61 7683.59 11243.05
9 2251.91 13155.14 2215.32 13068.11 2249.81 13039.62 2301.58 13018.56 2345.64 13012.55 2366.81 13038.51 2341.60 13114.78 2333.15 13139.79 2281.75 13154.54
6 1681.73 4399.62 1616.81 4319.86 1738.76 4292.41 1758.15 4343.86 1742.46 4372.03 1694.35 4398.87
10 14670.25 3322.54 14632.43 3261.50 14669.61 3170.20 14685.86 3161.89 14748.21 3174.24 14796.02 3190.72 14800.12 3268.66 14795.81 3277.27 14739.78 3306.51 14702.27 3315.65
9 6699.58 11842.69 6703.26 11898.26 6693.87 11932.17 6671.02 11934.31 6618.65 11938.55 6584.19 11905.30 6580.39 11881.46 6609.98 11842.13 6615.97 11839.47
7 4514.37 6827.89 4521.97 6733.38 4572.79 6704.15 4584.26 6731.38 4588.45 6813.70 4543.28 6847.89 4538.86 6847.02
11 10207.39 681.01 10211.30 667.69 10218.70 663.88 10235.28 659.93 10258.80 663.42 10276.84 667.57 10280.84 674.66 10283.79 712.68 10261.93 728.84 10223.06 720.36 10218.51 712.59
8 6283.16 14534.58 6288.16 14460.86 6413.57 14476.67 6417.48 14506.88 6418.47 14536.73 6354.52 14603.47 6341.13 14607.78 6287.74 14574.56
10 7356.00 2069.25 7323.59 2027.07 7354.77 2001.79 7376.92 1991.78 7434.08 1980.40 7451.18 2012.15 7458.97 2033.14 7444.48 2049.29 7399.18 2088.38 7393.64 2089.62
8 5836.50 10670.43 5836.01 10635.15 5851.44 10613.42 5904.47 10604.16 5932.16 10640.06 5937.53 10656.50 5927.32 10673.87 5908.17 10697.21
9 1733.10 14409.02 1700.65 14478.47 1683.55 14477.04 1626.67 14408.20 1605.74 14380.25 1638.06 14336.75 1668.28 14335.31 1698.94 14346.95 1723.54 14358.72
6 4277.03 8644.77 4337.49 8578.57 4412.65 8613.51 4398.14 8683.14 4366.93 8709.60 4285.76 8690.84
7 5152.14 12743.50 5186.09 12679.75 5241.11 12685.87 5258.40 12690.37 5270.42 12698.01 5305.44 12781.70 5254.06 12779.85
8 2279.54 14610.70 2319.29 14645.50 2303.34 14687.77 2273.24 14692.71 2242.04 14682.99 2225.43 14669.14 2224.93 14645.39 2254.33 14613.70
7 4594.64 9831.89 4554.14 9809.94 4563.97 9753.14 4579.70 9750.79 4611.84 9751.69 4630.14 9800.72 4617.96 9820.12
10 7493.42 9520.49 7460.26 9512.26 7444.21 9464.37 7436.12 9417.41 7471.98 9378.26 7477.24 9375.65 7528.61 9373.70 7555.15 9413.66 7580.38 9459.94 7520.26 9517.77
6 8218.86 5021.99 8263.09 5094.94 8229.69 5155.34 8149.32 5091.75 8141.94 5078.95 8172.05 5038.45
5 2921.02 7265.54 3013.80 7232.77 3023.61 7301.82 3012.72 7311.58 2993.21 7317.10
6 5772.60 12190.66 5818.59 12242.87 5773.77 12273.02 5735.25 12292.91 5672.13 12260.62 5703.95 12202.13
11 2441.23 4856.49 2410.62 4787.65 2422.91 4747.88 2464.47 4721.57 2491.13 4717.60 2539.77 4718.28 2571.10 4770.98 2553.84 4824.55 2529.51 4853.20 2490.58 4874.76 2460.55 4869.90
8 9537.33 5881.38 9520.42 5923.50 9506.23 5930.61 9457.14 5922.42 9459.80 5866.00 9468.89 5836.27 9483.14 5830.77 9532.02 5846.55
10 15246.68 857.34 15306.15 833.91 15378.81 854.77 15380.34 874.24 15377.54 926.60 15367.88 936.48 15363.08 939.34 15333.16 951.45 15280.68 964.91 15253.63 942.42
11 3827.09 8712.96 3837.54 8719.50 3844.26 8732.47 3847.49 8747.84 3846.53 8765.18 3810.99 8787.79 3788.52 8766.46 3782.27 8758.22 3783.09 8739.70 3785.53 8723.14 3819.81 8714.57
10 15194.80 8608.27 15202.76 8588.43 15235.97 8553.36 15243.25 8549.59 15258.49 8569.77 15265.66 8580.64 15263.23 8591.01 15254.58 8615.71 15248.08 8620.93 15220.63 8614.42
7 14864.88 13380.37 14831.05 13421.37 14774.22 13421.97 14772.36 13404.53 14784.95 13347.54 14810.30 13331.10 14861.20 13348.41
11 3605.21 13076.01 3613.38 13031.61 3630.96 13014.04 3644.12 13001.85 3685.12 13004.09 3707.71 13046.50 3710.25 13071.28 3706.27 13109.80 3680.30 13121.51 3643.26 13131.25 3605.97 13097.37
7 6939.57 12285.39 6916.64 12323.17 6851.48 12329.45 6820.65 12302.84 6838.03 12229.13 6885.42 12219.30 6932.34 12254.97
9 4247.79 12658.98 4260.56 12608.82 4284.18 12591.58 4305.63 12586.57 4342.26 12600.10 4357.83 12657.83 4351.38 12683.00 4312.71 12709.70 4284.39 12696.39
8 3493.96 9853.93 3548.82 9791.59 3575.03 9790.00 3594.68 9789.60 3666.33 9818.38 3626.24 9911.65 3580.40 9947.24 3542.43 9946.47
6 7547.49 2059.06 7529.90 2125.21 7451.51 2139.56 7431.56 2119.88 7422.36 2084.62 7513.79 2031.42
6 2521.25 4653.42 2501.77 4619.66 2518.33 4607.00 2578.67 4599.06 2577.54 4617.65 2566.12 4648.46
10 14374.99 6622.96 14349.36 6656.48 14328.22 6657.43 14297.28 6647.89 14287.59 6636.69 14288.00 6611.60 14288.20 6607.52 14322.56 6572.02 14335.42 6560.83 14357.36 6588.39
10 12346.47 12073.10 12340.21 11999.87 12360.59 11973.79 12399.90 11943.33 12447.37 11968.81 12460.52 12000.05 12464.52 12030.69 12453.66 12044.23 12382.22 12083.86 12354.83 12079.31
9 12654.07 1381.51 12634.12 1339.26 12643.52 1275.23 12679.89 1256.71 12690.83 1255.48 12740.48 1269.75 12755.34 1327.28 12738.19 1364.45 12722.88 1371.94
11 3966.12 10293.00 3972.29 10286.40 4007.18 10251.88 4010.62 10248.81 4038.35 10255.07 4053.25 10269.46 4060.02 10310.00 4046.65 10332.56 4035.93 10341.31 4024.83 10343.41 4007.03 10336.74
8 7688.14 3483.74 7673.74 3524.54 7635.08 3531.23 7630.37 3522.81 7623.31 3479.97 7630.17 3473.41 7665.14 3465.23 7685.64 3474.74
10 6930.20 2333.57 6873.45 2307.40 6880.47 2267.88 6886.84 2259.58 6895.72 2252.25 6918.63 2248.54 6937.63 2256.24 6964.83 2281.08 6962.65 2304.68 6957.68 2316.63
9 13420.30 7785.15 13405.29 7730.07 13445.61 7686.50 13449.17 7686.17 13493.59 7712.97 13505.04 7720.88 13524.47 7762.41 13486.82 7803.74 13478.63 7806.24
11 10047.16 11934.54 10085.13 11934.25 10100.13 11947.67 10117.30 11985.18 10087.78 12040.61 10068.48 12054.83 10025.21 12060.98 10008.46 12052.64 9981.68 12029.91 9995.87 11988.21 10027.17 11955.06
7 10493.33 12648.74 10524.30 12694.90 10511.24 12735.26 10481.17 12736.99 10444.23 12708.23 10442.46 12693.07 10452.84 12667.78
7 9222.39 9286.42 9252.07 9242.79 9318.54 9249.17 9337.40 9298.99 9343.98 9340.80 9324.00 9362.53 9291.05 9363.69
10 5692.79 3646.18 5655.44 3585.49 5656.96 3550.53 5673.93 3522.24 5731.96 3513.56 5772.85 3540.30 5776.30 3553.49 5776.71 3561.85 5773.70 3587.65 5759.18 3630.61
10 4710.83 7404.68 4702.83 7384.86 4718.26 7366.69 4734.18 7354.13 4795.13 7372.63 4804.53 7387.32 4804.28 7394.25 4790.34 7419.78 4768.07 7433.42 4716.76 7407.96
11 12785.48 5065.73 12761.04 5051.65 12737.19 5013.31 12706.64 4956.63 12745.89 4906.43 12775.76 4894.35 12787.66 4890.81 12828.07 4902.20 12853.94 4960.52 12849.84 5009.68 12836.11 5041.94
8 13433.45 6906.40 13400.95 6843.44 13413.15 6823.82 13443.80 6798.82 13479.78 6773.11 13509.21 6816.02 13486.38 6880.28 13476.10 6901.24
8 14400.09 7702.95 14385.33 7650.87 14409.65 7624.51 14434.42 7612.06 14455.86 7618.14 14484.81 7652.09 14457.49 7697.53 14431.73 7709.13
7 5144.89 2703.03 5195.42 2667.57 5216.38 2677.94 5231.47 2737.60 5229.72 2751.58 5172.89 2772.94 5150.27 2751.01
9 8481.76 5503.28 8475.02 5493.18 8502.13 5455.82 8532.40 5449.39 8547.60 5448.57 8569.52 5469.21 8588.70 5497.04 8578.68 5530.43 8530.26 5564.97
10 8277.06 11773.68 8292.85 11698.81 8330.59 11695.61 8352.99 11700.60 8410.76 11747.57 8426.95 11793.72 8371.07 11829.01 8328.71 11853.43 8316.87 11848.16 8291.47 11804.88
8 14987.14 13934.44 14955.92 13953.22 14939.57 13946.59 14919.94 13933.54 14912.25 13925.40 14936.43 13884.89 14946.82 13879.28 14983.34 13910.99
8 8938.68 8299.71 8982.91 8347.89 8978.03 8376.19 8962.32 8394.69 8935.92 8413.50 8904.05 8406.73 8866.41 8369.69 8881.27 8325.01
10 5930.62 12670.88 5911.99 12729.06 5874.99 12737.52 5801.22 12727.59 5775.95 12713.19 5784.63 12693.94 5850.66 12618.81 5883.07 12619.03 5919.53 12634.06 5924.61 12644.99
8 8206.31 289.43 8249.70 305.49 8235.13 359.33 8202.00 410.26 8146.28 395.87 8130.75 346.24 8132.02 339.69 8140.96 312.45
10 9803.76 9169.96 9780.20 9115.69 9780.81 9086.53 9794.95 9043.17 9809.23 9031.47 9879.34 9049.95 9894.53 9087.58 9899.21 9107.57 9888.03 9147.63 9859.20 9163.43
11 7600.19 7406.60 7597.18 7346.84 7620.21 7330.38 7657.23 7325.54 7660.58 7325.46 7693.50 7342.00 7701.57 7363.22 7702.88 7383.45 7692.84 7415.38 7663.86 7427.40 7638.57 7423.55
7 1825.62 4356.97 1873.23 4291.84 1917.86 4299.59 1974.32 4328.39 1988.88 4357.74 1999.72 4390.00 1928.29 4428.41
10 5358.35 6791.02 5428.40 6785.00 5440.51 6806.07 5442.58 6850.35 5418.51 6889.95 5398.79 6904.53 5374.60 6906.00 5354.10 6882.59 5318.62 6837.88 5327.84 6820.51
7 9827.79 8115.29 9816.59 8083.36 9823.29 8053.30 9839.48 8045.08 9871.40 8051.28 9906.53 8098.36 9891.67 8123.21
7 9692.56 9628.83 9797.39 9704.83 9765.15 9759.38 9698.53 9785.38 9659.92 9761.94 9629.84 9717.22 9634.91 9672.50
11 4476.66 5724.36 4390.72 5802.37 4353.76 5778.85 4333.69 5758.78 4307.46 5717.32 4300.07 5686.90 4364.35 5634.98 4407.83 5629.89 4439.28 5638.37 4471.47 5692.09 4476.53 5713.91
7 5521.63 7674.92 5617.98 7733.87 5594.71 7795.33 5556.99 7836.82 5496.33 7826.20 5460.92 7753.03 5472.77 7728.26
11 4537.56 13487.58 4531.39 13471.87 4533.58 13442.54 4536.66 13438.19 4542.96 13431.02 4566.10 13408.07 4615.71 13420.26 4625.30 13436.06 4621.07 13479.59 4577.97 13512.61 4554.36 13502.14
9 3702.66 4638.42 3685.21 4709.53 3667.98 4709.43 3643.06 4698.00 3640.38 4694.48 3638.68 4670.73 3639.67 4663.62 3643.55 4640.24 3662.17 4630.90
6 8353.31 1084.58 8240.03 1125.75 8209.59 1092.20 8203.98 1077.35 8193.45 1013.50 8314.23 977.41
10 12490.13 1217.06 12447.72 1207.97 12442.91 1202.79 12384.08 1138.63 12439.20 1063.28 12499.28 1056.18 12521.77 1089.57 12536.25 1112.67 12540.31 1121.30 12534.57 1166.35
9 4442.64 5130.52 4491.69 5172.07 4488.25 5197.99 4454.40 5228.42 4419.13 5218.55 4407.44 5208.63 4373.47 5133.39 4397.96 5121.84 4426.03 5127.09
7 1747.54 2429.73 1724.45 2355.76 1726.40 2344.78 1799.83 2305.02 1835.33 2322.38 1837.63 2390.46 1824.33 2442.07
6 4889.04 2318.05 4878.81 2270.89 4890.54 2240.55 4901.78 2236.57 4948.95 2260.44 4946.30 2315.09
8 8610.70 4852.06 8610.57 4795.76 8633.47 4785.91 8646.89 4784.85 8675.63 4817.00 8675.88 4821.99 8662.87 4852.01 8648.97 4855.08
10 2400.07 1350.09 2377.87 1346.60 2346.10 1327.59 2330.47 1309.26 2337.24 1288.78 2389.56 1288.21 2395.21 1290.53 2405.58 1300.68 2423.22 1320.67 2411.07 1343.41
7 4675.41 13711.07 4671.04 13763.17 4593.20 13775.38 4574.73 13745.84 4600.73 13682.82 4614.70 13679.23 4640.90 13679.43
10 7057.15 6571.77 7038.59 6507.36 7063.02 6483.27 7074.55 6477.54 7159.07 6467.71 7177.89 6473.82 7179.85 6504.43 7156.82 6565.31 7144.82 6587.20 7104.11 6594.38
8 12708.01 6293.83 12682.94 6250.57 12703.37 6217.30 12718.38 6203.98 12786.26 6248.80 12803.07 6261.36 12793.05 6279.87 12727.84 6311.02
9 13197.89 3550.73 13155.47 3613.84 13106.08 3611.36 13088.04 3582.97 13078.16 3535.86 13074.76 3515.54 13093.89 3505.81 13166.02 3487.12 13190.29 3523.28
10 8125.31 14031.12 8173.93 14003.79 8193.87 14011.13 8241.88 14040.23 8248.74 14052.55 8256.83 14102.82 8248.65 14128.96 8163.74 14127.63 8141.11 14098.78 8127.61 14042.37
8 6428.01 1346.21 6409.88 1291.00 6416.35 1273.27 6435.39 1245.74 6460.67 1242.63 6494.94 1244.27 6537.54 1303.19 6501.54 1347.83
10 13253.18 12684.25 13225.78 12728.88 13177.95 12758.05 13138.19 12756.55 13089.62 12729.25 13082.32 12676.82 13078.62 12647.86 13080.20 12641.22 13170.28 12599.60 13201.43 12620.28
10 7174.65 927.96 7141.75 975.43 7125.81 977.46 7121.89 976.52 7111.16 970.57 7098.59 955.87 7084.02 937.78 7103.65 900.58 7140.00 890.32 7165.61 913.87
9 15215.58 10519.34 15180.42 10475.97 15196.14 10425.16 15254.69 10380.40 15291.46 10396.69 15295.04 10399.29 15329.27 10458.21 15329.73 10464.58 15295.95 10499.91
9 3144.87 1350.56 3179.04 1417.22 3164.20 1431.13 3128.97 1461.89 3084.31 1464.83 3055.09 1438.26 3053.68 1391.96 3107.47 1360.08 3111.84 1358.14
7 2447.35 8340.85 2425.62 8293.49 2439.39 8241.70 2510.20 8235.55 2521.35 8258.55 2540.18 8302.18 2528.88 8316.07
8 864.74 5056.59 877.73 5016.57 915.19 5026.13 921.04 5030.48 962.40 5079.17 952.89 5125.54 939.40 5135.85 887.62 5102.52
7 15350.58 5231.95 15421.43 5248.72 15418.45 5385.48 15361.59 5389.72 15336.46 5383.31 15284.10 5340.95 15289.36 5287.30
7 3194.47 10508.00 3259.74 10450.99 3276.69 10454.20 3310.06 10472.75 3350.27 10537.92 3322.20 10582.40 3203.75 10576.67
7 14152.09 5953.95 14231.95 5948.58 14270.19 5994.61 14266.41 6002.73 14222.03 6055.61 14190.67 6069.20 14159.87 6003.27
9 6261.86 10993.64 6229.35 10904.45 6267.19 10849.55 6290.08 10843.01 6349.03 10884.25 6369.40 10903.31 6379.67 10952.08 6312.72 10992.50 6293.61 10999.94
5 9056.49 5782.66 9027.43 5874.85 8924.40 5839.63 8885.39 5764.55 8975.50 5705.16
9 3102.44 2799.88 3070.07 2759.97 3070.37 2728.84 3146.43 2674.22 3157.26 2671.22 3164.51 2675.78 3201.19 2700.01 3207.93 2774.88 3158.20 2805.41
7 9165.87 2482.66 9128.34 2531.99 9090.43 2522.15 9079.83 2480.89 9095.97 2455.01 9116.97 2448.01 9157.48 2460.25
8 7825.36 11935.30 7861.16 11965.58 7853.14 12000.97 7845.69 12012.38 7807.49 12023.95 7779.73 12005.74 7768.53 11968.37 7795.85 11941.96
10 9644.48 3466.54 9649.61 3428.55 9685.73 3415.79 9716.55 3428.82 9728.73 3452.67 9724.79 3476.96 9711.19 3490.09 9684.82 3501.04 9662.12 3495.05 9645.71 3480.31
12 4453.34 14198.60 4466.31 14205.69 4482.03 14226.15 4482.67 14227.26 4473.30 14255.84 4471.04 14256.67 4422.80 14256.43 4413.72 14236.68 4415.90 14222.92 4419.33 14219.40 4422.52 14216.73 4446.82 14201.22
8 11905.22 12390.14 11906.95 12296.88 11967.78 12286.83 11996.82 12327.95 12023.12 12378.58 12000.07 12390.20 11974.89 12398.77 11908.24 12406.38
7 9043.44 9727.33 8976.50 9782.42 8949.27 9764.74 8923.21 9731.13 8924.92 9673.30 8971.19 9621.32 9030.66 9629.15
9 10139.40 11763.45 10136.87 11758.39 10138.93 11748.69 10156.90 11730.12 10186.45 11723.30 10203.57 11730.16 10211.63 11750.45 10191.31 11767.44 10164.53 11786.73
7 14948.64 7706.70 14910.36 7633.62 14910.91 7624.96 14962.79 7578.27 15013.34 7577.85 15056.23 7640.28 15051.65 7676.91
12 6990.24 10820.37 7026.07 10810.66 7047.66 10836.13 7053.95 10853.21 7046.36 10867.85 7037.06 10881.10 7027.00 10890.33 7018.77 10888.71 6993.77 10881.81 6976.30 10856.76 6973.16 10848.17 6984.32 10828.55
6 5553.61 8297.80 5608.62 8258.31 5662.84 8284.99 5658.87 8337.57 5634.31 8370.43 5553.74 8321.65
13 7495.86 3635.48 7462.14 3605.47 7455.07 3577.14 7448.11 3541.38 7464.07 3518.83 7492.13 3502.00 7520.43 3510.82 7534.22 3518.26 7538.49 3522.97 7547.07 3541.28 7556.85 3568.97 7550.55 3589.41 7543.30 3609.40
11 5813.83 10457.11 5815.86 10433.43 5826.94 10424.95 5843.18 10416.27 5866.36 10421.19 5878.17 10427.60 5889.22 10459.24 5888.73 10469.08 5864.62 10494.91 5849.17 10494.93 5819.01 10483.67
8 12371.24 13074.14 12375.76 13050.45 12407.09 13012.53 12457.24 13039.60 12463.10 13062.88 12453.84 13072.52 12405.40 13108.26 12378.97 13091.38
10 5123.86 13049.74 5116.52 13041.79 5124.45 13017.74 5135.97 12986.21 5201.74 12993.97 5205.82 12999.37 5213.04 13010.51 5221.31 13041.17 5209.98 13060.90 5173.83 13098.47
9 8812.30 3332.81 8854.18 3302.79 8870.09 3311.58 8885.56 3356.30 8889.02 3366.45 8886.06 3380.59 8870.93 3393.28 8825.71 3382.76 8822.36 3376.38
11 235.23 6108.83 252.62 6184.45 242.01 6214.87 194.61 6269.73 143.07 6267.34 123.43 6247.92 119.54 6201.64 127.48 6155.92 136.48 6131.85 147.87 6115.01 169.02 6105.98
9 14463.53 7761.60 14487.69 7719.74 14543.18 7750.26 14546.63 7762.03 14528.76 7797.26 14525.07 7804.38 14507.72 7811.79 14493.35 7816.59 14464.19 7804.78
7 15107.17 11758.10 15030.96 11687.43 15047.25 11636.93 15124.63 11616.22 15158.03 11652.23 15152.34 11699.50 15134.99 11745.48
9 12236.11 10554.96 12186.86 10583.31 12139.86 10567.81 12131.08 10547.09 12137.41 10495.05 12159.11 10482.19 12169.77 10475.99 12181.47 10473.29 12223.33 10506.52
6 3430.17 14454.85 3489.03 14383.60 3506.94 14395.38 3528.95 14425.39 3532.23 14480.84 3510.40 14509.26
12 13938.32 11878.68 13967.94 11816.42 13985.50 11813.77 14044.73 11821.80 14053.22 11835.18 14064.01 11853.96 14078.06 11890.33 14031.43 11926.07 14020.28 11931.57 14004.86 11937.51 13976.15 11923.67 13965.16 11915.46
9 13868.44 5616.33 13851.73 5661.54 13791.12 5666.01 13762.53 5663.33 13748.53 5632.12 13759.17 5603.10 13784.53 5570.21 13817.82 5569.07 13844.60 5575.47
7 13890.70 848.42 13927.05 887.18 13911.72 932.34 13880.91 950.92 13840.25 951.46 13813.99 914.32 13838.91 879.69
7 974.50 15381.41 1006.11 15417.12 995.92 15448.88 940.29 15514.93 866.55 15494.67 858.16 15435.83 868.82 15428.52
9 14741.90 14606.78 14823.22 14548.80 14885.63 14570.94 14904.04 14585.03 14909.27 14633.10 14850.11 14690.96 14812.21 14714.99 14760.93 14675.75 14742.69 14640.46
6 1805.88 3201.92 1795.18 3250.64 1767.14 3240.43 1741.14 3225.29 1742.60 3182.50 1777.74 3182.57
9 11557.83 4777.23 11586.21 4715.60 11641.93 4718.60 11657.60 4735.61 11662.81 4780.27 11650.68 4796.23 11602.00 4822.89 11593.92 4822.91 11579.61 4815.73
10 14612.23 5618.93 14619.79 5557.00 14677.83 5550.07 14703.76 5575.95 14705.53 5586.84 14708.25 5606.81 14691.78 5626.84 14666.49 5647.61 14657.74 5649.99 14627.92 5651.71
10 4561.80 12937.64 4561.21 12899.41 4584.19 12871.38 4599.77 12868.84 4630.26 12880.04 4640.46 12895.00 4643.95 12921.38 4629.20 12943.99 4587.81 12959.05 4573.89 12956.00
9 9600.02 1950.49 9650.61 1973.53 9639.99 2021.04 9561.74 2061.07 9541.47 2013.18 9540.76 2006.05 9545.87 1988.27 9559.38 1974.99 9576.03 1959.13
12 7000.34 4440.88 6976.75 4422.04 6983.68 4410.23 6995.94 4396.97 7029.85 4380.96 7047.60 4381.94 7048.67 4394.29 7047.82 4437.33 7047.44 4446.86 7041.53 4448.21 7022.83 4448.73 7015.49 4447.44
7 14705.93 10954.60 14718.46 10893.76 14727.18 10895.12 14800.89 10912.50 14821.94 10938.23 14807.50 10974.24 14797.30 10975.67
9 3138.87 4688.58 3134.80 4677.47 3143.18 4655.43 3160.14 4629.85 3202.15 4629.52 3212.44 4640.96 3216.90 4653.82 3208.41 4691.41 3167.66 4706.93
9 13614.51 12281.67 13637.41 12311.10 13633.86 12352.24 13574.90 12397.05 13523.73 12371.24 13518.38 12367.45 13516.85 12320.98 13529.49 12311.33 13557.92 12292.70
8 1958.44 14363.71 1976.89 14305.64 1992.15 14293.46 2044.86 14282.43 2058.96 14324.59 2070.93 14385.51 2042.61 14397.49 1983.65 14397.22
10 1465.81 4553.72 1508.34 4471.79 1537.32 4446.82 1559.73 4454.56 1615.12 4500.38 1627.29 4517.80 1622.47 4540.54 1602.72 4575.54 1581.24 4584.40 1486.87 4581.76
8 11742.87 8858.11 11713.54 8814.87 11748.42 8740.97 11781.86 8726.59 11825.04 8764.17 11825.08 8779.39 11816.10 8848.23 11783.11 8868.83
9 10953.79 14007.10 10948.78 13965.24 10959.70 13934.42 11002.64 13943.67 11012.74 13947.02 11023.59 13957.00 11013.41 13991.08 11005.66 14002.39 10982.99 14004.88
9 14168.46 4688.40 14158.63 4743.62 14143.55 4751.74 14107.05 4762.27 14080.22 4741.42 14063.70 4728.07 14061.99 4721.51 14128.91 4677.27 14152.41 4673.95
7 4944.18 13524.88 4877.99 13442.97 4899.04 13412.83 4927.61 13393.77 4981.13 13428.36 4987.21 13452.79 4977.38 13514.76
5 4827.91 3075.13 4905.46 3209.11 4798.91 3219.93 4735.66 3162.42 4786.61 3079.97
9 3037.75 10687.06 3020.64 10667.47 3026.24 10604.68 3078.87 10580.91 3092.71 10577.81 3143.06 10629.11 3135.78 10659.47 3125.69 10679.88 3107.82 10712.18
10 2885.66 8584.07 2889.00 8566.29 2922.81 8547.30 2928.18 8549.69 2963.58 8576.10 2989.66 8606.59 2965.17 8634.72 2956.44 8637.20 2931.19 8637.85 2916.05 8627.36
8 7372.25 3498.19 7334.71 3436.69 7346.39 3422.67 7387.52 3396.25 7400.66 3397.14 7408.54 3405.41 7438.66 3452.57 7414.91 3490.16
12 4754.94 9642.42 4781.15 9708.37 4769.91 9727.02 4734.52 9759.66 4700.84 9754.78 4650.47 9719.64 4649.22 9714.17 4656.98 9673.09 4661.84 9653.32 4668.79 9643.74 4712.93 9620.18 4715.61 9619.45
9 14342.93 12830.82 14308.61 12813.28 14302.69 12774.03 14298.75 12743.38 14318.12 12714.03 14379.04 12681.93 14432.16 12704.85 14458.52 12741.63 14420.15 12830.51
7 8682.10 7256.40 8632.34 7231.44 8639.21 7223.40 8695.65 7177.58 8718.77 7187.92 8722.26 7235.21 8706.57 7247.18
10 120.78 12871.64 178.85 12838.04 237.07 12851.88 249.68 12880.07 250.03 12893.04 238.45 12929.53 215.94 12959.22 175.66 12954.44 137.07 12924.34 127.90 12914.27
9 8726.24 2714.93 8713.79 2683.23 8719.95 2673.65 8741.37 2654.44 8767.15 2656.85 8779.82 2695.03 8774.90 2704.24 8769.86 2710.39 8761.42 2712.77
9 11816.26 7698.97 11828.75 7676.62 11860.52 7662.17 11893.85 7667.54 11910.08 7726.83 11895.41 7743.08 11856.43 7751.88 11851.58 7751.33 11830.37 7741.23
10 14767.48 14022.48 14784.41 13972.87 14807.57 13954.51 14866.72 13974.72 14867.19 13975.43 14871.48 14015.92 14870.67 14029.69 14834.14 14060.42 14811.52 14060.46 14788.28 14045.30
11 6478.08 1609.12 6433.54 1688.01 6403.16 1722.93 6369.73 1709.03 6340.66 1694.01 6326.76 1681.41 6318.24 1659.38 6329.89 1589.79 6367.69 1562.87 6400.53 1570.04 6474.53 1597.19
13 10351.79 13114.20 10362.20 13072.31 10408.68 13035.87 10456.98 13038.37 10483.39 13058.90 10513.77 13092.28 10524.73 13150.20 10501.95 13170.05 10470.14 13196.28 10459.29 13198.34 10387.80 13206.81 10360.78 13183.10 10355.81 13159.78
9 6559.08 4613.67 6623.49 4515.54 6644.81 4512.76 6704.64 4546.07 6716.24 4566.24 6701.72 4620.65 6683.73 4672.43 6673.87 4674.66 6580.35 4638.22
9 14327.84 14680.32 14370.11 14709.02 14354.42 14761.52 14326.88 14806.16 14291.62 14791.98 14263.05 14779.53 14258.80 14735.36 14258.19 14709.29 14292.15 14683.48
10 1989.09 9463.67 1998.67 9419.46 2042.16 9386.61 2099.31 9366.98 2138.27 9395.83 2162.38 9435.90 2163.31 9481.03 2115.89 9532.38 2062.72 9531.23 2004.63 9507.73
6 2598.90 3849.72 2585.29 3779.49 2594.23 3763.55 2642.49 3775.98 2671.32 3812.38 2649.74 3838.05
11 3285.06 3336.99 3336.45 3286.73 3365.51 3293.27 3391.34 3311.31 3455.71 3379.03 3441.70 3401.89 3433.78 3410.80 3413.82 3409.68 3298.86 3403.15 3291.02 3389.36 3288.07 3381.69
7 13189.31 8172.68 13240.26 8170.13 13348.99 8241.20 13338.86 8273.10 13266.65 8303.70 13240.01 8313.52 13223.76 8308.96
9 9106.53 12760.38 9041.28 12768.39 9029.42 12744.98 9025.72 12731.09 9022.19 12691.22 9019.33 12642.50 9125.69 12617.42 9149.94 12650.74 9122.99 12732.37
6 6475.83 5136.42 6475.56 5268.15 6389.70 5249.62 6346.55 5218.07 6349.14 5154.71 6420.22 5136.28
9 2696.25 9456.06 2725.85 9419.76 2730.36 9418.01 2754.68 9442.83 2779.47 9489.38 2779.30 9499.30 2741.40 9509.32 2718.08 9510.36 2697.56 9479.01
9 7247.65 3185.27 7246.38 3219.89 7208.63 3232.45 7175.94 3235.34 7167.91 3231.96 7171.19 3207.69 7187.65 3152.42 7210.61 3146.56 7219.41 3149.67
7 10314.79 5332.74 10240.67 5363.08 10185.33 5283.78 10166.68 5236.83 10165.02 5216.74 10287.42 5241.08 10308.69 5255.02
6 10669.48 13737.41 10679.57 13784.11 10598.15 13813.68 10587.42 13790.88 10589.14 13765.58 10621.34 13735.34
10 10705.04 7304.69 10715.26 7289.54 10738.33 7262.44 10745.17 7262.54 10761.37 7267.77 10771.87 7292.63 10772.84 7318.51 10762.78 7333.71 10737.56 7341.64 10709.20 7317.65
7 2371.89 14148.44 2338.28 14050.79 2351.66 14021.66 2415.59 14005.69 2443.85 14004.73 2500.91 14093.20 2476.17 14135.50
9 3980.72 1659.68 3963.69 1603.40 3964.14 1590.35 4011.61 1558.45 4071.56 1568.12 4096.17 1617.62 4098.52 1624.37 4084.38 1664.37 4019.13 1687.51
7 13563.51 7906.45 13567.23 7940.99 13554.69 7984.90 13511.49 7988.99 13502.96 7982.63 13474.36 7929.57 13486.01 7909.09
7 5816.80 5768.79 5730.74 5763.21 5731.99 5727.34 5752.54 5668.69 5783.75 5666.60 5835.72 5690.23 5839.07 5729.17
8 2279.52 9851.40 2292.39 9942.59 2280.14 9963.60 2270.55 9964.49 2236.00 9962.05 2187.97 9931.75 2192.06 9874.69 2235.11 9852.82
9 7109.34 12891.83 7095.32 12841.25 7095.43 12815.13 7120.03 12790.21 7146.00 12794.07 7161.71 12806.64 7173.59 12830.71 7166.97 12851.94 7154.76 12884.79
9 5849.06 10327.85 5864.48 10280.35 5884.99 10264.23 5909.08 10271.92 5946.73 10301.80 5953.52 10311.14 5937.85 10356.44 5892.61 10376.17 5858.92 10359.97
7 7984.61 7022.33 7925.03 7002.32 7948.19 6949.10 7998.49 6892.53 8010.54 6892.26 8027.24 6905.94 8029.38 6966.74
6 290.50 15381.80 309.40 15436.61 308.84 15474.68 264.05 15484.09 216.01 15470.89 221.24 15408.42
8 4575.17 2611.67 4614.68 2544.47 4660.02 2544.45 4695.79 2594.37 4699.08 2663.52 4664.07 2688.35 4617.92 2683.61 4577.04 2631.72
7 6653.33 14404.28 6689.36 14445.90 6679.94 14470.79 6659.49 14485.79 6638.80 14497.87 6612.32 14456.51 6612.64 14409.17
9 522.36 5829.87 564.88 5851.05 563.57 5881.60 552.88 5900.87 541.92 5910.58 512.51 5931.82 462.24 5936.59 454.55 5924.66 497.54 5840.65
10 5564.31 6209.95 5518.35 6148.82 5521.55 6118.03 5539.77 6093.94 5544.46 6089.76 5599.70 6091.08 5615.77 6102.52 5628.43 6114.80 5618.42 6189.23 5602.66 6202.68
7 5293.82 5453.71 5254.16 5525.40 5190.70 5521.38 5158.23 5501.58 5172.67 5450.25 5198.46 5392.54 5246.90 5397.74
8 12512.31 5419.32 12533.48 5367.86 12586.96 5305.76 12640.98 5363.92 12647.18 5406.77 12617.91 5452.44 12601.84 5459.44 12541.64 5439.63
9 6596.05 1716.82 6545.79 1672.70 6525.74 1637.26 6524.83 1621.81 6534.74 1592.69 6609.50 1601.04 6623.00 1619.21 6633.85 1686.33 6597.68 1715.92
9 7209.27 11427.66 7206.27 11386.28 7230.77 11355.67 7267.33 11357.62 7284.95 11392.95 7288.35 11410.80 7284.69 11428.83 7264.23 11448.71 7252.86 11451.77
6 8447.56 11139.97 8496.19 11123.49 8570.51 11169.61 8511.63 11212.06 8493.92 11215.14 8469.84 11201.06
10 9737.36 15090.15 9720.86 15021.00 9726.40 15003.99 9762.39 14977.20 9792.10 14968.63 9821.18 14973.52 9844.80 15015.95 9851.92 15055.07 9832.66 15095.81 9754.19 15094.00
11 6445.00 5112.12 6412.88 5093.90 6394.61 5063.10 6374.39 5006.24 6379.83 4998.16 6443.64 4933.63 6466.47 4929.35 6484.40 4932.20 6541.91 4996.15 6541.21 5039.73 6518.39 5079.49
6 4308.85 9919.03 4247.81 9956.39 4232.06 9951.09 4216.23 9878.15 4240.99 9854.03 4262.52 9849.59
5 7302.44 1892.82 7361.97 1859.30 7363.24 1873.54 7368.76 1958.42 7303.01 1967.98
8 11128.51 3226.77 11092.72 3108.37 11142.03 3089.72 11195.36 3104.20 11227.32 3132.50 11232.44 3158.59 11225.16 3189.91 11194.85 3207.39
8 7778.15 2016.60 7851.58 1947.65 7935.66 1964.54 7942.20 2039.49 7891.72 2079.12 7856.04 2097.03 7824.52 2103.40 7812.33 2084.81
11 1383.40 7318.14 1338.67 7306.62 1320.09 7274.49 1302.56 7209.44 1306.14 7187.41 1309.28 7184.20 1368.96 7146.17 1417.81 7182.09 1437.26 7205.52 1456.99 7231.58 1405.58 7314.06
10 10295.69 1296.32 10313.00 1192.25 10365.81 1172.26 10394.00 1163.18 10426.75 1179.01 10465.82 1269.84 10426.33 1307.94 10364.26 1327.84 10349.18 1327.94 10342.45 1325.74
8 2436.44 7467.89 2398.94 7456.65 2397.36 7440.65 2396.41 7397.01 2420.81 7388.37 2446.49 7395.30 2461.47 7410.20 2457.45 7443.68
12 13360.64 12691.85 13338.12 12684.53 13315.41 12647.78 13313.14 12635.48 13317.02 12617.38 13322.85 12611.40 13341.36 12596.08 13395.80 12590.81 13404.51 12597.29 13415.56 12636.68 13397.67 12673.28 13389.05 12686.49
13 11458.10 13443.62 11479.64 13444.10 11529.23 13503.15 11529.37 13504.61 11519.99 13576.75 11519.63 13578.46 11513.20 13586.64 11398.72 13588.82 11379.26 13541.76 11377.06 13526.13 11380.42 13491.27 11394.49 13466.41 11424.42 13448.60
10 10498.72 5817.13 10484.56 5795.06 10485.90 5768.62 10508.66 5747.46 10519.23 5737.82 10538.11 5727.59 10577.87 5730.94 10604.94 5766.27 10593.35 5825.26 10550.51 5846.42
9 1787.31 10622.72 1844.74 10632.29 1848.31 10657.22 1850.37 10702.01 1841.36 10739.06 1808.32 10774.51 1764.52 10788.53 1736.66 10780.31 1748.26 10656.71
9 4024.75 4381.88 3988.07 4365.26 3991.51 4311.73 3993.02 4302.15 4013.57 4291.04 4036.84 4300.65 4067.33 4332.29 4064.00 4359.65 4043.86 4373.82
10 12230.02 14136.58 12198.89 14161.83 12180.90 14159.74 12166.64 14153.34 12154.88 14135.39 12166.20 14103.32 12174.61 14089.81 12184.16 14078.20 12214.20 14088.78 12224.54 14093.34
9 12171.09 5080.83 12200.19 5066.31 12227.94 5081.72 12236.28 5116.20 12204.86 5149.99 12158.27 5160.59 12146.84 5156.67 12124.94 5125.76 12133.62 5113.80
12 13445.71 3890.49 13469.75 3876.74 13485.52 3886.15 13506.79 3903.71 13511.05 3920.53 13495.47 3935.26 13485.49 3944.13 13473.60 3952.59 13442.94 3943.64 13431.65 3918.38 13430.93 3916.45 13433.92 3904.40
9 10204.55 9602.97 10236.21 9562.51 10250.71 9549.35 10254.40 9549.96 10317.69 9580.61 10320.09 9617.65 10303.32 9651.64 10231.85 9654.16 10211.28 9628.44
12 14154.08 411.28 14158.94 374.04 14184.55 363.81 14211.47 362.26 14226.52 391.09 14227.25 396.99 14228.45 415.85 14219.13 429.03 14212.85 433.39 14192.80 437.08 14167.39 429.05 14160.37 424.00
9 13989.89 11578.78 14027.16 11569.50 14040.00 11576.48 14076.24 11620.78 14023.43 11677.16 14010.22 11689.57 13987.16 11676.75 13962.55 11638.51 13971.46 11610.66
12 8988.83 14497.39 8958.77 14453.42 8970.76 14387.94 8972.22 14382.88 8998.53 14353.76 9020.99 14342.89 9069.64 14364.56 9090.46 14384.81 9094.14 14408.03 9098.14 14469.84 9089.31 14479.25 9045.99 14519.37
8 1807.97 5491.56 1899.73 5497.09 1899.45 5533.88 1871.82 5568.41 1833.52 5570.53 1806.88 5564.84 1793.89 5542.59 1798.63 5523.52
6 2029.71 11474.17 1992.06 11543.21 1962.28 11542.49 1938.23 11505.16 1952.06 11455.51 1973.90 11458.05
8 7074.98 6635.54 6979.44 6732.62 6955.58 6718.37 6932.35 6698.69 6910.31 6627.70 6972.50 6560.80 7001.02 6562.83 7068.75 6627.50
8 3017.52 1621.58 3089.77 1621.18 3113.46 1662.27 3120.22 1675.48 3082.55 1754.39 3030.64 1762.31 3000.18 1735.99 3002.01 1692.96
9 3262.91 8886.00 3211.07 8876.41 3181.71 8840.05 3179.48 8811.15 3185.24 8786.93 3247.66 8752.42 3304.17 8766.33 3324.59 8802.38 3302.50 8866.91
12 3845.66 15420.38 3824.60 15385.00 3837.06 15355.46 3889.18 15337.57 3911.04 15340.64 3915.08 15343.11 3925.36 15349.50 3929.91 15376.98 3920.44 15426.02 3897.48 15438.15 3881.75 15441.08 3861.89 15432.42
11 9788.38 6018.80 9774.84 5987.49 9793.08 5971.08 9806.91 5963.59 9817.26 5960.50 9823.05 5961.36 9856.86 5980.11 9866.44 6009.83 9849.19 6031.76 9831.43 6040.93 9810.68 6043.83
7 1720.89 4987.00 1693.73 5017.69 1606.45 5024.65 1588.22 5020.31 1613.86 4968.90 1666.10 4931.74 1697.86 4948.09
9 12759.69 13418.16 12784.29 13372.58 12811.75 13376.02 12843.95 13403.29 12853.07 13414.43 12835.87 13439.56 12808.58 13454.73 12770.71 13443.53 12766.29 13434.88
7 2123.09 14745.48 2156.32 14696.05 2164.62 14701.60 2215.84 14758.67 2212.04 14763.44 2162.26 14765.18 2142.85 14764.46
8 9999.29 7923.31 10081.49 7823.24 10135.56 7847.51 10163.48 7884.53 10158.25 7899.13 10098.14 7995.04 10063.41 7977.03 10018.02 7945.22
11 13810.50 10543.18 13809.98 10522.17 13815.33 10497.40 13826.75 10492.80 13866.85 10484.41 13889.75 10512.51 13889.86 10520.12 13886.35 10555.21 13883.12 10558.23 13866.55 10571.01 13842.53 10573.55
12 9210.13 7208.33 9170.96 7175.49 9177.29 7151.59 9191.19 7125.54 9201.07 7113.23 9221.51 7115.73 9228.04 7116.57 9248.67 7122.23 9261.48 7131.52 9258.41 7168.56 9254.60 7183.92 9248.02 7198.92
6 13281.63 9492.96 13259.93 9521.17 13227.78 9517.23 13211.78 9459.95 13233.74 9450.29 13274.09 9462.94
7 4592.35 1042.65 4629.94 1013.54 4699.05 1035.82 4710.14 1077.08 4703.52 1117.79 4663.83 1147.08 4605.64 1084.23
9 6409.58 12988.47 6430.60 12946.18 6453.97 12946.48 6484.96 12958.25 6496.55 12967.46 6506.56 12992.21 6486.10 13023.66 6466.48 13029.97 6416.01 13002.37
7 519.23 758.90 483.29 713.51 493.09 684.35 532.67 677.43 553.44 696.99 557.01 703.51 542.85 743.29
8 14679.02 3000.35 14723.63 3020.22 14702.13 3078.98 14669.73 3113.44 14644.43 3103.65 14630.19 3085.26 14617.33 3038.54 14622.49 3032.86
9 11237.25 14039.69 11224.91 13962.70 11254.51 13931.29 11271.50 13922.30 11322.04 13944.10 11344.77 13974.88 11347.35 14001.96 11317.15 14035.31 11253.40 14050.80
11 4513.17 6295.78 4522.88 6260.50 4532.25 6251.18 4563.21 6242.90 4580.52 6250.34 4599.71 6275.42 4602.03 6298.36 4589.61 6313.82 4548.73 6325.67 4529.21 6328.30 4517.11 6318.96
9 3508.08 4007.91 3463.66 3961.80 3484.51 3901.07 3501.32 3854.52 3533.56 3839.65 3575.03 3869.15 3580.55 3880.45 3594.32 3917.07 3598.47 3952.49
9 8711.73 14402.36 8730.67 14385.41 8755.53 14392.91 8792.11 14428.07 8786.29 14459.35 8761.10 14479.33 8710.11 14474.83 8703.18 14443.93 8708.93 14411.58
7 4363.62 8958.39 4348.43 8935.20 4350.50 8906.95 4380.21 8892.78 4404.62 8907.97 4414.00 8930.35 4375.36 8957.15
9 13132.02 4654.30 13180.63 4696.90 13167.60 4764.45 13125.99 4814.91 13092.94 4817.21 13061.19 4800.56 13040.51 4783.79 13020.45 4710.73 13061.24 4680.79
10 7619.44 13002.96 7618.63 12988.88 7620.15 12970.37 7671.54 12954.48 7684.73 12962.90 7685.98 12984.70 7681.70 13005.61 7679.11 13014.06 7658.79 13025.74 7644.05 13025.77
9 4537.63 7590.23 4539.25 7617.31 4521.26 7642.36 4516.20 7648.19 4492.16 7647.96 4487.89 7637.96 4480.57 7597.23 4515.28 7591.46 4533.44 7589.66
6 8219.01 14977.29 8247.83 14972.38 8279.03 14980.63 8284.92 14994.54 8292.89 15015.23 8230.28 15010.41
9 13613.71 3621.64 13651.21 3614.04 13695.19 3661.25 13720.27 3693.38 13701.44 3724.82 13665.51 3778.84 13639.27 3766.68 13563.18 3720.59 13564.14 3698.10
9 1096.07 11944.09 1074.34 11892.78 1093.36 11864.28 1126.62 11850.15 1174.51 11841.26 1211.24 11886.01 1219.18 11924.51 1207.97 11960.05 1129.91 11990.14
10 177.77 9372.80 129.44 9308.96 141.88 9276.58 186.24 9239.69 222.88 9243.75 224.40 9245.31 240.93 9276.74 250.90 9306.89 245.85 9348.86 201.24 9369.52
7 10813.93 9426.69 10815.05 9508.58 10787.70 9523.82 10749.82 9513.59 10726.95 9488.42 10745.24 9425.48 10779.81 9403.60
8 4394.48 14284.36 4399.67 14335.72 4386.10 14365.74 4365.57 14372.36 4307.07 14368.59 4295.03 14348.81 4316.68 14303.08 4333.06 14269.81
11 4136.94 2920.21 4133.12 2903.81 4134.82 2899.20 4158.02 2863.11 4183.26 2860.38 4224.32 2875.03 4230.51 2881.12 4236.15 2901.78 4227.69 2919.69 4197.30 2947.71 4161.89 2949.26
9 6471.64 10302.39 6497.09 10364.87 6476.12 10379.66 6453.10 10395.07 6431.95 10376.30 6419.14 10339.76 6422.59 10323.50 6453.79 10307.46 6464.40 10302.96
6 10666.92 8634.29 10535.44 8595.76 10565.39 8507.66 10618.07 8481.18 10671.87 8528.39 10692.36 8584.77
13 2052.10 1952.30 2056.25 1909.61 2073.72 1884.04 2075.88 1881.71 2089.65 1873.95 2097.99 1872.24 2146.45 1883.93 2168.57 1934.25 2161.41 1949.84 2152.61 1964.04 2143.65 1974.76 2086.54 1984.44 2069.59 1975.46
10 8831.38 5638.32 8851.67 5564.01 8862.64 5540.67 8904.56 5546.69 8925.52 5553.93 8941.14 5577.30 8967.19 5617.11 8947.37 5656.35 8886.03 5685.25 8835.28 5659.71
11 13402.82 9101.93 13398.03 9075.27 13406.29 9046.62 13412.27 9042.76 13440.84 9038.66 13452.23 9043.95 13466.10 9051.19 13471.37 9055.49 13474.90 9078.04 13467.99 9110.95 13437.47 9125.71
9 5529.08 4697.95 5452.87 4746.42 5439.13 4733.88 5394.91 4653.08 5438.95 4606.29 5471.80 4593.17 5480.60 4590.85 5503.72 4621.66 5519.69 4651.66
10 14377.15 15303.69 14343.35 15257.31 14346.71 15245.62 14362.11 15221.09 14380.22 15201.73 14406.27 15194.95 14448.32 15224.20 14444.48 15253.49 14388.90 15313.98 14388.02 15314.64
10 14609.23 652.77 14577.62 607.11 14573.29 594.55 14570.40 549.96 14584.46 532.85 14616.88 502.99 14683.49 506.06 14710.44 535.12 14711.63 604.94 14652.81 649.99
8 7415.69 8743.41 7388.17 8805.29 7342.66 8807.12 7308.71 8770.71 7321.13 8742.69 7345.85 8712.63 7385.64 8718.38 7392.16 8723.23
10 2941.54 2102.63 2871.57 2179.90 2842.04 2171.19 2826.05 2164.35 2820.59 2157.92 2837.94 2087.81 2868.28 2046.85 2885.52 2041.50 2903.21 2057.26 2916.66 2070.45
11 14725.51 8488.27 14689.97 8477.93 14648.16 8429.67 14642.84 8403.84 14663.90 8380.40 14700.81 8357.76 14743.88 8364.92 14769.94 8384.22 14778.85 8407.25 14764.74 8450.52 14743.55 8475.67
10 12657.44 7058.50 12655.17 7007.51 12660.40 6964.30 12671.86 6946.55 12722.15 6956.30 12762.02 6998.27 12757.93 7028.50 12743.04 7056.45 12694.18 7078.25 12673.15 7072.88
7 1301.90 10215.73 1329.78 10167.69 1378.57 10197.14 1401.69 10235.94 1362.05 10255.46 1350.24 10252.41 1327.28 10244.56
10 1336.31 9766.25 1382.14 9753.62 1433.87 9764.84 1453.88 9784.24 1455.29 9866.41 1447.35 9906.38 1337.72 9918.18 1316.98 9897.61 1293.31 9859.99 1300.12 9813.47
10 5487.00 14595.52 5446.95 14637.02 5396.29 14630.90 5368.55 14617.52 5350.75 14585.60 5395.77 14520.54 5411.94 14516.81 5428.06 14513.21 5451.95 14518.01 5468.49 14545.00
6 3940.12 9389.74 3932.26 9333.86 3957.42 9310.57 3984.75 9313.42 4022.46 9355.85 3999.67 9385.82
9 8645.62 8863.43 8671.04 8765.16 8700.59 8763.94 8716.89 8768.12 8750.37 8788.20 8756.67 8868.05 8741.56 8882.98 8710.10 8910.47 8648.89 8893.80
8 15255.83 583.79 15219.63 561.35 15212.10 542.36 15212.06 501.21 15233.12 489.85 15271.74 511.43 15303.24 542.96 15270.14 578.76
13 1311.73 2005.14 1251.64 2048.04 1232.56 2044.91 1185.26 2034.01 1177.19 2030.80 1159.72 2008.99 1165.90 1974.79 1189.45 1940.03 1208.92 1914.91 1212.90 1913.45 1248.70 1905.52 1282.43 1927.86 1299.25 1949.24
9 3108.73 6861.48 3067.53 6836.66 3064.05 6805.90 3063.36 6793.71 3068.87 6773.05 3096.94 6760.91 3160.05 6780.67 3166.15 6787.14 3154.89 6838.77
9 4307.32 11061.13 4195.27 11079.26 4171.10 11074.20 4144.65 11028.69 4148.36 11008.13 4161.03 10978.02 4191.53 10937.04 4233.96 10908.97 4252.09 10929.12
8 5133.98 6868.72 5098.89 6839.81 5110.90 6787.48 5131.56 6762.92 5154.78 6770.05 5184.18 6785.95 5204.17 6808.58 5180.53 6835.43
11 6547.42 3419.35 6553.32 3389.29 6581.03 3370.22 6605.97 3373.45 6616.28 3379.97 6644.37 3399.08 6649.56 3407.74 6657.97 3438.74 6641.76 3466.72 6622.50 3478.75 6559.58 3452.16
9 7503.25 13907.10 7482.78 13881.08 7490.15 13854.38 7493.61 13844.46 7518.06 13840.24 7539.54 13841.73 7556.05 13877.76 7536.25 13894.84 7521.92 13904.90
10 14162.84 9184.56 14161.20 9161.46 14173.03 9123.93 14226.97 9115.71 14228.24 9116.52 14254.87 9143.99 14257.24 9150.57 14249.80 9203.34 14220.03 9215.66 14203.99 9217.29
10 8776.16 1219.62 8783.93 1184.11 8792.88 1166.82 8811.79 1136.79 8899.80 1177.67 8904.44 1225.09 8863.42 1253.47 8844.90 1261.31 8800.17 1257.12 8776.73 1223.64
5 10790.31 8148.81 10757.90 8049.79 10836.70 8018.26 10895.78 8026.15 10883.46 8044.97
7 12000.43 13195.23 11990.98 13173.99 11993.52 13149.23 12025.14 13138.55 12029.24 13137.45 12060.85 13157.45 12061.71 13187.91
7 2140.27 7012.72 2119.52 6992.92 2125.22 6954.74 2162.32 6949.06 2187.00 6957.35 2176.91 6973.22 2151.80 7006.84
12 6585.91 13627.38 6590.33 13590.98 6601.23 13580.71 6614.84 13571.19 6637.25 13557.77 6651.81 13561.98 6681.79 13594.81 6691.91 13606.09 6671.85 13630.95 6664.41 13637.88 6615.01 13658.60 6599.71 13654.10
7 13977.33 8046.03 13986.67 7993.45 14028.37 7979.87 14060.36 8001.67 14059.33 8056.13 14015.66 8073.97 14009.61 8069.60
11 3492.39 14271.93 3487.04 14254.08 3514.94 14225.68 3526.38 14219.98 3573.25 14206.51 3578.02 14212.63 3577.89 14240.02 3569.22 14267.25 3540.23 14284.14 3534.69 14287.10 3505.48 14299.25
8 9226.26 13691.77 9232.29 13747.49 9228.97 13757.53 9218.54 13769.07 9188.08 13770.49 9176.04 13757.46 9177.39 13724.38 9183.58 13693.53
7 7844.74 4184.68 7910.81 4248.34 7910.57 4274.80 7835.15 4336.27 7803.40 4332.56 7800.67 4265.65 7802.69 4230.54
9 4451.85 6006.55 4488.09 6053.03 4466.97 6104.21 4391.65 6123.21 4374.72 6111.27 4359.58 6066.92 4369.42 6036.29 4378.43 6030.37 4414.87 6017.40
6 7349.59 10352.41 7389.78 10431.75 7320.90 10497.56 7262.47 10481.51 7242.31 10419.64 7269.61 10356.23
8 14438.96 12166.17 14482.61 12147.41 14535.99 12217.93 14555.44 12289.84 14531.41 12303.94 14428.65 12288.79 14413.01 12267.27 14417.77 12202.91
7 14407.17 14171.52 14359.92 14240.84 14335.40 14232.57 14314.89 14199.63 14342.20 14162.57 14375.29 14144.41 14390.83 14152.89
10 4971.03 5417.01 4885.42 5471.70 4850.15 5468.77 4829.99 5463.42 4801.67 5381.84 4807.70 5369.60 4833.40 5347.20 4917.75 5351.24 4956.82 5371.32 4962.22 5382.74
8 12101.66 7033.97 12052.32 6944.31 12059.50 6898.66 12128.69 6875.18 12179.41 6896.38 12193.51 6906.34 12218.61 6941.52 12188.43 7009.64
10 15145.58 6264.25 15222.58 6304.20 15222.42 6312.33 15219.51 6365.93 15201.09 6385.10 15182.62 6397.65 15170.32 6402.14 15121.28 6372.36 15101.82 6340.08 15113.60 6279.32
9 10958.65 2822.90 10961.60 2806.80 10984.16 2787.24 11012.22 2813.13 11029.12 2830.05 11021.24 2851.82 11002.47 2865.19 10981.37 2861.41 10964.67 2848.57
12 9355.47 12679.37 9310.61 12674.66 9252.79 12617.65 9244.43 12598.40 9243.65 12575.34 9270.95 12557.94 9282.64 12551.72 9320.49 12551.76 9333.05 12552.59 9354.46 12570.57 9369.79 12623.99 9358.96 12667.97
7 267.36 2552.04 258.35 2517.16 267.10 2502.02 318.94 2500.54 331.94 2506.36 330.83 2516.26 315.42 2545.18
8 6390.98 3920.63 6418.83 3921.23 6425.41 3928.60 6441.24 3973.64 6341.90 3985.87 6334.54 3985.93 6328.42 3972.13 6359.61 3922.00
9 14340.75 7052.18 14326.52 7000.33 14351.37 6960.70 14375.36 6951.60 14481.16 6969.95 14502.02 7016.61 14450.20 7058.49 14386.87 7085.04 14373.44 7078.59
10 7033.39 1623.46 7055.86 1663.32 7045.15 1683.84 7030.23 1708.61 7013.66 1710.59 7000.15 1707.59 6994.06 1702.07 6980.45 1687.97 6983.75 1644.37 7009.17 1632.87
6 5013.88 6644.21 5096.41 6714.43 5051.57 6801.35 4943.25 6769.18 4946.31 6676.21 4961.55 6650.60
7 3733.75 6323.18 3694.59 6356.95 3671.43 6351.94 3638.23 6344.74 3632.19 6326.86 3631.14 6216.96 3730.01 6278.01
7 5252.20 7071.46 5236.29 6989.82 5255.32 6964.74 5346.86 6977.28 5332.25 7049.03 5319.05 7069.63 5284.97 7082.55
8 6296.54 1597.61 6230.25 1654.08 6159.26 1642.16 6131.40 1581.88 6132.64 1526.68 6240.73 1523.81 6263.83 1527.82 6279.61 1553.06
10 7532.84 11895.56 7566.13 11882.71 7621.30 11922.23 7656.29 11960.78 7622.36 12008.98 7575.50 12036.76 7531.69 12046.96 7504.43 12026.71 7492.41 11974.43 7518.33 11922.47
10 14867.70 11328.45 14868.81 11295.86 14893.84 11282.72 14903.23 11279.67 14931.73 11284.73 14948.13 11325.29 14955.73 11346.26 14928.05 11378.11 14908.14 11375.41 14883.41 11347.33
9 10756.82 489.99 10710.22 441.96 10737.49 400.93 10745.14 391.65 10798.96 377.48 10808.95 382.70 10827.13 416.54 10808.74 466.41 10794.16 480.21
11 11043.79 11194.95 11046.02 11230.14 11044.24 11236.87 11030.34 11268.27 10981.23 11278.97 10924.37 11238.02 10913.33 11226.62 10919.76 11199.32 10937.07 11148.92 10963.31 11128.88 11018.69 11119.49
10 11207.10 7777.06 11255.88 7724.74 11273.51 7726.12 11301.31 7758.05 11313.18 7778.53 11302.75 7797.77 11295.21 7810.23 11274.77 7821.04 11247.13 7827.08 11244.68 7826.15
9 6199.73 4021.62 6182.17 3966.06 6189.95 3942.39 6272.72 3914.94 6304.61 3944.06 6309.76 3966.28 6285.00 4024.26 6259.11 4037.33 6218.53 4045.63
8 14913.08 8093.42 14888.42 8076.54 14905.26 8034.88 14929.61 8013.03 14961.76 7993.14 14981.23 8016.67 14968.69 8105.13 14965.90 8109.47
8 2645.98 4434.36 2639.29 4380.97 2653.28 4362.18 2672.90 4358.74 2719.15 4384.72 2724.92 4430.90 2699.39 4456.14 2679.88 4449.80
9 12046.22 8484.30 12083.05 8444.41 12099.20 8444.64 12139.34 8472.30 12140.87 8480.48 12140.27 8507.01 12138.11 8523.27 12099.69 8530.09 12060.04 8503.88
9 7742.06 1219.39 7774.99 1190.93 7815.12 1202.50 7832.20 1209.21 7843.71 1227.33 7855.74 1247.31 7850.30 1287.41 7790.12 1308.27 7742.16 1268.54
7 14564.43 13359.26 14539.30 13297.50 14552.78 13246.01 14653.85 13244.61 14665.70 13250.85 14713.82 13301.76 14713.16 13307.65
9 11488.71 14517.86 11517.52 14456.77 11586.49 14468.20 11604.89 14487.65 11618.74 14528.29 11566.07 14570.58 11545.70 14569.45 11532.80 14566.87 11491.72 14532.91
7 5821.07 1213.90 5803.80 1301.35 5738.32 1306.66 5714.72 1281.28 5675.25 1210.59 5801.47 1188.73 5810.45 1196.57
11 1591.09 10085.13 1630.31 10055.57 1636.44 10056.95 1647.71 10060.03 1653.17 10075.11 1660.74 10099.70 1648.41 10116.41 1635.16 10122.57 1605.60 10113.00 1601.78 10111.38 1594.75 10098.11
7 5947.61 7597.73 5859.60 7558.46 5863.75 7529.21 5921.08 7439.63 6000.79 7481.07 6000.75 7566.76 5984.50 7583.74
8 4595.09 2940.45 4525.70 2888.77 4552.80 2856.56 4604.42 2842.28 4669.92 2869.00 4671.38 2897.09 4634.96 2945.28 4629.88 2950.41
7 2476.11 6112.23 2438.68 6095.76 2440.08 6067.40 2447.16 6045.47 2487.18 6052.57 2497.22 6056.85 2500.93 6081.39
7 4286.36 8207.23 4276.50 8250.41 4256.02 8246.58 4229.24 8235.76 4232.15 8203.03 4264.31 8188.91 4283.12 8194.95
7 2679.83 14133.78 2682.84 14256.25 2643.36 14249.62 2615.69 14239.75 2602.53 14197.21 2615.40 14146.57 2634.30 14127.79
10 8767.51 15456.47 8670.97 15408.30 8672.38 15366.38 8699.47 15357.14 8748.58 15351.08 8795.62 15348.57 8798.53 15352.14 8809.57 15372.52 8811.28 15409.61 8785.29 15449.59
5 14394.35 3681.56 14374.76 3771.98 14292.95 3770.84 14285.82 3690.82 14357.71 3628.56
9 13733.21 12648.25 13805.43 12715.02 13796.86 12763.79 13785.34 12776.06 13711.48 12815.73 13689.76 12809.57 13655.72 12776.94 13655.49 12702.97 13663.83 12684.70
7 12636.63 14280.64 12629.80 14184.18 12684.44 14162.41 12728.85 14185.17 12741.29 14225.51 12734.86 14251.99 12691.26 14292.04
10 10540.96 4345.67 10492.56 4341.99 10470.83 4311.38 10467.60 4252.02 10497.19 4224.54 10550.07 4232.01 10580.58 4247.18 10591.99 4268.31 10592.54 4289.05 10582.83 4337.90
10 6341.33 8097.51 6261.27 8050.14 6274.71 7958.95 6327.15 7951.06 6344.69 7955.81 6393.18 7986.87 6401.75 8001.09 6408.29 8024.21 6408.73 8033.64 6399.72 8075.54
9 4417.14 9069.87 4425.99 9116.23 4416.68 9150.17 4381.89 9156.37 4346.97 9136.30 4337.41 9122.04 4335.37 9073.83 4368.91 9051.74 4374.22 9052.24
10 3397.39 730.94 3334.22 730.85 3332.39 718.37 3329.39 688.23 3353.81 660.42 3374.58 643.91 3382.07 650.79 3416.48 685.63 3416.41 698.40 3403.27 729.63
12 13249.35 11413.78 13297.90 11412.90 13317.41 11413.04 13358.02 11453.44 13361.35 11475.57 13345.01 11499.66 13326.62 11522.32 13279.11 11542.34 13226.10 11505.82 13220.94 11498.21 13222.84 11453.97 13237.73 11428.81
7 3791.92 8474.69 3778.08 8531.55 3697.66 8529.63 3690.83 8492.94 3687.58 8426.56 3759.69 8432.90 3774.45 8440.89
11 14251.57 8455.07 14229.92 8450.24 14224.35 8445.64 14210.73 8432.20 14201.58 8421.65 14204.98 8398.90 14216.70 8391.39 14244.50 8384.27 14268.62 8396.06 14268.54 8427.34 14268.29 8440.89
9 6500.24 13746.55 6531.36 13730.10 6587.74 13761.47 6592.42 13780.99 6559.37 13795.97 6507.55 13799.22 6504.55 13798.73 6498.49 13792.42 6498.78 13764.93
7 1658.42 13047.36 1754.01 13109.35 1751.12 13129.48 1690.94 13187.02 1626.57 13163.09 1599.55 13133.09 1639.34 13059.36
11 12195.15 6528.51 12229.56 6523.71 12250.86 6529.81 12278.05 6570.89 12278.96 6614.76 12219.66 6636.87 12206.93 6633.91 12173.66 6608.43 12169.36 6596.57 12166.35 6576.99 12182.46 6543.16
7 9604.06 13365.13 9663.57 13333.07 9719.41 13375.33 9718.70 13400.38 9707.83 13425.66 9650.99 13452.29 9640.84 13451.89
8 2437.04 5305.57 2462.22 5334.06 2461.68 5371.88 2440.78 5390.65 2401.09 5384.78 2384.86 5362.85 2381.22 5326.26 2386.21 5320.59
8 2372.23 13348.42 2368.92 13338.09 2391.98 13310.40 2420.63 13278.40 2443.91 13279.60 2453.71 13286.41 2444.88 13377.06 2422.45 13385.11
7 14889.32 10688.23 14826.72 10799.26 14764.58 10755.71 14748.53 10739.95 14744.93 10733.30 14761.55 10711.96 14816.88 10647.76
7 10454.81 10713.63 10419.07 10675.78 10420.91 10666.77 10434.86 10636.34 10487.89 10645.34 10507.49 10666.06 10488.52 10712.39
8 11229.62 10667.95 11223.16 10628.96 11245.79 10562.11 11261.79 10559.73 11309.35 10576.81 11330.68 10625.60 11330.28 10634.97 11269.22 10656.99
8 12530.72 2626.68 12550.00 2611.93 12560.05 2616.69 12599.48 2636.57 12603.08 2658.72 12573.39 2685.17 12559.74 2686.06 12554.18 2683.01
7 3265.96 13401.80 3268.18 13499.21 3216.86 13527.36 3160.62 13499.76 3141.23 13472.65 3146.74 13415.91 3197.39 13399.72
5 12046.60 12143.84 12069.85 12104.61 12120.33 12110.54 12123.69 12182.54 12073.86 12205.87
8 9145.26 6242.53 9100.87 6312.34 9067.52 6290.19 9042.26 6225.21 9081.38 6183.47 9131.52 6191.99 9140.43 6199.00 9144.20 6214.33
7 13053.86 11475.20 13019.67 11443.86 13029.73 11415.70 13057.29 11398.29 13089.08 11425.36 13076.49 11451.63 13063.72 11468.27
11 12904.43 14213.54 12921.39 14237.88 12911.39 14260.68 12881.40 14286.26 12862.43 14296.35 12838.09 14286.72 12806.46 14270.37 12811.34 14210.55 12813.35 14205.53 12839.80 14184.77 12856.43 14172.36
10 8909.82 12282.29 8893.42 12233.08 8915.64 12204.88 8953.35 12198.47 9000.36 12226.30 9020.26 12238.98 9009.52 12280.57 8971.69 12294.63 8941.89 12304.52 8935.55 12302.66
10 9681.18 5348.89 9744.01 5323.75 9783.22 5363.77 9790.17 5375.88 9805.42 5406.55 9795.65 5464.04 9753.30 5477.24 9670.74 5456.61 9662.40 5433.04 9666.60 5387.46
8 11083.13 8087.01 11086.11 8153.57 11055.73 8178.31 11003.60 8150.34 11005.01 8128.06 11021.39 8106.31 11031.08 8098.45 11059.61 8091.39
9 8237.03 3801.95 8294.47 3778.59 8349.51 3846.61 8349.77 3894.49 8335.44 3931.74 8279.93 3950.43 8218.65 3916.31 8216.98 3898.07 8231.74 3810.50
6 13665.68 10180.30 13735.80 10086.42 13781.03 10106.60 13793.01 10151.41 13763.30 10230.40 13732.06 10223.62
9 1403.28 4410.32 1415.75 4460.35 1412.89 4510.35 1394.30 4519.87 1362.32 4534.81 1315.56 4513.42 1312.30 4456.27 1323.72 4440.89 1357.40 4414.66
9 4506.86 5138.30 4513.06 5065.59 4575.18 5037.61 4614.33 5062.04 4651.47 5133.46 4646.90 5146.44 4624.18 5166.29 4565.06 5161.27 4553.92 5159.31
7 6682.38 13269.42 6712.91 13229.87 6748.27 13279.61 6748.92 13299.90 6727.72 13313.65 6698.00 13309.98 6683.82 13291.27
10 14647.27 6128.78 14655.15 6088.18 14672.51 6074.66 14710.98 6052.48 14744.88 6063.41 14773.99 6106.85 14757.24 6147.16 14748.32 6163.01 14740.69 6168.81 14712.28 6172.46
11 9353.47 11027.39 9376.47 11011.73 9416.33 11025.20 9429.94 11043.04 9442.80 11085.41 9421.71 11126.27 9398.12 11137.97 9368.81 11149.11 9338.08 11134.35 9327.94 11091.21 9328.66 11086.18
7 5144.90 12302.60 5260.00 12326.36 5262.37 12338.45 5268.12 12384.05 5232.99 12419.18 5149.01 12421.18 5145.34 12352.05
9 6702.83 6463.07 6735.27 6400.66 6756.28 6398.65 6825.10 6400.02 6844.84 6438.76 6836.03 6472.82 6824.11 6489.22 6760.13 6528.65 6743.48 6520.98
7 665.85 1897.56 650.21 1853.11 683.27 1830.20 738.46 1797.65 756.89 1834.07 780.05 1888.80 729.36 1901.21
8 7861.50 11405.33 7842.92 11385.51 7856.48 11333.22 7876.44 11331.06 7885.43 11332.81 7907.74 11349.13 7920.06 11381.63 7917.72 11397.32
7 2539.11 2761.02 2578.03 2705.48 2619.06 2713.60 2640.30 2733.46 2648.18 2816.80 2623.02 2835.21 2539.56 2805.96
9 1483.63 4177.16 1456.40 4246.30 1377.60 4220.93 1361.30 4210.75 1359.25 4203.85 1364.36 4186.10 1393.53 4124.55 1469.52 4129.67 1482.95 4153.98
7 402.15 10247.75 427.13 10317.39 397.04 10336.20 380.43 10327.21 360.81 10313.59 346.80 10284.90 361.40 10254.37
11 5196.05 4003.04 5192.00 3979.60 5200.12 3970.89 5222.55 3953.40 5238.80 3945.09 5258.96 3948.40 5284.73 3966.38 5303.87 3983.60 5286.63 4009.16 5220.59 4052.51 5208.67 4029.38
7 1000.37 195.51 1042.64 173.94 1055.17 178.74 1074.90 199.72 1069.56 228.94 1042.79 232.87 1003.88 228.88
9 5127.25 998.30 5084.78 1075.79 5025.78 1070.90 4960.01 1013.23 4977.74 952.29 4989.15 935.29 5022.03 931.73 5049.49 932.24 5098.97 963.82
6 6641.81 9891.74 6589.69 9836.48 6647.84 9788.56 6662.92 9786.86 6697.89 9801.78 6688.78 9866.74
8 6677.71 4264.66 6698.86 4204.65 6718.54 4194.58 6773.80 4207.02 6789.98 4265.06 6785.55 4320.29 6726.24 4332.46 6691.55 4291.85
9 1078.63 7950.24 1025.48 7933.72 1044.23 7880.33 1066.44 7856.64 1129.21 7860.58 1142.13 7867.45 1147.22 7873.49 1145.29 7933.04 1133.92 7957.28
10 13063.70 7026.07 13044.44 6975.12 13068.46 6925.06 13118.78 6910.35 13158.60 6904.35 13182.79 6911.38 13233.32 6974.68 13214.77 7017.66 13152.08 7063.41 13101.90 7065.35
7 14279.15 13173.94 14306.16 13152.12 14329.50 13155.67 14349.64 13204.94 14328.08 13226.48 14302.57 13225.98 14290.25 13223.00
9 6342.35 10078.73 6378.75 10008.68 6386.31 10000.28 6400.38 9986.89 6433.31 10019.83 6494.12 10086.18 6477.89 10105.18 6426.71 10164.32 6349.22 10131.40
8 12415.37 3932.79 12378.49 3945.76 12367.62 3927.83 12365.92 3911.49 12368.95 3897.56 12375.78 3886.38 12406.83 3891.14 12413.72 3892.76
11 10209.23 3636.14 10196.11 3559.57 10197.70 3536.28 10276.78 3494.73 10325.96 3530.01 10330.35 3540.97 10332.68 3550.15 10330.63 3623.13 10298.69 3655.18 10268.23 3662.74 10243.30 3653.19
10 2658.90 4001.75 2633.18 3898.20 2654.30 3872.94 2735.82 3851.12 2775.96 3906.17 2783.00 3932.87 2762.09 3981.93 2749.59 4004.70 2744.45 4008.96 2678.29 4006.48
7 420.98 2146.36 459.98 2115.92 511.04 2149.85 513.17 2163.20 487.99 2205.12 441.74 2209.88 421.18 2197.26
8 13128.49 4908.25 13090.71 4986.34 13001.77 4957.03 12959.28 4878.87 13038.25 4821.94 13047.30 4822.28 13114.62 4852.97 13121.03 4873.48
9 14053.38 7861.03 14040.64 7799.15 14044.84 7770.80 14046.77 7761.25 14070.34 7722.86 14147.94 7735.38 14200.20 7814.45 14199.13 7825.29 14109.39 7898.02
8 4788.16 5113.08 4866.37 5176.25 4862.73 5201.06 4819.70 5252.25 4756.26 5219.73 4734.45 5187.96 4734.95 5173.96 4750.42 5129.83
8 5710.62 4758.90 5719.50 4741.68 5783.23 4700.20 5827.17 4750.22 5850.50 4793.30 5834.02 4805.28 5754.50 4839.66 5719.17 4807.57
11 12357.81 11093.37 12343.07 11129.42 12311.67 11152.23 12309.30 11151.84 12235.02 11134.89 12220.53 11101.28 12219.61 11066.30 12230.75 11043.52 12252.45 11033.36 12286.18 11021.40 12334.13 11033.25
10 13150.14 10981.92 13204.06 10976.17 13207.97 10976.77 13226.06 10980.93 13250.81 10992.31 13253.42 11056.17 13234.53 11084.35 13160.28 11056.58 13145.49 11037.53 13145.96 11028.74
8 2697.14 7751.08 2671.36 7811.48 2584.62 7779.59 2582.78 7768.86 2587.66 7743.38 2639.77 7704.23 2681.78 7709.11 2689.76 7714.07
10 10721.39 2216.55 10712.77 2174.79 10740.90 2130.89 10774.34 2128.85 10818.83 2137.50 10836.89 2188.98 10822.96 2215.16 10817.28 2221.09 10795.61 2242.20 10756.30 2247.83
7 13131.00 1544.45 13192.02 1593.58 13157.16 1607.54 13107.77 1613.30 13099.16 1602.01 13094.65 1559.78 13117.82 1542.80
11 12928.38 4757.04 12939.34 4750.69 12960.08 4762.32 12981.58 4792.91 12980.75 4803.82 12964.33 4818.50 12929.97 4821.28 12917.25 4818.10 12912.03 4804.78 12908.61 4784.72 12915.44 4774.12
9 5856.23 10946.61 5840.60 10898.22 5878.07 10848.41 5893.26 10832.92 5944.22 10838.32 5985.95 10882.70 5990.32 10902.14 5973.95 10950.55 5906.49 10976.51
7 12230.60 12998.10 12297.87 13100.29 12289.71 13125.31 12246.00 13129.83 12174.65 13079.69 12160.11 13064.97 12190.05 13013.86
11 10853.60 13008.58 10833.17 12974.23 10872.17 12887.31 10907.48 12881.01 10932.91 12883.67 10945.43 12885.23 10956.28 12893.38 10993.42 12947.59 10981.70 12972.28 10947.68 13039.20 10923.29 13042.81
10 9612.16 10368.50 9629.39 10351.50 9661.09 10331.81 9668.03 10336.98 9703.27 10364.00 9704.87 10386.65 9695.07 10408.83 9687.89 10413.71 9642.63 10406.85 9626.17 10401.78
9 15100.31 8533.88 15048.48 8567.50 15008.27 8507.58 15007.40 8493.29 15015.67 8482.31 15040.64 8466.08 15088.17 8477.54 15097.21 8497.70 15099.20 8518.88
9 8081.67 1911.48 8148.14 1886.61 8197.99 1923.59 8222.83 1948.06 8223.80 1970.78 8220.24 1982.77 8195.20 2012.56 8121.74 2058.49 8086.69 2020.37
11 11718.97 13621.60 11722.27 13583.19 11773.97 13545.13 11784.42 13549.56 11815.40 13582.85 11821.76 13624.96 11804.28 13648.65 11774.98 13662.42 11768.11 13662.83 11745.26 13655.92 11726.46 13647.91
11 13679.99 13723.61 13629.07 13757.17 13624.02 13755.35 13608.83 13744.70 13604.30 13712.12 13627.80 13674.33 13641.12 13673.04 13646.64 13675.37 13658.84 13680.60 13673.68 13691.62 13679.52 13719.82
8 12099.85 11929.39 12032.49 11966.02 11975.98 11934.01 11951.05 11876.53 11989.47 11838.51 12016.03 11824.98 12069.26 11820.95 12088.45 11858.41
8 9587.74 10020.05 9540.76 9971.48 9542.43 9946.02 9557.72 9937.51 9606.35 9915.52 9624.32 9927.82 9646.35 9986.14 9611.29 10016.91
7 2161.00 5083.64 2156.77 5057.63 2162.36 5043.52 2170.11 5043.05 2218.69 5050.69 2215.57 5090.97 2206.98 5099.50
8 11725.57 449.36 11736.18 482.85 11720.28 513.51 11706.70 519.71 11685.42 517.43 11669.98 513.83 11667.20 469.65 11685.34 446.09
9 4714.13 12755.73 4733.38 12730.64 4785.44 12768.22 4789.72 12773.68 4775.12 12803.53 4762.59 12810.32 4729.25 12811.40 4710.68 12796.61 4712.23 12767.22
8 9693.91 15345.66 9679.42 15269.24 9715.92 15248.52 9747.13 15248.38 9785.25 15259.24 9771.65 15300.65 9759.97 15326.32 9729.86 15355.89
9 12264.04 5055.58 12264.78 4986.62 12275.59 4951.89 12287.46 4944.76 12384.76 4949.95 12425.49 4981.71 12383.90 5073.66 12335.72 5114.03 12289.14 5088.82
8 2471.15 414.07 2511.48 449.63 2504.10 499.72 2477.29 510.70 2460.43 517.16 2422.41 510.50 2407.56 474.09 2419.57 449.07
10 7666.21 355.59 7645.69 322.15 7648.03 271.36 7677.39 252.14 7681.92 252.35 7704.56 259.60 7742.57 273.18 7746.59 276.24 7753.44 308.02 7696.59 346.93
9 14690.82 12011.65 14696.73 11998.97 14729.22 11971.55 14761.05 11974.04 14787.66 12005.71 14788.21 12018.61 14776.50 12031.07 14756.19 12052.55 14724.22 12044.05
9 8565.26 3560.62 8627.63 3601.59 8626.96 3606.48 8605.01 3652.68 8564.00 3674.79 8534.55 3670.65 8506.36 3607.18 8512.42 3586.93 8543.60 3561.88
11 567.02 5451.41 531.01 5368.59 553.58 5322.20 564.37 5318.02 606.59 5312.08 624.34 5331.94 635.35 5389.35 639.04 5411.99 620.58 5439.83 598.00 5453.43 577.48 5453.42
11 3487.82 5266.23 3440.03 5217.98 3448.89 5188.06 3480.88 5158.29 3510.79 5162.39 3543.72 5174.66 3552.57 5183.72 3550.19 5236.63 3548.52 5266.46 3525.56 5280.53 3511.33 5282.41
10 3214.15 9840.77 3231.19 9801.49 3269.23 9766.87 3290.40 9768.48 3349.00 9798.30 3356.68 9844.56 3334.14 9887.08 3313.13 9893.46 3263.78 9875.53 3241.25 9865.08
10 2028.88 1327.83 2053.81 1388.94 1997.06 1468.15 1937.45 1476.87 1906.25 1458.99 1882.22 1402.48 1895.86 1348.66 1917.81 1322.18 1921.74 1320.35 1971.88 1310.30
7 11125.71 6379.46 11140.75 6458.96 11046.31 6470.07 10981.31 6400.45 10996.35 6369.12 11020.16 6331.20 11054.78 6339.12
7 10470.55 1542.16 10471.94 1590.78 10450.03 1606.48 10400.65 1582.53 10412.33 1567.02 10438.44 1541.05 10446.61 1536.99
9 1437.71 8790.70 1423.21 8748.42 1438.23 8701.31 1446.50 8699.27 1484.26 8710.12 1535.98 8742.95 1545.40 8763.98 1525.57 8786.76 1502.34 8797.79
10 12894.22 13100.45 12905.49 13088.27 12928.01 13101.73 12988.24 13208.88 12996.46 13234.42 12976.24 13256.29 12937.48 13275.21 12889.53 13224.96 12872.95 13156.19 12887.55 13117.24
10 1193.21 4383.76 1201.25 4359.58 1241.37 4340.05 1273.05 4339.56 1281.27 4355.74 1295.95 4411.00 1274.89 4428.51 1232.30 4430.70 1209.55 4421.52 1197.14 4413.15
8 10398.16 12969.81 10379.93 13016.13 10347.14 13023.75 10322.00 13025.38 10301.59 13017.03 10304.40 12959.47 10313.75 12929.86 10365.22 12936.60
8 4887.60 7648.21 4860.55 7579.73 4900.13 7514.23 4943.40 7506.44 4989.97 7531.79 5020.07 7565.52 4984.50 7646.18 4959.08 7654.40
7 2252.36 8520.43 2231.92 8558.99 2221.09 8557.65 2216.64 8553.54 2182.43 8509.80 2209.70 8482.22 2231.64 8491.53
7 5325.61 8918.28 5340.66 8808.89 5385.69 8838.70 5391.14 8858.63 5404.12 8911.66 5389.03 8925.16 5339.05 8931.93
12 7321.61 7399.03 7315.70 7345.50 7319.57 7316.57 7358.91 7278.25 7390.69 7270.64 7448.91 7290.21 7467.55 7328.98 7467.78 7351.65 7460.19 7382.41 7436.52 7414.27 7415.26 7436.57 7398.13 7438.04
7 9746.70 12647.35 9785.37 12583.41 9864.38 12607.37 9860.90 12654.50 9836.90 12690.61 9788.92 12708.42 9747.70 12663.46
11 1557.68 9158.14 1526.38 9134.99 1515.19 9107.02 1514.66 9091.09 1514.72 9088.88 1536.49 9058.66 1545.77 9059.97 1585.22 9068.80 1609.85 9074.82 1610.40 9089.69 1604.06 9140.93
7 12513.70 3082.94 12534.39 3019.09 12647.58 2996.24 12666.03 3041.30 12669.24 3133.63 12621.61 3133.18 12586.41 3129.02
8 9620.40 4667.57 9568.40 4625.85 9598.29 4537.74 9622.04 4535.41 9657.96 4542.17 9694.36 4575.92 9683.77 4615.01 9670.22 4646.06
9 8477.42 11454.69 8509.82 11448.31 8556.59 11473.77 8563.85 11530.02 8553.83 11567.10 8511.04 11556.93 8448.66 11520.75 8444.09 11486.67 8457.88 11469.68
11 14507.50 5728.31 14509.15 5703.38 14534.94 5688.76 14577.20 5699.18 14584.75 5717.61 14588.55 5727.61 14585.25 5757.17 14562.47 5766.99 14544.37 5766.64 14527.39 5763.46 14508.81 5753.95
6 12702.90 3396.17 12721.63 3473.62 12615.21 3501.14 12577.09 3447.70 12587.37 3410.99 12603.78 3374.90
9 11928.43 13994.33 11919.88 13951.32 11923.49 13925.27 11934.04 13899.52 11967.93 13898.25 12012.95 13912.34 12013.57 13963.83 12012.45 13976.25 12000.00 13990.10
7 2942.26 2956.75 2942.88 3045.32 2876.48 3058.65 2819.61 2998.69 2825.43 2973.00 2876.65 2915.99 2920.73 2920.89
7 14465.23 13888.99 14380.97 13998.54 14337.95 13977.92 14323.43 13930.78 14327.64 13916.06 14404.30 13860.12 14427.62 13854.99
8 5644.16 9131.86 5643.14 9178.38 5627.90 9184.37 5597.57 9192.52 5580.10 9180.78 5597.76 9125.80 5607.81 9123.23 5619.13 9124.25
8 4267.52 6274.55 4311.04 6294.40 4308.84 6336.58 4278.14 6346.89 4241.29 6331.25 4237.27 6317.08 4236.45 6296.74 4258.65 6280.02
8 3598.69 3681.24 3688.88 3736.79 3674.06 3790.59 3612.13 3849.68 3556.63 3828.55 3516.98 3762.11 3519.75 3740.63 3562.94 3693.42
9 10140.77 7520.90 10189.20 7550.32 10181.52 7586.59 10165.48 7608.07 10148.67 7613.18 10134.49 7605.54 10100.32 7569.51 10103.73 7555.32 10108.81 7534.80
10 5053.87 14241.10 5019.80 14173.14 5079.22 14099.90 5134.10 14090.33 5172.75 14108.66 5191.46 14136.02 5194.56 14144.52 5190.84 14170.65 5183.46 14214.87 5158.70 14237.59
10 13429.30 7329.88 13410.86 7272.45 13431.82 7255.80 13467.82 7227.50 13506.60 7233.64 13525.97 7241.83 13550.89 7314.70 13541.53 7333.27 13507.75 7357.33 13481.87 7368.59
10 14468.99 2525.21 14348.68 2625.74 14291.18 2573.86 14280.66 2563.98 14284.62 2530.24 14290.79 2506.17 14318.62 2479.35 14356.64 2472.53 14399.45 2470.17 14442.14 2478.64
9 1077.22 11418.49 1053.95 11413.01 1019.41 11378.52 991.12 11337.94 993.47 11318.17 1022.21 11278.32 1111.68 11291.86 1139.45 11313.32 1129.88 11367.58
11 7806.13 12739.12 7778.75 12802.09 7763.33 12800.46 7738.91 12789.74 7730.29 12784.95 7696.99 12742.39 7697.76 12719.04 7719.88 12697.34 7765.22 12681.09 7771.04 12686.74 7792.20 12717.16
9 9692.34 12601.95 9665.61 12595.04 9643.98 12559.74 9634.98 12529.77 9641.32 12526.46 9724.45 12503.30 9741.28 12518.98 9747.57 12532.77 9743.78 12568.98
7 10424.78 11864.37 10474.85 11810.02 10488.90 11816.86 10522.24 11896.33 10493.93 11912.64 10472.42 11907.41 10444.47 11886.18
9 14128.20 2903.33 14148.35 2945.39 14144.04 2967.24 14137.80 2973.04 14109.34 2990.24 14073.62 2986.17 14052.90 2960.86 14050.55 2920.22 14067.61 2897.88
9 13207.69 11586.89 13203.65 11571.05 13212.88 11561.46 13240.56 11550.11 13258.78 11543.07 13280.54 11570.28 13287.18 11607.66 13265.33 11634.94 13247.82 11644.37
10 14380.37 4083.76 14382.78 4015.45 14460.98 3969.23 14534.63 4043.94 14535.23 4057.04 14531.07 4090.22 14509.28 4110.68 14476.49 4121.71 14434.93 4133.37 14400.42 4114.15
7 1326.50 8803.21 1356.46 8830.81 1339.66 8908.50 1272.94 8965.62 1219.95 8926.76 1204.37 8889.92 1249.48 8841.75
8 13134.37 6671.37 13116.17 6731.56 13087.88 6738.66 13065.09 6722.75 13061.31 6706.48 13071.04 6686.23 13095.19 6672.15 13110.37 6668.84
7 13142.38 12361.97 13167.75 12392.92 13160.95 12453.49 13120.83 12502.15 13101.84 12476.88 13082.78 12364.53 13097.16 12355.64
13 12148.77 8245.40 12205.42 8184.28 12253.52 8198.23 12266.06 8221.21 12271.47 8238.09 12260.41 8271.75 12245.34 8285.18 12228.48 8293.78 12208.08 8304.03 12197.86 8302.37 12181.15 8293.49 12175.36 8290.17 12152.75 8269.76
10 4671.60 14177.28 4696.65 14150.05 4712.81 14143.29 4726.30 14144.50 4739.26 14166.97 4750.01 14207.37 4735.71 14213.46 4699.70 14226.84 4689.09 14217.24 4673.15 14186.70
10 7998.59 2781.83 8000.72 2828.13 7995.52 2836.68 7965.49 2847.27 7931.55 2828.96 7933.08 2801.83 7950.00 2770.65 7955.23 2765.65 7965.36 2765.88 7975.55 2769.78
8 13993.53 10575.78 13956.36 10542.93 13968.20 10505.75 13987.04 10493.45 13995.51 10490.94 14014.93 10504.50 14029.64 10555.00 14025.10 10558.33
11 2374.25 2971.25 2365.66 2931.65 2389.47 2904.03 2400.61 2894.49 2426.29 2874.70 2451.59 2873.35 2490.79 2917.17 2489.36 2947.06 2468.99 2987.62 2460.40 2998.31 2431.40 2995.26
8 3026.07 3258.64 2999.58 3219.81 3001.47 3191.03 3018.69 3160.69 3030.48 3158.16 3084.49 3151.66 3089.71 3159.66 3102.02 3232.10
13 12927.68 12345.06 12937.12 12394.53 12890.20 12469.58 12885.66 12475.73 12859.51 12480.42 12820.96 12443.40 12813.11 12427.22 12817.77 12407.37 12839.59 12376.63 12857.54 12354.13 12864.78 12347.92 12885.06 12334.55 12903.59 12328.48
9 13682.81 6467.16 13694.58 6533.79 13689.08 6561.14 13657.03 6568.73 13648.15 6568.89 13624.89 6546.21 13619.96 6531.28 13622.23 6504.42 13632.48 6478.82
11 3942.91 3553.43 3867.60 3569.47 3820.94 3560.37 3812.12 3448.84 3810.06 3409.14 3815.44 3407.02 3868.02 3395.58 3891.01 3398.25 3968.82 3447.03 3969.77 3454.15 3961.99 3485.36
12 8431.09 9567.71 8480.16 9545.74 8548.10 9552.77 8562.25 9568.68 8565.59 9587.21 8567.05 9606.46 8506.56 9662.75 8484.30 9677.79 8471.68 9675.69 8420.07 9636.60 8416.69 9616.24 8418.40 9596.29
10 7410.72 11150.28 7350.58 11179.37 7335.82 11176.47 7324.30 11157.83 7321.90 11145.16 7328.12 11102.02 7328.68 11098.60 7357.80 11069.30 7397.90 11084.90 7407.42 11122.88
10 617.72 3731.71 594.37 3688.11 604.49 3649.82 645.22 3621.14 689.76 3623.87 696.63 3638.28 703.92 3653.82 715.27 3702.59 709.54 3717.23 669.63 3737.80
11 6009.34 11426.56 6008.30 11406.80 6028.47 11372.06 6099.76 11367.63 6117.14 11389.16 6117.51 11406.40 6116.45 11455.71 6104.25 11465.28 6094.01 11470.53 6047.70 11478.80 6028.92 11461.05
8 7659.30 10601.13 7704.00 10679.26 7659.96 10728.14 7616.08 10759.84 7601.24 10755.00 7553.13 10701.63 7548.31 10682.57 7553.72 10621.43
7 12499.03 9358.10 12523.38 9415.67 12507.06 9448.30 12431.87 9489.38 12417.60 9478.64 12397.08 9361.75 12449.55 9338.41
6 8662.60 4230.79 8700.17 4193.96 8715.95 4209.74 8725.38 4237.05 8705.37 4267.14 8701.61 4264.81
6 11315.32 6593.16 11283.94 6553.63 11295.91 6526.69 11333.60 6499.67 11357.61 6524.42 11377.30 6556.94
9 11594.63 10322.27 11606.26 10252.89 11630.39 10225.82 11691.98 10227.80 11705.91 10234.23 11738.09 10283.84 11726.18 10319.51 11674.49 10348.99 11633.89 10354.47
9 6296.77 7836.37 6274.95 7786.31 6321.46 7738.97 6382.94 7711.36 6390.67 7717.11 6454.08 7778.86 6445.90 7803.02 6394.43 7867.38 6379.27 7879.97
8 6169.73 13315.12 6178.92 13261.64 6217.37 13246.60 6231.19 13250.20 6235.82 13273.37 6239.69 13328.87 6205.51 13333.48 6191.90 13327.89
10 4657.30 709.47 4630.61 677.92 4649.03 627.55 4699.52 599.15 4725.82 611.29 4748.36 653.71 4748.45 656.37 4739.16 686.76 4729.82 701.49 4707.36 736.08
7 8255.17 13892.31 8199.67 13908.24 8182.39 13894.27 8178.79 13889.48 8217.46 13832.49 8221.92 13831.42 8240.33 13849.06
13 7364.24 7533.36 7376.10 7530.72 7400.18 7534.88 7417.83 7564.75 7421.62 7572.91 7425.02 7583.60 7418.84 7594.64 7395.79 7605.90 7367.80 7615.08 7364.06 7612.56 7349.07 7588.03 7340.10 7569.98 7351.70 7549.76
9 11463.79 3079.62 11407.90 3093.98 11399.08 3033.40 11397.92 3013.04 11417.70 3000.03 11428.77 3006.53 11429.54 3007.16 11449.94 3027.10 11458.54 3055.22
6 14177.64 6845.70 14092.58 6800.17 14104.59 6754.61 14147.89 6739.21 14169.94 6747.58 14198.98 6789.90
8 3385.09 13603.57 3410.05 13548.67 3469.36 13530.64 3512.72 13534.81 3556.59 13667.18 3519.41 13705.48 3465.91 13705.55 3414.95 13674.60
9 2906.55 5667.20 2889.31 5697.63 2857.97 5693.63 2836.25 5684.80 2828.00 5665.47 2844.82 5638.33 2854.27 5630.87 2876.98 5614.64 2902.59 5631.52
8 8695.37 11604.57 8700.23 11564.96 8723.69 11543.04 8783.40 11560.66 8789.75 11618.46 8772.79 11638.86 8744.52 11650.68 8735.91 11644.33
9 6088.12 5185.82 6110.14 5155.48 6157.52 5120.03 6232.53 5152.35 6247.20 5207.54 6235.58 5230.87 6197.55 5253.99 6168.66 5264.88 6118.06 5256.17
11 2134.17 12045.90 2144.49 11994.67 2162.42 11984.47 2175.86 11986.12 2197.86 11992.82 2200.07 11997.28 2204.73 12017.54 2206.40 12025.46 2198.32 12059.09 2192.59 12073.07 2158.46 12076.76
7 14925.21 2621.58 15003.96 2707.41 14992.49 2751.63 14938.17 2765.47 14874.90 2769.69 14854.64 2728.42 14922.49 2623.19
9 6727.78 1508.57 6734.07 1503.56 6781.48 1523.48 6796.53 1549.29 6793.99 1563.72 6755.83 1572.57 6725.51 1566.50 6720.19 1558.17 6720.75 1539.70
8 12639.28 13564.59 12648.75 13615.51 12610.24 13646.82 12599.16 13645.41 12579.71 13592.03 12580.94 13588.13 12585.45 13581.49 12625.77 13568.54
10 14352.48 10666.41 14408.16 10651.29 14440.34 10644.80 14471.77 10697.86 14476.92 10745.69 14443.40 10771.60 14424.42 10773.00 14396.86 10768.76 14364.87 10748.66 14352.60 10684.77
7 313.78 2856.97 330.11 2917.62 300.28 2954.50 243.61 2934.34 226.42 2910.15 234.21 2853.17 236.68 2852.30
8 14207.40 12724.00 14206.96 12691.00 14227.73 12670.50 14239.69 12661.75 14274.72 12670.21 14281.00 12686.66 14272.30 12719.62 14252.39 12744.81
6 8751.92 9325.59 8797.91 9393.49 8793.94 9416.84 8739.27 9425.75 8710.69 9398.52 8711.52 9372.53
7 13121.71 5290.66 13070.71 5271.61 13071.91 5255.89 13115.37 5219.05 13127.98 5221.56 13151.67 5245.70 13146.77 5276.60
9 2678.80 5227.79 2730.99 5244.85 2723.65 5284.90 2695.43 5345.04 2668.80 5343.73 2646.83 5330.55 2633.89 5312.13 2633.30 5258.72 2657.94 5234.50
11 14625.94 9501.35 14648.11 9588.41 14618.65 9627.15 14540.85 9637.72 14529.56 9635.97 14477.91 9573.61 14493.54 9492.03 14506.64 9474.54 14580.80 9449.07 14590.92 9448.39 14614.34 9478.52
11 8452.75 14073.01 8428.57 14045.24 8429.57 14022.32 8430.95 14018.22 8449.92 13996.45 8471.47 13991.99 8490.92 14008.77 8491.22 14029.80 8491.39 14043.56 8489.72 14053.21 8478.25 14062.68
9 12778.82 6586.33 12812.31 6613.07 12811.14 6644.35 12803.32 6670.35 12763.62 6680.96 12732.78 6668.78 12713.97 6647.08 12711.68 6634.07 12736.46 6599.30
11 762.07 9046.58 744.23 8987.95 750.80 8958.49 796.28 8928.36 812.17 8934.79 844.41 8950.45 883.81 9001.52 881.37 9006.51 842.03 9057.26 820.10 9066.43 807.92 9067.25
9 7389.09 11334.07 7391.36 11286.98 7401.14 11246.61 7407.36 11238.08 7464.94 11282.86 7497.39 11313.24 7454.31 11368.23 7427.25 11373.54 7392.33 11339.89
7 1563.56 8344.19 1584.97 8387.50 1552.40 8417.58 1509.72 8425.78 1494.27 8399.73 1499.96 8371.70 1530.71 8348.40
10 9358.61 3277.48 9357.97 3253.44 9374.53 3215.65 9405.14 3189.39 9429.76 3194.33 9476.87 3235.87 9474.29 3244.63 9459.30 3281.01 9426.43 3318.59 9372.65 3289.85
11 11379.79 12254.73 11377.66 12193.30 11385.21 12172.71 11392.35 12154.51 11459.00 12133.53 11516.24 12174.28 11524.43 12216.16 11482.19 12261.04 11472.16 12264.67 11430.19 12276.75 11390.74 12264.02
9 12935.62 14513.75 13010.46 14496.30 13053.03 14540.92 13057.59 14552.02 13057.02 14554.99 13038.64 14612.19 13015.68 14629.99 12970.37 14624.07 12947.00 14581.10
8 12154.53 4845.51 12141.01 4778.75 12166.79 4719.06 12243.15 4723.89 12278.88 4764.63 12296.73 4788.81 12291.04 4793.10 12187.91 4849.94
10 10609.65 2330.41 10610.32 2284.78 10652.00 2251.31 10668.04 2255.32 10703.77 2293.90 10711.98 2304.78 10708.46 2332.87 10678.05 2351.31 10653.81 2350.20 10626.11 2348.26
7 2370.28 2451.17 2427.18 2371.61 2513.99 2393.12 2535.56 2468.61 2526.77 2504.24 2435.38 2543.54 2398.08 2531.97
10 4309.12 8827.27 4319.36 8765.14 4356.74 8761.67 4392.25 8773.92 4410.26 8781.56 4397.07 8836.06 4388.87 8851.19 4357.06 8867.91 4328.83 8860.24 4310.48 8831.49
8 3818.97 623.18 3808.89 582.27 3843.84 522.24 3898.94 509.49 3932.81 558.41 3939.13 574.36 3936.02 587.21 3918.00 651.08
9 1497.82 13332.47 1437.03 13272.48 1437.67 13269.65 1450.49 13236.94 1464.34 13228.12 1535.43 13228.92 1560.99 13252.93 1544.66 13291.99 1526.15 13316.92
10 6241.31 12592.04 6237.85 12552.27 6250.87 12528.03 6280.21 12508.93 6317.13 12517.61 6330.81 12562.11 6330.16 12601.67 6307.32 12609.30 6274.23 12613.19 6256.44 12613.72
8 3101.68 5724.21 3115.38 5756.80 3103.79 5778.48 3084.88 5786.31 3061.99 5784.12 3054.37 5755.32 3067.93 5731.06 3071.33 5725.63
5 13644.06 7382.19 13663.57 7318.80 13723.54 7339.79 13718.27 7404.17 13662.70 7416.29
9 1786.18 8974.17 1771.09 8956.98 1776.28 8928.09 1790.51 8905.47 1796.10 8897.19 1834.33 8893.61 1883.08 8927.23 1870.67 8960.33 1822.07 8993.13
11 4656.40 14624.22 4628.17 14607.53 4620.62 14580.73 4615.27 14555.87 4630.21 14538.80 4675.71 14521.16 4685.14 14522.51 4710.41 14540.41 4711.90 14563.01 4706.41 14572.09 4693.44 14592.36
6 13883.18 13235.45 13862.23 13161.54 13882.70 13116.86 13957.84 13127.07 13967.25 13164.08 13968.92 13214.85
9 4275.15 6013.03 4200.39 5999.16 4181.43 5968.49 4178.75 5924.78 4199.95 5860.69 4244.33 5852.19 4331.87 5878.67 4353.91 5898.09 4324.17 5978.83
5 3221.42 10088.17 3272.45 10007.46 3345.99 10063.53 3342.52 10111.64 3294.53 10109.53
9 14321.88 10108.17 14299.80 10061.78 14314.60 10028.46 14350.49 10004.15 14372.91 9999.30 14414.99 10009.20 14446.19 10062.56 14425.47 10121.63 14360.76 10138.13
8 4659.18 15257.91 4604.13 15206.28 4611.93 15178.87 4638.26 15156.68 4666.19 15152.00 4686.56 15162.64 4721.21 15193.20 4710.66 15214.27
8 12051.31 14336.96 12040.68 14439.70 11981.89 14457.10 11929.99 14447.74 11908.29 14404.01 11906.45 14336.11 11919.61 14331.57 11994.14 14320.43
6 14910.71 3988.34 14971.95 4046.45 14927.18 4140.99 14864.47 4126.48 14826.10 4097.64 14848.73 4001.65
9 14780.98 1852.92 14723.86 1942.09 14663.80 1921.91 14635.13 1894.68 14629.77 1880.94 14630.46 1847.13 14647.75 1811.97 14708.50 1789.33 14753.60 1818.91
7 11461.52 4894.46 11407.30 4946.54 11343.68 4914.81 11333.31 4891.00 11330.80 4828.84 11379.12 4803.55 11456.37 4817.01
7 10604.03 5410.57 10667.67 5463.18 10662.62 5514.75 10604.67 5534.16 10585.74 5526.93 10566.00 5472.38 10582.91 5431.71
11 700.24 8296.23 686.38 8236.93 692.22 8207.49 739.55 8210.65 784.83 8226.49 806.45 8236.77 823.68 8248.49 806.70 8286.58 793.20 8307.14 761.41 8308.81 709.46 8302.41
9 10456.49 13682.00 10517.11 13783.36 10492.36 13809.45 10458.02 13838.77 10396.34 13824.38 10383.55 13815.67 10354.58 13766.21 10354.51 13764.40 10368.98 13711.74
10 1081.61 10910.16 1071.28 10879.18 1072.23 10855.85 1097.08 10830.44 1121.85 10821.33 1141.08 10830.30 1176.50 10865.90 1169.48 10899.59 1146.55 10923.66 1092.08 10915.83
10 1051.66 7232.23 1034.90 7281.20 978.41 7277.55 971.62 7263.34 970.31 7260.45 967.38 7246.02 963.48 7219.44 977.57 7201.33 998.23 7196.67 1020.02 7205.58
6 11488.52 5561.62 11498.87 5650.48 11445.17 5656.89 11429.62 5629.10 11429.79 5599.31 11454.55 5561.44
11 15100.57 14818.37 15120.07 14783.80 15140.84 14764.58 15176.01 14772.12 15184.87 14775.87 15195.05 14796.18 15202.96 14849.55 15194.60 14860.26 15185.34 14870.63 15162.83 14878.58 15143.12 14871.57
9 6584.54 447.12 6603.05 420.24 6627.23 405.52 6645.95 421.08 6651.39 453.57 6645.55 460.86 6632.90 467.87 6608.44 480.09 6604.73 475.18
10 2146.02 14052.04 2130.64 13993.26 2138.83 13968.14 2155.85 13931.33 2198.26 13945.80 2238.84 13969.98 2245.07 13997.29 2234.94 14036.49 2176.76 14066.10 2168.56 14067.27
14 11213.92 2336.38 11188.09 2326.20 11169.86 2309.46 11153.58 2293.72 11153.94 2262.82 11163.43 2228.02 11204.37 2219.80 11208.15 2220.84 11227.24 2233.26 11248.16 2249.16 11255.06 2255.07 11249.92 2292.42 11244.35 2310.78 11238.70 2325.26
8 3544.09 4792.93 3504.18 4836.55 3445.35 4817.05 3438.09 4777.65 3460.14 4755.53 3489.93 4736.96 3511.72 4731.90 3530.46 4758.29
12 5357.27 5090.61 5398.11 5028.76 5457.95 5046.65 5491.95 5057.68 5517.45 5096.11 5505.64 5123.60 5492.23 5142.24 5470.55 5159.28 5450.32 5172.78 5425.53 5179.46 5374.47 5153.45 5359.10 5109.43
7 1932.78 3847.46 1911.30 3815.83 1922.65 3779.44 1964.83 3765.39 1984.39 3764.39 1994.29 3776.81 1980.87 3814.44
9 7822.47 2213.60 7836.85 2171.28 7866.84 2164.49 7908.26 2156.32 7959.33 2164.18 7940.83 2202.83 7899.89 2265.90 7882.56 2264.15 7852.03 2250.91
10 3021.38 8546.93 3008.72 8510.04 3038.67 8479.80 3054.21 8473.42 3078.73 8500.75 3093.56 8519.69 3088.26 8528.43 3058.05 8541.42 3046.65 8545.18 3040.94 8546.14
8 9418.42 2091.60 9414.98 2131.61 9391.39 2139.01 9357.72 2145.10 9342.65 2119.78 9349.49 2083.80 9383.00 2069.06 9401.03 2077.65
5 14550.22 9159.51 14541.57 9110.74 14550.78 9097.63 14639.41 9101.34 14636.15 9157.82
11 11531.23 436.81 11538.86 394.62 11555.18 375.02 11597.75 388.17 11616.51 398.98 11620.78 409.29 11626.80 441.79 11604.85 465.09 11572.65 487.25 11562.97 485.93 11533.51 458.30
6 1257.81 14341.51 1303.75 14325.05 1340.25 14365.30 1328.94 14389.04 1300.49 14419.37 1268.68 14391.76
10 3489.14 7188.24 3462.67 7245.48 3424.81 7239.44 3389.15 7228.15 3361.13 7216.89 3360.43 7209.33 3363.86 7161.73 3419.43 7134.99 3456.20 7122.81 3475.72 7146.78
10 6209.59 6630.46 6243.72 6595.33 6262.13 6603.39 6273.25 6619.09 6277.53 6661.02 6266.56 6674.78 6249.34 6684.30 6229.18 6684.47 6221.70 6681.06 6209.71 6633.73
7 7870.52 11570.49 7810.95 11647.60 7770.71 11638.40 7742.94 11614.85 7724.79 11579.84 7699.92 11518.23 7812.95 11476.29
11 3221.06 11631.87 3234.02 11574.27 3243.06 11564.68 3254.56 11559.69 3262.96 11563.77 3281.24 11574.51 3291.16 11581.83 3294.96 11586.68 3294.59 11601.16 3288.53 11624.58 3243.00 11649.26
10 11471.50 1514.03 11479.23 1497.98 11496.74 1481.91 11500.75 1479.79 11546.27 1500.35 11550.58 1523.28 11539.79 1545.73 11530.54 1546.24 11485.96 1546.64 11474.64 1529.32
7 435.28 1311.73 490.96 1267.73 530.07 1263.32 596.32 1280.68 595.26 1308.50 548.77 1386.34 460.56 1344.20
10 12284.84 10663.56 12303.91 10610.49 12352.64 10601.49 12360.76 10609.77 12405.20 10666.24 12409.49 10674.99 12375.47 10717.71 12345.01 10726.83 12305.99 10703.85 12289.94 10692.24
9 4781.99 7225.85 4821.93 7190.93 4846.37 7205.06 4861.37 7239.48 4855.07 7260.36 4850.67 7266.72 4835.12 7273.36 4800.58 7270.96 4795.01 7260.39
7 12574.78 5186.79 12561.77 5098.90 12606.81 5043.34 12705.11 5076.77 12716.60 5110.38 12715.68 5163.19 12692.03 5169.54
7 5377.00 3099.32 5363.73 3141.88 5312.15 3128.65 5288.34 3090.70 5288.43 3080.97 5351.67 3063.05 5370.76 3068.56
7 1754.67 12873.42 1736.39 12934.62 1722.27 12930.86 1701.89 12886.54 1703.54 12881.93 1722.45 12870.82 1739.68 12865.88
7 6559.11 4153.31 6585.67 4118.29 6656.36 4139.80 6646.19 4199.36 6627.82 4216.32 6620.14 4217.33 6563.51 4166.31
8 7554.02 2712.93 7561.42 2681.79 7611.38 2638.65 7651.81 2657.37 7660.86 2715.34 7648.40 2750.68 7609.72 2752.71 7562.87 2742.00
14 3947.41 7945.63 3910.28 7888.33 3914.55 7832.85 3931.82 7812.95 3963.38 7799.88 3987.08 7798.91 4010.54 7801.20 4031.55 7806.38 4068.99 7855.07 4064.45 7871.25 4052.34 7904.21 4017.38 7952.35 3991.68 7967.53 3973.51 7966.30
6 11904.98 10071.36 11907.03 10101.40 11877.83 10144.14 11832.17 10157.70 11843.82 10077.35 11849.48 10070.58
9 8933.33 6829.47 8953.08 6770.75 8997.18 6764.01 9029.10 6779.27 9058.76 6795.59 9050.13 6825.40 9015.95 6878.31 9002.24 6878.07 8941.17 6860.58
9 14419.30 1783.25 14422.33 1761.17 14439.03 1723.44 14470.53 1735.65 14497.93 1767.14 14488.57 1782.23 14440.76 1807.56 14439.29 1807.03 14427.91 1795.91
11 9739.20 11571.79 9746.29 11629.56 9743.35 11637.80 9718.23 11703.06 9668.16 11705.79 9591.00 11677.25 9580.04 11654.74 9585.13 11578.47 9596.48 11560.57 9629.50 11543.43 9677.85 11534.75
11 14344.23 4443.14 14333.86 4482.86 14311.59 4496.26 14294.84 4496.29 14277.58 4488.93 14272.49 4474.09 14266.93 4443.96 14274.09 4427.83 14294.95 4426.40 14307.25 4427.33 14337.95 4436.58
9 1019.61 4852.54 1092.91 4889.75 1066.87 4975.29 1022.89 4992.30 1009.62 4989.81 985.44 4984.94 944.79 4951.74 936.70 4936.94 944.31 4903.19
6 985.97 1668.50 995.35 1724.72 981.54 1744.23 926.44 1746.72 910.03 1715.47 942.16 1674.18
8 15160.76 1301.07 15097.73 1276.54 15099.57 1247.76 15155.11 1176.83 15198.15 1197.94 15206.47 1205.93 15204.00 1232.11 15186.96 1284.24
10 11709.07 13185.11 11739.58 13140.77 11751.99 13132.18 11782.93 13121.86 11832.28 13143.96 11842.20 13187.41 11820.27 13219.91 11790.25 13241.35 11734.12 13227.87 11715.28 13203.48
7 7619.22 14486.86 7532.68 14510.63 7523.58 14478.50 7509.03 14420.96 7536.11 14396.12 7582.14 14402.22 7599.70 14424.70
9 4387.51 284.67 4327.51 347.45 4282.97 338.29 4255.81 307.78 4251.25 300.23 4247.71 285.47 4287.25 205.53 4314.22 202.55 4374.59 225.56
9 6713.82 9679.04 6698.52 9648.26 6734.15 9585.86 6754.49 9576.59 6804.73 9583.56 6831.35 9587.99 6840.04 9602.13 6804.31 9697.01 6770.21 9703.10
10 3893.08 4684.46 3887.52 4742.49 3881.65 4749.71 3838.51 4762.51 3800.02 4726.61 3788.52 4701.56 3788.26 4681.62 3795.38 4677.09 3852.71 4658.42 3892.51 4675.46
14 13317.93 6351.72 13301.59 6275.80 13303.01 6257.20 13306.75 6246.61 13318.12 6215.33 13331.74 6203.05 13359.57 6200.42 13381.69 6212.66 13413.62 6242.62 13427.71 6275.62 13434.94 6298.29 13419.91 6331.50 13382.67 6368.15 13353.30 6365.13
8 12215.45 12909.43 12196.31 12965.09 12180.40 12965.44 12104.18 12959.02 12108.98 12903.43 12127.15 12869.49 12138.57 12858.04 12196.25 12869.27
11 1972.68 14008.14 2013.93 13980.95 2076.63 13953.53 2116.12 14000.49 2129.07 14028.64 2129.53 14054.63 2123.74 14064.93 2109.16 14075.64 2047.61 14103.30 1988.99 14068.79 1972.83 14051.22
9 6024.83 8898.32 6009.35 8877.57 6018.51 8851.13 6032.28 8842.01 6077.53 8840.10 6084.91 8848.93 6101.73 8879.70 6101.63 8905.67 6069.67 8922.41
9 7371.45 8060.60 7357.74 8004.08 7369.36 7987.38 7439.80 7956.71 7455.24 7969.72 7486.25 7998.56 7461.45 8065.18 7443.58 8078.22 7405.54 8081.44
9 5756.41 13441.83 5738.97 13420.31 5741.60 13418.68 5813.13 13375.31 5819.73 13412.94 5822.67 13436.08 5822.83 13454.66 5788.90 13450.58 5772.26 13447.79
10 13859.00 2657.01 13890.43 2614.71 13933.77 2630.57 13958.53 2671.30 13961.32 2679.07 13947.30 2700.46 13941.72 2704.77 13871.21 2697.90 13850.16 2672.26 13853.18 2665.51
13 7554.62 1313.58 7494.44 1284.84 7483.75 1242.96 7482.91 1166.88 7515.83 1158.38 7547.37 1159.97 7573.94 1171.00 7582.20 1183.27 7598.59 1224.32 7608.05 1262.98 7600.70 1272.90 7584.68 1287.43 7566.09 1303.66
10 11525.98 8776.04 11488.40 8819.09 11436.96 8822.03 11421.57 8806.32 11420.38 8794.50 11425.05 8748.40 11437.91 8712.23 11442.82 8711.56 11504.40 8707.20 11519.80 8744.35
9 1561.80 14705.43 1519.09 14682.04 1538.40 14627.72 1554.55 14601.05 1600.39 14606.72 1610.32 14624.69 1614.78 14658.94 1599.99 14687.82 1590.33 14698.50
10 15285.04 14601.01 15275.58 14633.79 15252.31 14637.00 15249.68 14637.32 15233.63 14638.13 15219.84 14631.49 15214.28 14620.12 15202.13 14579.61 15216.54 14569.42 15266.79 14580.23
7 10342.35 14882.31 10276.14 14788.86 10292.49 14738.67 10374.35 14739.47 10402.52 14752.06 10419.30 14808.57 10366.29 14874.96
8 2037.10 6022.62 2033.81 5946.03 2064.87 5923.55 2142.94 6008.86 2131.92 6019.91 2112.27 6029.12 2093.22 6037.10 2049.90 6031.66
10 11374.34 14678.92 11376.73 14648.72 11434.71 14621.65 11459.00 14615.05 11514.06 14665.23 11542.86 14695.66 11543.98 14721.52 11504.15 14766.99 11393.52 14751.78 11387.92 14739.55
11 4529.00 659.46 4572.86 657.93 4598.68 681.12 4603.72 721.09 4594.04 741.65 4578.64 756.95 4550.56 758.08 4514.69 759.35 4495.29 749.50 4495.52 742.98 4498.66 698.31
7 10648.11 2875.59 10702.37 2879.16 10736.20 2925.15 10709.44 2944.96 10677.43 2959.36 10670.36 2957.61 10657.89 2924.22
8 14079.03 15156.29 14103.49 15097.26 14149.78 15070.06 14199.41 15092.50 14220.49 15152.81 14193.10 15190.04 14167.62 15191.35 14112.71 15184.74
8 4955.14 2244.04 4949.59 2181.96 4982.63 2155.81 5018.74 2163.08 5057.38 2188.93 5061.96 2210.83 5035.20 2279.70 4990.76 2288.75
9 2311.51 14934.36 2330.55 14916.56 2381.34 14923.31 2392.43 14941.34 2392.35 14959.45 2389.27 14987.78 2375.40 14998.90 2339.22 14999.62 2318.30 14978.91
8 5624.55 12957.08 5646.29 13000.64 5632.73 13029.29 5605.97 13043.39 5577.80 13040.46 5550.02 13022.49 5548.38 12984.71 5549.45 12950.96
9 8369.64 9826.75 8306.98 9883.75 8278.67 9865.08 8231.07 9826.67 8226.87 9816.92 8210.76 9775.91 8246.78 9720.59 8337.03 9744.24 8368.70 9764.75
10 12193.20 4561.24 12193.21 4616.37 12190.44 4628.90 12184.60 4638.29 12175.29 4641.19 12104.14 4631.74 12106.13 4596.67 12132.79 4544.07 12158.37 4545.63 12165.86 4548.75
9 2440.38 12194.17 2373.94 12253.46 2360.49 12246.20 2316.75 12214.78 2315.87 12185.60 2340.68 12140.27 2369.74 12140.43 2416.59 12151.41 2422.19 12158.47
9 6239.21 7171.76 6246.36 7121.67 6286.19 7089.90 6305.12 7092.93 6378.70 7170.61 6355.66 7204.27 6318.78 7230.72 6263.21 7211.06 6248.40 7194.48
9 12374.79 14163.13 12362.91 14115.91 12365.28 14093.22 12389.89 14080.31 12425.01 14075.89 12466.79 14094.72 12480.11 14112.29 12441.01 14178.54 12414.98 14192.52
9 10625.80 11507.02 10596.43 11491.25 10577.60 11470.32 10571.22 11460.44 10585.97 11414.98 10655.91 11375.91 10708.30 11401.98 10711.24 11410.25 10710.03 11452.87
11 3038.68 15316.55 3019.61 15282.90 3021.57 15267.98 3026.40 15252.98 3054.19 15227.79 3093.85 15241.14 3110.00 15248.03 3112.09 15267.00 3114.07 15287.09 3114.82 15304.74 3062.99 15314.66
10 4890.65 4702.14 4845.85 4702.55 4829.41 4690.65 4824.60 4671.88 4823.69 4663.71 4838.31 4645.84 4873.68 4631.30 4898.75 4639.65 4907.47 4650.17 4905.41 4676.08
8 8604.65 6431.16 8670.05 6374.86 8699.25 6382.98 8704.98 6406.41 8667.02 6469.34 8660.52 6473.86 8647.25 6473.75 8635.56 6467.81
9 15275.26 3074.62 15231.20 3120.58 15177.03 3094.49 15175.32 3065.65 15181.84 3051.23 15195.13 3033.36 15204.96 3021.79 15256.06 3029.87 15271.66 3063.82
10 8069.89 2397.89 8134.52 2396.42 8169.22 2452.85 8179.89 2505.74 8164.07 2534.28 8101.63 2549.35 8073.18 2551.07 8048.94 2525.42 8029.93 2450.60 8034.57 2428.17
8 12616.29 11283.93 12579.31 11316.38 12502.95 11291.82 12501.27 11268.59 12513.68 11195.36 12539.41 11178.90 12565.17 11178.78 12606.44 11209.38
12 6676.54 9454.16 6699.44 9456.15 6722.11 9509.08 6726.44 9547.03 6710.76 9601.46 6637.91 9615.14 6579.89 9583.98 6568.79 9559.81 6565.40 9532.61 6567.73 9510.46 6621.67 9467.63 6669.72 9454.69
7 8878.59 7086.91 8953.10 6983.68 8971.37 6991.14 9006.39 7038.24 8994.81 7058.92 8928.16 7110.27 8917.91 7117.05
6 1419.13 14653.02 1373.97 14699.84 1369.43 14697.72 1346.07 14656.20 1392.95 14638.82 1410.31 14640.89
8 11555.89 6622.19 11600.33 6563.23 11679.51 6584.01 11703.30 6597.52 11715.67 6644.77 11710.59 6649.00 11644.82 6699.94 11572.91 6695.58
9 13796.03 13447.13 13799.32 13409.17 13832.84 13395.85 13860.85 13443.55 13865.77 13452.87 13860.02 13460.55 13825.44 13481.87 13814.55 13482.58 13797.63 13470.09
10 2251.95 2635.37 2242.88 2618.83 2267.87 2588.86 2304.90 2558.76 2319.02 2557.37 2370.21 2571.80 2389.42 2588.44 2379.77 2611.66 2341.33 2676.69 2300.05 2681.42
8 2388.67 1790.10 2394.54 1819.24 2392.30 1851.68 2370.72 1867.00 2343.20 1863.52 2332.70 1843.30 2322.11 1817.12 2377.71 1790.91
6 10021.40 7806.56 10007.73 7771.57 10036.95 7730.40 10080.13 7736.09 10073.22 7761.04 10060.54 7798.78
10 6592.38 6379.46 6622.88 6364.84 6667.14 6378.25 6689.18 6397.74 6692.09 6421.91 6651.54 6480.81 6638.55 6483.80 6594.38 6469.96 6577.65 6444.29 6586.37 6398.13
10 6949.44 5112.58 7032.08 5058.09 7038.41 5060.76 7046.45 5066.47 7081.88 5116.06 7062.96 5158.67 7021.09 5170.95 7003.15 5175.15 6971.62 5157.15 6958.33 5149.08
9 13892.68 10062.42 13944.17 9981.59 13987.92 9993.43 14032.12 10083.95 14047.93 10123.64 14031.77 10137.72 13991.47 10151.11 13916.89 10155.36 13893.29 10122.04
10 7501.49 15443.62 7442.65 15373.94 7442.81 15343.42 7487.29 15300.25 7538.22 15287.83 7620.02 15321.36 7632.66 15344.08 7586.33 15447.29 7568.12 15459.16 7527.17 15457.76
7 2415.08 9144.98 2370.35 9115.69 2374.65 9100.51 2386.54 9071.24 2444.57 9077.44 2447.09 9094.81 2436.51 9125.98
10 5625.50 10325.63 5622.24 10283.65 5650.72 10251.99 5706.73 10250.11 5759.40 10279.71 5783.76 10296.41 5714.94 10367.45 5692.98 10376.19 5666.03 10379.00 5660.28 10372.25
5 14242.85 5234.55 14230.99 5299.08 14182.47 5289.58 14171.61 5240.95 14208.60 5231.53
11 8360.68 3186.58 8312.18 3155.78 8318.84 3110.88 8341.03 3082.56 8382.96 3083.91 8396.22 3091.53 8412.44 3129.21 8409.84 3142.49 8407.32 3150.78 8404.21 3154.42 8379.00 3176.25
12 4017.22 4118.23 3991.45 4140.75 3952.55 4135.60 3924.09 4127.59 3909.66 4115.04 3906.33 4088.87 3917.62 4056.99 3948.64 4026.10 3990.28 4031.99 3998.85 4036.79 4026.08 4071.49 4026.01 4072.34
8 12529.41 5937.17 12424.78 5896.43 12435.86 5880.63 12508.69 5799.86 12546.81 5823.37 12584.91 5867.81 12588.69 5888.20 12582.46 5928.95
9 8524.40 10773.25 8520.21 10725.14 8559.28 10678.33 8616.37 10668.77 8645.24 10701.68 8655.17 10729.24 8651.05 10778.64 8611.09 10807.36 8564.53 10834.45
7 10209.96 5605.85 10245.62 5630.14 10228.10 5674.99 10185.49 5714.78 10156.23 5705.70 10132.07 5667.21 10159.39 5622.72
8 11577.51 14275.69 11647.28 14299.06 11645.77 14351.54 11615.82 14380.34 11598.53 14391.02 11572.21 14381.52 11535.40 14315.06 11544.12 14297.25
11 6407.96 6956.00 6438.17 6890.10 6462.90 6876.99 6512.45 6881.01 6526.48 6897.01 6539.12 6915.18 6548.71 6936.14 6541.97 6989.19 6526.33 7003.55 6443.16 6991.72 6427.04 6988.45
9 11014.75 7681.15 11025.28 7655.75 11046.39 7632.97 11101.80 7639.70 11132.79 7693.76 11132.80 7698.34 11108.13 7724.05 11068.83 7741.58 11034.21 7707.56
9 9243.73 261.60 9239.06 190.14 9241.36 174.94 9297.04 127.32 9368.23 162.85 9402.41 183.72 9386.90 247.11 9339.26 308.70 9306.76 311.60
10 8991.32 7692.50 8963.57 7612.84 9021.88 7548.50 9052.75 7541.23 9095.90 7567.71 9132.80 7616.32 9130.28 7634.04 9094.31 7676.88 9039.45 7716.72 9019.73 7720.78
10 6723.53 6044.08 6765.89 6055.22 6765.17 6093.00 6755.34 6110.46 6741.22 6115.30 6720.51 6116.83 6700.97 6098.83 6696.60 6074.76 6706.34 6055.55 6708.84 6051.79
6 12885.87 8967.22 12909.18 9013.86 12781.68 8999.94 12777.73 8981.60 12784.12 8964.63 12814.91 8958.14
9 5478.36 10207.96 5466.78 10161.65 5474.25 10125.96 5523.30 10115.66 5564.13 10128.04 5579.20 10148.54 5585.26 10164.16 5581.42 10183.34 5499.34 10216.05
9 7039.03 5686.67 7036.42 5761.97 7006.30 5762.07 6984.59 5759.56 6974.73 5757.96 6955.20 5707.39 6975.38 5698.14 6996.71 5693.26 7018.48 5689.07
11 11454.06 3185.85 11411.16 3226.48 11393.52 3221.28 11374.77 3206.62 11372.76 3200.67 11369.67 3185.80 11366.66 3155.68 11376.87 3144.62 11400.41 3129.39 11411.72 3130.54 11435.83 3154.62
9 14513.21 8685.27 14484.58 8761.57 14472.28 8760.92 14433.30 8729.62 14433.10 8691.96 14456.47 8638.80 14499.11 8645.06 14504.11 8650.12 14512.01 8666.46
13 8942.81 1434.01 8988.07 1404.23 9037.43 1424.21 9068.14 1452.74 9073.98 1480.88 9061.80 1504.79 9032.36 1528.98 9019.21 1538.14 8991.58 1552.61 8968.76 1545.39 8920.59 1489.94 8916.78 1480.62 8922.52 1464.99
10 12187.56 3223.02 12155.63 3278.73 12153.19 3278.57 12103.79 3272.52 12085.43 3258.81 12054.43 3222.87 12052.04 3188.82 12091.88 3146.30 12149.67 3146.35 12170.15 3169.60
9 14175.30 1577.60 14229.32 1615.26 14226.48 1717.20 14199.10 1729.13 14158.06 1714.23 14104.77 1670.66 14099.74 1620.18 14101.81 1611.35 14131.06 1585.68
10 5403.89 5522.39 5449.32 5602.55 5415.82 5649.88 5401.93 5668.91 5381.34 5691.32 5363.49 5690.20 5354.97 5689.25 5348.64 5687.75 5310.09 5614.31 5326.06 5524.05
9 1358.35 6185.09 1435.42 6222.65 1402.38 6292.48 1399.97 6295.31 1367.71 6327.82 1353.24 6334.34 1317.50 6315.40 1283.66 6201.71 1299.43 6184.89
10 3975.02 13997.87 3954.42 14042.43 3926.09 14039.67 3881.24 14012.13 3881.78 13988.77 3888.26 13955.42 3893.82 13946.07 3926.50 13936.94 3951.88 13943.70 3973.88 13983.99
6 10890.21 1334.10 10915.28 1297.66 10949.49 1300.88 10995.61 1357.43 10956.94 1390.37 10914.69 1383.03
10 14196.90 7660.82 14259.56 7649.20 14308.03 7670.43 14319.82 7713.80 14320.66 7772.66 14289.28 7795.56 14256.23 7803.52 14213.89 7773.44 14170.20 7739.85 14177.45 7696.62
9 6828.64 14395.46 6833.40 14309.66 6852.32 14300.34 6891.51 14303.04 6968.18 14316.83 7006.14 14368.87 6989.02 14396.26 6928.97 14424.21 6847.31 14422.75
8 15013.55 11084.96 14966.05 10992.99 14997.38 10956.88 15055.52 10950.49 15074.67 10958.91 15082.27 10965.96 15102.99 11000.71 15085.21 11060.20
10 2182.81 4939.06 2137.35 4894.40 2129.42 4873.23 2117.22 4819.38 2132.54 4797.11 2199.47 4762.82 2214.72 4764.26 2276.01 4798.05 2283.55 4882.95 2239.92 4934.59
9 12066.69 8180.54 12071.26 8146.32 12121.39 8143.39 12136.60 8150.70 12141.85 8164.84 12141.95 8173.73 12137.31 8184.23 12126.22 8200.29 12078.83 8201.42
9 1318.18 9136.02 1339.19 9085.99 1372.38 9071.45 1423.25 9088.42 1434.74 9140.60 1431.55 9148.88 1386.13 9185.81 1355.50 9177.87 1327.04 9164.30
7 730.16 7779.66 645.73 7703.46 668.34 7633.84 759.48 7630.75 804.53 7684.97 808.67 7702.18 800.24 7717.25
10 6007.48 2438.77 5971.30 2365.29 6002.23 2297.81 6004.57 2294.66 6067.76 2293.51 6089.73 2296.80 6114.27 2348.42 6123.55 2368.88 6060.81 2423.31 6031.65 2442.40
7 6526.16 2079.76 6487.55 1990.95 6489.18 1966.59 6579.42 1964.09 6598.18 1974.61 6602.86 2017.33 6597.08 2044.32
9 7873.05 7280.25 7831.90 7346.21 7759.78 7332.88 7741.48 7319.42 7720.19 7286.11 7717.54 7251.06 7741.14 7213.12 7810.93 7203.82 7831.13 7202.15
11 3431.42 11333.89 3408.70 11293.74 3417.38 11252.07 3495.93 11221.69 3539.31 11217.89 3544.22 11219.89 3567.65 11248.10 3570.38 11262.72 3554.13 11323.34 3532.11 11337.09 3498.50 11357.82
11 14561.17 8663.55 14526.70 8609.25 14528.02 8589.99 14561.34 8526.86 14606.59 8513.80 14648.63 8506.26 14712.38 8571.84 14714.64 8617.49 14694.80 8653.99 14668.24 8659.82 14603.27 8662.51
7 9679.33 5719.26 9541.89 5670.90 9580.75 5561.04 9658.17 5548.82 9668.76 5553.53 9706.67 5586.15 9723.05 5625.94
8 6431.13 10296.08 6384.83 10355.48 6371.10 10350.18 6312.63 10313.83 6321.47 10266.05 6371.01 10251.02 6420.52 10249.76 6422.44 10256.29
9 5954.56 2969.33 5923.10 2891.39 5935.27 2856.34 5989.45 2842.37 6035.67 2863.15 6057.63 2893.82 6070.61 2920.13 6054.22 2947.36 6024.34 2974.92
8 13321.24 15376.73 13320.75 15369.57 13325.28 15325.59 13353.12 15315.89 13418.08 15348.33 13419.04 15358.78 13394.42 15420.46 13358.93 15423.98
8 4559.94 6382.31 4588.26 6425.28 4584.16 6453.70 4576.02 6476.18 4543.42 6477.27 4511.24 6445.56 4509.67 6429.73 4532.64 6396.14
10 1707.49 6100.03 1695.02 6047.54 1722.83 5990.50 1764.23 5984.61 1794.31 6008.21 1806.48 6021.13 1805.79 6041.33 1805.16 6043.35 1794.15 6065.35 1774.78 6091.48
10 10956.46 11956.05 10912.03 11938.43 10906.41 11904.08 10896.82 11835.11 10908.72 11818.47 10998.41 11818.29 11023.62 11841.78 11038.03 11889.38 11033.96 11922.46 11000.29 11942.92
8 5206.45 1249.72 5231.28 1169.15 5291.87 1188.90 5323.12 1209.44 5325.31 1229.52 5282.87 1264.30 5237.65 1287.41 5216.63 1287.46
5 15321.46 10837.65 15374.07 10905.92 15348.75 10952.31 15236.46 10912.56 15243.50 10861.79
11 11199.26 12504.48 11233.65 12453.70 11245.14 12454.18 11262.36 12455.47 11270.15 12470.86 11277.97 12495.93 11287.31 12526.45 11258.29 12537.87 11234.66 12540.84 11211.53 12530.30 11205.74 12523.90
9 13257.40 4381.55 13297.12 4430.87 13279.99 4467.04 13254.80 4472.34 13214.86 4465.14 13209.46 4455.98 13201.04 4432.64 13206.59 4425.06 13233.03 4390.28
8 11935.56 615.76 11915.47 658.66 11881.89 649.52 11839.24 636.31 11809.56 626.30 11824.50 598.20 11847.92 578.11 11904.62 589.32
10 2536.72 15314.83 2487.17 15272.88 2485.19 15251.97 2485.00 15243.38 2485.23 15218.76 2504.03 15204.65 2544.87 15198.09 2557.36 15206.62 2585.78 15262.78 2578.87 15290.39
6 5349.02 5365.22 5368.66 5273.12 5475.19 5341.18 5494.39 5371.81 5443.13 5426.62 5365.77 5395.73
7 534.86 11471.34 536.40 11433.24 617.02 11411.14 628.90 11436.56 630.51 11440.16 634.49 11488.47 605.21 11502.20
8 5720.16 14083.87 5804.61 14013.79 5834.85 14012.50 5879.17 14074.56 5861.13 14133.99 5786.75 14160.84 5758.81 14156.85 5736.11 14137.85
10 2412.83 2256.64 2413.37 2239.38 2434.56 2215.52 2460.44 2199.68 2482.90 2211.09 2489.98 2242.26 2478.63 2274.86 2453.56 2286.93 2431.78 2277.45 2423.41 2269.56
7 5342.69 3597.52 5395.82 3639.65 5391.19 3667.40 5319.94 3675.05 5299.02 3650.39 5296.87 3627.91 5298.79 3602.69
6 6536.44 11333.17 6553.11 11265.21 6609.07 11256.06 6612.13 11265.61 6613.24 11332.28 6559.37 11335.27
9 4893.03 2975.72 4893.92 2953.15 4975.19 2889.85 5006.22 2900.46 5037.35 2935.37 5043.07 2986.26 4978.57 3046.13 4954.31 3047.87 4924.48 3027.43
8 1589.29 12261.07 1621.07 12222.24 1650.46 12216.51 1665.86 12228.76 1666.05 12263.71 1658.97 12274.42 1647.54 12281.60 1604.31 12271.17
6 15238.24 9219.43 15255.79 9186.29 15305.31 9242.61 15284.07 9268.35 15266.89 9268.51 15244.29 9232.00
11 7170.32 1657.65 7121.73 1638.51 7113.52 1621.47 7105.57 1593.11 7118.65 1565.88 7143.89 1542.25 7200.18 1555.07 7219.96 1602.80 7215.58 1614.51 7212.85 1618.88 7199.67 1636.13
11 4514.27 5851.05 4511.63 5811.68 4540.65 5754.36 4566.71 5747.33 4598.83 5750.81 4639.08 5803.53 4643.60 5816.43 4636.82 5844.51 4607.08 5877.93 4592.31 5886.55 4578.85 5880.46
6 10997.63 679.01 10866.31 650.34 10883.09 525.22 10928.12 520.92 11005.87 557.02 11009.73 599.51
8 409.60 11003.43 456.14 10945.06 497.88 10949.66 534.07 11004.40 554.28 11043.11 522.27 11087.15 489.89 11080.73 422.24 11050.14
8 6700.38 3640.42 6657.84 3625.96 6721.40 3584.12 6732.02 3577.70 6744.41 3586.82 6752.45 3597.39 6718.23 3637.00 6706.52 3642.08
9 13853.66 12834.64 13847.81 12812.57 13880.40 12761.33 13915.38 12726.07 13942.26 12726.27 13994.81 12767.98 13975.14 12833.51 13930.98 12871.95 13918.99 12878.93
9 6709.63 1193.84 6734.22 1148.52 6767.01 1144.71 6771.31 1148.64 6797.22 1175.88 6794.41 1192.07 6755.10 1238.16 6725.38 1233.85 6716.19 1211.50
9 215.03 11939.93 166.43 11855.72 170.06 11836.07 186.93 11795.11 235.85 11773.18 307.11 11788.08 332.78 11830.52 324.74 11874.55 275.76 11934.63
10 11077.27 2772.96 11084.83 2744.78 11149.26 2694.28 11205.82 2703.08 11238.44 2744.12 11250.41 2764.29 11243.33 2831.07 11199.37 2835.83 11126.16 2842.98 11109.52 2823.39
7 7541.25 379.74 7496.25 443.67 7475.40 437.83 7421.17 417.06 7437.80 349.03 7465.57 329.51 7510.58 348.10
11 4092.84 8563.14 4086.44 8520.18 4105.52 8493.96 4139.22 8477.55 4145.17 8476.92 4203.32 8490.65 4217.57 8526.92 4203.72 8558.78 4186.02 8594.47 4158.29 8598.42 4126.13 8592.85
8 1416.93 398.21 1446.40 440.80 1417.19 476.28 1411.60 481.43 1394.33 481.57 1372.83 472.51 1369.63 469.55 1371.85 438.28
11 12687.37 168.74 12692.10 110.02 12737.29 71.74 12784.81 95.12 12846.47 163.58 12789.74 229.09 12776.65 239.71 12758.39 249.64 12751.14 247.78 12702.21 234.70 12697.03 222.27
6 2212.09 7048.67 2239.08 7073.13 2232.48 7090.37 2212.56 7125.26 2181.58 7109.08 2187.51 7052.25
7 5527.93 10933.04 5455.50 11000.30 5383.58 10964.80 5364.59 10938.10 5394.11 10875.80 5434.27 10850.15 5505.49 10875.06
9 6704.67 2340.54 6775.07 2388.75 6767.18 2444.67 6755.31 2469.26 6708.14 2470.20 6692.50 2468.18 6658.70 2462.90 6646.21 2420.78 6650.38 2367.29
9 10679.37 1736.16 10716.25 1749.68 10711.73 1782.48 10707.26 1793.11 10689.73 1799.43 10656.99 1806.57 10654.94 1805.50 10635.08 1767.08 10662.51 1744.90
9 3426.10 6633.76 3476.72 6698.70 3460.32 6729.17 3442.62 6737.98 3385.28 6741.70 3378.92 6732.85 3360.64 6678.51 3364.11 6662.56 3382.71 6640.93
7 1394.90 10054.02 1465.84 10019.65 1502.11 10077.99 1512.66 10098.77 1462.61 10131.30 1425.52 10136.68 1405.41 10103.46
10 7806.68 5873.42 7843.73 5872.45 7855.87 5876.12 7865.21 5927.26 7857.74 5933.18 7837.17 5945.80 7809.62 5944.52 7785.73 5929.69 7777.65 5916.07 7780.41 5894.93
7 12244.81 4534.01 12233.60 4433.23 12326.42 4415.93 12380.71 4469.31 12376.46 4520.08 12340.94 4528.22 12303.77 4535.95
8 10635.14 12294.29 10705.42 12375.76 10660.70 12429.22 10620.47 12447.83 10590.15 12434.99 10546.79 12378.39 10574.88 12302.43 10601.46 12294.89
9 6561.32 12542.95 6551.48 12505.56 6558.21 12495.32 6569.30 12486.43 6607.61 12487.28 6635.24 12539.52 6639.40 12556.09 6620.83 12566.49 6581.63 12578.33
10 13118.36 5557.07 13068.35 5554.18 13062.20 5545.24 13056.88 5531.21 13047.00 5491.23 13057.50 5443.82 13095.94 5442.13 13142.45 5461.95 13158.55 5487.66 13132.30 5541.63
7 10463.05 3512.44 10444.58 3547.70 10399.73 3532.34 10371.27 3479.64 10395.35 3463.52 10444.02 3473.83 10460.07 3489.21
10 4848.69 686.66 4893.50 665.85 4925.18 706.48 4943.08 732.77 4941.67 741.44 4932.07 756.35 4892.15 777.96 4850.66 758.18 4832.69 725.37 4833.34 719.50
9 5778.30 13637.12 5744.28 13671.39 5675.25 13656.89 5667.92 13652.96 5663.57 13643.90 5664.91 13593.48 5717.17 13565.63 5739.18 13575.09 5758.74 13600.60
8 3826.46 10340.58 3829.20 10298.69 3905.92 10274.14 3934.36 10293.79 3964.95 10351.02 3942.91 10384.09 3895.93 10411.76 3831.84 10403.94
7 9673.17 163.34 9640.86 220.77 9606.93 207.61 9574.16 177.51 9558.99 136.60 9564.73 130.68 9630.52 109.01
8 1045.87 13983.95 1045.94 13942.28 1101.86 13902.07 1153.82 13940.00 1168.39 13980.52 1134.06 14009.27 1093.66 14034.03 1049.27 14034.06
9 11645.85 15030.93 11625.63 14971.30 11633.23 14907.46 11659.24 14873.12 11667.80 14869.97 11714.90 14866.95 11776.54 14927.73 11759.46 14994.43 11691.84 15040.04
9 13378.35 14843.57 13395.10 14793.38 13410.77 14796.89 13457.84 14816.67 13461.57 14831.60 13444.15 14865.29 13432.13 14875.11 13413.03 14873.87 13389.85 14866.92
12 6555.15 3099.44 6554.08 3132.89 6532.73 3156.41 6515.20 3164.70 6459.45 3164.37 6447.00 3162.50 6430.65 3103.31 6420.60 3065.92 6435.17 3048.70 6440.06 3047.24 6516.84 3039.58 6546.83 3055.12
11 10700.89 12867.77 10712.36 12837.72 10745.49 12832.02 10773.15 12833.13 10789.70 12845.56 10770.46 12889.02 10762.73 12899.77 10744.63 12904.55 10735.93 12902.14 10724.59 12897.44 10701.28 12873.28
6 14539.24 2740.40 14497.23 2705.04 14524.33 2662.16 14582.35 2676.88 14585.44 2691.73 14577.25 2706.33
6 2143.95 13724.18 2087.96 13786.23 2056.74 13773.80 2020.54 13732.86 2019.45 13713.97 2049.94 13675.81
7 8177.15 15157.18 8159.85 15214.58 8122.53 15216.09 8066.62 15187.21 8070.47 15147.58 8111.73 15108.93 8158.49 15125.28
10 5499.01 5455.06 5498.61 5437.74 5518.21 5402.82 5538.84 5384.61 5584.06 5380.06 5598.39 5392.23 5608.56 5420.66 5601.16 5434.17 5573.03 5461.70 5539.06 5478.95
11 12741.26 14542.37 12727.62 14503.74 12751.35 14466.59 12761.97 14459.11 12785.41 14457.26 12823.40 14472.03 12831.94 14500.21 12816.37 14545.27 12798.05 14552.85 12786.11 14557.69 12775.40 14560.46
10 12713.94 12524.60 12719.02 12495.61 12736.50 12465.23 12775.59 12474.63 12788.50 12490.81 12789.86 12522.58 12781.32 12546.14 12779.51 12546.54 12754.34 12546.93 12730.85 12539.49
9 12843.65 8602.12 12822.24 8626.47 12806.17 8623.97 12759.03 8610.83 12760.64 8583.58 12766.07 8573.63 12803.38 8553.32 12815.99 8547.87 12841.48 8568.35
7 171.40 3415.20 227.47 3347.30 311.16 3359.39 322.57 3399.61 263.00 3452.10 211.49 3462.18 205.43 3459.45
9 6925.03 12067.30 6884.95 12022.99 6903.96 12001.33 6920.69 11985.55 6945.42 11989.41 6954.34 11997.93 6975.22 12022.75 6964.68 12047.71 6960.94 12056.40
10 14980.69 3413.39 14938.42 3329.69 14970.04 3290.26 14994.97 3290.32 15005.08 3293.49 15052.46 3309.40 15058.29 3367.93 15057.41 3382.45 15007.45 3417.88 14991.90 3416.94
6 8275.45 4415.85 8223.97 4504.54 8166.43 4500.75 8157.63 4487.85 8129.87 4432.80 8165.93 4377.90
6 5880.57 6106.32 5912.20 6151.95 5889.52 6183.87 5862.31 6174.81 5831.13 6137.80 5841.64 6122.07
9 4578.53 5329.66 4614.87 5379.45 4613.86 5413.65 4565.52 5442.18 4525.59 5428.84 4516.20 5404.81 4508.70 5375.38 4520.42 5345.47 4549.28 5332.37
6 2265.02 1759.76 2278.22 1734.27 2317.27 1735.64 2335.63 1790.17 2311.92 1801.65 2289.15 1792.33
9 8263.40 3438.89 8269.42 3370.55 8320.46 3346.15 8371.74 3331.11 8402.65 3361.01 8406.21 3377.14 8417.12 3453.65 8411.71 3464.65 8295.35 3479.07
8 11943.18 14637.46 11949.42 14704.51 11917.94 14713.16 11891.69 14711.16 11848.29 14684.34 11858.23 14647.58 11868.63 14636.76 11906.33 14623.47
7 14388.01 8453.60 14322.09 8421.20 14352.03 8356.38 14372.45 8340.65 14399.65 8355.53 14406.55 8360.59 14422.36 8390.41
10 11461.72 9561.68 11427.19 9509.11 11406.81 9466.23 11400.41 9434.05 11410.04 9416.91 11496.76 9371.87 11540.69 9407.24 11568.27 9444.51 11578.11 9476.67 11493.82 9552.36
9 9523.54 11790.76 9491.03 11740.12 9521.27 11697.89 9539.58 11690.88 9548.14 11695.32 9575.45 11712.36 9590.21 11724.69 9588.84 11768.28 9572.21 11781.67
9 12827.21 9571.92 12781.28 9556.85 12766.86 9539.39 12735.96 9486.81 12783.96 9415.25 12817.68 9389.27 12892.47 9425.71 12909.24 9467.57 12858.67 9561.65
6 11655.69 9501.55 11631.85 9468.73 11644.73 9413.80 11662.87 9406.49 11719.55 9396.60 11718.02 9466.74
10 12078.05 7817.18 12030.56 7816.56 12014.82 7800.60 12014.28 7776.56 12028.41 7760.01 12072.81 7747.38 12082.92 7748.18 12094.93 7754.17 12100.41 7769.34 12097.33 7790.06
10 6559.05 14313.56 6540.31 14261.08 6549.39 14239.54 6598.56 14222.91 6646.78 14241.42 6671.70 14267.76 6649.39 14301.42 6642.29 14307.70 6620.68 14325.99 6607.48 14326.26
7 13654.20 13910.02 13602.08 13958.94 13578.91 13957.72 13544.48 13908.91 13550.85 13897.10 13557.01 13893.60 13642.08 13888.67
8 10681.99 10121.29 10694.03 10052.74 10728.57 9995.42 10781.93 10009.59 10801.52 10056.76 10794.09 10092.47 10764.08 10153.71 10731.42 10143.18
7 1782.98 7540.06 1769.62 7564.07 1693.59 7566.64 1675.80 7549.03 1677.23 7521.54 1720.44 7489.70 1768.13 7502.89
9 4111.26 9539.38 4115.98 9466.42 4148.54 9427.85 4198.69 9418.29 4251.55 9461.31 4269.91 9501.13 4255.88 9558.55 4217.43 9573.54 4121.43 9558.58
8 8943.22 1641.02 8988.13 1621.74 8998.10 1632.50 9001.46 1638.88 9005.26 1661.91 9000.88 1681.10 8978.86 1678.78 8955.44 1664.56
12 10165.93 4923.65 10096.00 4946.60 10085.46 4945.23 10024.93 4920.73 10018.15 4863.37 10016.91 4846.60 10035.04 4816.25 10068.66 4778.46 10130.22 4779.99 10161.09 4807.21 10177.68 4834.17 10176.28 4880.40
7 4309.41 12253.35 4368.17 12350.89 4325.53 12381.69 4271.85 12403.53 4239.80 12375.67 4217.95 12330.62 4239.27 12270.12
8 4885.50 6079.10 4953.59 6039.54 5000.11 6050.35 5024.51 6071.13 5031.90 6083.09 4993.66 6134.63 4966.27 6164.74 4895.91 6145.89
11 1454.61 13795.93 1435.96 13866.56 1408.65 13878.00 1381.00 13874.69 1355.53 13865.94 1350.66 13861.74 1341.63 13845.64 1331.17 13805.70 1344.97 13768.33 1421.52 13759.07 1445.61 13784.32
13 2456.37 12690.82 2450.35 12651.71 2459.04 12633.56 2498.58 12598.84 2512.67 12589.46 2539.01 12594.65 2567.85 12640.50 2561.83 12699.50 2528.88 12738.30 2527.36 12738.37 2521.99 12737.62 2505.89 12731.80 2495.58 12724.12
11 3563.29 2366.44 3549.41 2343.77 3558.77 2307.37 3605.39 2276.99 3620.32 2276.09 3642.16 2293.49 3651.03 2309.07 3650.44 2326.10 3647.92 2342.95 3638.49 2370.68 3578.39 2368.15
7 8660.05 3798.47 8689.62 3847.75 8673.87 3851.71 8630.39 3856.92 8617.30 3854.17 8618.22 3815.23 8639.86 3797.51
9 2912.32 1129.72 2905.85 1063.19 2926.90 1053.38 2942.00 1047.83 2986.83 1053.06 2989.20 1066.85 2995.02 1128.87 2994.37 1129.43 2981.89 1135.38
11 11986.36 10292.73 11967.50 10376.35 11950.95 10388.49 11911.60 10377.09 11852.25 10353.20 11836.29 10326.92 11834.70 10295.67 11844.20 10277.67 11852.75 10272.28 11927.81 10244.44 11959.24 10259.10
8 4706.15 265.22 4663.41 298.93 4634.23 278.34 4622.14 260.56 4627.28 233.77 4636.23 215.17 4660.62 208.17 4690.66 232.08
9 5040.10 4758.93 5071.26 4757.18 5095.28 4783.46 5104.44 4809.58 5095.73 4838.62 5070.97 4854.71 5021.99 4841.31 5001.75 4815.69 5003.66 4803.39
8 13752.97 12576.17 13645.90 12548.84 13704.43 12444.58 13731.09 12420.21 13745.38 12419.66 13773.75 12427.89 13820.35 12504.08 13773.96 12559.00
9 12082.01 14647.77 12076.03 14640.35 12080.36 14623.16 12100.76 14547.88 12170.55 14531.36 12181.49 14540.88 12220.82 14581.13 12177.54 14678.42 12158.90 14678.86
6 10330.35 9243.97 10351.69 9233.72 10403.72 9280.47 10422.14 9336.77 10421.65 9345.28 10349.11 9337.46
10 1515.81 459.31 1578.84 456.27 1581.47 460.52 1593.60 532.93 1599.51 576.00 1587.14 588.02 1525.82 605.48 1478.26 576.08 1455.80 537.45 1457.43 528.59
11 902.48 460.89 929.04 455.25 944.41 456.22 949.75 458.56 971.64 483.11 980.62 510.84 963.70 528.86 938.34 544.30 918.16 538.74 894.34 523.02 899.60 474.75
8 14218.18 8964.29 14210.83 8897.60 14221.78 8875.37 14235.88 8870.31 14310.33 8886.62 14334.94 8918.38 14330.16 8962.49 14267.34 8977.66
7 12950.12 6205.12 13010.91 6167.83 13027.58 6193.09 13045.59 6254.07 13039.22 6272.46 13002.76 6262.11 12965.71 6248.16
9 13560.86 12526.58 13627.44 12542.25 13611.28 12608.19 13583.94 12661.88 13536.01 12653.39 13471.53 12632.48 13477.07 12595.82 13480.90 12589.63 13521.67 12556.37
9 10259.66 6372.97 10276.12 6322.51 10295.64 6323.50 10340.23 6335.04 10348.72 6361.53 10349.97 6373.85 10318.92 6397.20 10304.60 6398.84 10287.23 6400.79
6 7906.30 5081.00 7917.06 5020.40 7951.13 5034.52 7981.29 5050.89 7945.51 5102.22 7908.01 5092.15
10 4000.73 5516.12 4018.31 5451.56 4051.46 5445.95 4110.00 5488.10 4117.10 5505.06 4122.25 5554.99 4116.04 5589.28 4060.20 5599.61 4014.07 5593.76 4000.97 5550.23
7 10116.56 8031.41 10169.42 8088.93 10150.58 8179.41 10085.32 8191.57 10059.74 8176.55 10042.68 8107.68 10051.92 8054.16
8 14612.15 9338.86 14545.14 9349.00 14532.09 9329.60 14514.00 9255.38 14589.98 9233.91 14603.72 9236.90 14635.81 9260.09 14622.37 9314.61
9 12626.63 4681.78 12590.87 4625.83 12638.25 4570.03 12699.22 4580.72 12721.21 4609.48 12741.68 4661.49 12714.45 4694.79 12677.84 4703.80 12653.57 4708.56
9 2372.57 3419.03 2385.46 3348.17 2444.23 3331.35 2462.82 3343.56 2474.02 3391.62 2470.13 3425.73 2466.33 3436.95 2407.28 3434.81 2393.30 3432.65
9 15200.54 7480.58 15277.05 7408.18 15319.31 7427.05 15338.01 7446.82 15351.71 7491.30 15346.85 7515.35 15338.23 7535.14 15287.65 7557.39 15227.13 7533.67
7 775.82 3984.42 675.37 3967.78 677.30 3938.03 718.08 3902.96 743.65 3894.07 764.99 3909.67 786.97 3926.83
10 11386.46 1846.69 11346.32 1776.37 11368.51 1735.18 11416.14 1720.30 11484.63 1718.86 11507.51 1731.29 11524.92 1766.74 11525.18 1798.29 11481.74 1848.63 11416.66 1875.49
9 11512.29 9094.58 11491.81 9061.09 11518.53 9035.93 11565.91 8994.49 11605.81 9002.35 11606.57 9003.78 11612.20 9037.07 11607.94 9081.12 11539.76 9127.22
10 11935.68 5496.23 11958.23 5495.56 11977.33 5518.60 11983.68 5553.80 11978.85 5559.97 11955.00 5568.85 11925.57 5559.46 11916.82 5534.96 11925.44 5509.13 11929.06 5503.03
9 6790.21 2959.84 6762.51 2939.94 6752.58 2915.18 6744.23 2891.56 6755.05 2880.25 6784.16 2875.37 6815.93 2894.79 6818.97 2914.96 6812.39 2933.25
9 10997.71 1027.35 10978.77 1051.67 10904.06 1045.05 10862.85 1017.42 10879.44 980.62 10902.42 949.84 10923.91 928.93 10949.67 934.74 10962.34 945.28
12 11542.12 7866.96 11544.62 7834.41 11569.98 7807.38 11595.44 7786.49 11596.23 7786.19 11636.68 7803.81 11639.85 7823.70 11640.68 7841.39 11627.06 7874.25 11610.01 7893.54 11585.86 7897.54 11551.30 7878.16
9 11687.25 580.53 11723.39 599.65 11712.91 641.58 11704.09 671.72 11686.68 674.72 11638.67 655.76 11632.45 634.29 11631.62 615.40 11653.78 588.58
6 1298.22 1306.45 1290.01 1349.92 1257.99 1339.23 1240.52 1301.83 1247.27 1293.57 1280.66 1268.60
10 3251.79 5288.22 3239.23 5333.08 3193.49 5367.38 3169.16 5356.48 3151.86 5339.72 3120.85 5296.74 3118.67 5290.82 3168.22 5246.48 3196.49 5224.25 3216.79 5243.02
9 8719.08 15212.68 8681.74 15278.24 8562.66 15265.11 8560.87 15164.64 8579.40 15136.65 8581.72 15134.70 8606.65 15138.66 8710.10 15171.92 8717.67 15201.06
9 12036.31 11499.38 12087.64 11599.84 12079.39 11629.12 12060.92 11653.62 11992.17 11666.27 11964.29 11665.97 11929.56 11610.70 11920.31 11589.92 11933.07 11558.75
8 10305.93 10056.40 10367.99 10013.26 10410.38 10054.70 10401.78 10099.74 10376.62 10113.84 10349.15 10116.45 10322.07 10104.51 10311.75 10097.53
8 2741.68 7140.59 2784.11 7054.90 2882.69 7064.60 2893.28 7078.16 2908.26 7145.00 2868.37 7204.68 2851.51 7202.46 2761.78 7175.10
9 4706.56 3023.81 4654.98 2972.27 4667.64 2944.32 4680.20 2920.42 4740.30 2917.15 4751.58 2934.63 4766.19 2964.99 4764.06 2975.26 4759.40 2988.77
6 10020.32 5739.63 10036.94 5811.47 9979.73 5811.17 9961.73 5802.08 9956.60 5772.08 9975.69 5743.54
8 11657.04 6761.02 11642.37 6827.43 11597.96 6843.62 11572.71 6846.16 11534.81 6820.65 11544.46 6741.47 11619.96 6721.49 11640.46 6735.55
10 1558.40 13019.37 1542.41 12999.67 1549.16 12969.00 1553.00 12956.19 1556.78 12954.67 1593.10 12948.41 1613.31 12967.99 1610.98 12989.97 1607.42 13011.35 1576.90 13025.98
10 10284.29 3221.02 10284.47 3195.35 10321.81 3164.92 10342.78 3171.80 10357.61 3182.41 10396.00 3231.41 10373.99 3265.68 10360.73 3278.76 10312.03 3279.93 10289.09 3263.14
11 10281.29 4422.73 10286.19 4362.18 10340.24 4345.05 10345.59 4345.33 10396.54 4370.25 10410.07 4381.35 10405.30 4445.95 10348.06 4491.39 10332.52 4489.81 10317.46 4488.25 10292.14 4453.81
7 13116.09 6048.33 13155.11 6115.88 13108.69 6151.44 13047.13 6134.71 13048.70 6098.01 13062.72 6065.91 13073.89 6053.39
11 11039.96 1148.23 11057.56 1203.22 11055.76 1211.46 11045.96 1247.59 11018.15 1252.62 10987.83 1249.91 10958.11 1230.38 10931.31 1196.31 10929.52 1189.28 10945.15 1159.65 10953.89 1148.19
8 8216.32 14606.03 8203.56 14647.66 8195.82 14653.71 8181.85 14664.40 8175.75 14667.59 8153.16 14649.60 8151.86 14643.05 8202.09 14600.71
10 2159.07 12786.15 2213.65 12762.53 2246.42 12771.11 2271.07 12841.40 2251.29 12866.81 2239.94 12876.78 2196.52 12893.67 2171.03 12876.76 2145.04 12836.43 2149.90 12811.04
10 11899.75 3119.20 11945.87 3145.87 11942.65 3154.47 11925.46 3188.91 11913.47 3193.44 11894.61 3194.08 11890.02 3191.96 11863.54 3162.67 11864.69 3132.02 11871.02 3125.16
8 455.94 11726.89 484.84 11696.65 519.42 11719.62 537.55 11741.21 499.12 11777.03 482.83 11780.84 477.17 11776.99 463.97 11762.23
8 12321.97 6063.86 12350.67 6030.43 12368.73 6014.38 12425.09 6037.21 12430.23 6100.73 12401.07 6108.53 12357.32 6115.42 12337.15 6105.13
10 5874.77 8442.03 5880.34 8424.70 5929.88 8371.70 5951.39 8372.21 5999.79 8389.05 6000.75 8461.37 5999.72 8486.04 5949.76 8501.02 5929.49 8505.28 5883.79 8472.61
7 7655.89 4990.02 7583.72 5042.33 7529.96 4997.58 7526.49 4970.04 7551.92 4948.29 7601.10 4929.69 7624.61 4928.71
7 10193.28 7319.01 10125.32 7195.90 10187.80 7150.11 10211.87 7139.28 10254.28 7178.10 10279.16 7205.83 10279.33 7220.70
9 2209.37 4707.18 2215.02 4672.32 2276.51 4643.66 2300.93 4666.73 2313.52 4711.92 2299.36 4726.74 2270.97 4739.34 2260.48 4738.16 2218.67 4713.18
8 7533.00 13617.09 7447.71 13559.40 7476.67 13498.70 7513.38 13437.84 7550.82 13432.13 7608.22 13492.19 7611.08 13517.66 7546.78 13600.30
10 7596.03 4272.38 7546.26 4248.86 7534.32 4226.29 7534.32 4204.59 7539.49 4168.96 7620.64 4158.41 7635.25 4174.65 7645.56 4201.30 7645.55 4202.33 7633.96 4236.92
7 6930.93 6036.43 6855.75 5973.28 6866.90 5921.45 6872.98 5900.91 6941.80 5882.12 7029.82 5922.33 7001.52 5981.31
10 10897.52 10678.74 10865.45 10708.03 10854.44 10706.99 10829.51 10690.16 10825.03 10683.92 10833.21 10651.25 10838.66 10638.82 10874.40 10638.73 10880.59 10638.71 10895.97 10649.25
10 3472.31 15150.86 3458.00 15177.35 3449.28 15193.46 3435.37 15192.66 3394.09 15182.52 3373.26 15166.11 3368.56 15130.29 3377.28 15112.00 3414.81 15099.50 3460.09 15109.93
12 11059.24 3619.85 11060.58 3548.69 11066.39 3539.45 11089.37 3515.04 11105.75 3507.80 11134.11 3498.28 11179.40 3521.62 11194.11 3570.10 11190.88 3587.29 11166.69 3637.54 11115.12 3645.60 11075.99 3630.19
7 15358.12 7191.48 15371.81 7130.14 15505.56 7149.94 15506.18 7169.58 15491.92 7236.09 15406.78 7266.25 15359.53 7196.21
10 7881.47 14844.37 7875.37 14800.12 7880.03 14763.93 7918.51 14731.61 7962.06 14742.88 7978.31 14747.16 8004.07 14763.46 8018.00 14780.66 7985.08 14847.13 7933.62 14865.48
6 2552.58 10779.31 2534.99 10735.97 2551.74 10705.16 2591.44 10711.33 2617.66 10736.16 2609.47 10767.79
6 11131.67 12308.21 11031.11 12356.67 11031.28 12198.31 11073.83 12221.40 11092.76 12236.68 11131.51 12269.40
8 11752.08 14290.54 11724.96 14297.18 11716.48 14287.73 11681.57 14232.20 11693.82 14207.77 11749.09 14200.21 11768.83 14211.28 11757.45 14272.15
8 7108.05 4172.90 7058.51 4114.03 7062.01 4065.39 7148.00 4035.29 7186.38 4041.70 7208.75 4145.40 7187.80 4170.39 7172.33 4185.49
7 9202.28 10708.10 9218.38 10666.30 9224.25 10666.46 9273.61 10697.54 9254.26 10722.91 9239.87 10731.62 9206.12 10725.70
9 6394.37 15292.79 6438.35 15284.53 6470.41 15292.89 6516.28 15372.19 6496.40 15403.13 6416.46 15426.64 6375.25 15390.75 6366.25 15344.54 6377.70 15309.88
7 6376.11 2655.20 6428.32 2690.10 6357.02 2758.61 6311.69 2730.64 6314.73 2716.27 6329.79 2681.57 6342.52 2666.54
7 4953.36 10361.49 4953.56 10431.53 4894.57 10439.67 4868.74 10405.38 4874.29 10399.29 4888.74 10390.30 4938.91 10364.94
11 7476.18 14819.00 7477.92 14765.43 7496.11 14753.24 7507.37 14749.45 7546.17 14736.93 7588.67 14758.78 7596.47 14789.04 7602.32 14834.29 7594.71 14856.84 7567.87 14867.26 7493.72 14850.80
8 970.55 9246.27 1029.32 9305.67 1007.08 9346.47 996.84 9347.29 970.82 9347.44 936.81 9331.93 913.19 9299.50 926.58 9276.06
8 14939.17 9756.56 14914.25 9701.46 14920.39 9692.71 14936.81 9687.49 14976.88 9704.88 14991.51 9719.90 14989.20 9742.45 14955.68 9769.40
10 6427.60 12340.98 6421.01 12308.87 6434.69 12264.86 6465.07 12247.47 6487.20 12248.12 6553.10 12311.17 6551.41 12320.73 6504.12 12388.86 6467.76 12389.25 6457.78 12380.22
11 6101.47 4806.53 6091.78 4792.78 6109.28 4764.61 6138.96 4732.17 6143.30 4731.21 6181.48 4730.23 6214.83 4750.73 6230.09 4775.56 6223.88 4823.05 6209.07 4853.56 6159.48 4864.51
7 14895.97 8187.19 14963.76 8173.58 14976.40 8215.33 14949.50 8243.42 14920.10 8246.82 14900.40 8236.79 14896.96 8201.82
11 4061.57 750.76 4058.56 700.30 4064.51 693.87 4082.42 684.75 4120.12 702.07 4129.92 708.81 4137.95 731.72 4116.87 753.98 4112.56 757.96 4104.56 758.82 4085.20 756.30
7 2855.13 109.75 2885.80 182.83 2866.72 211.08 2805.37 234.14 2775.92 199.30 2767.34 134.00 2845.36 106.70
11 15153.96 9394.27 15144.32 9346.04 15158.75 9319.89 15200.11 9286.70 15230.12 9279.26 15268.86 9299.44 15271.59 9320.42 15270.96 9326.51 15255.58 9382.60 15231.54 9407.07 15191.29 9417.47
8 13460.82 2948.02 13447.68 2883.40 13461.95 2817.29 13496.02 2808.18 13553.07 2834.57 13573.25 2884.81 13562.32 2928.75 13551.50 2935.49
7 7194.47 6239.33 7147.16 6280.31 7064.23 6268.62 7062.29 6267.52 7049.53 6165.12 7088.44 6157.79 7143.03 6151.00
8 2915.05 7746.97 2971.44 7759.29 2980.62 7791.65 2987.25 7818.12 2923.81 7848.37 2900.67 7830.06 2905.08 7788.62 2911.67 7751.02
12 4614.54 1294.31 4586.13 1269.21 4572.64 1244.17 4571.97 1230.61 4572.09 1226.37 4581.25 1218.67 4629.54 1180.33 4665.64 1212.29 4665.83 1216.10 4658.24 1286.12 4650.11 1291.65 4624.06 1294.25
11 3172.79 6913.98 3196.57 6893.30 3223.83 6883.64 3247.64 6889.23 3256.54 6896.82 3263.23 6954.82 3235.26 6966.82 3213.35 6960.21 3181.09 6936.12 3177.19 6930.39 3175.69 6927.42
9 8393.00 6809.89 8392.84 6777.21 8428.49 6760.61 8434.01 6761.04 8441.63 6761.85 8449.46 6779.26 8445.24 6818.00 8438.78 6825.60 8420.75 6822.16
8 8383.61 722.60 8339.59 813.07 8275.24 805.54 8228.63 792.78 8226.75 717.00 8264.89 660.50 8274.61 655.90 8305.40 666.21
8 14243.92 1562.07 14242.45 1498.33 14268.29 1484.63 14325.75 1481.41 14331.66 1487.39 14345.79 1536.73 14317.88 1559.53 14284.47 1573.40
8 10068.56 3342.68 10022.07 3389.28 9961.05 3386.22 9929.46 3336.02 9941.26 3258.95 10015.09 3246.82 10044.88 3258.10 10065.30 3274.39
6 9853.61 12468.94 9940.26 12438.15 9990.14 12559.85 9931.98 12583.97 9870.13 12581.42 9854.89 12519.18
8 13903.33 3171.40 13932.43 3135.79 13991.20 3153.75 13990.37 3189.64 13981.52 3211.34 13948.77 3242.44 13929.62 3239.86 13905.63 3212.15
9 969.22 6718.58 974.50 6674.18 1006.45 6671.87 1043.01 6673.71 1057.01 6682.91 1054.18 6695.34 1050.28 6710.32 1036.68 6745.42 994.39 6743.79
9 9764.63 14095.09 9687.85 14142.67 9666.87 14126.42 9660.11 14100.78 9658.21 14091.15 9673.43 14047.87 9702.27 14030.28 9737.03 14038.72 9755.07 14061.12
8 9721.35 9270.29 9727.38 9208.44 9757.53 9171.55 9836.55 9189.47 9846.11 9193.89 9841.85 9234.34 9824.50 9268.73 9754.52 9309.55
5 6710.74 4073.83 6789.36 3975.59 6879.89 4024.47 6786.89 4112.69 6721.97 4119.03
8 131.73 8318.74 174.02 8291.34 194.49 8302.69 198.06 8315.47 201.17 8328.51 193.58 8359.15 154.92 8367.13 132.72 8355.57
10 6786.12 11382.68 6756.35 11346.38 6757.99 11297.30 6816.14 11274.89 6851.67 11277.31 6856.06 11283.39 6862.97 11295.45 6856.58 11326.46 6848.38 11339.03 6816.91 11382.11
8 4026.24 2439.28 3994.21 2492.82 3973.37 2479.02 3968.76 2475.38 3926.28 2434.39 3934.97 2415.12 3974.01 2389.93 3992.92 2385.37
7 15003.35 4248.69 14951.86 4229.12 14967.44 4196.61 15012.43 4155.94 15039.48 4173.24 15043.15 4204.52 15030.46 4223.96
10 11332.71 10898.87 11348.69 10877.42 11384.71 10829.18 11420.18 10831.96 11438.37 10839.33 11453.73 10873.74 11458.45 10902.50 11432.02 10940.00 11402.42 10953.94 11362.76 10944.47
5 14726.76 10542.46 14723.41 10450.80 14787.22 10415.01 14829.84 10443.18 14847.99 10475.03
10 6414.03 14108.69 6407.12 14075.87 6434.88 14032.08 6527.82 14029.01 6550.42 14034.42 6553.31 14087.71 6525.80 14138.15 6497.64 14152.34 6483.24 14154.81 6438.77 14132.09
9 5671.73 9391.95 5653.95 9327.59 5663.07 9310.68 5705.51 9284.79 5728.16 9284.51 5770.84 9316.89 5780.66 9364.87 5765.73 9402.17 5743.96 9419.17
10 6492.56 9333.45 6422.88 9331.28 6405.64 9310.65 6391.35 9288.50 6429.78 9203.56 6444.97 9194.57 6456.73 9197.14 6508.49 9237.31 6515.96 9247.18 6515.62 9288.29
8 799.16 10963.10 808.01 11041.19 785.07 11067.96 736.16 11066.17 699.95 11035.32 700.57 10999.79 704.17 10984.66 729.36 10970.70
8 7652.44 14641.34 7617.92 14549.02 7628.18 14517.16 7691.92 14475.48 7770.61 14521.65 7777.61 14532.71 7787.13 14587.34 7701.70 14642.97
10 11659.56 3651.02 11648.52 3590.54 11711.50 3547.43 11757.64 3562.59 11779.25 3581.11 11780.91 3649.01 11768.10 3673.52 11754.73 3683.43 11751.70 3684.75 11692.63 3686.00
9 12021.25 7692.57 11997.78 7688.89 11985.40 7651.20 11981.45 7601.52 11991.45 7563.20 12038.85 7552.22 12046.83 7556.67 12106.72 7599.54 12092.69 7667.80
9 9824.13 14845.13 9720.11 14769.49 9745.61 14695.79 9775.77 14687.90 9844.71 14696.87 9890.32 14740.29 9890.08 14755.86 9877.16 14801.70 9847.60 14829.08
12 10216.49 9507.41 10178.90 9491.37 10144.59 9452.02 10125.80 9428.50 10128.00 9376.18 10155.52 9353.20 10212.97 9326.22 10232.00 9337.83 10299.74 9387.32 10297.04 9411.77 10281.35 9472.41 10247.50 9491.07
9 8979.18 11964.91 8943.76 11978.85 8925.85 11973.44 8901.21 11957.43 8906.85 11945.88 8919.22 11934.31 8945.23 11916.24 8968.09 11932.89 8972.28 11944.45
7 250.35 8505.89 366.33 8457.56 395.57 8502.40 368.58 8592.28 313.49 8606.02 298.40 8591.28 272.62 8553.86
9 14556.33 11237.50 14608.41 11163.33 14635.94 11170.76 14647.84 11185.55 14656.29 11196.72 14681.63 11256.70 14673.70 11279.30 14655.06 11302.56 14628.19 11304.29
6 10899.69 15014.88 10925.58 15035.56 10900.34 15073.43 10864.08 15075.31 10855.90 15070.68 10871.84 15031.86
12 7599.72 10246.99 7588.12 10213.17 7596.84 10175.87 7609.47 10169.24 7615.10 10167.29 7651.37 10183.44 7666.33 10198.82 7674.06 10208.24 7669.57 10222.84 7661.44 10245.87 7655.16 10257.18 7618.59 10257.47
13 12960.10 13813.60 12970.97 13747.93 12989.01 13732.95 12994.04 13729.35 13022.56 13722.36 13081.11 13712.81 13097.03 13729.95 13119.75 13759.33 13140.05 13796.65 13112.12 13866.37 13041.75 13888.87 12997.59 13874.82 12971.01 13858.92
8 5440.21 9346.52 5442.47 9252.20 5521.28 9256.70 5549.43 9281.86 5577.07 9314.16 5573.79 9345.75 5524.34 9361.98 5464.67 9379.90
9 14220.02 13716.24 14243.06 13696.01 14268.33 13692.05 14288.20 13704.34 14289.97 13752.08 14274.69 13774.78 14258.33 13774.01 14230.59 13768.41 14222.84 13735.32
10 11074.50 14429.28 11083.48 14387.08 11096.12 14371.58 11132.10 14371.81 11160.16 14403.48 11158.11 14430.90 11139.82 14446.65 11130.68 14446.27 11101.12 14444.42 11082.73 14435.66
8 7375.89 14645.93 7405.58 14677.82 7398.95 14713.01 7390.58 14718.81 7353.25 14726.03 7343.92 14718.35 7334.06 14704.90 7344.65 14668.93
8 10474.10 3848.02 10433.09 3805.40 10434.64 3756.07 10509.62 3734.93 10528.06 3733.46 10539.53 3741.35 10551.54 3774.83 10533.52 3802.43
12 5765.05 12300.75 5776.96 12289.22 5807.37 12276.03 5814.63 12274.20 5828.29 12291.15 5832.58 12312.40 5833.00 12335.62 5827.17 12339.80 5813.22 12348.60 5779.51 12344.99 5770.61 12342.93 5766.48 12331.95
8 14278.75 427.66 14325.14 358.76 14379.27 403.91 14384.21 408.20 14383.95 456.22 14369.51 472.16 14352.03 473.76 14313.18 463.62
9 7066.16 11321.44 7054.23 11268.60 7073.34 11230.00 7101.38 11220.13 7133.37 11238.63 7171.52 11281.34 7170.87 11305.12 7134.85 11339.95 7083.76 11334.09
11 2229.95 12590.88 2250.02 12639.98 2248.25 12661.23 2229.16 12672.23 2197.49 12679.51 2182.46 12669.65 2150.56 12646.69 2149.77 12642.49 2148.58 12627.11 2149.20 12625.94 2205.04 12595.93
9 10138.85 13924.22 10140.80 13914.72 10185.61 13898.03 10208.55 13906.10 10212.02 13957.32 10184.69 13977.90 10168.94 13977.81 10158.19 13971.36 10147.87 13949.94
12 3006.53 5222.65 2962.06 5246.66 2926.30 5235.77 2924.55 5234.39 2912.54 5217.98 2905.77 5188.75 2919.39 5156.16 2926.55 5145.38 2936.01 5139.20 2977.22 5149.03 3011.20 5174.14 3009.11 5202.15
9 10304.10 278.49 10321.79 205.47 10385.26 202.00 10420.95 239.71 10421.00 249.81 10418.37 285.74 10398.18 304.78 10332.48 305.82 10313.94 297.74
7 12882.14 7805.81 12927.82 7833.30 12922.09 7852.94 12895.76 7884.42 12875.59 7877.44 12842.23 7838.27 12854.65 7817.10
8 15365.84 9690.83 15315.84 9646.96 15325.95 9620.65 15352.37 9604.24 15398.56 9591.00 15424.92 9609.55 15421.81 9624.65 15386.06 9681.42
7 6940.86 536.95 6992.47 517.08 7008.83 542.00 7015.65 558.75 6994.17 575.91 6967.93 578.08 6961.40 570.47
8 10087.22 9030.63 10119.58 9004.14 10180.44 9035.06 10178.75 9064.27 10172.21 9069.95 10137.93 9093.89 10115.14 9080.62 10100.89 9071.74
10 5338.69 10216.98 5350.88 10190.86 5405.71 10193.67 5423.28 10210.11 5420.74 10230.52 5405.23 10244.04 5397.63 10249.33 5375.57 10263.50 5372.20 10263.92 5360.08 10247.27
9 3026.31 7365.14 2992.27 7428.93 2955.70 7427.40 2911.46 7424.03 2892.50 7365.89 2895.24 7345.55 2900.43 7333.46 2954.70 7311.80 3019.44 7355.54
8 585.86 1697.27 531.98 1717.00 501.14 1697.23 483.64 1663.33 533.57 1611.41 536.70 1610.67 550.79 1609.00 584.85 1649.93
10 9535.33 7606.99 9528.88 7565.61 9552.90 7528.49 9566.17 7527.30 9639.11 7524.97 9649.10 7532.21 9656.69 7558.08 9662.99 7580.55 9612.03 7620.36 9562.12 7635.24
11 13415.70 13484.99 13415.86 13529.73 13412.22 13564.22 13409.64 13570.80 13402.82 13579.42 13334.24 13577.28 13312.06 13537.47 13313.33 13500.95 13333.77 13481.73 13377.79 13470.42 13393.02 13466.67
8 5834.69 13182.03 5872.57 13154.03 5925.63 13185.73 5925.13 13196.57 5916.65 13219.29 5897.88 13258.79 5890.81 13260.33 5844.07 13219.40
11 13200.66 4195.84 13180.03 4150.60 13181.89 4140.65 13210.08 4112.43 13214.07 4108.58 13219.86 4105.79 13251.58 4120.78 13254.65 4124.80 13252.09 4151.93 13242.24 4193.15 13213.35 4199.93
11 813.44 5461.06 842.61 5533.83 824.90 5547.46 809.43 5555.90 805.15 5556.67 777.22 5552.83 763.32 5546.52 753.67 5535.82 746.97 5519.27 757.00 5478.53 785.21 5469.68
8 13656.54 5655.07 13642.78 5714.90 13586.63 5707.06 13566.89 5687.56 13559.11 5678.11 13560.04 5647.68 13567.38 5637.62 13642.35 5638.19
7 7648.24 9477.11 7620.20 9532.55 7586.58 9528.45 7577.28 9526.65 7575.56 9499.61 7598.78 9460.59 7610.98 9450.97
8 9820.41 11905.79 9800.53 11842.75 9804.25 11798.39 9818.30 11788.38 9836.64 11783.15 9868.56 11777.63 9925.78 11837.93 9880.62 11883.95
8 8304.62 9288.45 8323.28 9364.21 8319.60 9407.60 8290.93 9424.02 8274.51 9426.50 8248.64 9428.59 8179.87 9393.77 8191.83 9302.86
7 8830.36 12006.43 8775.30 12072.31 8736.84 12031.88 8722.19 12015.87 8719.15 11960.61 8759.49 11951.00 8806.75 11966.02
8 1767.53 9580.66 1806.98 9549.80 1891.07 9552.95 1907.62 9565.02 1915.80 9620.99 1867.83 9634.76 1772.04 9601.81 1767.80 9590.20
10 14112.19 785.98 14109.99 765.99 14135.18 737.42 14166.15 727.87 14233.50 775.41 14242.03 824.50 14233.32 837.42 14223.09 848.58 14199.69 862.87 14167.26 875.02
9 3664.53 1858.32 3658.91 1797.62 3688.84 1765.12 3710.85 1771.41 3737.79 1797.36 3762.81 1829.57 3751.20 1850.49 3701.70 1877.08 3672.26 1865.37
9 12689.13 4174.11 12634.91 4165.71 12620.61 4135.05 12618.17 4069.63 12659.18 4057.46 12675.19 4064.83 12723.92 4088.86 12732.28 4104.67 12717.88 4136.85
10 9737.71 13539.44 9727.63 13490.25 9744.57 13475.17 9771.23 13464.43 9806.97 13461.11 9817.85 13482.80 9818.93 13510.82 9815.71 13529.07 9771.18 13551.87 9744.78 13549.03
9 5893.63 5376.39 5862.42 5409.19 5812.90 5407.93 5798.98 5396.35 5789.81 5303.57 5819.65 5286.45 5861.60 5302.30 5872.11 5312.80 5886.60 5331.17
9 11539.97 6118.95 11500.15 6147.95 11472.13 6140.11 11453.43 6099.89 11459.21 6088.38 11496.17 6069.41 11508.18 6064.80 11528.64 6077.68 11539.49 6091.79
8 6062.24 1345.06 6076.53 1258.72 6135.94 1268.38 6166.85 1278.90 6185.65 1302.76 6184.72 1355.46 6138.66 1387.84 6115.84 1393.31
8 8001.98 1241.82 7974.22 1183.17 7995.35 1153.73 8022.46 1141.66 8029.36 1140.64 8077.12 1152.68 8087.39 1163.48 8067.89 1216.38
9 2143.32 10426.46 2122.83 10382.40 2126.82 10378.98 2208.59 10334.41 2223.56 10342.46 2238.65 10382.49 2200.96 10430.00 2193.25 10433.24 2168.48 10440.98
7 12728.28 10841.13 12746.18 10941.43 12695.51 10960.61 12663.99 10939.00 12632.93 10915.15 12636.16 10897.49 12680.40 10853.41
13 11026.92 12837.22 10988.90 12840.82 10919.97 12828.34 10890.94 12814.07 10891.41 12779.53 10894.15 12768.94 10919.20 12745.99 10943.24 12746.38 10964.81 12747.62 10976.42 12749.10 11000.71 12761.93 11019.31 12792.69 11024.58 12811.92
9 12438.64 14948.25 12442.98 14914.72 12464.67 14864.17 12503.88 14867.25 12534.61 14889.07 12548.81 14948.72 12515.75 14981.22 12494.96 14991.00 12451.14 14967.90
8 13703.75 6716.64 13590.78 6660.61 13624.58 6586.85 13691.75 6585.02 13742.14 6594.79 13759.88 6632.18 13754.50 6665.41 13731.69 6710.56
6 8196.89 5435.90 8228.06 5506.92 8156.99 5537.90 8125.34 5482.90 8158.33 5457.22 8189.41 5436.43
10 7362.96 5375.21 7304.45 5373.74 7267.85 5325.16 7264.64 5316.90 7300.32 5269.11 7313.41 5254.17 7320.46 5251.69 7365.18 5268.29 7397.08 5287.77 7393.55 5316.13
9 3347.31 12362.10 3380.70 12413.92 3373.25 12492.85 3325.32 12510.29 3273.26 12528.57 3257.50 12523.42 3211.01 12423.54 3207.07 12413.35 3249.38 12363.93
9 3419.99 10161.58 3468.94 10115.83 3551.18 10098.42 3570.43 10123.82 3575.88 10196.68 3509.56 10237.56 3467.00 10234.49 3455.01 10229.14 3443.08 10209.64
10 10259.16 542.94 10250.97 511.65 10251.23 507.76 10266.10 475.52 10309.53 455.36 10332.36 447.99 10354.06 473.77 10344.81 524.09 10327.14 532.75 10270.82 552.44
8 11604.37 12507.39 11628.27 12554.08 11622.41 12572.53 11551.94 12613.81 11517.24 12575.64 11513.71 12568.08 11528.08 12550.76 11560.27 12515.16
9 12428.79 534.22 12369.19 526.61 12347.97 492.48 12342.48 476.07 12361.65 424.13 12392.26 395.31 12448.81 400.07 12481.10 429.74 12447.56 517.52
8 3339.20 1206.54 3424.42 1206.22 3418.84 1322.57 3372.45 1335.69 3362.86 1334.50 3327.78 1297.90 3323.19 1285.76 3332.32 1224.08
7 1598.78 1931.95 1614.68 1879.90 1664.36 1880.80 1687.06 1922.63 1666.93 1942.87 1625.53 1967.22 1607.96 1952.15
9 9121.32 13786.80 9170.78 13842.15 9155.36 13869.55 9106.98 13904.81 9099.65 13900.24 9060.49 13867.47 9073.33 13824.59 9088.21 13807.35 9112.68 13789.35
7 561.54 5676.08 664.87 5664.88 699.34 5684.91 702.85 5778.81 683.04 5792.68 641.98 5812.59 594.60 5786.76
10 3005.69 5961.73 2993.15 5880.68 3016.28 5832.56 3043.07 5802.55 3096.21 5820.30 3130.83 5845.19 3138.41 5876.92 3116.69 5931.58 3057.31 5972.21 3016.53 5964.39
9 10964.04 9985.08 10923.29 10038.74 10844.49 10026.59 10823.94 9980.92 10850.86 9929.61 10862.67 9920.21 10897.21 9912.00 10934.17 9932.19 10940.56 9939.02
9 13826.21 6591.01 13801.20 6563.34 13838.21 6514.27 13846.71 6508.94 13854.14 6510.22 13893.04 6518.13 13916.57 6545.06 13915.00 6587.63 13866.28 6630.08
10 484.97 14695.89 468.89 14623.85 481.78 14593.64 540.45 14575.08 607.58 14619.29 627.48 14652.29 608.33 14701.75 571.38 14722.91 547.34 14730.48 502.76 14714.93
11 5334.10 4298.92 5342.74 4294.62 5380.08 4305.00 5404.41 4357.42 5396.18 4374.71 5367.91 4398.06 5356.31 4396.14 5319.72 4380.82 5307.13 4359.82 5306.86 4340.57 5309.92 4332.48
6 11185.76 4693.38 11199.74 4777.51 11181.04 4819.57 11142.41 4816.87 11095.98 4783.12 11126.93 4695.80
7 944.67 8819.74 976.41 8869.11 969.39 8890.01 938.34 8932.46 911.45 8925.67 881.99 8893.72 919.26 8834.78
10 683.13 2347.88 763.40 2422.66 751.52 2437.24 726.64 2454.77 672.26 2487.92 623.31 2452.06 603.89 2417.37 604.37 2407.85 605.70 2398.97 642.67 2348.78
8 14413.64 174.97 14367.15 263.46 14299.77 234.12 14297.14 207.76 14294.49 180.42 14297.73 161.98 14344.81 139.59 14379.22 139.80
9 10872.19 4784.52 10910.96 4745.70 10968.36 4762.50 10973.72 4782.97 10973.81 4799.37 10969.33 4831.73 10948.76 4852.16 10883.20 4855.30 10878.61 4847.77
7 7075.40 4645.73 7119.41 4605.83 7135.90 4605.32 7181.60 4635.76 7161.94 4715.38 7153.30 4723.87 7100.81 4718.18
6 14052.51 12609.11 14094.01 12574.75 14123.75 12585.98 14124.22 12603.88 14114.92 12630.57 14055.03 12626.19
10 7437.99 9057.57 7477.29 9019.12 7541.39 9044.92 7550.53 9052.13 7546.03 9079.93 7538.32 9117.99 7530.17 9132.88 7483.38 9130.17 7450.00 9118.99 7443.27 9107.46
6 13147.55 12129.20 13172.77 12155.44 13141.90 12220.73 13090.34 12228.60 13043.87 12224.89 13072.96 12130.55
16 1742.36 1180.23 1741.93 1224.29 1731.35 1237.71 1727.94 1241.67 1696.85 1248.60 1685.56 1242.85 1669.83 1230.22 1666.20 1225.88 1657.15 1203.94 1661.62 1192.11 1666.87 1180.49 1673.89 1168.39 1686.06 1161.69 1704.18 1160.77 1709.99 1161.45 1727.02 1164.69
8 4876.96 15036.12 4915.52 15071.82 4860.85 15128.25 4853.89 15133.52 4842.80 15132.09 4826.23 15095.50 4840.24 15067.71 4849.78 15057.33
12 12812.65 6743.87 12804.08 6704.27 12809.08 6696.20 12818.75 6680.70 12845.09 6679.48 12863.40 6694.48 12870.06 6703.06 12878.83 6714.68 12884.63 6724.86 12880.86 6738.87 12860.45 6749.66 12825.82 6755.52
10 11612.09 3048.02 11584.21 3010.28 11590.16 2975.20 11691.46 2932.82 11696.09 2935.40 11739.69 2966.13 11743.93 2979.74 11743.18 2991.83 11693.36 3078.45 11650.31 3098.38
10 13375.96 3293.78 13300.42 3277.04 13301.18 3268.73 13312.68 3215.43 13323.54 3206.74 13370.70 3204.42 13393.23 3214.47 13406.74 3234.42 13410.13 3268.80 13405.53 3283.19
10 13230.87 2823.04 13283.98 2779.43 13311.25 2795.37 13346.06 2828.14 13348.10 2837.48 13317.05 2874.80 13299.31 2881.57 13240.32 2871.60 13227.56 2846.12 13229.51 2830.76
10 2157.00 1520.17 2167.42 1486.35 2199.28 1465.81 2213.86 1465.83 2228.47 1470.11 2253.04 1486.95 2261.76 1502.38 2254.62 1524.82 2193.08 1550.00 2175.27 1542.49
8 9912.98 2379.90 9913.23 2424.74 9867.55 2432.44 9860.49 2427.69 9863.68 2389.54 9865.50 2380.84 9875.27 2365.15 9902.21 2370.50
9 14094.74 7511.29 14158.95 7496.32 14208.50 7528.20 14204.10 7568.51 14155.42 7610.81 14146.66 7617.02 14131.58 7621.75 14105.41 7583.16 14102.57 7570.09
9 9402.72 9778.22 9393.88 9755.54 9394.29 9746.71 9427.27 9706.44 9478.77 9733.51 9504.58 9755.23 9491.59 9783.75 9472.44 9809.77 9465.57 9813.79
10 8318.90 9518.48 8331.84 9499.62 8341.28 9494.83 8360.10 9492.14 8368.39 9496.51 8393.25 9546.70 8373.67 9559.35 8324.17 9547.04 8322.56 9545.91 8319.98 9537.46
9 4640.69 1555.43 4639.16 1541.83 4652.14 1518.83 4670.94 1513.57 4689.20 1519.50 4699.82 1533.62 4693.63 1554.34 4679.91 1577.64 4656.61 1584.05
8 1349.98 13231.02 1341.32 13248.97 1274.11 13234.38 1273.46 13221.84 1278.47 13195.90 1293.97 13194.25 1318.24 13195.57 1343.71 13210.05
12 6276.69 10763.43 6269.80 10724.63 6278.34 10700.48 6285.63 10691.86 6296.85 10685.23 6357.94 10660.97 6444.80 10704.85 6450.44 10734.91 6447.04 10770.64 6419.45 10798.75 6341.45 10811.58 6305.61 10787.90
7 8540.38 10081.95 8614.55 10129.72 8592.74 10203.85 8569.43 10227.28 8488.32 10209.03 8484.19 10189.96 8490.30 10101.51
9 8075.23 11807.83 8108.91 11775.35 8146.82 11794.35 8170.30 11812.02 8168.32 11838.72 8151.12 11864.85 8105.18 11869.90 8092.06 11864.06 8082.35 11839.65
12 7192.50 9063.96 7209.33 9014.37 7273.50 9008.90 7295.23 9035.34 7292.91 9049.93 7273.62 9098.34 7261.35 9114.97 7260.25 9116.21 7256.15 9118.52 7240.61 9121.69 7208.24 9104.84 7193.77 9090.37
10 14969.72 11641.08 14997.02 11696.31 14972.33 11740.98 14960.77 11744.58 14956.33 11743.79 14921.12 11731.76 14902.14 11714.67 14901.15 11672.72 14912.01 11646.60 14932.57 11634.27
11 9773.39 6841.68 9754.16 6764.54 9755.35 6759.22 9806.05 6720.78 9850.63 6718.17 9876.91 6763.20 9878.28 6777.62 9872.20 6831.35 9846.29 6851.99 9824.92 6849.94 9791.62 6845.08
7 9167.76 1365.68 9139.17 1428.55 9126.59 1426.51 9090.68 1414.07 9063.02 1349.59 9100.32 1311.87 9125.87 1308.83
8 12276.96 6828.98 12222.79 6787.81 12243.25 6747.73 12278.46 6742.99 12330.61 6749.14 12346.16 6789.09 12322.64 6836.26 12292.89 6839.50
7 6100.93 10755.88 6063.30 10711.27 6070.19 10678.96 6081.59 10663.07 6096.21 10648.67 6160.40 10674.53 6139.32 10748.55
7 9625.57 10774.06 9686.09 10860.05 9644.04 10900.62 9598.91 10912.57 9540.11 10907.89 9516.22 10877.55 9542.79 10800.67
11 2610.35 4575.77 2579.57 4566.62 2554.35 4540.03 2553.35 4526.29 2560.55 4499.89 2592.63 4487.72 2624.95 4493.97 2638.62 4515.75 2642.74 4531.06 2639.07 4548.49 2628.88 4566.30
8 2248.38 9045.66 2222.92 9023.43 2239.60 8990.10 2248.21 8979.18 2265.37 8968.62 2276.14 8978.38 2310.93 9012.60 2294.03 9026.77
10 12011.15 11194.12 12083.64 11168.43 12144.65 11177.25 12152.24 11189.90 12152.88 11202.82 12145.18 11256.47 12114.58 11290.10 12092.59 11288.98 12033.34 11272.06 12029.06 11258.04
6 1344.86 5751.75 1381.90 5795.70 1354.61 5816.54 1321.85 5826.44 1297.57 5820.38 1310.96 5788.36
11 2492.49 5433.98 2519.88 5474.81 2506.14 5495.50 2500.50 5501.70 2459.96 5509.26 2454.55 5506.24 2441.13 5493.72 2432.49 5479.86 2429.12 5458.90 2459.50 5438.81 2469.48 5434.21
7 347.71 12129.99 278.41 12202.74 260.06 12191.95 256.73 12185.67 243.34 12150.47 302.06 12094.64 323.86 12087.35
10 8612.41 14632.06 8608.26 14607.40 8636.00 14578.79 8657.53 14576.21 8667.91 14576.77 8692.40 14598.72 8686.40 14633.94 8683.16 14635.01 8644.02 14646.68 8625.92 14642.02
10 14855.06 2158.74 14848.84 2107.85 14891.06 2082.35 14898.02 2079.06 14923.13 2087.14 14960.41 2121.74 14925.64 2182.07 14915.20 2194.95 14908.08 2195.63 14878.94 2180.76
10 3476.15 8908.30 3442.02 8850.85 3482.99 8788.53 3505.33 8780.05 3548.30 8789.59 3593.18 8818.18 3599.28 8836.38 3585.73 8880.52 3535.26 8907.36 3492.69 8919.26
10 13707.89 11194.35 13678.96 11149.35 13680.51 11135.17 13684.88 11129.85 13736.57 11097.77 13763.72 11100.08 13785.85 11132.02 13788.40 11135.74 13772.48 11175.17 13762.75 11182.32
5 1335.17 2445.27 1385.23 2389.69 1432.63 2445.61 1385.85 2481.98 1350.81 2479.83
9 1251.96 2704.71 1245.53 2786.37 1157.29 2801.10 1114.22 2759.89 1117.46 2705.19 1144.57 2677.31 1162.52 2667.83 1208.38 2657.27 1229.79 2665.28
12 13303.05 1715.71 13294.57 1690.80 13320.96 1649.45 13329.01 1645.45 13343.52 1643.37 13363.92 1643.26 13376.75 1661.85 13374.77 1679.92 13363.61 1721.49 13340.54 1728.29 13326.62 1728.11 13310.86 1720.69
8 12967.77 12508.43 12940.90 12440.90 12990.69 12384.48 13015.80 12368.99 13052.85 12404.48 13069.35 12467.54 13061.81 12508.67 13056.57 12511.29
10 4987.23 9645.97 5042.34 9603.79 5104.82 9622.76 5113.94 9638.55 5127.22 9662.45 5096.81 9692.53 5077.23 9704.87 5034.40 9717.25 5025.21 9711.42 4996.91 9677.26
9 5434.86 12244.68 5470.11 12225.16 5489.07 12233.34 5510.40 12270.08 5508.82 12290.67 5475.85 12322.07 5435.29 12322.29 5402.47 12281.40 5409.11 12267.07
10 678.37 12316.16 701.44 12304.85 706.29 12307.00 733.49 12364.09 699.58 12395.32 686.67 12406.10 663.13 12401.18 645.10 12377.10 651.97 12358.20 665.87 12334.46
8 3627.73 6960.86 3666.13 7003.76 3657.67 7026.84 3632.78 7041.57 3595.92 7042.46 3592.96 7036.03 3584.90 6994.46 3605.37 6971.22
11 7547.84 7388.63 7599.76 7452.03 7577.13 7525.49 7545.95 7560.80 7541.72 7560.28 7449.96 7529.24 7443.22 7520.67 7431.34 7478.86 7423.92 7444.48 7458.00 7412.38 7542.56 7388.68
10 3769.69 12366.57 3785.54 12348.76 3812.62 12333.25 3855.23 12315.09 3891.57 12336.38 3895.82 12396.00 3897.57 12424.34 3874.13 12423.88 3785.62 12416.50 3773.11 12388.42
10 6245.52 516.89 6225.46 498.89 6234.48 483.10 6288.62 406.42 6293.19 403.34 6329.85 391.21 6366.40 420.01 6355.35 459.92 6301.02 516.65 6288.41 524.26
9 1189.19 9426.74 1172.77 9373.42 1188.47 9354.13 1216.23 9332.36 1241.26 9328.85 1287.67 9348.36 1304.90 9389.08 1300.81 9408.03 1258.54 9444.40
12 8947.84 239.13 8909.59 230.15 8894.02 213.17 8868.98 166.30 8871.36 159.48 8887.96 130.00 8937.72 106.32 8961.93 108.78 8967.50 112.98 8986.66 132.89 8995.65 161.29 8983.85 198.65
7 13934.37 9436.74 14001.08 9395.92 14053.00 9440.20 14071.95 9468.71 14071.40 9479.84 13999.48 9532.92 13989.88 9526.85
10 12722.67 1610.20 12727.90 1579.61 12762.00 1558.08 12778.63 1555.45 12798.11 1559.48 12813.09 1584.51 12822.34 1616.29 12803.23 1642.03 12765.36 1646.31 12738.56 1633.05
7 8957.28 10145.82 8942.74 10216.17 8864.77 10209.00 8849.35 10166.48 8871.51 10105.40 8897.66 10102.44 8917.08 10110.19
12 1033.90 9653.77 1058.71 9736.82 1041.99 9760.55 1007.36 9790.68 968.17 9788.46 923.73 9768.45 912.61 9711.52 911.95 9701.77 926.70 9673.64 941.34 9656.51 963.35 9645.01 1006.18 9643.75
10 2954.58 5617.93 2897.85 5615.72 2889.68 5564.73 2886.21 5537.29 2896.15 5506.88 2925.46 5485.16 2974.93 5494.82 2986.94 5497.68 3017.13 5534.24 2998.76 5580.21
8 1992.73 878.73 2035.08 856.01 2054.11 861.85 2068.23 928.12 2045.66 944.38 2008.60 937.97 1983.76 920.88 1983.90 893.41
8 4186.31 15304.40 4136.24 15348.73 4050.82 15332.94 4043.37 15289.45 4074.85 15249.17 4082.53 15241.52 4100.37 15231.06 4164.10 15252.83
7 5386.70 12691.58 5458.51 12755.36 5410.76 12803.27 5337.31 12798.52 5331.32 12788.18 5339.04 12710.64 5362.67 12697.92
10 2328.95 13529.34 2294.91 13510.69 2285.81 13473.22 2285.34 13433.79 2356.60 13381.45 2386.49 13382.89 2438.19 13403.66 2450.28 13446.76 2449.86 13468.43 2439.43 13517.09
10 13894.34 14356.20 13846.96 14348.99 13812.88 14313.32 13802.55 14299.93 13798.03 14284.63 13828.17 14230.13 13852.85 14222.66 13911.98 14249.09 13920.78 14266.48 13917.45 14339.94
9 9362.32 9831.25 9408.70 9936.85 9383.01 9958.24 9314.53 9988.02 9298.56 9981.53 9277.35 9947.15 9264.15 9860.14 9293.16 9836.89 9299.46 9835.15
7 6720.26 8831.50 6750.42 8901.12 6730.86 8947.79 6682.84 8963.69 6611.29 8929.14 6629.61 8871.66 6642.96 8845.77
9 14283.31 12022.54 14259.70 12070.56 14233.79 12072.39 14214.65 12065.33 14198.84 12043.74 14213.71 11997.43 14221.52 11990.08 14253.64 11987.62 14275.70 12007.43
10 1586.52 965.37 1628.38 942.27 1640.52 954.54 1665.56 989.15 1640.26 1038.60 1598.89 1044.19 1573.37 1012.55 1569.69 1007.46 1564.59 999.77 1568.49 986.48
8 4158.59 4392.64 4112.41 4357.13 4154.84 4282.24 4197.39 4268.99 4239.35 4270.68 4276.65 4316.51 4272.98 4367.26 4235.86 4406.58
8 4698.09 8684.90 4680.38 8660.22 4681.66 8635.84 4690.11 8605.36 4708.66 8612.21 4736.53 8629.90 4750.81 8660.71 4731.76 8673.25
8 12333.28 11683.02 12360.59 11725.72 12359.32 11737.44 12345.59 11776.36 12286.71 11771.87 12264.14 11742.95 12274.72 11702.66 12306.74 11689.27
6 4238.03 3643.66 4196.72 3678.21 4156.61 3648.01 4151.25 3614.88 4166.05 3590.11 4221.49 3612.89
11 8020.89 3108.40 8073.63 3075.64 8115.41 3053.86 8137.90 3061.53 8164.89 3086.19 8176.83 3139.46 8179.34 3154.50 8180.38 3171.55 8118.42 3217.35 8071.41 3200.43 8027.30 3128.92
9 3544.71 9115.47 3542.85 9077.21 3557.36 9064.44 3575.41 9069.05 3585.98 9078.41 3608.20 9112.94 3596.19 9132.10 3570.67 9140.38 3550.96 9128.32
9 11109.60 8271.13 11099.94 8255.52 11124.18 8209.63 11148.86 8203.29 11179.60 8211.81 11205.26 8226.98 11210.12 8244.27 11181.95 8300.63 11145.83 8309.32
12 10563.66 12429.63 10595.72 12517.94 10540.67 12572.84 10504.38 12579.20 10473.72 12581.66 10442.41 12563.00 10419.86 12540.13 10439.42 12460.69 10445.27 12451.15 10477.86 12427.45 10487.12 12425.08 10534.89 12418.23
11 14447.27 2207.60 14457.40 2234.51 14434.50 2271.32 14424.89 2273.43 14417.47 2272.38 14402.10 2268.47 14389.12 2258.63 14384.57 2220.86 14392.75 2208.14 14396.71 2207.44 14443.76 2207.19
11 15162.81 5902.78 15192.93 5852.64 15201.84 5848.01 15237.82 5836.96 15260.38 5844.56 15283.14 5875.33 15291.19 5943.43 15284.45 5950.22 15260.42 5967.79 15222.40 5970.35 15181.33 5924.65
7 7526.65 9976.15 7556.88 9917.60 7629.85 9956.06 7659.44 9993.73 7610.33 10023.61 7572.24 10026.45 7537.21 9999.56
10 4728.48 12325.38 4679.12 12267.87 4679.81 12262.09 4690.65 12224.36 4733.88 12214.18 4765.35 12224.28 4788.69 12247.43 4791.48 12260.43 4780.82 12311.59 4755.14 12326.35
7 5547.50 15370.69 5584.37 15303.08 5645.69 15319.85 5670.14 15371.45 5639.78 15450.99 5623.58 15461.13 5571.73 15414.38
8 10668.19 3261.40 10668.74 3332.56 10659.55 3390.05 10640.04 3390.10 10572.97 3385.44 10533.18 3324.82 10528.85 3312.54 10577.54 3264.68
9 6916.94 11648.63 6901.58 11571.64 6969.66 11543.93 7041.20 11560.33 7059.04 11577.79 7074.22 11621.28 7071.02 11624.88 6972.62 11697.49 6943.53 11676.73
11 4443.57 13741.14 4442.57 13711.84 4451.43 13693.47 4464.87 13679.32 4483.80 13662.65 4489.90 13658.93 4533.43 13666.38 4552.60 13695.35 4560.53 13729.21 4500.07 13768.66 4467.15 13775.71
9 6889.81 2094.58 6878.97 2151.02 6782.04 2147.74 6734.21 2126.69 6733.22 2089.35 6778.27 2023.24 6798.32 2012.02 6830.15 2023.95 6885.02 2050.25
8 4727.68 3881.93 4784.48 3951.26 4773.05 4000.02 4740.83 4029.98 4677.87 4017.02 4652.32 3995.70 4628.94 3942.65 4674.52 3887.34
9 13540.85 3332.79 13598.81 3413.17 13583.36 3447.81 13535.43 3478.04 13527.54 3478.72 13505.61 3478.84 13449.88 3420.20 13466.67 3355.39 13502.73 3339.87
5 3658.11 1047.45 3700.49 997.93 3744.76 1036.36 3758.48 1081.55 3690.73 1079.06
13 1832.77 15111.83 1876.42 15081.07 1888.23 15083.31 1927.93 15107.80 1939.73 15125.53 1940.61 15136.76 1939.87 15163.68 1925.66 15179.30 1875.54 15192.23 1841.91 15200.56 1830.47 15192.68 1816.46 15149.81 1820.67 15126.48
9 1016.04 5657.00 1026.22 5635.72 1046.40 5620.65 1058.52 5628.79 1093.83 5687.97 1083.30 5711.81 1031.52 5695.31 1025.15 5681.95 1019.31 5666.11
9 4091.21 3219.02 4115.48 3148.15 4172.58 3128.86 4208.50 3149.56 4228.85 3186.51 4226.21 3218.76 4191.65 3261.57 4169.12 3265.67 4144.61 3258.11
12 9786.64 655.11 9797.09 675.69 9777.21 704.89 9772.17 709.43 9769.73 709.92 9737.71 708.30 9721.42 693.99 9730.34 665.34 9736.08 656.38 9766.61 646.75 9768.35 646.52 9773.54 648.82
10 8869.73 4950.43 8854.99 4909.76 8868.04 4896.85 8880.73 4885.23 8903.32 4889.70 8923.74 4903.67 8922.85 4926.50 8917.95 4945.92 8913.23 4949.57 8907.07 4951.43
9 9679.85 11386.75 9734.77 11365.32 9758.57 11393.17 9750.36 11417.13 9736.37 11421.73 9703.00 11425.33 9699.96 11424.77 9692.30 11420.56 9680.87 11408.09
12 4436.86 15162.52 4429.26 15133.62 4433.13 15121.67 4452.18 15085.91 4482.37 15090.43 4489.06 15092.64 4498.22 15096.52 4507.46 15121.25 4504.43 15146.14 4500.30 15164.89 4498.63 15167.11 4487.13 15175.72
10 5255.58 2534.24 5245.00 2517.21 5250.74 2478.43 5266.54 2454.58 5294.91 2436.02 5368.11 2449.11 5392.44 2477.53 5370.52 2515.54 5324.67 2573.75 5307.68 2590.53
10 12855.94 2920.31 12883.90 2917.77 12975.66 2925.51 13017.93 2989.19 13012.73 3014.35 13006.86 3039.27 12915.68 3070.11 12853.59 3034.51 12842.02 2999.26 12843.00 2976.99
11 12407.07 4582.62 12422.27 4542.00 12441.60 4532.63 12455.87 4532.34 12479.61 4556.07 12487.48 4574.48 12473.19 4598.67 12456.90 4615.19 12447.41 4612.29 12423.44 4604.84 12407.16 4584.81
8 10370.35 14493.62 10311.63 14453.71 10324.49 14390.69 10342.96 14362.85 10378.86 14353.57 10408.77 14362.74 10423.28 14373.72 10445.81 14433.80
7 12244.81 7726.42 12294.12 7678.46 12346.22 7698.39 12379.44 7792.23 12361.84 7817.90 12304.90 7819.44 12258.66 7764.17
8 9306.78 4117.77 9306.46 4094.83 9312.49 4075.78 9343.45 4064.45 9353.02 4069.69 9380.41 4092.45 9367.28 4121.60 9357.00 4135.36
12 13783.25 13177.49 13769.54 13214.61 13717.13 13222.14 13693.52 13219.37 13685.44 13208.35 13698.54 13162.29 13711.48 13146.60 13718.13 13143.48 13734.61 13137.18 13742.42 13135.10 13747.34 13136.82 13753.08 13139.90
8 10804.47 1537.43 10785.07 1586.89 10780.42 1585.88 10725.18 1559.77 10707.96 1541.32 10731.18 1525.93 10777.70 1501.92 10793.27 1509.47
13 858.92 2517.65 871.85 2568.99 858.02 2603.54 841.03 2625.53 809.68 2633.77 760.34 2641.54 727.55 2609.40 722.96 2596.99 732.77 2548.76 740.59 2517.92 753.33 2506.36 801.14 2503.92 841.38 2506.68
9 2005.90 6311.65 2011.74 6284.00 2042.37 6256.31 2061.83 6260.46 2092.36 6278.68 2097.87 6285.61 2088.82 6305.96 2050.71 6334.71 2041.95 6337.16
9 898.42 14229.53 939.71 14146.22 1029.41 14171.07 1045.96 14195.36 1042.82 14232.64 1024.46 14260.92 989.12 14308.57 945.42 14322.48 900.09 14297.36
10 15277.52 3821.86 15283.72 3781.55 15319.86 3757.05 15353.35 3779.69 15366.51 3806.92 15366.65 3814.36 15362.20 3828.13 15337.50 3849.20 15304.84 3839.03 15299.45 3836.05
7 9572.00 4810.10 9640.77 4735.05 9697.40 4777.47 9706.81 4822.08 9666.94 4873.58 9623.64 4880.29 9587.19 4869.55
7 7837.90 516.17 7894.23 502.27 7896.95 508.24 7944.86 647.36 7879.78 645.99 7828.90 605.22 7832.28 542.36
5 12199.85 9253.93 12148.03 9223.28 12152.18 9190.97 12177.60 9156.76 12227.53 9156.82
8 1207.97 3928.01 1152.48 3890.07 1152.90 3859.27 1197.69 3842.24 1236.90 3828.32 1251.54 3867.87 1249.41 3895.82 1227.48 3913.75
7 14058.51 12928.44 14045.95 12954.88 14020.15 12951.02 13978.68 12923.81 14010.40 12891.13 14034.11 12882.48 14051.25 12912.58
11 4542.96 15097.66 4550.32 15043.27 4573.72 15025.30 4638.21 15031.72 4640.45 15035.06 4644.99 15045.59 4649.99 15061.50 4652.81 15076.47 4645.40 15114.52 4587.70 15143.57 4576.37 15136.50
10 13605.11 14060.38 13629.76 14157.77 13569.05 14184.91 13550.24 14187.08 13485.35 14185.73 13481.25 14172.34 13474.14 14131.36 13483.52 14078.90 13498.86 14045.70 13565.34 14046.02
8 13836.23 5038.44 13854.17 5008.77 13922.50 5007.07 13940.42 5033.52 13923.78 5089.65 13891.68 5095.51 13890.72 5095.56 13865.41 5079.28
7 9297.91 14639.56 9381.10 14625.96 9411.31 14713.13 9413.48 14744.68 9334.14 14738.76 9308.26 14713.52 9298.12 14689.72
8 3558.44 4462.35 3573.53 4484.41 3568.42 4516.66 3551.75 4532.74 3541.77 4527.41 3510.61 4508.24 3508.47 4491.73 3523.62 4471.81
8 14073.97 6499.84 14066.01 6541.98 14014.36 6558.25 14003.72 6544.89 14000.40 6526.18 14019.58 6508.55 14032.33 6502.45 14056.20 6491.73
12 6038.06 7336.22 6073.37 7317.71 6086.67 7323.41 6102.71 7344.72 6105.24 7380.17 6094.85 7392.02 6079.11 7393.73 6065.02 7392.53 6039.97 7383.27 6033.73 7358.81 6033.19 7349.88 6035.00 7339.48
7 2222.54 2616.39 2230.08 2647.51 2226.90 2659.94 2204.51 2672.63 2175.40 2672.03 2166.00 2667.47 2186.81 2622.73
8 6320.63 13936.14 6270.93 14029.58 6209.26 14013.23 6154.22 13929.67 6152.76 13922.28 6178.33 13897.36 6253.36 13843.55 6297.38 13890.66
8 12733.94 11144.02 12709.36 11107.93 12712.46 11089.18 12732.30 11050.55 12808.36 11075.93 12823.19 11095.50 12796.97 11134.08 12750.63 11159.58
6 2480.10 7603.50 2465.10 7659.39 2429.11 7650.52 2404.88 7601.01 2427.95 7583.93 2478.24 7585.13
8 10894.24 5505.95 10934.20 5460.00 10949.85 5462.59 10967.91 5476.46 10988.26 5499.91 10976.81 5542.13 10953.50 5554.99 10908.23 5542.29
7 2294.58 15303.67 2335.79 15366.70 2333.57 15385.45 2294.74 15425.44 2222.06 15389.88 2230.27 15328.64 2267.60 15303.83
8 11016.03 7257.85 11013.96 7196.80 11014.04 7173.77 11057.62 7168.76 11093.17 7178.72 11091.73 7225.68 11080.61 7272.33 11065.12 7270.89
10 13844.64 7433.81 13877.12 7349.97 13899.09 7338.96 13951.87 7353.43 13976.23 7399.02 13971.74 7423.44 13967.63 7441.59 13949.69 7463.11 13916.51 7476.50 13898.82 7468.16
7 683.12 14793.74 689.75 14751.14 737.58 14755.11 735.47 14766.80 723.15 14806.85 720.80 14811.35 700.14 14813.45
9 12797.06 13185.28 12771.49 13231.13 12736.00 13222.48 12699.99 13201.66 12679.28 13180.62 12687.91 13147.67 12721.68 13119.38 12755.23 13105.64 12780.08 13135.95
11 11389.85 5224.05 11373.69 5171.28 11412.01 5127.47 11440.58 5105.32 11506.15 5106.63 11519.40 5128.23 11526.95 5154.19 11530.11 5182.26 11469.97 5238.48 11454.20 5251.68 11441.16 5247.05
7 6163.58 6411.10 6130.75 6496.30 6096.51 6507.47 6081.68 6492.30 6037.08 6437.48 6059.13 6419.53 6110.46 6401.38
10 9922.12 4522.72 9882.15 4555.57 9847.71 4550.78 9817.40 4525.25 9815.36 4522.02 9823.28 4476.67 9828.62 4467.22 9833.52 4463.07 9856.63 4449.87 9906.18 4481.95
10 10909.70 3479.16 10989.62 3528.48 10979.48 3574.89 10975.46 3585.56 10950.35 3617.58 10892.57 3616.68 10867.09 3598.51 10845.06 3569.91 10854.80 3524.73 10876.39 3490.57
10 4471.73 4671.23 4459.86 4631.78 4466.56 4595.58 4498.59 4560.55 4578.63 4559.33 4607.03 4596.36 4618.82 4614.92 4613.01 4674.35 4518.12 4711.42 4506.54 4706.05
8 4092.54 6239.67 4050.52 6182.26 4064.27 6133.57 4106.90 6105.45 4201.03 6135.90 4209.75 6141.34 4194.80 6179.82 4124.11 6245.70
8 8046.87 10369.98 7991.32 10313.81 8052.20 10235.82 8110.49 10228.78 8123.10 10238.29 8127.78 10259.95 8138.22 10329.30 8122.09 10353.31
8 8551.92 14045.17 8563.36 14003.45 8586.35 13991.63 8649.81 14009.84 8657.91 14043.86 8639.36 14090.28 8582.14 14097.25 8573.25 14084.93
9 1166.37 12708.51 1153.37 12655.69 1176.46 12614.23 1231.75 12599.57 1268.63 12602.83 1301.80 12649.26 1289.42 12712.20 1253.20 12737.15 1204.46 12737.41
11 8624.53 4640.06 8628.54 4684.50 8620.46 4696.07 8591.43 4689.29 8564.67 4681.65 8563.20 4680.03 8554.72 4656.02 8559.44 4648.15 8574.69 4626.90 8591.69 4625.63 8605.92 4625.59
12 3544.84 9347.22 3509.89 9267.77 3517.71 9253.78 3528.36 9245.47 3580.88 9204.67 3601.97 9211.24 3626.04 9227.27 3644.89 9266.07 3639.74 9299.48 3636.52 9316.11 3629.27 9324.38 3598.59 9338.29
8 13530.40 4442.09 13467.86 4438.47 13469.93 4430.68 13491.60 4387.74 13498.70 4383.71 13513.38 4386.39 13534.06 4398.71 13540.15 4413.68
10 1575.69 2415.36 1507.44 2408.33 1505.21 2402.34 1493.78 2351.58 1505.18 2325.22 1519.84 2319.03 1592.69 2312.98 1600.67 2318.58 1612.05 2343.41 1587.12 2394.32
10 14498.91 3424.99 14538.65 3414.05 14591.12 3454.26 14600.01 3473.06 14617.52 3543.54 14593.79 3567.23 14497.53 3565.22 14474.52 3558.42 14464.88 3549.61 14495.65 3432.12
10 8380.13 4764.38 8353.24 4739.53 8357.89 4717.87 8363.56 4708.61 8374.34 4700.48 8410.16 4703.58 8425.33 4722.47 8429.49 4737.18 8418.10 4754.33 8415.30 4757.57
8 14598.33 802.02 14599.27 763.71 14629.43 748.73 14639.29 752.49 14651.51 769.06 14654.24 817.79 14632.22 824.75 14613.45 819.31
7 5970.05 7224.78 6007.43 7110.21 6064.84 7141.17 6080.34 7155.08 6072.25 7170.01 6055.75 7194.69 5974.95 7275.76
7 1005.10 13752.97 1067.55 13715.46 1161.05 13767.92 1119.76 13838.33 1102.26 13867.75 1095.96 13868.54 1031.98 13829.81
8 5106.11 7834.57 5073.39 7905.15 5015.66 7886.34 4987.01 7872.67 4966.90 7834.41 4986.37 7772.09 5036.73 7747.66 5093.25 7779.63
10 13925.16 274.64 13983.02 261.26 13998.45 283.23 14012.08 369.74 14001.10 380.39 13930.39 384.59 13929.16 382.86 13908.64 349.45 13906.42 326.06 13909.58 308.84
9 7369.23 4408.60 7393.88 4412.38 7393.70 4449.65 7392.20 4465.78 7376.36 4474.21 7357.86 4477.03 7343.10 4469.01 7342.02 4457.90 7345.31 4432.58
11 8746.37 15000.53 8730.04 14984.24 8737.73 14974.37 8759.16 14957.08 8762.63 14954.62 8789.41 14954.65 8810.05 14980.19 8813.10 14986.41 8812.63 15000.81 8805.43 15014.60 8796.44 15018.97
10 3567.59 5189.98 3558.77 5150.31 3610.04 5093.20 3658.99 5103.96 3677.62 5140.81 3697.29 5183.65 3687.56 5217.64 3670.12 5223.28 3635.48 5228.46 3597.59 5229.28
10 3232.24 451.21 3178.84 416.83 3186.74 390.87 3198.23 373.91 3206.39 370.09 3251.58 384.78 3266.29 398.07 3265.08 413.78 3261.77 434.17 3241.95 452.47
8 15229.17 4755.35 15207.36 4870.08 15131.03 4840.78 15101.59 4815.39 15097.81 4777.75 15097.98 4767.54 15138.57 4726.12 15200.04 4734.51
8 5690.19 6418.85 5667.52 6465.13 5619.98 6450.58 5595.52 6415.00 5594.65 6404.59 5630.19 6381.58 5637.71 6380.42 5655.81 6383.55
10 7673.65 13890.64 7639.59 13807.91 7662.64 13780.37 7714.59 13749.72 7771.80 13772.46 7803.52 13813.21 7802.24 13855.34 7754.51 13905.23 7719.37 13919.68 7701.84 13909.17
7 13638.61 7735.34 13593.31 7774.85 13586.87 7772.00 13559.16 7730.23 13581.28 7692.61 13622.52 7699.87 13628.55 7707.65
5 11643.01 2448.13 11663.40 2381.78 11697.62 2400.03 11702.73 2406.85 11675.27 2446.84
9 6455.05 8400.46 6533.21 8373.36 6571.56 8417.27 6582.00 8439.91 6549.81 8485.59 6502.81 8520.99 6436.96 8483.61 6421.02 8463.88 6422.75 8439.14
10 2452.29 11147.71 2387.27 11049.66 2413.50 10998.05 2423.43 10995.01 2463.32 10996.86 2518.27 11001.51 2543.42 11059.23 2531.81 11081.22 2485.11 11146.83 2469.13 11150.26
6 4313.13 10707.00 4283.51 10623.49 4323.33 10603.90 4378.38 10623.18 4398.45 10651.68 4372.70 10688.40
6 3989.11 5023.87 3975.63 4952.29 3980.54 4923.70 4032.08 4909.89 4085.48 4966.59 4062.41 5019.91
11 8363.46 1881.99 8421.71 1840.91 8431.30 1844.19 8439.69 1862.68 8443.97 1874.17 8447.83 1922.77 8432.04 1932.76 8421.11 1937.05 8416.98 1937.56 8377.35 1925.48 8364.37 1902.60
10 2276.86 5471.40 2334.57 5552.23 2283.52 5586.82 2253.04 5601.12 2241.75 5600.82 2229.00 5599.15 2204.51 5570.51 2211.06 5531.76 2221.45 5505.21 2228.03 5488.88
8 12780.82 8773.62 12783.18 8742.95 12830.30 8715.19 12853.57 8729.32 12873.14 8801.47 12841.57 8822.81 12828.92 8824.49 12786.14 8807.07
6 595.65 9292.54 640.18 9347.14 564.00 9397.60 544.69 9391.52 537.26 9386.15 541.61 9336.65
8 11161.07 12535.95 11116.87 12592.60 11083.48 12570.37 11073.09 12543.99 11079.78 12489.78 11119.13 12477.58 11141.93 12473.40 11156.26 12483.49
8 7402.07 10069.48 7467.01 10026.63 7483.96 10026.89 7493.38 10047.59 7494.90 10068.36 7485.18 10096.41 7476.26 10100.23 7430.14 10095.91
7 10183.46 9917.18 10169.97 9864.71 10188.87 9851.19 10252.51 9837.34 10247.23 9872.41 10233.31 9894.50 10206.18 9919.28
6 13658.04 692.73 13659.93 641.24 13673.11 643.87 13714.27 672.77 13710.20 687.70 13691.93 706.83
8 4322.10 1237.92 4358.61 1172.41 4386.90 1181.02 4418.92 1195.24 4434.92 1250.95 4380.37 1287.64 4356.42 1283.95 4330.23 1252.91
9 1726.86 6802.95 1715.12 6726.63 1735.83 6715.47 1770.83 6698.44 1792.24 6709.90 1820.37 6728.83 1795.15 6801.22 1783.35 6808.94 1751.80 6813.51
11 9338.92 7299.63 9303.12 7288.61 9274.66 7244.09 9270.27 7219.84 9285.77 7184.47 9304.30 7178.42 9317.80 7176.03 9368.00 7187.02 9386.86 7211.31 9389.49 7242.98 9386.97 7268.49
10 2835.01 6344.25 2840.34 6310.04 2889.82 6300.45 2896.96 6303.42 2903.60 6313.19 2906.83 6322.98 2909.71 6340.11 2895.55 6363.91 2844.76 6363.67 2841.33 6358.55
8 8967.99 9881.12 9024.01 9941.22 9015.30 9954.04 8997.84 9972.48 8953.93 10014.90 8931.19 9996.48 8897.41 9949.23 8900.02 9918.87
8 6184.28 14871.60 6200.37 14837.62 6254.08 14837.82 6295.51 14863.01 6295.03 14881.76 6277.11 14912.60 6251.62 14920.40 6185.09 14879.42
11 3132.59 7716.69 3163.36 7716.32 3169.13 7719.06 3190.11 7731.99 3208.74 7785.67 3201.85 7809.98 3196.58 7812.80 3136.63 7835.39 3103.77 7814.69 3086.34 7783.63 3088.09 7765.38
11 8737.29 134.89 8756.05 129.14 8762.50 131.26 8788.93 151.80 8791.90 179.39 8772.68 200.30 8750.14 206.88 8728.22 203.36 8719.73 194.82 8716.37 161.83 8718.72 158.57
8 217.60 12790.50 302.83 12763.84 341.15 12784.38 374.28 12840.28 374.42 12887.50 348.84 12884.29 302.52 12874.54 234.71 12833.13
7 11603.28 1709.91 11650.01 1618.07 11744.32 1648.05 11759.83 1713.18 11735.17 1744.06 11683.40 1762.02 11634.67 1752.35
9 3504.15 6232.38 3493.68 6186.34 3520.41 6152.55 3554.48 6150.24 3576.00 6159.08 3579.22 6161.75 3611.14 6215.70 3605.26 6252.40 3579.41 6260.50
9 13982.37 10758.71 14027.79 10754.96 14037.23 10786.24 14039.21 10800.28 14014.52 10823.45 13994.64 10825.28 13984.75 10825.74 13972.36 10804.52 13972.48 10784.79
5 2321.32 4158.95 2432.06 4150.98 2415.08 4227.73 2355.44 4248.74 2330.71 4211.64
9 12244.55 7470.64 12255.39 7410.21 12298.02 7394.82 12345.91 7419.71 12337.61 7451.28 12324.85 7496.50 12320.08 7503.51 12310.64 7514.50 12284.53 7501.23
9 11879.31 3980.91 11835.66 3952.37 11841.94 3907.14 11859.24 3889.15 11868.01 3882.56 11901.36 3896.09 11919.43 3914.72 11920.50 3936.87 11896.19 3970.78
9 3117.99 3458.16 3208.89 3477.39 3239.61 3512.72 3241.12 3568.67 3218.08 3587.90 3154.41 3610.60 3112.54 3616.99 3071.39 3576.44 3077.67 3517.80
8 11229.34 4100.96 11255.90 4074.42 11279.61 4069.48 11305.00 4088.06 11310.65 4164.39 11278.73 4181.44 11259.60 4171.12 11246.12 4152.68
8 4317.45 2240.13 4413.03 2176.07 4445.67 2212.51 4458.24 2258.08 4443.95 2327.08 4373.72 2331.69 4357.42 2332.36 4326.54 2289.47
8 12619.90 9098.79 12561.24 9044.24 12583.75 9021.19 12620.45 8993.57 12664.81 9004.43 12682.53 9028.75 12692.70 9050.23 12684.09 9060.06
12 15049.72 12643.20 15020.50 12675.84 15003.19 12693.51 14998.69 12693.32 14980.04 12689.75 14971.92 12681.87 14955.06 12665.24 14939.90 12648.14 14942.82 12616.81 14966.76 12605.68 15019.85 12604.45 15044.95 12607.67
8 14974.35 476.44 15015.77 404.54 15069.74 427.40 15072.56 435.03 15089.50 499.73 15079.96 516.80 15044.29 521.01 15008.49 521.57
7 11156.42 1956.47 11136.75 1870.38 11141.67 1853.41 11191.05 1839.11 11244.55 1851.47 11248.56 1914.87 11221.38 1945.37
12 7633.02 10949.33 7675.19 10927.67 7686.48 10929.74 7723.78 10940.63 7736.69 10952.18 7757.30 10996.19 7745.00 11020.62 7717.42 11051.87 7664.59 11059.44 7633.31 11047.38 7622.01 11026.77 7625.53 10967.37
6 9504.17 11034.24 9587.61 10929.54 9675.87 10997.24 9685.56 11038.64 9631.84 11102.47 9572.26 11077.78
11 12025.34 4657.57 12045.20 4649.64 12102.84 4658.99 12112.83 4678.23 12129.27 4748.49 12081.23 4777.28 12064.65 4777.63 12023.12 4757.41 12016.75 4750.29 12000.10 4703.14 12004.79 4690.39
8 6397.99 12075.39 6466.17 11988.75 6503.96 11993.97 6563.33 12057.24 6566.01 12106.61 6495.57 12141.48 6451.24 12151.39 6424.14 12113.91
6 9811.40 332.97 9811.82 283.16 9844.77 283.99 9853.19 299.62 9867.45 338.29 9842.46 362.36
8 4407.48 3998.91 4439.29 4083.57 4434.18 4091.00 4387.18 4124.96 4348.49 4100.70 4319.51 4038.76 4352.23 4010.69 4396.88 4000.63
11 2702.21 9895.85 2752.17 9883.63 2778.26 9905.09 2787.55 9927.00 2790.17 9936.25 2790.90 9987.51 2780.43 10017.32 2745.14 10048.71 2681.00 10010.66 2675.31 9984.23 2692.72 9910.07
13 833.90 5122.69 851.15 5114.09 861.31 5117.76 872.83 5125.76 890.14 5149.46 891.68 5156.22 883.90 5175.98 875.83 5188.22 846.62 5191.49 823.94 5191.85 810.35 5173.49 807.00 5159.67 807.91 5156.73
6 7544.88 6159.67 7555.68 6212.89 7494.39 6247.01 7471.56 6227.65 7467.51 6220.60 7468.01 6185.97
9 12613.78 9750.77 12537.97 9692.90 12550.22 9659.22 12575.42 9629.76 12667.29 9639.20 12684.25 9656.99 12672.33 9746.29 12654.94 9761.30 12616.53 9751.57
6 5072.37 11341.36 5107.17 11277.99 5130.14 11302.48 5148.89 11338.27 5135.65 11359.01 5081.66 11368.41
11 4360.60 3735.48 4366.14 3723.95 4425.00 3681.91 4475.78 3688.50 4510.19 3762.65 4516.49 3776.72 4526.61 3805.72 4474.28 3850.93 4399.75 3831.72 4392.19 3825.09 4375.66 3800.05
7 5394.43 10392.45 5370.02 10347.91 5372.24 10296.67 5398.78 10287.11 5404.93 10285.46 5433.77 10290.29 5478.13 10343.34
9 5858.73 185.65 5867.21 228.63 5856.44 247.96 5827.23 268.12 5821.04 270.53 5805.04 261.81 5790.01 188.90 5790.02 167.69 5823.21 169.61
10 3195.81 3060.49 3218.59 3007.75 3303.40 2972.24 3326.21 2987.09 3349.77 3013.03 3355.02 3043.54 3352.52 3054.99 3328.40 3095.41 3281.80 3121.81 3211.70 3105.72
8 1107.21 10576.75 1151.02 10473.36 1177.77 10474.42 1187.52 10512.22 1191.82 10539.50 1177.54 10563.05 1165.93 10576.74 1130.78 10580.33
10 1127.13 8511.00 1169.80 8540.38 1163.42 8582.84 1151.48 8612.76 1115.85 8604.41 1087.67 8590.21 1075.49 8582.78 1073.99 8553.63 1073.89 8542.84 1095.98 8520.21
8 12993.53 14416.22 13034.70 14319.56 13066.70 14305.68 13088.04 14306.86 13118.09 14368.66 13117.07 14400.02 13104.13 14442.88 13093.76 14442.10
7 8497.03 4341.39 8526.64 4355.02 8526.02 4377.30 8521.83 4393.17 8469.77 4392.45 8454.20 4390.15 8468.42 4361.26
5 5490.84 604.54 5490.64 519.72 5564.32 537.61 5564.55 579.17 5526.78 597.39
9 1128.15 2936.16 1039.35 2994.08 1011.59 2987.11 982.34 2944.56 974.82 2875.09 1000.29 2839.33 1072.71 2825.92 1107.24 2875.57 1115.24 2893.31
11 5626.62 8902.68 5616.20 8850.39 5632.72 8831.23 5672.14 8815.92 5705.61 8832.30 5736.23 8852.99 5730.87 8897.03 5701.33 8927.80 5684.48 8934.89 5668.32 8933.23 5642.68 8914.49
10 10239.94 13870.22 10243.49 13839.03 10254.05 13835.11 10314.49 13813.57 10320.82 13813.71 10338.26 13868.27 10310.24 13901.51 10292.19 13905.90 10276.91 13902.53 10251.57 13888.50
6 13517.43 5882.70 13526.71 5905.00 13477.78 5924.77 13454.57 5921.13 13465.21 5886.03 13475.95 5865.24
10 12268.36 13511.78 12274.82 13483.96 12294.28 13478.25 12300.44 13478.23 12337.72 13485.19 12350.43 13524.24 12351.13 13530.61 12337.55 13553.33 12286.47 13554.51 12271.76 13543.20
13 9286.83 8004.76 9276.91 7960.19 9278.79 7943.71 9285.58 7936.85 9299.51 7934.16 9328.11 7930.32 9363.01 7945.60 9373.68 7963.03 9363.48 7990.16 9352.44 8001.63 9345.49 8003.26 9331.01 8006.01 9319.89 8006.28
8 7249.37 11931.04 7209.21 11973.91 7199.98 11971.88 7173.89 11950.35 7186.80 11911.54 7210.19 11894.67 7244.69 11909.74 7247.91 11919.64
9 3627.97 1374.25 3635.97 1324.12 3698.10 1298.27 3727.01 1321.29 3741.53 1334.30 3755.26 1375.96 3728.78 1399.29 3677.72 1415.89 3652.20 1409.38
6 13485.55 11494.85 13484.31 11412.86 13542.93 11419.79 13544.91 11427.74 13545.45 11472.12 13519.93 11482.05
6 6440.95 4429.11 6447.38 4332.79 6549.31 4335.12 6566.02 4385.74 6562.87 4431.13 6462.86 4448.38
10 5685.34 3421.45 5687.06 3408.76 5705.54 3389.79 5731.33 3372.67 5757.23 3391.97 5762.06 3414.44 5749.61 3435.45 5733.98 3449.18 5700.74 3433.77 5691.23 3428.72
6 238.82 9984.45 241.16 9948.76 296.21 9960.50 303.00 9966.10 310.68 9990.25 251.04 10010.93
5 7785.22 5029.21 7822.82 4964.77 7867.35 5020.19 7845.28 5045.03 7803.67 5045.28
7 1195.58 10560.87 1253.28 10542.91 1304.69 10553.48 1332.16 10647.13 1292.20 10647.45 1228.40 10640.82 1204.26 10597.43
8 10551.79 12228.25 10531.46 12110.14 10582.57 12096.21 10647.67 12108.10 10673.98 12116.13 10676.60 12165.92 10665.62 12214.55 10636.59 12219.84
11 1394.86 3577.46 1353.80 3483.03 1373.63 3451.78 1404.19 3416.85 1444.17 3413.29 1478.32 3428.24 1495.21 3443.26 1501.28 3498.97 1496.44 3533.60 1448.48 3562.59 1428.76 3572.01
