Giant_2000_B
10906.04 9725.45
4681.70 620.39
4 0.00 0.00 18000.00 0.00 18000.00 18000.00 0.00 18000.00
2000
7 6880.41 3946.74 6845.69 3921.43 6861.38 3877.14 6889.84 3840.45 6964.58 3873.48 6981.78 3921.80 6917.01 3942.97
7 6351.88 1592.84 6378.91 1628.75 6369.86 1645.30 6342.21 1675.84 6305.71 1666.55 6290.13 1608.74 6313.78 1588.04
14 17457.14 10435.11 17362.36 10415.70 17384.65 10354.65 17400.07 10330.65 17424.44 10353.78 17426.34 10359.55 17437.33 10329.99 17429.21 10379.11 17435.87 10374.07 17436.03 10378.55 17457.21 10358.84 17455.05 10382.84 17474.49 10378.45 17474.46 10384.65
9 11036.53 1635.06 11069.53 1649.96 11063.79 1684.74 11036.12 1744.41 10994.19 1740.85 10986.16 1737.31 10962.81 1699.63 10956.76 1645.46 10971.81 1634.32
15 7762.83 11167.70 7740.52 11174.04 7728.70 11177.06 7739.76 11183.75 7710.20 11208.45 7674.72 11197.99 7677.20 11167.34 7671.88 11165.16 7675.69 11163.22 7645.59 11157.92 7653.22 11143.78 7676.76 11112.17 7691.84 11112.62 7729.52 11155.60 7750.38 11151.71
10 7585.81 2086.23 7579.75 2087.24 7562.69 2087.95 7534.62 2103.39 7526.81 2098.75 7501.38 2133.81 7496.31 2112.00 7514.40 2007.13 7567.42 2033.40 7532.90 2060.86
14 16569.08 7202.69 16541.93 7185.39 16535.22 7194.56 16530.88 7187.23 16528.84 7192.14 16489.87 7173.74 16500.63 7140.16 16485.49 7114.30 16494.80 7112.23 16520.73 7139.34 16531.08 7141.95 16548.41 7100.15 16545.57 7143.81 16587.06 7158.73
7 5781.30 5207.11 5740.15 5204.11 5727.51 5186.64 5706.79 5182.39 5742.66 5142.25 5789.74 5135.20 5783.76 5166.04
9 15882.81 17681.23 15891.56 17653.15 15957.87 17645.06 15964.94 17648.60 15979.42 17665.44 15980.39 17668.39 15965.85 17715.63 15927.46 17729.48 15895.07 17705.06
7 10073.84 11638.85 10079.52 11674.26 10062.06 11698.22 10046.33 11698.98 10022.27 11665.11 10024.44 11662.75 10050.78 11639.90
10 17401.91 433.82 17361.51 387.51 17361.97 341.54 17406.68 301.74 17438.47 299.48 17506.32 364.54 17519.06 396.94 17518.46 399.63 17479.87 415.04 17444.32 427.92
7 8192.72 2422.49 8137.67 2372.58 8164.32 2341.55 8179.70 2357.63 8214.09 2357.17 8198.23 2381.70 8180.98 2387.63
9 16648.98 10070.19 16627.73 10042.95 16641.08 10025.60 16687.37 10007.60 16691.97 10009.70 16703.25 10029.01 16706.91 10050.97 16678.16 10068.51 16668.76 10070.43
9 10584.84 14451.50 10534.57 14520.82 10536.76 14435.26 10561.72 14387.88 10596.66 14398.11 10582.01 14430.95 10591.82 14433.34 10591.83 14443.19 10618.21 14441.24
7 8438.51 12076.79 8404.95 12082.18 8392.59 12058.08 8405.95 12047.36 8419.34 12018.95 8432.26 12023.48 8435.66 12046.90
14 2187.11 15154.61 2186.52 15192.25 2158.72 15179.30 2124.12 15211.86 2127.09 15176.99 2119.22 15190.17 2106.39 15180.31 2116.73 15154.64 2101.20 15152.47 2081.95 15113.03 2104.90 15097.80 2185.10 15107.95 2182.78 15125.05 2188.48 15135.33
9 16351.88 6459.02 16261.06 6472.67 16269.32 6414.54 16218.97 6439.66 16254.20 6414.09 16226.71 6361.08 16268.44 6384.86 16271.29 6377.75 16311.10 6370.53
9 3347.80 16244.38 3315.78 16258.39 3277.61 16289.81 3248.45 16296.89 3212.57 16193.09 3313.68 16194.00 3339.58 16178.95 3317.92 16205.35 3331.00 16204.39
11 1310.98 16024.00 1279.47 16003.10 1235.51 16006.77 1225.79 15983.04 1198.46 15910.38 1256.99 15910.82 1260.39 15916.17 1256.66 15940.47 1278.11 15902.64 1277.01 15951.04 1297.03 15938.05
9 8406.25 14962.16 8437.76 14959.42 8462.75 14985.09 8469.81 15028.77 8449.14 15084.19 8392.14 15079.37 8359.45 15028.76 8347.19 15005.13 8380.10 14978.17
12 11702.17 13543.86 11724.76 13599.66 11700.70 13552.00 11671.65 13609.11 11625.99 13595.51 11621.69 13577.77 11656.00 13522.93 11635.78 13508.61 11650.29 13497.76 11701.24 13454.32 11710.57 13505.97 11726.85 13503.37
9 6553.14 11926.89 6527.04 11960.84 6500.90 11955.23 6488.91 11949.00 6476.85 11936.82 6469.37 11902.53 6508.02 11878.71 6537.23 11880.15 6549.04 11891.42
10 15340.31 2472.81 15238.57 2396.69 15243.32 2371.89 15258.91 2342.17 15305.48 2304.51 15348.07 2307.75 15377.17 2323.47 15396.98 2341.77 15397.79 2364.03 15377.86 2448.64
6 13320.43 16815.41 13272.17 16835.79 13259.20 16783.84 13276.11 16753.15 13284.65 16767.62 13311.52 16786.09
13 5750.69 8346.41 5754.71 8355.25 5744.18 8355.23 5736.68 8362.97 5728.23 8381.13 5684.77 8326.49 5707.73 8323.76 5722.56 8318.60 5730.04 8303.80 5732.46 8323.24 5738.80 8318.40 5727.06 8332.19 5728.76 8335.20
8 222.27 11596.01 221.17 11598.03 206.06 11605.78 190.62 11637.71 170.44 11631.32 164.23 11602.12 143.82 11560.49 214.89 11557.20
10 15449.50 9398.02 15498.39 9407.93 15456.67 9405.04 15420.71 9447.92 15418.96 9408.90 15419.99 9331.32 15448.80 9338.71 15449.83 9366.74 15440.67 9382.43 15495.62 9368.50
8 15999.65 7308.20 15984.10 7286.37 16009.39 7292.75 16010.92 7274.32 16013.78 7261.56 16011.22 7250.67 16028.34 7270.23 16052.27 7277.09
8 3248.61 3777.13 3270.89 3758.21 3293.44 3757.58 3317.50 3772.73 3308.01 3824.80 3286.93 3829.40 3267.42 3824.92 3252.06 3805.32
13 1576.00 7039.12 1543.13 7054.30 1547.93 7081.78 1523.40 7102.58 1519.63 7055.99 1477.88 7037.20 1492.57 7037.59 1472.26 7036.24 1492.67 7035.86 1477.27 7017.55 1490.22 6993.77 1543.17 6995.66 1551.93 7029.16
10 17245.48 15101.68 17246.97 15072.05 17297.68 15027.79 17321.99 15021.99 17368.80 15077.68 17374.14 15115.89 17319.61 15142.24 17300.64 15145.45 17275.04 15149.28 17251.36 15122.45
10 11279.13 7103.87 11261.49 7166.15 11241.68 7169.73 11225.14 7169.57 11217.57 7167.98 11184.92 7142.31 11183.25 7135.44 11187.26 7101.60 11218.38 7073.23 11262.02 7090.73
8 15472.39 16515.72 15427.89 16529.39 15393.85 16502.06 15388.96 16448.86 15418.44 16431.40 15451.67 16430.43 15482.31 16439.17 15478.63 16485.28
7 8990.43 2416.39 9024.99 2476.85 8987.22 2572.12 8931.72 2552.82 8906.01 2535.81 8908.54 2462.64 8911.60 2444.63
15 7748.30 8191.41 7753.24 8205.56 7770.76 8234.02 7710.25 8215.03 7690.98 8164.08 7683.88 8148.46 7706.38 8153.22 7691.78 8123.24 7713.06 8156.47 7732.94 8123.13 7768.14 8137.57 7783.53 8149.38 7773.00 8157.29 7798.38 8160.99 7760.59 8177.28
9 9011.87 17835.34 8992.83 17859.34 8979.34 17858.70 8971.39 17860.19 8928.74 17813.16 8987.99 17817.16 9034.26 17815.13 9016.48 17827.74 9058.22 17830.55
14 17528.99 13098.79 17521.32 13102.18 17509.86 13099.92 17521.42 13109.11 17505.40 13122.29 17481.75 13111.19 17469.01 13119.23 17474.41 13096.49 17451.89 13099.04 17445.66 13097.78 17469.15 13066.07 17456.77 13051.00 17498.00 13054.84 17506.95 13056.81
14 17445.49 6590.90 17444.42 6594.94 17450.61 6612.52 17442.44 6624.37 17431.00 6615.58 17429.02 6619.20 17429.35 6653.78 17407.59 6639.57 17395.56 6616.77 17408.58 6555.48 17439.95 6565.64 17471.76 6533.41 17465.85 6561.42 17473.69 6556.96
11 8526.25 14876.15 8536.83 14882.95 8537.88 14885.65 8467.73 14943.19 8428.69 14879.09 8414.74 14893.08 8420.79 14856.08 8421.43 14823.82 8443.35 14818.03 8468.19 14837.50 8466.43 14840.83
7 9266.82 11815.86 9290.55 11853.70 9265.27 11883.65 9176.92 11885.46 9170.67 11878.78 9165.02 11817.01 9171.86 11800.38
10 17561.43 13984.81 17537.92 13930.31 17520.23 13938.58 17535.96 13925.74 17535.99 13907.71 17497.16 13889.35 17567.64 13895.03 17585.69 13877.51 17581.11 13907.98 17620.43 13898.41
7 15013.48 6176.16 14940.57 6174.73 14944.22 6162.75 14960.29 6136.70 14969.60 6141.16 14978.56 6126.97 14996.36 6128.78
14 9435.56 4489.05 9457.14 4514.78 9456.02 4519.43 9445.32 4517.11 9425.05 4498.70 9418.35 4528.18 9417.61 4503.49 9396.92 4504.69 9381.68 4489.79 9394.08 4485.72 9399.10 4467.51 9414.81 4472.93 9444.50 4444.95 9435.18 4474.71
6 11328.97 12501.66 11388.57 12429.51 11406.57 12443.85 11443.77 12504.68 11444.19 12576.08 11359.63 12579.94
10 10586.41 6471.73 10544.02 6473.05 10527.82 6504.86 10499.41 6461.44 10522.07 6462.83 10520.51 6431.61 10542.69 6439.55 10545.68 6461.70 10552.56 6459.95 10544.86 6465.08
12 8935.07 12748.80 8931.51 12751.54 8949.85 12761.94 8955.56 12802.34 8914.01 12791.53 8898.29 12759.48 8844.76 12755.92 8906.72 12729.60 8907.30 12692.20 8937.90 12716.86 8944.96 12724.76 8958.59 12724.08
15 8504.77 14595.71 8492.44 14576.91 8482.15 14570.45 8477.71 14590.02 8465.69 14583.32 8456.17 14562.61 8430.75 14551.91 8472.60 14550.00 8466.80 14514.47 8475.99 14541.65 8474.86 14502.39 8483.27 14546.44 8490.29 14509.72 8492.88 14516.70 8509.70 14552.72
9 14263.57 3877.38 14249.50 3918.26 14188.27 3910.66 14183.45 3902.69 14179.46 3894.34 14178.61 3881.97 14201.69 3850.95 14203.59 3851.38 14261.32 3873.83
15 17483.83 12726.51 17496.84 12781.37 17469.56 12805.69 17462.64 12784.94 17423.57 12768.29 17377.31 12719.79 17432.08 12702.92 17395.83 12652.28 17424.27 12664.71 17469.23 12674.12 17466.61 12687.30 17467.26 12702.59 17505.31 12684.95 17495.19 12697.07 17502.35 12714.71
13 14044.29 4069.34 14029.31 4071.27 14023.94 4080.09 14029.60 4089.74 14033.16 4097.63 13985.77 4077.94 13993.49 4071.20 13984.88 4069.43 13990.88 4045.96 14010.05 4054.40 14020.38 4049.35 14027.58 4028.09 14023.05 4059.22
9 15862.68 9971.39 15928.02 10040.44 15907.33 10089.32 15874.13 10107.65 15873.59 10107.41 15780.34 10062.93 15798.01 10001.24 15804.30 9990.31 15812.80 9987.37
9 12253.73 7770.52 12258.63 7734.97 12272.63 7716.46 12304.76 7690.34 12330.32 7708.53 12354.63 7736.17 12347.55 7783.60 12334.80 7796.76 12287.29 7804.92
10 10422.09 13075.89 10433.97 13108.49 10382.30 13086.44 10380.47 13100.57 10376.26 13090.54 10342.87 13129.88 10333.13 13069.90 10350.08 13021.64 10377.62 13030.48 10387.82 13039.83
8 17005.40 5735.90 17043.74 5663.07 17057.60 5665.28 17133.28 5694.04 17146.68 5717.23 17142.11 5761.03 17070.82 5783.29 17014.05 5759.29
9 7026.09 10501.39 7026.48 10469.69 7047.46 10447.97 7078.42 10436.72 7104.55 10455.57 7118.39 10469.21 7107.60 10511.01 7054.93 10531.30 7040.34 10526.81
5 10727.05 5061.07 10674.59 5105.19 10650.76 5006.76 10672.01 5014.70 10670.74 5005.50
7 6758.43 15090.62 6706.85 15081.98 6723.81 15120.55 6695.28 15119.07 6675.68 15134.88 6636.73 15066.99 6599.12 15052.82
7 1969.70 11149.14 1920.18 11188.14 1886.92 11171.08 1876.16 11158.80 1881.30 11092.80 1910.07 11084.11 1959.46 11114.20
9 17212.20 3072.93 17211.55 3075.65 17217.58 3084.35 17219.91 3101.29 17190.44 3072.27 17162.05 3066.16 17201.34 3039.45 17228.38 3048.78 17243.00 3061.69
5 5138.69 1762.16 5061.77 1723.07 5034.04 1709.67 5035.97 1702.13 5061.87 1674.85
5 4698.27 14003.56 4775.02 14032.54 4759.73 14099.89 4752.56 14113.99 4725.98 14106.18
10 6473.73 13437.34 6475.96 13452.05 6466.58 13474.49 6464.48 13475.00 6451.33 13465.78 6452.98 13455.96 6452.32 13450.56 6442.55 13446.45 6426.41 13451.77 6429.14 13438.65
14 9931.65 6030.48 9908.98 6020.92 9899.11 6046.73 9874.87 6096.35 9874.19 6065.60 9882.24 6024.85 9822.07 6012.18 9839.46 6007.24 9861.50 6005.35 9804.78 5993.33 9824.79 5990.12 9897.93 5940.71 9907.67 5958.63 9940.90 5962.27
15 11522.19 2175.14 11538.39 2213.45 11490.07 2213.18 11422.56 2220.63 11434.54 2204.54 11400.71 2207.13 11404.10 2111.95 11444.92 2139.01 11453.05 2097.60 11470.94 2140.36 11484.24 2093.39 11473.05 2154.80 11498.55 2110.36 11477.37 2151.31 11500.15 2146.46
6 16577.91 4547.33 16537.12 4573.10 16536.94 4541.93 16522.51 4562.58 16517.27 4509.92 16548.53 4482.22
6 17295.34 10369.64 17283.56 10381.86 17236.78 10332.25 17231.56 10326.95 17296.49 10306.50 17325.97 10355.98
13 7170.42 2702.60 7137.46 2693.54 7112.32 2700.93 7092.39 2709.74 7067.05 2716.99 7070.29 2657.46 7115.98 2644.94 7119.13 2655.09 7123.28 2675.62 7145.39 2659.29 7150.56 2664.10 7170.20 2651.35 7149.45 2672.37
10 16132.94 16793.18 16132.04 16737.13 16169.50 16722.92 16188.76 16722.91 16202.97 16735.53 16218.83 16753.85 16234.54 16787.86 16228.45 16795.29 16207.29 16817.32 16160.64 16835.05
8 5939.91 8223.05 6033.75 8185.09 6068.37 8223.10 6072.86 8284.25 6031.38 8317.50 5989.71 8311.89 5973.44 8304.75 5946.68 8252.90
8 8261.95 8193.61 8245.76 8147.27 8263.36 8126.58 8300.21 8111.75 8337.73 8119.27 8353.05 8168.44 8312.75 8194.84 8285.49 8205.66
7 3075.19 14792.19 3067.32 14762.00 3014.48 14754.92 3060.56 14720.53 3056.86 14709.60 3096.99 14734.13 3135.40 14723.22
8 12313.51 4500.34 12285.34 4489.71 12293.85 4519.15 12259.13 4489.34 12252.95 4470.81 12269.31 4439.00 12286.63 4464.40 12289.99 4478.30
5 4724.51 14524.16 4730.22 14545.78 4705.82 14538.85 4695.04 14552.86 4709.73 14515.33
14 12768.48 16571.45 12767.41 16598.39 12724.27 16598.31 12726.92 16577.42 12704.55 16595.75 12689.00 16606.29 12709.40 16536.16 12722.29 16507.77 12726.67 16500.09 12743.07 16514.10 12772.61 16497.00 12812.89 16514.38 12815.10 16542.47 12773.54 16547.11
10 7112.35 16709.54 7043.51 16724.71 7039.54 16742.99 7009.38 16730.31 7006.19 16725.93 6977.20 16722.85 6984.31 16687.95 7001.71 16679.31 7088.69 16665.36 7109.63 16699.43
9 8794.55 10078.38 8830.49 10105.19 8797.67 10131.58 8781.48 10101.38 8769.05 10133.12 8762.92 10070.50 8746.20 10058.64 8777.11 10030.27 8815.85 10057.34
10 16099.30 2538.07 16108.56 2563.23 16080.06 2545.82 16082.27 2557.97 16032.85 2592.29 16053.23 2544.35 16043.01 2538.30 16026.49 2515.82 16053.29 2522.94 16084.63 2519.60
11 10744.80 5849.73 10750.78 5821.06 10765.53 5810.33 10788.51 5796.50 10828.20 5820.88 10832.66 5838.29 10833.97 5859.61 10809.50 5888.49 10786.57 5888.54 10774.31 5887.93 10744.84 5867.22
9 13902.54 17603.07 13860.23 17681.80 13851.54 17619.26 13834.69 17630.16 13849.78 17608.49 13868.74 17563.48 13872.42 17577.90 13890.79 17532.79 13923.22 17563.76
6 8922.25 15945.27 8904.75 15988.57 8890.41 15976.47 8884.97 15961.75 8884.67 15882.88 8925.75 15908.00
5 16199.86 13782.95 16168.97 13773.55 16144.64 13776.75 16197.18 13731.80 16201.17 13755.59
6 12710.77 16249.51 12651.84 16208.41 12705.51 16156.66 12706.94 16201.12 12722.87 16179.75 12722.79 16192.23
5 12467.54 6881.60 12451.30 6882.49 12437.14 6872.61 12433.47 6869.92 12434.81 6869.12
8 17713.59 5334.49 17698.93 5335.96 17699.29 5337.20 17683.41 5345.65 17652.61 5340.36 17659.39 5328.04 17662.64 5317.12 17681.68 5286.74
11 13080.86 7907.22 13056.53 7880.15 13057.05 7848.72 13084.28 7818.82 13109.99 7811.22 13140.29 7823.57 13149.22 7834.08 13147.49 7879.56 13131.36 7901.11 13119.52 7906.64 13095.03 7912.90
15 15034.78 2594.20 15052.43 2604.85 15056.21 2613.98 15063.94 2637.42 15058.02 2663.68 15045.96 2672.36 15032.53 2679.01 15018.32 2685.11 15009.90 2685.14 14999.49 2684.79 14977.21 2677.41 14973.28 2664.60 14988.45 2630.98 15013.64 2600.10 15017.69 2597.33
9 5680.81 9511.81 5689.57 9535.72 5665.77 9542.25 5610.06 9525.94 5597.58 9498.32 5698.61 9458.88 5707.17 9451.77 5701.73 9459.90 5687.22 9486.30
15 6855.90 5367.20 6860.38 5371.75 6833.00 5400.17 6822.27 5371.55 6802.20 5377.78 6795.94 5370.12 6789.33 5364.99 6794.37 5362.77 6791.38 5361.86 6811.77 5356.46 6814.46 5352.84 6839.41 5347.10 6832.78 5357.04 6854.43 5353.88 6831.95 5360.13
6 7428.91 5498.89 7406.33 5499.45 7379.23 5383.69 7435.42 5361.58 7476.11 5389.74 7486.19 5417.05
10 11904.34 15140.48 11913.95 15116.67 11956.69 15074.33 11970.99 15077.08 11998.37 15097.05 12006.36 15114.39 12012.36 15133.81 12005.69 15147.29 11972.54 15188.99 11935.09 15186.81
11 4170.10 9138.47 4156.47 9179.18 4122.24 9183.95 4109.33 9179.80 4095.13 9154.20 4092.71 9148.34 4081.77 9109.33 4092.72 9092.77 4109.83 9083.28 4141.58 9084.95 4165.71 9106.59
14 15868.35 2709.75 15859.69 2712.39 15903.34 2729.67 15881.33 2764.61 15839.99 2741.91 15839.80 2735.94 15813.55 2713.09 15799.34 2679.44 15817.53 2685.71 15795.19 2663.03 15832.05 2689.47 15873.97 2666.44 15860.45 2694.94 15902.38 2692.19
14 8999.32 4871.90 9010.13 4873.90 8997.69 4895.37 8982.66 4889.58 8974.16 4867.72 8959.17 4862.68 8979.20 4864.26 8963.34 4849.49 8991.05 4842.31 9008.34 4838.18 9014.47 4841.55 9004.66 4853.97 9004.51 4854.41 9003.76 4863.88
10 16999.66 15733.45 16992.52 15720.49 16995.86 15671.07 17017.76 15659.02 17026.27 15657.05 17058.11 15664.44 17064.39 15681.40 17063.07 15707.19 17047.85 15738.47 17022.75 15736.01
12 2483.06 4146.88 2396.04 4101.40 2377.72 4082.25 2373.53 4066.02 2376.74 4047.85 2422.11 4015.94 2438.93 4010.63 2467.35 4009.11 2496.47 4011.88 2540.09 4040.02 2535.93 4078.96 2516.06 4106.71
6 5679.24 200.39 5640.94 211.94 5618.43 213.28 5578.03 146.11 5638.20 155.02 5669.79 157.12
10 13123.81 10663.57 13128.57 10645.02 13163.31 10624.08 13176.69 10631.54 13185.19 10639.97 13200.84 10670.15 13179.52 10702.37 13154.44 10707.77 13135.38 10695.71 13125.08 10675.40
7 9446.51 14007.31 9436.74 14024.69 9418.50 14013.06 9417.86 13992.54 9446.51 13965.20 9443.29 13981.41 9435.89 13998.75
10 10977.65 8269.97 10993.02 8183.73 11045.64 8157.72 11069.99 8157.86 11110.89 8180.32 11117.58 8193.62 11111.97 8287.35 11080.95 8309.47 11051.74 8313.41 11018.91 8301.88
6 5061.07 4576.45 5054.53 4580.94 5038.87 4592.16 5011.29 4577.05 5028.98 4519.13 5056.95 4525.71
8 14800.58 16059.92 14732.98 16133.07 14679.85 16072.31 14682.62 16023.69 14751.45 16020.98 14747.61 15987.43 14757.21 16028.29 14775.68 16016.50
5 13475.06 1928.19 13540.29 1903.90 13545.87 1930.84 13517.98 1944.00 13486.88 1953.25
13 3144.69 17609.47 3079.59 17619.81 3048.87 17656.08 3054.09 17607.91 3022.26 17611.96 3049.86 17589.32 3044.44 17581.26 3058.01 17582.03 3046.12 17550.68 3058.91 17531.95 3080.28 17563.14 3086.26 17582.44 3130.82 17563.01
7 11927.27 14292.43 11898.80 14287.04 11897.62 14285.27 11870.75 14281.37 11846.63 14269.48 11969.71 14226.53 11925.21 14251.54
9 13346.70 7691.29 13398.17 7716.78 13392.65 7737.36 13384.24 7767.98 13369.64 7774.08 13331.21 7757.07 13329.89 7752.19 13326.67 7731.49 13328.80 7708.64
7 16654.73 4577.69 16705.79 4608.14 16705.32 4611.63 16662.82 4699.80 16625.54 4681.67 16592.92 4617.78 16635.49 4584.60
7 13772.41 7201.41 13712.82 7182.59 13727.45 7125.67 13741.69 7113.58 13785.61 7124.97 13796.68 7151.22 13793.88 7186.92
9 7253.01 1132.65 7257.00 1180.47 7231.56 1232.92 7206.44 1227.81 7165.28 1215.59 7150.05 1204.32 7155.56 1146.75 7168.06 1135.09 7175.28 1133.53
8 10464.94 6088.65 10511.98 6046.43 10540.86 6048.67 10553.46 6082.83 10562.64 6139.24 10510.75 6154.69 10501.79 6155.43 10492.62 6151.29
14 8922.00 2598.06 8896.40 2640.40 8875.46 2614.30 8868.54 2622.69 8855.82 2602.87 8855.98 2581.24 8856.30 2574.91 8853.44 2559.22 8889.80 2551.98 8890.51 2539.48 8892.80 2561.68 8894.72 2571.41 8921.94 2559.57 8919.10 2590.61
15 16460.68 16976.14 16514.61 16999.82 16502.25 17016.36 16462.85 17027.76 16450.91 17048.90 16443.45 17015.34 16421.74 17008.45 16429.63 16987.31 16396.14 16989.10 16427.73 16979.49 16403.81 16958.96 16432.30 16959.21 16434.65 16925.51 16479.28 16928.42 16458.95 16969.16
11 9514.07 463.93 9479.29 534.80 9460.79 486.82 9452.02 490.14 9432.68 509.30 9419.46 485.32 9416.77 464.77 9417.06 451.44 9466.05 428.23 9465.76 442.81 9486.64 429.77
9 8148.72 4234.90 8158.00 4262.05 8109.58 4248.51 8086.11 4258.76 8073.95 4162.16 8098.20 4148.11 8122.18 4164.34 8175.18 4178.42 8148.53 4209.02
8 108.39 6551.17 125.92 6524.56 208.40 6470.37 252.75 6503.60 270.48 6539.42 197.07 6613.17 173.78 6617.47 156.36 6606.38
7 10985.34 17029.00 10980.23 16970.05 11002.46 16945.68 11036.97 16951.78 11081.16 16978.70 11060.04 17006.55 11036.16 17035.91
7 13513.08 4443.87 13503.46 4494.07 13417.49 4468.50 13396.75 4441.95 13416.87 4416.63 13437.97 4397.56 13499.50 4423.92
10 3546.08 9562.13 3498.29 9569.89 3490.09 9585.99 3477.71 9617.95 3407.73 9568.25 3409.45 9519.66 3430.88 9523.57 3480.62 9486.53 3483.71 9492.47 3516.35 9475.76
14 13517.55 3146.90 13462.92 3119.06 13448.11 3097.83 13444.38 3062.49 13460.08 3031.26 13487.64 2988.22 13572.43 3000.17 13574.36 3000.82 13584.46 3005.03 13599.20 3018.99 13602.78 3032.54 13603.48 3059.16 13599.07 3074.39 13553.52 3130.97
9 11486.32 1576.57 11480.23 1551.00 11506.24 1506.94 11512.48 1500.71 11598.39 1491.85 11632.99 1529.59 11624.08 1578.67 11599.88 1609.65 11551.61 1614.52
6 9942.21 11330.08 9936.64 11327.04 9917.86 11340.25 9928.93 11314.58 9928.23 11310.70 9952.37 11288.20
8 15606.15 9254.34 15565.28 9245.30 15551.83 9188.69 15493.31 9169.61 15532.76 9167.61 15496.29 9153.34 15512.94 9125.58 15543.32 9140.09
8 10540.15 3414.96 10498.51 3494.58 10447.08 3487.73 10420.53 3416.93 10420.21 3401.65 10426.73 3384.29 10479.31 3354.75 10528.21 3388.35
6 15503.67 7377.74 15506.35 7402.21 15439.11 7393.66 15456.08 7358.48 15467.30 7361.48 15484.30 7339.86
12 16754.55 10745.91 16715.70 10684.57 16717.96 10652.96 16723.76 10643.85 16780.86 10625.40 16805.64 10626.93 16816.45 10627.99 16819.90 10637.21 16820.79 10642.97 16824.59 10674.96 16796.81 10738.68 16775.09 10742.47
10 12772.00 241.51 12809.27 140.60 12823.44 102.67 12871.15 120.06 12876.69 122.13 12905.96 153.16 12926.22 176.49 12920.60 216.84 12877.40 280.41 12802.51 262.12
8 15727.01 4284.41 15705.75 4234.37 15717.46 4221.45 15755.64 4187.60 15809.25 4194.01 15817.40 4218.10 15811.34 4258.36 15791.33 4286.23
8 1865.07 17700.46 1866.27 17730.44 1870.10 17746.55 1857.42 17744.29 1841.28 17740.45 1817.52 17779.44 1780.03 17632.43 1806.78 17668.67
8 9939.20 9022.91 9889.15 8978.50 9971.73 8896.19 9978.57 8893.40 9982.89 8895.08 10012.89 8945.15 10031.30 8999.09 9972.95 9017.16
7 4832.09 1495.90 4907.55 1447.56 4946.66 1508.17 4918.38 1550.18 4900.96 1559.01 4867.67 1548.13 4851.69 1533.90
12 15391.25 10106.28 15378.07 10182.26 15345.69 10184.25 15339.26 10178.95 15316.44 10137.94 15296.40 10156.67 15307.23 10135.80 15313.14 10085.59 15332.71 10056.28 15358.00 10065.87 15377.70 10071.33 15391.45 10088.08
9 3990.24 10348.70 3982.46 10354.86 3972.37 10414.84 3943.68 10368.78 3898.81 10398.61 3926.01 10351.39 3879.53 10353.75 3904.24 10293.36 3983.08 10297.18
12 7928.38 325.14 7889.09 357.92 7867.02 315.48 7855.80 348.50 7817.67 319.96 7832.98 282.67 7854.05 271.56 7866.97 242.47 7891.20 232.64 7893.99 241.12 7879.24 277.06 7911.22 265.47
7 6022.85 937.40 6091.47 876.51 6170.11 938.83 6179.06 973.10 6157.62 980.97 6039.81 970.58 6031.86 958.18
8 8663.38 11656.10 8740.01 11721.71 8733.21 11800.92 8645.84 11816.32 8592.50 11778.90 8597.83 11704.91 8627.65 11666.38 8636.44 11659.48
7 16910.64 11282.92 16845.07 11210.35 16908.41 11155.73 16942.11 11129.04 16992.79 11184.33 16998.94 11211.69 16994.71 11226.26
6 6754.73 562.99 6768.87 532.30 6834.22 537.35 6838.52 596.85 6771.71 579.27 6760.20 573.46
8 12711.65 7021.90 12791.65 6961.77 12812.59 6963.28 12854.88 6997.75 12820.78 7106.31 12792.08 7114.75 12761.08 7113.96 12729.91 7098.29
13 12249.46 16739.02 12200.73 16746.46 12214.83 16797.53 12179.57 16784.99 12120.22 16762.53 12110.48 16764.33 12155.64 16661.87 12171.15 16667.75 12183.41 16671.40 12196.40 16681.06 12208.54 16689.55 12221.78 16692.92 12225.84 16696.30
9 14103.61 8869.26 14070.02 8927.84 14070.00 8921.58 14049.56 8883.01 14007.48 8901.96 14045.80 8873.58 14026.03 8873.41 13997.23 8872.78 14115.94 8838.25
13 2077.28 13107.27 2080.40 13115.63 2063.42 13127.01 2032.51 13114.17 2025.57 13095.90 2045.66 13081.18 2057.41 13057.56 2061.88 13068.06 2065.89 13044.84 2069.21 13067.46 2073.41 13050.78 2079.09 13069.89 2082.95 13087.48
9 5745.38 12720.39 5789.41 12671.25 5842.15 12647.01 5866.19 12677.39 5888.10 12760.87 5890.64 12777.11 5828.24 12801.33 5778.47 12783.72 5746.73 12732.68
11 685.21 1332.98 707.09 1288.07 792.78 1305.77 793.59 1306.20 795.42 1331.49 793.47 1370.00 787.96 1376.78 770.71 1394.52 742.23 1403.62 717.76 1407.40 712.68 1398.84
8 12396.95 15801.79 12395.25 15815.16 12375.57 15826.51 12370.70 15830.54 12308.92 15802.10 12288.18 15760.88 12323.77 15730.06 12402.90 15737.50
8 6192.84 7585.95 6181.09 7581.79 6180.83 7573.50 6155.29 7574.19 6156.98 7572.84 6153.86 7550.84 6148.41 7538.70 6233.99 7509.85
8 8782.97 15304.36 8766.86 15277.96 8767.02 15226.18 8774.74 15200.63 8809.82 15210.64 8840.62 15225.19 8860.09 15260.00 8837.86 15291.06
8 9969.70 5429.37 9975.43 5478.11 9959.42 5430.70 9943.54 5443.30 9949.22 5420.01 9913.07 5384.93 9923.51 5391.91 10012.20 5382.22
8 10385.07 8791.55 10404.75 8729.65 10454.83 8705.95 10512.15 8732.21 10518.34 8779.41 10501.66 8821.66 10494.34 8825.88 10409.88 8821.23
8 8703.91 1597.26 8696.25 1660.66 8583.04 1646.83 8569.80 1642.40 8564.18 1623.04 8569.10 1556.93 8613.25 1522.71 8696.34 1555.84
10 10161.77 6844.23 10135.84 6848.97 10145.26 6860.10 10132.81 6874.22 10059.79 6850.82 10082.74 6835.81 10072.68 6801.39 10074.41 6788.17 10076.33 6780.12 10114.83 6805.39
13 2853.78 11935.97 2843.89 11941.56 2758.00 11970.82 2766.06 11942.62 2748.54 11929.21 2724.10 11903.14 2750.82 11875.63 2786.25 11871.54 2801.87 11836.45 2811.72 11874.64 2810.06 11882.29 2852.89 11880.03 2826.82 11896.74
9 15558.07 2581.63 15529.83 2638.28 15485.62 2632.65 15453.12 2616.08 15437.99 2582.16 15440.54 2541.52 15468.29 2520.93 15504.14 2521.07 15518.78 2523.88
14 16867.04 11936.16 16879.51 11986.77 16833.78 11943.86 16791.53 11982.70 16795.76 11973.10 16821.82 11945.26 16812.06 11951.89 16818.41 11892.80 16824.14 11884.35 16833.09 11873.69 16847.64 11883.27 16862.04 11859.81 16866.64 11895.32 16852.12 11917.03
13 8515.39 2253.32 8500.31 2254.60 8528.95 2283.73 8516.70 2300.00 8478.77 2299.70 8478.83 2290.81 8447.87 2266.89 8460.16 2254.42 8440.28 2239.47 8413.29 2208.09 8445.26 2222.33 8442.65 2203.79 8460.40 2200.06
10 9908.12 5565.53 9889.20 5536.23 9868.51 5559.44 9844.99 5554.72 9827.94 5541.26 9856.94 5487.85 9894.18 5496.25 9909.46 5492.76 9917.74 5473.71 9951.33 5479.12
13 1539.21 2576.50 1498.24 2580.10 1502.15 2607.87 1456.00 2619.46 1452.34 2607.29 1435.32 2639.61 1414.04 2635.61 1427.11 2583.28 1415.37 2586.60 1372.39 2588.80 1369.07 2587.92 1428.48 2544.93 1424.28 2509.84
9 8902.31 9808.83 8894.29 9795.08 8861.90 9796.67 8847.82 9783.24 8877.61 9780.10 8867.30 9752.19 8880.07 9752.61 8904.95 9755.60 8908.67 9774.85
15 10567.80 3687.39 10541.31 3698.59 10521.87 3706.46 10495.61 3694.90 10485.21 3686.33 10515.52 3669.42 10502.16 3666.52 10512.02 3658.28 10503.80 3632.46 10520.48 3643.37 10524.83 3644.18 10537.96 3659.13 10546.66 3640.15 10555.82 3625.92 10585.27 3649.25
7 12120.08 8474.48 12143.05 8517.20 12141.54 8542.39 12113.85 8547.26 12072.78 8520.35 12071.28 8518.57 12094.53 8484.99
9 14898.78 4766.63 14832.89 4742.15 14831.22 4705.44 14830.29 4642.49 14845.93 4625.75 14955.33 4656.05 14980.68 4672.84 14977.18 4691.31 14963.59 4738.20
6 11235.99 10860.51 11151.83 10744.86 11223.53 10700.49 11244.41 10697.84 11304.91 10750.28 11301.70 10811.85
7 10168.27 8187.36 10139.59 8142.45 10150.65 8081.78 10163.86 8070.07 10204.56 8076.90 10236.00 8117.78 10251.28 8165.44
6 9355.84 14925.91 9419.55 14905.98 9436.80 14924.50 9439.67 14960.49 9421.35 14969.86 9379.97 14967.57
7 11090.16 12425.00 11135.63 12495.90 11074.54 12542.43 11060.26 12538.29 11035.08 12494.32 11035.13 12452.97 11066.81 12433.00
11 16485.04 733.76 16471.76 721.62 16424.96 725.19 16454.23 700.80 16423.87 706.42 16435.02 682.36 16467.75 679.01 16469.92 679.39 16481.73 666.02 16492.42 680.33 16484.32 689.66
13 6469.52 8612.97 6449.68 8624.38 6440.49 8616.58 6429.58 8609.39 6421.30 8618.22 6400.34 8626.05 6410.66 8613.19 6411.75 8602.89 6380.83 8578.49 6401.10 8574.85 6416.71 8587.75 6440.22 8585.70 6437.52 8594.53
7 16912.29 4921.15 16940.65 4956.65 16937.75 4974.04 16926.01 5038.80 16808.01 5051.72 16781.16 5029.77 16800.18 4936.89
6 11305.53 4134.15 11211.17 4122.24 11219.37 4099.97 11229.82 4100.31 11244.04 4101.60 11290.76 4096.46
7 2576.22 17162.45 2572.17 17162.35 2555.81 17148.24 2552.97 17139.79 2536.34 17129.83 2540.25 17122.38 2595.90 17108.60
13 12732.33 7449.74 12720.12 7449.90 12694.31 7471.50 12679.80 7461.66 12663.27 7442.31 12649.53 7438.49 12688.48 7441.88 12663.95 7423.34 12683.39 7434.45 12688.64 7430.00 12684.17 7420.48 12701.50 7423.12 12707.13 7407.74
7 9681.62 8515.70 9660.90 8492.13 9673.25 8442.20 9679.32 8439.43 9680.40 8447.72 9683.96 8434.82 9726.06 8436.56
8 10308.50 2610.06 10254.11 2604.43 10260.52 2541.81 10287.97 2546.16 10314.77 2524.60 10323.81 2541.15 10315.29 2553.27 10328.25 2542.39
5 12541.95 7749.42 12524.49 7750.37 12532.07 7714.59 12559.77 7694.09 12595.59 7694.72
9 2136.41 7477.52 2087.84 7523.85 2044.24 7498.23 2007.13 7474.76 1999.53 7466.34 1994.68 7425.93 2029.54 7389.20 2053.36 7376.10 2132.63 7454.68
10 6842.52 2708.88 6826.25 2663.37 6861.59 2637.22 6873.66 2639.91 6895.10 2645.11 6909.73 2653.22 6932.09 2687.97 6922.40 2706.27 6889.19 2743.40 6870.42 2736.40
7 11945.25 13526.64 11906.19 13508.35 11937.24 13490.48 11946.40 13477.32 11945.44 13489.21 11937.27 13505.99 11970.38 13499.19
12 5581.61 3564.93 5574.95 3564.56 5568.80 3570.03 5555.11 3576.80 5546.03 3595.10 5517.91 3616.61 5515.62 3613.00 5541.82 3562.46 5511.71 3521.89 5545.03 3528.79 5577.24 3539.42 5626.21 3544.25
8 2615.83 12275.61 2653.79 12234.15 2679.39 12239.59 2709.51 12263.77 2718.42 12277.92 2703.19 12313.13 2649.00 12323.90 2630.20 12305.39
12 13075.02 5727.88 13080.00 5739.33 13068.17 5733.87 13060.75 5778.73 13037.19 5754.71 13031.55 5758.43 12997.53 5730.48 13012.24 5666.26 13041.14 5689.38 13057.60 5695.38 13095.64 5699.93 13085.04 5709.46
8 11506.30 6533.41 11568.42 6435.32 11620.17 6484.49 11640.10 6526.60 11622.42 6573.04 11572.36 6587.18 11526.77 6598.25 11516.78 6587.02
9 12741.31 14996.69 12788.09 14928.25 12836.55 14932.31 12893.93 14958.63 12882.42 15008.07 12874.36 15036.90 12813.45 15047.79 12761.24 15049.84 12744.91 15009.96
7 2954.22 1809.40 2928.27 1820.50 2907.85 1797.55 2931.48 1780.70 2926.31 1778.51 2909.59 1738.64 2917.43 1740.16
7 17207.95 9395.17 17248.07 9289.24 17286.27 9309.22 17319.15 9364.17 17290.59 9421.91 17245.79 9432.82 17210.57 9412.57
6 6118.09 2667.89 6034.22 2595.38 6053.22 2518.85 6123.78 2528.35 6161.81 2561.91 6158.31 2654.78
6 7207.34 8672.08 7188.47 8675.51 7160.97 8654.47 7143.82 8649.11 7148.34 8600.39 7209.74 8593.62
8 7178.79 5347.10 7166.12 5355.21 7157.04 5352.83 7131.41 5341.89 7153.29 5330.39 7158.35 5324.92 7150.55 5299.47 7171.06 5318.25
5 6242.46 11933.03 6246.93 11958.82 6207.57 11968.55 6189.25 11931.44 6190.41 11891.71
8 6493.79 8966.99 6409.01 9010.52 6417.32 8978.96 6389.36 8950.99 6408.83 8941.06 6439.82 8942.55 6459.77 8886.37 6462.35 8952.09
11 894.85 7844.22 890.33 7822.46 894.47 7794.34 910.65 7784.38 919.20 7780.00 930.51 7780.44 977.06 7811.89 980.49 7833.32 973.21 7853.88 929.53 7883.35 902.37 7854.69
10 17131.29 2911.81 17130.80 2919.19 17128.73 2924.34 17136.12 2946.17 17122.28 2957.32 17058.37 2935.22 17109.86 2887.38 17118.36 2900.16 17138.93 2892.90 17135.70 2901.90
15 1649.68 3265.85 1627.23 3275.79 1616.09 3316.95 1613.09 3302.53 1608.47 3294.38 1587.19 3320.22 1576.12 3291.51 1570.56 3281.40 1561.31 3237.03 1571.40 3238.47 1573.14 3212.73 1608.18 3217.42 1614.34 3247.56 1628.33 3249.35 1654.95 3249.24
6 5328.61 13065.12 5279.71 13082.61 5287.87 13075.13 5303.03 13018.79 5309.19 13046.50 5364.83 13046.25
8 1776.31 6356.96 1773.29 6367.84 1753.38 6375.96 1745.95 6350.30 1739.23 6344.60 1727.43 6336.46 1783.21 6302.93 1777.54 6334.33
11 14950.56 16312.21 14983.36 16275.10 15043.65 16294.98 15046.91 16296.87 15052.55 16305.43 15041.01 16345.90 15028.10 16368.52 15010.59 16370.04 14999.52 16370.20 14973.00 16356.76 14953.60 16336.88
8 12955.86 6961.23 12945.33 6976.23 12926.52 6994.32 12922.35 7005.65 12878.94 6980.50 12897.71 6949.44 12959.38 6922.11 12991.94 6921.34
8 1690.52 258.28 1769.23 239.08 1784.00 294.31 1772.62 310.08 1741.30 323.07 1729.10 321.65 1721.48 318.79 1701.21 306.64
12 6661.63 12449.27 6653.65 12478.39 6576.73 12499.57 6581.23 12471.63 6582.69 12463.28 6569.38 12476.27 6584.01 12459.49 6573.59 12461.85 6615.03 12420.50 6626.89 12429.86 6675.09 12428.41 6637.71 12435.69
8 2426.07 10002.37 2441.82 10020.71 2411.69 10019.78 2382.22 10057.14 2371.17 10034.92 2338.10 9987.99 2360.52 9956.01 2392.10 9958.90
6 16143.17 15529.12 16040.06 15491.71 16164.03 15401.17 16201.79 15425.95 16184.65 15477.39 16148.64 15526.17
13 1540.90 7907.84 1534.25 7925.24 1521.42 7929.89 1515.58 7925.31 1479.47 7884.06 1518.83 7881.94 1518.63 7843.55 1535.52 7848.77 1544.55 7871.24 1566.65 7868.12 1542.86 7889.04 1562.80 7886.40 1550.00 7892.76
9 5173.74 14241.30 5130.82 14176.15 5193.66 14134.90 5223.30 14119.57 5240.23 14119.10 5283.23 14164.17 5279.91 14204.89 5239.30 14265.30 5188.91 14250.66
12 9461.90 9642.45 9440.67 9649.91 9436.80 9692.49 9384.02 9652.52 9383.26 9636.37 9416.89 9611.73 9429.55 9621.82 9437.23 9581.17 9456.39 9606.24 9473.62 9618.86 9458.02 9625.88 9456.87 9629.01
12 13675.38 11905.15 13658.92 11938.68 13647.80 11945.39 13604.81 11966.26 13586.64 11961.62 13563.88 11938.71 13553.06 11915.18 13538.31 11877.87 13543.78 11868.94 13589.17 11832.14 13630.07 11832.73 13657.43 11853.09
7 8628.58 13920.42 8635.63 13877.82 8683.53 13874.91 8679.26 13922.71 8674.81 13925.21 8645.15 13938.28 8631.24 13924.26
15 5915.95 13783.67 5946.01 13794.78 5946.94 13801.38 5924.95 13822.56 5895.74 13793.51 5877.91 13816.17 5865.27 13814.22 5862.31 13795.41 5826.82 13798.07 5848.61 13774.61 5874.60 13768.90 5884.75 13765.10 5887.72 13738.75 5924.34 13731.51 5905.58 13769.17
10 9118.94 11327.62 9111.97 11327.56 9095.63 11348.36 9100.52 11326.87 9070.25 11328.25 9070.28 11309.87 9104.40 11308.76 9093.01 11267.40 9106.13 11283.70 9117.79 11288.64
13 13796.31 6163.65 13811.62 6182.50 13796.81 6198.35 13798.13 6209.20 13770.87 6190.16 13757.94 6187.28 13710.52 6186.63 13737.03 6163.42 13741.02 6162.91 13728.11 6127.45 13765.00 6132.98 13781.76 6135.65 13789.99 6136.57
9 10776.31 2099.04 10804.15 2123.29 10799.25 2181.77 10784.61 2206.32 10782.85 2208.86 10725.38 2221.81 10696.82 2207.58 10699.82 2119.39 10733.24 2106.02
11 16093.48 10112.75 16079.92 10066.39 16086.58 10044.44 16114.63 9982.67 16122.65 9979.78 16207.61 9981.36 16213.18 9982.67 16251.84 10019.12 16237.39 10090.62 16199.23 10121.52 16116.83 10120.74
11 7960.70 14402.58 7929.90 14327.29 7947.07 14300.40 7973.36 14266.59 8012.48 14255.79 8033.54 14269.80 8094.43 14310.93 8078.58 14365.28 8067.12 14381.90 8057.80 14389.38 8027.58 14407.94
7 12597.03 9418.58 12544.30 9388.73 12565.35 9346.98 12574.65 9343.56 12600.11 9344.15 12624.04 9385.58 12606.10 9410.88
7 11243.86 15003.07 11203.00 14970.82 11220.68 14923.78 11239.99 14920.43 11293.93 14949.91 11304.19 14966.94 11288.00 14996.91
6 13167.67 9924.45 13120.50 9885.43 13122.03 9852.41 13165.46 9837.19 13172.27 9841.88 13197.28 9890.56
11 3873.11 11764.59 3854.94 11760.21 3836.13 11794.26 3836.10 11749.29 3841.80 11744.91 3846.45 11740.24 3816.27 11726.58 3810.71 11720.46 3854.99 11724.60 3857.51 11702.50 3903.61 11734.04
8 11130.98 14467.34 11127.57 14482.11 11130.63 14495.29 11118.78 14512.11 11064.09 14472.90 11063.36 14461.00 11074.90 14443.57 11106.92 14438.73
10 12987.23 1369.83 12989.32 1384.34 12986.15 1388.20 12952.56 1409.60 12945.10 1411.83 12937.83 1399.11 12937.84 1369.46 12948.02 1349.50 12950.87 1346.48 12972.31 1354.33
5 707.75 9397.43 705.75 9414.42 702.10 9430.13 661.96 9347.96 708.94 9356.95
11 8361.03 677.00 8364.20 617.89 8390.89 593.95 8425.16 568.53 8483.19 571.53 8523.13 632.33 8507.69 663.55 8501.76 675.01 8480.76 707.91 8388.70 718.07 8381.85 718.69
9 11735.62 8295.54 11724.78 8243.21 11776.19 8186.10 11834.33 8186.96 11851.80 8223.32 11852.31 8257.61 11832.09 8311.66 11811.77 8319.63 11749.77 8302.58
7 10022.03 4518.12 9989.95 4535.36 9963.01 4555.33 9899.02 4509.01 9935.64 4487.10 9943.24 4478.75 9990.85 4491.24
11 12788.89 12174.37 12826.24 12144.93 12865.55 12181.67 12888.13 12209.68 12864.45 12244.94 12845.18 12271.08 12831.36 12278.69 12791.52 12280.08 12751.42 12236.34 12747.36 12224.27 12762.72 12203.99
13 10580.89 17788.87 10515.66 17823.49 10513.31 17822.47 10455.80 17797.02 10448.87 17769.00 10451.32 17759.43 10467.20 17719.84 10487.90 17713.90 10515.39 17707.79 10546.75 17714.97 10572.94 17748.92 10575.20 17752.36 10580.30 17778.86
9 8753.84 8721.10 8740.92 8707.40 8758.32 8662.13 8792.68 8653.96 8808.51 8659.90 8830.35 8687.82 8827.21 8711.76 8826.79 8713.06 8795.30 8739.55
6 13199.04 6094.94 13287.29 6176.54 13275.03 6232.54 13157.20 6260.84 13141.09 6201.49 13148.21 6104.49
8 3431.84 13348.05 3426.06 13323.84 3442.18 13292.50 3451.25 13287.71 3488.67 13306.74 3510.78 13341.35 3489.64 13362.66 3459.54 13386.28
8 8412.77 12943.59 8389.51 12992.77 8343.26 12985.04 8318.84 12974.83 8302.90 12951.71 8316.59 12926.34 8346.10 12892.95 8392.57 12906.09
5 5167.20 6893.00 5089.16 6896.73 5144.17 6837.98 5136.63 6858.23 5141.20 6861.79
9 9136.36 17331.58 9122.16 17304.88 9139.41 17266.24 9153.17 17262.09 9162.76 17268.51 9180.94 17284.87 9191.77 17295.12 9190.19 17302.39 9174.27 17337.06
7 226.18 12381.99 245.54 12417.85 199.41 12497.19 168.14 12508.01 123.64 12460.43 122.64 12444.44 149.24 12407.71
9 9649.95 17505.23 9654.37 17495.51 9709.70 17451.86 9746.60 17457.05 9774.04 17484.65 9781.20 17525.39 9725.27 17563.53 9692.67 17566.59 9675.57 17554.81
12 15187.66 7921.97 15189.23 7931.36 15119.68 7967.05 15080.11 7919.98 15080.83 7849.22 15085.80 7848.10 15073.73 7834.99 15093.79 7833.15 15120.77 7865.79 15122.70 7845.96 15134.08 7842.99 15211.71 7839.55
7 16963.75 9780.09 16932.55 9759.21 16941.37 9721.42 16971.47 9694.22 16985.05 9695.85 16995.91 9703.19 17021.55 9733.70
13 4593.98 3480.22 4547.80 3489.44 4562.39 3519.40 4544.36 3493.60 4500.49 3524.21 4486.18 3452.01 4492.27 3453.13 4498.33 3441.13 4517.37 3457.89 4499.23 3427.64 4552.86 3436.64 4547.83 3451.66 4574.71 3471.37
9 6958.69 10879.15 6967.77 10919.15 6949.07 10947.66 6917.50 10982.93 6887.50 10962.07 6854.78 10897.49 6873.37 10888.90 6906.85 10874.90 6916.28 10871.17
6 10754.19 6024.74 10782.55 6096.37 10712.63 6095.43 10708.90 6073.10 10748.71 6027.85 10750.76 6025.93
8 11610.53 14754.09 11678.31 14728.43 11702.90 14757.30 11697.85 14787.59 11654.01 14800.81 11643.72 14802.87 11633.34 14802.87 11612.53 14795.72
7 10768.03 4403.00 10820.28 4421.90 10815.68 4435.70 10810.61 4449.90 10782.14 4467.32 10750.51 4446.03 10752.89 4408.18
5 13470.60 12691.29 13459.97 12713.47 13451.81 12725.47 13413.12 12679.51 13436.80 12665.32
8 4983.71 8401.63 4984.34 8413.11 4965.51 8403.70 4957.47 8397.88 4934.88 8395.91 4936.80 8391.83 4948.93 8357.83 4986.36 8371.62
9 5235.09 2794.30 5250.00 2790.60 5294.39 2795.28 5299.56 2831.07 5287.78 2858.46 5274.86 2868.07 5225.30 2853.10 5219.56 2838.25 5224.70 2815.00
8 2782.99 332.79 2775.44 300.09 2802.66 288.33 2858.10 296.59 2891.05 307.46 2894.92 338.78 2885.89 361.23 2792.75 367.14
9 11574.50 12496.30 11584.19 12457.79 11630.85 12429.59 11649.69 12427.37 11736.29 12454.66 11738.84 12535.32 11670.29 12571.83 11655.97 12576.13 11588.05 12535.73
10 7239.80 12727.36 7285.43 12778.35 7262.74 12804.64 7171.52 12742.97 7138.17 12722.83 7201.62 12708.92 7188.03 12694.23 7276.91 12699.84 7277.14 12709.19 7245.44 12719.62
8 15381.60 3418.28 15401.14 3350.39 15445.32 3322.12 15494.14 3360.65 15505.38 3416.26 15470.27 3447.47 15448.23 3450.18 15384.48 3422.78
9 11433.61 5182.04 11426.30 5181.91 11381.51 5196.04 11376.45 5180.48 11380.47 5176.17 11354.28 5185.98 11354.13 5178.22 11404.39 5129.07 11412.80 5165.46
10 5635.13 8743.15 5635.03 8768.54 5623.25 8763.08 5622.56 8784.33 5599.76 8771.11 5566.74 8738.59 5588.05 8730.15 5606.52 8709.29 5642.94 8709.72 5629.31 8726.27
13 15734.73 5938.28 15710.67 5933.15 15703.64 5964.42 15696.22 5954.19 15689.59 5951.07 15683.33 5911.55 15676.74 5907.66 15698.01 5904.27 15725.45 5875.99 15735.05 5858.04 15718.43 5896.41 15730.48 5893.68 15744.11 5881.14
8 17421.10 2145.31 17447.19 2054.16 17491.60 2011.80 17544.06 2045.64 17564.37 2076.50 17554.53 2143.46 17550.57 2159.06 17526.71 2156.82
11 4203.87 17104.85 4178.53 17132.50 4151.98 17096.33 4082.40 17016.90 4073.20 17012.92 4102.04 16970.35 4150.46 16997.82 4157.66 17016.35 4203.87 16980.61 4185.84 17002.53 4216.60 17037.65
6 17617.21 10745.13 17584.86 10763.29 17555.22 10737.57 17591.65 10690.43 17597.38 10701.72 17613.53 10694.56
10 6735.71 858.57 6691.17 896.97 6650.37 872.90 6626.64 823.73 6629.46 813.05 6651.77 796.21 6670.37 788.78 6698.06 780.68 6718.00 780.02 6731.48 807.88
14 15195.72 17180.66 15193.65 17212.60 15175.18 17204.91 15167.19 17152.02 15160.97 17137.65 15181.76 17153.17 15184.67 17152.51 15190.80 17147.74 15196.50 17149.90 15208.25 17117.47 15247.36 17133.09 15228.79 17146.90 15223.38 17159.43 15218.25 17160.65
5 10440.51 4684.27 10433.63 4637.66 10451.63 4593.87 10500.82 4618.79 10492.26 4654.46
8 6390.81 2664.27 6373.69 2640.66 6341.65 2669.82 6332.45 2671.11 6343.48 2604.43 6330.80 2601.66 6324.48 2532.12 6342.28 2531.72
7 1996.35 11511.30 1957.23 11454.01 1923.20 11384.69 1941.72 11399.98 1987.27 11413.52 1990.74 11413.14 2045.47 11410.69
15 10898.47 3617.77 10901.35 3634.87 10811.23 3640.58 10795.33 3659.18 10769.75 3659.15 10769.34 3641.59 10753.85 3640.44 10790.89 3597.03 10797.16 3595.58 10783.22 3542.18 10819.11 3546.89 10842.81 3570.87 10861.31 3550.20 10898.95 3559.66 10882.78 3600.25
11 10174.10 13136.31 10164.78 13102.88 10165.24 13086.08 10211.96 13072.02 10245.94 13081.38 10252.83 13098.98 10254.37 13107.80 10232.83 13143.57 10225.42 13148.52 10211.03 13150.65 10186.37 13141.08
8 1293.04 217.75 1268.41 222.48 1264.77 205.70 1241.24 171.42 1261.02 183.13 1276.20 170.28 1277.21 175.38 1291.99 185.88
8 17154.95 525.52 17122.35 543.65 17089.91 565.88 17130.82 496.00 17132.79 498.47 17131.95 462.26 17138.96 490.54 17182.69 497.85
9 14050.88 10356.90 14083.04 10305.44 14103.69 10305.58 14145.75 10318.23 14149.57 10353.42 14152.72 10382.70 14152.77 10387.39 14100.70 10428.63 14071.41 10411.78
12 12692.14 11052.23 12690.81 11090.95 12629.81 11038.57 12638.42 11020.88 12637.94 10990.56 12633.28 10975.03 12655.29 10997.75 12662.18 11005.52 12669.51 11015.69 12694.10 11003.46 12682.65 11015.50 12719.22 11017.35
10 12665.67 12968.27 12651.50 13074.82 12605.57 13097.27 12549.46 13100.13 12514.46 13040.80 12501.12 13009.65 12500.27 12975.82 12502.34 12960.27 12574.15 12943.31 12605.16 12947.70
9 16869.28 2169.33 16881.20 2114.39 16918.14 2104.22 16978.65 2100.89 16997.82 2135.76 17016.58 2189.14 17012.20 2213.87 16947.35 2262.19 16920.05 2255.24
8 14536.11 11323.37 14501.84 11392.00 14448.58 11381.87 14442.24 11335.10 14441.85 11314.16 14468.89 11296.05 14478.89 11290.28 14507.12 11283.79
10 6563.63 14119.12 6581.84 14068.86 6634.03 14068.13 6657.15 14097.48 6665.92 14118.48 6648.22 14143.19 6634.51 14149.27 6620.93 14153.81 6574.59 14139.52 6565.86 14133.04
7 8852.41 680.06 8829.53 741.25 8722.42 717.56 8712.81 686.44 8713.83 647.49 8760.22 601.64 8842.58 627.53
9 1520.33 4584.48 1478.86 4595.15 1464.77 4634.02 1451.03 4609.27 1437.79 4585.45 1462.60 4567.90 1461.55 4560.69 1473.89 4565.81 1492.48 4577.68
8 16321.97 7238.79 16247.43 7192.61 16259.93 7164.23 16272.26 7138.93 16348.26 7149.37 16361.05 7152.49 16383.10 7188.32 16394.24 7209.68
8 10131.24 1842.10 10116.49 1813.16 10122.57 1798.37 10143.43 1770.24 10191.70 1781.21 10206.84 1799.05 10197.84 1824.85 10166.46 1849.16
12 3407.09 15358.63 3379.53 15348.85 3363.28 15360.84 3367.34 15347.11 3335.98 15350.01 3340.92 15341.33 3365.18 15333.29 3360.58 15320.43 3361.77 15321.22 3381.64 15323.41 3392.05 15324.21 3418.77 15332.68
11 7998.63 16591.13 8001.13 16659.63 7993.04 16670.99 7933.49 16712.78 7896.66 16711.88 7887.76 16699.38 7852.35 16646.53 7856.19 16622.69 7863.74 16602.10 7886.53 16593.46 7927.66 16580.39
9 17594.97 11618.63 17635.13 11563.86 17682.34 11581.20 17698.88 11597.48 17704.96 11637.93 17699.66 11654.37 17653.01 11673.37 17636.01 11675.15 17614.21 11647.59
11 1993.81 17832.74 1979.26 17867.80 1957.81 17876.60 1954.05 17876.07 1915.73 17863.41 1931.99 17839.59 1925.38 17824.51 1906.37 17815.59 1921.36 17793.17 1985.09 17803.39 1984.43 17819.07
9 328.25 6314.81 341.41 6261.21 383.45 6249.26 412.04 6263.28 435.49 6296.81 439.39 6317.30 425.67 6332.39 410.98 6343.17 364.66 6338.55
12 14399.87 15822.26 14394.00 15795.31 14412.06 15765.98 14427.05 15747.56 14465.86 15749.58 14502.52 15764.89 14511.10 15768.59 14515.72 15786.77 14494.77 15836.37 14476.64 15866.28 14452.98 15872.16 14427.72 15850.67
8 12492.79 6000.34 12495.03 6037.06 12490.88 6037.56 12483.44 6035.54 12386.24 6002.34 12448.04 5971.62 12458.15 5968.33 12471.98 5966.15
8 16938.63 12457.14 16931.15 12465.44 16916.48 12482.24 16920.74 12424.21 16902.35 12428.85 16865.36 12398.77 16885.13 12378.38 16903.68 12376.07
7 16682.02 2370.38 16709.82 2272.73 16754.09 2273.20 16810.38 2369.34 16779.08 2403.85 16751.66 2415.80 16720.28 2397.41
8 2476.58 1442.49 2469.57 1443.55 2465.06 1462.29 2429.27 1441.19 2416.80 1440.99 2426.24 1401.55 2439.55 1410.78 2486.46 1400.75
15 5653.64 5162.14 5650.19 5172.63 5678.73 5192.91 5648.31 5178.04 5647.55 5200.06 5634.78 5203.36 5596.75 5210.76 5559.22 5175.53 5583.67 5143.07 5614.57 5138.70 5652.71 5118.65 5669.09 5092.26 5662.93 5110.66 5657.56 5125.66 5672.45 5148.15
8 17311.77 16132.41 17276.94 16114.59 17281.77 16062.86 17308.59 16044.82 17330.61 16058.60 17349.87 16099.83 17346.24 16108.94 17337.39 16122.67
5 13066.70 1454.23 13033.26 1417.12 13050.72 1392.89 13067.61 1404.06 13091.61 1401.63
5 6023.17 1644.45 6017.03 1627.29 6003.23 1613.79 5978.44 1596.83 6033.25 1592.82
8 16531.07 9165.79 16558.99 9110.05 16611.71 9100.30 16647.50 9137.79 16618.57 9216.69 16607.50 9217.63 16585.73 9214.78 16558.45 9190.48
6 11954.56 13235.48 11902.87 13260.19 11858.84 13216.10 11884.88 13117.19 11915.47 13157.96 11923.34 13171.07
9 10099.30 2827.64 10114.91 2746.28 10129.78 2745.96 10182.27 2752.06 10213.98 2767.50 10231.65 2792.34 10225.35 2844.99 10195.66 2863.04 10128.74 2855.97
8 1796.56 10900.98 1840.82 10936.83 1833.36 10973.13 1822.88 11018.56 1777.27 11022.88 1753.15 11015.17 1716.82 10984.86 1721.45 10934.59
13 6538.94 882.70 6522.91 877.20 6516.66 876.23 6505.77 887.68 6501.26 891.60 6487.91 892.99 6486.86 880.52 6477.69 880.48 6496.80 867.73 6530.03 838.67 6517.27 856.37 6538.01 851.77 6539.96 854.22
11 1948.33 5134.70 1958.04 5086.98 1971.54 5076.90 2040.69 5062.14 2050.95 5073.59 2078.84 5113.48 2071.76 5144.06 2032.31 5163.73 2019.08 5168.76 1972.41 5174.49 1958.85 5160.25
8 15361.62 6422.90 15316.24 6449.63 15287.51 6435.74 15272.52 6436.43 15269.60 6395.63 15285.35 6378.76 15315.87 6339.54 15328.53 6386.02
14 17599.45 10198.43 17569.92 10233.14 17563.50 10178.51 17513.41 10203.57 17524.66 10187.39 17529.00 10157.13 17542.08 10152.28 17532.06 10148.22 17532.51 10123.58 17592.46 10131.74 17591.83 10140.33 17594.29 10134.63 17603.00 10141.91 17597.42 10148.61
9 1001.01 9511.24 1063.64 9542.49 1056.55 9619.07 1045.33 9641.72 991.98 9677.72 941.57 9663.89 895.82 9597.38 925.44 9550.91 955.95 9530.08
13 10978.63 7413.92 10973.51 7420.18 10966.11 7433.76 10951.28 7436.54 10939.16 7403.98 10939.86 7401.36 10956.13 7404.16 10936.85 7387.92 10960.78 7395.36 10962.31 7375.90 10980.10 7371.21 10988.04 7394.55 11005.44 7400.28
14 9237.44 13237.85 9187.93 13244.61 9184.05 13248.81 9181.54 13292.82 9169.90 13278.02 9168.23 13257.92 9125.74 13251.22 9125.98 13250.20 9151.60 13196.46 9141.28 13180.38 9180.64 13153.83 9187.53 13191.94 9197.60 13167.54 9202.84 13212.69
10 16607.30 3759.92 16604.68 3808.29 16577.86 3789.13 16475.12 3744.66 16540.80 3743.07 16526.31 3704.31 16571.46 3709.97 16575.71 3732.86 16601.32 3735.15 16609.04 3744.35
15 11081.22 8120.44 11061.53 8115.42 11071.52 8134.95 11073.28 8148.18 11031.83 8130.90 11014.96 8132.88 11028.36 8116.64 11009.19 8098.23 11011.96 8094.80 11053.71 8099.53 11055.18 8094.84 11059.21 8066.80 11059.51 8090.63 11071.69 8089.20 11076.48 8098.26
15 12703.87 5563.37 12697.95 5560.79 12645.16 5511.63 12653.76 5504.89 12616.34 5487.70 12620.33 5461.36 12677.33 5469.52 12684.66 5453.59 12689.03 5462.58 12710.94 5446.47 12705.86 5467.84 12710.22 5476.85 12718.53 5478.69 12720.33 5488.27 12735.39 5487.62
12 12366.70 3101.06 12369.16 3159.50 12348.80 3164.81 12330.07 3170.82 12289.94 3141.49 12319.25 3113.79 12280.19 3093.75 12324.22 3076.52 12316.45 3024.18 12348.70 3064.86 12367.80 3073.19 12409.06 3074.58
7 3593.50 9064.51 3517.73 9060.32 3513.64 9048.94 3547.92 8940.09 3577.95 8964.38 3609.07 8972.30 3587.22 8999.65
12 10974.85 11074.77 10969.49 11089.71 10968.03 11133.88 10906.32 11101.59 10921.07 11080.74 10893.46 11061.08 10922.69 11062.87 10911.96 11059.51 10881.22 11026.74 10925.82 11030.71 10942.03 11038.58 10969.30 11039.95
10 13511.55 14969.79 13519.68 14978.69 13517.77 14978.25 13521.62 14980.43 13507.22 14996.11 13484.64 14977.14 13479.93 14961.02 13482.73 14956.43 13515.82 14948.87 13541.09 14960.69
11 16633.45 16555.45 16622.63 16530.95 16648.23 16509.09 16670.63 16502.55 16685.67 16509.46 16698.79 16520.68 16701.92 16534.91 16702.52 16547.82 16697.91 16557.85 16674.40 16580.63 16658.73 16582.05
13 6329.56 11898.51 6294.76 11898.21 6277.02 11881.13 6265.48 11864.93 6267.04 11859.19 6281.42 11829.80 6303.35 11808.48 6317.20 11814.34 6346.03 11828.11 6348.36 11830.24 6355.72 11840.76 6351.18 11871.40 6341.26 11891.49
15 8553.36 1455.11 8532.57 1460.63 8494.00 1490.47 8497.24 1459.77 8487.40 1461.26 8482.34 1451.20 8505.97 1450.92 8490.34 1444.19 8482.54 1422.28 8494.47 1417.98 8511.06 1438.13 8514.41 1440.76 8514.56 1439.18 8534.66 1418.99 8537.95 1413.84
10 9081.48 10666.16 9065.21 10694.11 9018.89 10702.11 9003.11 10709.39 9011.02 10684.25 8975.39 10652.59 9008.22 10626.00 9009.44 10605.34 9012.86 10597.51 9089.59 10627.74
11 8287.38 2531.29 8231.09 2582.11 8230.71 2570.86 8208.17 2569.09 8187.15 2536.85 8188.63 2524.33 8206.27 2512.65 8222.29 2515.89 8236.55 2497.00 8242.94 2486.32 8266.59 2473.76
10 9985.82 12050.53 9976.60 11998.30 9993.02 11965.32 9996.52 11962.99 10018.99 11954.86 10053.84 11966.55 10070.96 12019.89 10052.59 12031.87 9996.84 12062.91 9995.33 12062.53
6 14864.95 2772.18 14871.29 2674.99 14952.43 2691.53 14957.08 2716.70 14917.56 2808.39 14888.69 2831.59
10 3929.75 12528.66 3956.34 12594.88 3932.31 12641.63 3907.81 12654.92 3898.10 12658.23 3822.49 12628.56 3817.34 12626.42 3827.96 12566.82 3841.91 12540.64 3867.22 12530.39
13 14495.73 5552.65 14471.15 5561.21 14483.11 5590.46 14465.19 5574.44 14422.93 5581.21 14410.50 5550.23 14428.89 5544.44 14415.83 5540.60 14427.93 5531.09 14458.81 5527.56 14504.20 5536.67 14482.04 5545.69 14476.78 5549.21
10 8614.75 17304.05 8596.95 17313.91 8511.22 17267.26 8590.29 17252.80 8600.61 17256.62 8598.36 17270.05 8650.54 17229.26 8645.53 17257.42 8634.28 17272.84 8649.12 17270.44
11 12848.95 4930.12 12834.32 4909.15 12845.45 4876.60 12858.85 4857.10 12895.36 4862.68 12928.16 4885.17 12936.14 4894.76 12925.64 4927.97 12895.34 4952.52 12880.53 4958.60 12864.76 4944.44
9 970.45 7771.72 951.76 7695.96 977.11 7660.98 1012.18 7626.12 1024.92 7651.78 1052.57 7711.53 1047.09 7741.91 1034.40 7764.20 1008.52 7770.47
5 3652.74 5914.97 3544.37 5916.24 3535.62 5872.25 3534.47 5832.59 3608.87 5822.20
10 6990.45 6192.98 6978.89 6195.03 6978.50 6264.09 6951.33 6239.07 6879.31 6251.57 6917.66 6210.64 6886.08 6207.19 6915.96 6156.54 6896.22 6122.26 6896.65 6118.24
11 516.33 17149.03 484.92 17153.04 481.14 17149.53 468.15 17145.46 473.19 17131.10 469.60 17121.98 445.98 17117.21 450.15 17110.97 508.98 17085.81 511.77 17092.28 518.02 17105.86
13 9741.33 10425.83 9729.60 10453.17 9697.22 10441.79 9663.26 10448.52 9655.48 10423.58 9670.06 10406.84 9677.08 10370.13 9700.86 10393.71 9699.90 10382.39 9712.05 10392.87 9715.66 10384.32 9708.94 10410.06 9730.25 10371.78
9 7108.53 4451.84 7080.13 4462.96 7045.02 4428.61 7060.51 4420.61 7078.45 4418.66 7084.27 4424.35 7078.57 4405.71 7138.07 4404.68 7123.32 4429.28
9 17425.03 7612.43 17378.22 7612.31 17381.48 7595.92 17379.60 7581.08 17363.33 7560.13 17402.43 7569.87 17404.20 7570.79 17422.33 7572.00 17415.81 7592.26
10 12872.70 14278.17 12871.68 14319.13 12817.97 14301.72 12783.09 14311.88 12817.95 14281.64 12808.60 14280.89 12790.51 14262.36 12810.87 14266.63 12834.34 14253.67 12854.50 14216.50
10 16371.21 11509.95 16391.48 11457.89 16402.78 11436.57 16467.52 11446.99 16480.97 11479.66 16479.21 11491.22 16465.39 11519.79 16410.30 11538.75 16381.56 11531.22 16375.74 11520.48
9 750.34 4280.09 755.70 4299.87 752.74 4305.31 721.13 4272.63 721.83 4243.85 725.32 4239.56 746.69 4249.16 746.35 4259.87 781.80 4248.29
7 9688.77 9748.04 9712.95 9665.47 9737.55 9667.41 9818.43 9715.25 9816.21 9742.05 9758.88 9756.57 9718.86 9754.16
15 5825.30 5748.45 5807.38 5754.81 5781.80 5754.32 5789.27 5779.87 5777.68 5761.31 5751.25 5769.11 5761.40 5729.07 5744.28 5720.29 5764.44 5722.84 5770.94 5722.29 5762.03 5695.87 5783.74 5716.34 5788.69 5719.66 5802.50 5704.05 5800.24 5728.51
9 2495.42 2284.54 2445.26 2322.52 2433.70 2319.28 2386.01 2296.87 2374.88 2261.50 2384.03 2239.93 2445.11 2207.01 2459.37 2215.60 2470.49 2234.02
8 4168.61 6148.38 4119.11 6192.34 4049.73 6116.77 4074.06 6111.71 4072.41 6071.43 4109.87 6059.29 4111.70 6064.44 4116.74 6089.65
8 8331.57 8378.61 8294.95 8462.03 8271.19 8478.03 8230.90 8482.79 8203.10 8397.94 8200.13 8359.59 8263.31 8337.53 8308.23 8364.52
8 11365.08 3534.59 11444.23 3568.97 11424.35 3625.41 11414.48 3639.87 11397.24 3652.33 11335.16 3660.48 11291.38 3646.78 11311.57 3565.51
9 14902.13 12638.55 14892.55 12654.96 14883.28 12639.92 14861.60 12606.43 14880.70 12590.73 14880.54 12588.11 14918.67 12571.63 14923.72 12583.88 14903.56 12603.66
9 15968.54 524.97 15938.51 542.41 15924.70 527.20 15879.31 557.54 15912.55 518.88 15857.79 514.46 15919.49 473.43 15935.44 480.62 15928.24 422.94
12 8665.51 15189.21 8656.42 15198.68 8658.53 15223.93 8650.41 15214.01 8616.79 15265.00 8578.94 15223.44 8618.85 15186.71 8553.30 15170.40 8668.28 15112.48 8664.13 15177.52 8717.64 15176.10 8684.76 15178.20
8 2616.07 2624.08 2657.18 2682.86 2655.16 2693.85 2648.41 2709.02 2607.21 2736.11 2567.64 2714.39 2544.98 2673.35 2589.18 2638.47
9 10383.27 10827.33 10324.28 10862.02 10323.74 10838.76 10300.45 10836.18 10290.08 10822.21 10298.80 10793.74 10338.49 10753.85 10353.82 10757.79 10367.69 10804.54
11 2356.15 9881.74 2390.25 9818.41 2422.55 9821.25 2433.95 9824.31 2455.54 9832.60 2452.82 9843.46 2448.00 9858.85 2418.08 9901.64 2399.79 9920.82 2396.23 9918.58 2382.35 9907.19
6 13966.77 4177.90 13953.68 4178.83 13922.35 4180.63 13893.24 4163.91 13866.43 4150.61 13898.79 4145.66
10 10638.67 13238.27 10637.33 13171.94 10678.54 13137.56 10723.82 13143.62 10768.78 13190.13 10770.03 13192.48 10772.57 13198.95 10733.20 13249.58 10701.64 13265.08 10693.88 13266.89
6 7909.92 6001.12 7891.97 6002.90 7888.37 6018.92 7877.54 5993.77 7899.09 5927.72 7944.42 5964.42
8 5018.41 13681.74 4921.08 13709.61 4879.94 13691.91 4861.39 13645.07 4872.21 13618.10 4912.67 13563.54 4958.22 13538.79 5012.17 13572.58
7 13621.19 9192.89 13549.85 9138.63 13557.64 9113.75 13597.66 9071.92 13660.09 9090.22 13661.94 9124.86 13652.79 9183.72
12 2220.65 16393.65 2270.87 16468.36 2266.44 16492.14 2235.43 16532.11 2224.66 16540.46 2191.58 16538.82 2172.00 16530.93 2155.80 16522.34 2105.36 16477.87 2152.01 16430.79 2160.89 16422.89 2195.24 16395.00
13 11928.91 304.15 11896.73 302.19 11878.30 278.93 11875.51 269.50 11874.10 252.66 11876.67 242.96 11880.70 229.70 11890.15 226.94 11910.56 225.74 11926.26 226.64 11951.35 245.70 11943.07 278.57 11935.43 295.27
13 5319.43 10561.23 5310.39 10579.50 5294.41 10528.61 5280.69 10532.44 5264.23 10536.30 5284.55 10521.57 5290.72 10520.55 5313.32 10476.90 5344.26 10471.11 5320.03 10510.56 5355.01 10496.69 5326.07 10511.06 5327.86 10516.36
10 5933.88 15230.69 5956.90 15182.95 5991.56 15177.23 6022.92 15196.51 6025.86 15234.51 6020.85 15254.16 5989.75 15262.61 5962.78 15268.33 5939.35 15255.77 5936.77 15248.60
6 12810.09 11706.26 12861.47 11639.62 12945.24 11681.06 12967.39 11729.55 12905.07 11794.07 12831.83 11762.77
8 12842.46 873.83 12966.68 923.55 12962.60 971.99 12956.20 1027.04 12949.59 1032.10 12828.79 1001.36 12819.04 963.75 12827.44 902.73
12 17027.14 11075.11 16994.50 11101.40 16974.59 11070.88 16993.82 11116.32 16947.78 11084.91 16930.57 11098.21 16935.96 11069.16 16932.16 11065.95 16913.40 11057.24 16991.44 11005.68 16984.62 11030.89 17022.97 11017.81
10 4555.71 13408.65 4542.27 13413.30 4532.67 13443.90 4534.46 13405.19 4450.89 13398.92 4453.58 13361.21 4536.46 13336.73 4535.02 13297.87 4563.17 13336.92 4601.91 13351.88
7 3394.28 17409.77 3332.69 17494.82 3259.10 17465.18 3254.58 17413.50 3255.48 17372.53 3335.93 17338.11 3381.97 17384.06
10 7790.74 607.76 7860.91 653.85 7840.85 689.68 7829.00 707.23 7819.37 707.96 7787.09 706.19 7781.29 703.49 7753.07 667.02 7759.17 633.74 7761.02 629.89
8 3449.62 12392.95 3414.29 12451.93 3321.66 12438.52 3307.00 12409.83 3298.75 12387.86 3312.27 12308.48 3343.78 12299.63 3386.23 12309.52
8 7103.22 6113.01 7054.27 6106.11 7060.20 6082.57 7073.79 6064.40 7148.99 6080.02 7153.16 6085.95 7150.66 6102.55 7149.00 6103.30
15 854.80 4441.19 862.26 4454.25 847.34 4458.59 842.23 4468.63 840.62 4479.26 782.01 4496.78 801.01 4469.78 783.84 4471.66 814.15 4447.44 784.89 4456.38 809.45 4437.51 831.39 4417.99 858.48 4376.42 868.37 4418.54 886.15 4430.97
10 10964.07 198.37 11022.53 164.73 11033.52 160.48 11069.75 155.50 11080.22 170.04 11084.52 214.33 11060.60 243.91 11035.63 259.98 11003.05 246.81 10994.76 239.49
8 14118.45 14005.45 14059.90 13984.45 14076.66 13933.25 14088.96 13920.84 14099.14 13917.90 14123.84 13916.02 14161.02 13933.94 14156.30 13969.67
11 8372.94 7433.88 8393.30 7431.81 8402.84 7452.45 8412.77 7533.31 8407.38 7539.05 8399.67 7544.42 8371.68 7540.01 8339.11 7524.74 8315.41 7503.96 8298.60 7487.28 8339.97 7457.07
14 469.22 15399.35 467.56 15361.23 449.90 15363.49 455.53 15335.43 420.53 15350.37 460.72 15278.52 455.88 15248.97 478.63 15271.60 475.45 15258.24 514.72 15221.00 529.90 15213.66 509.15 15278.17 526.15 15275.12 554.58 15266.69
7 17194.15 2170.72 17267.47 2099.00 17294.27 2122.36 17303.54 2136.11 17340.50 2210.35 17315.55 2245.02 17251.30 2275.58
8 10863.90 16149.04 10890.46 16064.65 10980.18 16067.51 10998.30 16113.02 10994.16 16125.20 10970.86 16180.08 10947.06 16189.85 10900.05 16181.94
8 4056.78 3379.76 4024.68 3422.90 4010.17 3428.59 3962.30 3413.59 3935.31 3331.31 4031.93 3323.27 4027.14 3334.18 4049.41 3316.30
14 213.18 3068.30 223.93 3055.42 245.70 3045.04 254.25 3043.82 273.45 3056.05 291.20 3082.62 297.19 3104.15 300.58 3119.60 298.65 3121.84 288.58 3132.72 281.38 3138.11 244.86 3129.11 219.58 3116.65 213.49 3076.47
8 14363.29 9736.59 14335.65 9692.00 14343.07 9678.09 14382.58 9659.94 14408.21 9680.20 14417.00 9689.07 14394.09 9737.10 14368.51 9743.00
9 2909.47 2375.78 2883.91 2337.77 2904.51 2296.68 2914.09 2286.26 2938.67 2279.85 2965.13 2291.28 2997.79 2315.36 2967.99 2372.97 2932.42 2377.62
7 10372.82 10597.10 10334.80 10616.18 10338.42 10540.93 10315.20 10536.87 10299.26 10525.66 10323.37 10464.75 10329.92 10465.72
13 1889.67 1211.17 1875.09 1203.17 1867.91 1189.18 1861.41 1173.70 1858.07 1152.21 1858.26 1143.97 1877.32 1119.29 1919.73 1102.79 1960.20 1120.50 1966.89 1144.80 1968.73 1151.78 1961.95 1190.37 1922.99 1201.95
9 6213.99 10302.45 6232.99 10226.20 6313.54 10233.80 6347.43 10251.57 6354.19 10282.21 6356.58 10298.50 6329.16 10350.35 6288.58 10348.80 6267.68 10347.66
8 11278.53 8101.37 11268.10 8031.22 11280.11 8015.77 11353.24 8023.48 11379.33 8049.58 11377.97 8070.28 11367.80 8094.72 11324.75 8105.52
8 16711.25 9033.16 16718.04 9090.72 16704.23 9105.33 16677.26 9101.92 16674.18 9101.44 16665.87 9096.80 16648.45 9061.98 16671.03 9050.14
5 4883.31 9745.53 4933.10 9653.69 4964.50 9676.48 4970.64 9725.72 4901.51 9755.42
13 3394.81 14748.83 3373.09 14759.92 3366.52 14771.23 3364.73 14766.74 3355.54 14763.96 3352.25 14771.41 3341.43 14768.82 3330.92 14754.61 3341.15 14741.69 3341.79 14737.30 3364.70 14740.06 3369.25 14735.36 3381.00 14728.50
7 7515.54 4796.50 7509.98 4804.05 7479.45 4837.24 7466.94 4802.60 7460.02 4786.75 7466.52 4768.50 7492.85 4756.51
9 12996.81 484.99 12958.95 534.46 12941.22 509.31 12919.64 514.57 13008.84 419.21 13000.23 445.26 13004.32 451.45 13013.63 453.74 12995.76 474.83
9 7315.04 1315.93 7308.16 1376.11 7249.22 1396.38 7215.34 1375.62 7212.65 1370.89 7214.14 1315.95 7217.47 1305.10 7255.99 1285.60 7291.17 1289.53
9 15821.04 3276.67 15841.51 3334.61 15828.93 3375.75 15815.52 3390.39 15791.55 3392.09 15750.96 3382.67 15733.63 3359.25 15726.34 3349.14 15765.22 3285.44
7 12962.76 4470.73 12941.78 4423.46 12994.14 4411.13 13011.44 4430.13 13014.90 4448.86 13012.37 4455.35 13000.80 4468.69
6 587.85 16700.89 545.07 16610.52 559.80 16567.37 646.80 16551.88 668.42 16562.22 629.23 16678.22
9 15572.27 15100.33 15640.27 15012.85 15667.83 15017.47 15726.21 15052.57 15709.06 15116.21 15690.07 15148.55 15648.01 15152.62 15631.32 15147.86 15576.67 15111.06
9 15653.56 6343.59 15681.40 6356.10 15683.59 6361.42 15688.78 6397.44 15666.30 6408.54 15629.64 6410.07 15610.60 6400.69 15614.92 6370.70 15624.06 6362.68
8 5019.08 7839.60 5080.73 7755.83 5098.62 7749.72 5124.37 7746.14 5141.65 7776.17 5095.22 7865.59 5070.97 7900.85 5036.66 7873.46
9 14372.78 13552.11 14395.13 13606.35 14373.84 13659.95 14334.65 13677.73 14291.99 13668.32 14276.85 13654.78 14269.06 13564.97 14294.44 13551.85 14322.27 13537.49
13 14120.41 8161.79 14094.70 8197.17 14026.31 8181.91 14014.49 8176.93 13997.32 8159.93 13995.74 8151.02 14027.73 8120.00 14040.08 8086.89 14069.77 8060.91 14076.61 8045.14 14102.15 8071.49 14125.87 8075.79 14124.60 8113.94
7 15039.71 12541.43 15106.37 12519.83 15137.20 12576.45 15105.64 12651.98 15090.05 12658.68 15057.81 12647.76 15044.20 12588.98
9 2760.24 6279.98 2833.07 6227.27 2919.25 6281.85 2912.27 6326.17 2892.62 6364.58 2840.10 6366.01 2814.79 6362.22 2795.00 6353.99 2775.57 6332.09
9 12040.63 6339.72 12012.46 6346.74 11997.84 6355.54 11991.18 6345.71 12015.22 6310.78 12029.44 6320.20 12062.07 6303.60 12039.85 6327.27 12063.18 6324.84
13 9715.14 12963.22 9711.30 12968.90 9704.44 12965.94 9700.15 12965.44 9686.47 12967.35 9672.83 12950.84 9646.54 12956.39 9634.32 12956.11 9647.48 12949.94 9666.16 12947.07 9646.75 12938.19 9672.05 12941.85 9698.21 12910.94
5 5760.16 17280.51 5756.85 17306.72 5715.94 17185.03 5756.27 17159.98 5787.31 17226.85
13 3901.99 17739.20 3900.32 17743.30 3907.31 17755.63 3875.60 17739.16 3856.90 17743.31 3859.48 17768.59 3779.60 17768.15 3764.40 17754.10 3812.04 17672.35 3823.42 17658.45 3841.72 17648.86 3857.26 17654.21 3869.37 17692.27
9 15691.58 15652.32 15647.28 15649.31 15636.27 15592.02 15649.27 15604.33 15648.99 15569.54 15657.67 15582.30 15679.66 15577.12 15677.94 15603.16 15684.28 15605.72
11 2597.65 2112.42 2643.66 2196.72 2632.30 2220.39 2625.96 2228.69 2609.31 2248.34 2536.49 2257.08 2523.37 2240.51 2515.69 2224.95 2513.20 2174.70 2525.81 2134.65 2543.72 2122.54
9 3895.05 7199.65 3859.10 7226.24 3806.59 7219.31 3792.53 7195.19 3805.36 7130.61 3846.08 7121.07 3863.08 7124.01 3868.39 7129.38 3886.51 7153.06
14 2340.27 16365.13 2355.70 16370.34 2379.86 16391.66 2342.66 16408.55 2328.46 16412.60 2315.06 16395.96 2262.96 16382.02 2247.41 16351.40 2246.15 16345.54 2287.10 16314.59 2335.91 16331.03 2350.05 16326.26 2354.59 16344.63 2343.71 16356.36
11 9960.59 2795.90 9955.67 2828.80 9929.38 2828.36 9899.36 2821.73 9876.80 2822.94 9873.85 2809.73 9874.16 2767.26 9919.00 2763.63 9946.99 2766.81 9963.61 2755.20 9993.05 2775.41
7 3349.35 14379.97 3303.70 14379.13 3296.11 14372.73 3238.99 14340.87 3247.99 14336.39 3282.42 14328.09 3322.92 14296.63
13 11759.21 17424.13 11772.49 17405.09 11787.98 17398.34 11796.70 17398.75 11840.16 17420.72 11840.27 17426.72 11839.96 17437.46 11837.53 17457.28 11810.14 17471.00 11803.27 17474.34 11798.25 17472.99 11771.62 17463.72 11767.50 17454.64
5 6031.27 7613.35 5998.25 7616.10 5992.40 7613.55 5977.22 7598.98 6033.24 7587.03
9 3125.07 13357.69 3096.92 13275.31 3100.78 13262.17 3120.24 13217.59 3190.72 13209.54 3233.78 13254.64 3234.79 13278.62 3213.75 13331.14 3201.95 13351.38
10 12974.44 1909.59 12988.45 1845.39 13023.86 1827.67 13071.75 1833.63 13110.86 1920.40 13107.27 1930.31 13059.66 1964.19 13049.60 1966.93 12992.29 1950.75 12986.48 1937.44
11 3420.51 17708.96 3392.89 17686.12 3390.67 17701.45 3355.56 17741.69 3333.38 17660.07 3387.05 17638.33 3404.72 17617.63 3407.27 17629.65 3389.75 17649.33 3441.19 17622.95 3444.40 17645.11
15 839.50 17068.55 815.53 17074.35 809.82 17055.95 802.55 17071.60 795.42 17057.59 797.38 17051.55 791.57 17052.45 771.38 17023.04 783.06 17023.68 793.58 17023.82 791.64 17019.20 820.85 17024.65 846.34 17008.56 823.48 17029.15 836.58 17026.86
5 13614.31 3198.03 13654.51 3165.70 13708.11 3135.49 13737.42 3121.86 13701.43 3162.27
5 1989.79 12965.43 1941.66 12987.12 1925.47 12963.73 1932.57 12950.04 1955.69 12909.54
10 3572.91 4578.97 3606.10 4601.81 3604.12 4648.98 3579.69 4732.11 3521.98 4734.49 3498.49 4734.92 3469.72 4711.35 3459.63 4628.30 3469.52 4616.35 3549.21 4585.18
11 8597.79 13078.49 8656.51 13005.62 8716.08 13007.38 8719.50 13016.93 8719.43 13034.39 8718.59 13091.72 8713.13 13112.80 8687.42 13123.27 8663.15 13130.04 8620.98 13108.77 8613.51 13101.84
14 16523.98 9883.42 16504.90 9910.80 16489.98 9961.54 16468.98 9928.54 16447.82 9904.99 16436.06 9878.32 16419.53 9838.14 16434.38 9830.23 16464.17 9829.62 16450.52 9788.29 16495.40 9805.83 16490.82 9828.52 16496.55 9834.82 16549.07 9848.48
15 12721.17 14761.24 12721.79 14793.85 12718.60 14799.13 12700.32 14754.89 12689.95 14775.35 12667.35 14756.07 12660.93 14704.38 12654.92 14696.28 12686.58 14705.51 12674.62 14683.69 12724.92 14662.96 12743.83 14681.20 12749.59 14711.89 12722.01 14726.08 12769.17 14729.23
10 8230.44 11233.76 8255.08 11198.22 8260.81 11193.72 8287.42 11174.71 8337.73 11189.72 8347.65 11263.95 8314.21 11302.72 8280.64 11300.57 8242.50 11285.66 8234.51 11266.98
7 809.55 12918.01 772.53 12936.54 734.54 12891.62 742.20 12893.23 762.10 12848.71 795.98 12868.33 808.12 12895.10
9 11568.57 10416.07 11548.43 10331.30 11551.00 10321.32 11561.61 10301.81 11625.13 10282.40 11653.69 10328.39 11668.55 10401.39 11657.48 10413.33 11607.98 10429.26
13 7969.13 16196.56 7926.70 16189.39 7909.01 16185.14 7819.66 16175.03 7825.79 16156.14 7854.53 16150.75 7879.21 16137.17 7882.92 16137.29 7842.82 16086.52 7896.51 16101.22 7890.71 16056.79 7949.65 16085.08 7990.51 16115.72
7 5067.46 1883.29 5073.88 1832.21 5126.08 1824.43 5141.64 1849.49 5143.87 1865.11 5094.20 1892.00 5078.26 1888.72
11 1602.17 10596.77 1541.19 10623.76 1533.67 10638.58 1523.95 10638.69 1528.78 10662.90 1502.12 10621.49 1470.60 10575.76 1533.65 10518.79 1553.86 10513.08 1533.44 10583.50 1550.11 10585.37
6 3411.96 11207.63 3443.57 11273.19 3438.71 11281.88 3402.15 11288.52 3365.67 11264.42 3374.02 11250.19
14 15734.03 1635.55 15722.45 1592.09 15733.70 1571.08 15752.36 1562.07 15799.48 1567.21 15807.44 1574.16 15813.71 1583.51 15816.13 1606.12 15813.39 1625.14 15791.69 1642.23 15773.00 1654.92 15770.62 1655.11 15759.41 1653.51 15749.41 1651.04
8 5862.77 10825.95 5835.26 10754.27 5887.83 10697.83 5922.84 10679.87 5965.50 10701.04 5990.99 10744.01 5944.20 10835.43 5887.83 10840.73
8 4653.91 6340.35 4681.21 6267.11 4742.57 6256.76 4751.44 6296.44 4737.47 6374.87 4711.75 6393.31 4686.45 6392.17 4664.35 6365.04
15 7364.56 11049.84 7347.18 11065.44 7343.71 11093.52 7338.69 11057.82 7335.90 11055.60 7327.73 11066.97 7317.35 11074.36 7310.89 11083.28 7299.16 11032.14 7319.81 11016.17 7330.64 11023.73 7328.57 10985.48 7332.17 10998.57 7368.39 11001.58 7360.04 11036.79
9 15290.41 6660.60 15277.45 6669.30 15249.31 6689.73 15242.11 6665.56 15234.39 6653.42 15223.10 6657.64 15221.10 6637.98 15236.89 6631.08 15205.72 6601.38
10 15768.39 15878.04 15768.03 15857.72 15782.28 15833.42 15812.97 15820.81 15821.90 15841.90 15823.61 15852.35 15816.70 15897.22 15810.18 15900.90 15797.37 15906.55 15784.39 15896.04
8 16406.77 7584.66 16482.55 7609.36 16473.25 7689.65 16469.69 7696.91 16454.60 7725.47 16405.46 7731.78 16369.29 7699.63 16386.74 7606.50
7 8331.69 12446.27 8372.90 12486.68 8347.60 12585.24 8321.03 12597.52 8287.13 12597.12 8245.44 12563.14 8319.90 12457.07
9 12237.64 8919.53 12228.08 8885.51 12274.01 8849.15 12301.50 8827.72 12365.09 8851.90 12368.25 8884.81 12363.10 8919.17 12304.69 8975.83 12290.63 8983.73
4 598.96 7084.95 498.86 7114.32 504.02 7033.11 576.45 6973.30
8 13693.52 14072.10 13675.49 14075.22 13646.05 14090.84 13630.80 14055.60 13655.23 14055.94 13648.83 14040.48 13664.52 14033.06 13677.34 14025.64
15 2700.37 3021.36 2692.80 3032.40 2706.91 3042.58 2689.35 3042.32 2676.25 3036.13 2666.86 3048.23 2663.15 3034.34 2646.82 3024.87 2647.73 3023.93 2652.11 3014.62 2628.11 3002.27 2662.81 3003.97 2665.32 2970.41 2676.75 3005.07 2695.81 3008.64
9 17035.53 17545.28 17034.29 17544.73 17024.41 17559.19 17020.82 17568.25 17011.78 17557.46 17010.64 17513.81 17017.36 17514.08 17023.29 17497.66 17057.68 17513.42
8 7469.38 15923.27 7428.07 15998.85 7381.51 15942.97 7434.20 15827.34 7475.07 15881.69 7465.18 15894.80 7480.64 15890.34 7509.67 15889.06
11 8955.98 13019.27 8929.22 12966.59 8988.23 12920.78 8991.83 12919.56 9011.54 12924.69 9050.89 12948.70 9063.57 12966.67 9070.63 12988.41 9062.28 13021.06 9025.00 13050.48 9002.87 13055.37
7 13679.06 5533.78 13707.02 5499.09 13755.50 5508.14 13796.57 5534.48 13769.27 5592.44 13756.23 5601.63 13706.06 5579.74
8 3676.57 7078.03 3658.33 7063.99 3661.94 7011.05 3711.59 6984.86 3757.39 6983.30 3783.07 7019.82 3764.53 7086.82 3713.71 7099.87
7 3694.35 9254.19 3651.33 9304.28 3626.78 9287.38 3634.57 9264.41 3637.43 9180.70 3685.76 9233.19 3701.77 9244.23
8 5512.53 6760.07 5491.35 6794.52 5452.15 6781.73 5432.10 6744.38 5415.30 6707.53 5449.03 6684.62 5463.13 6686.72 5502.59 6696.25
10 3449.83 16160.68 3402.89 16151.93 3373.78 16102.58 3368.89 16088.39 3366.69 16069.92 3374.84 16025.70 3451.80 16016.65 3458.97 16027.92 3489.60 16093.47 3482.34 16122.68
8 7211.53 4938.12 7169.80 4938.65 7104.19 4891.30 7152.97 4846.51 7162.81 4880.08 7175.41 4865.08 7189.87 4862.31 7185.29 4878.52
11 3365.54 13962.47 3336.90 13919.09 3338.57 13903.56 3341.53 13898.75 3355.42 13886.23 3372.12 13873.98 3390.04 13872.20 3393.03 13875.30 3412.69 13897.26 3415.55 13914.84 3401.49 13957.99
8 12864.44 7743.07 12839.59 7729.38 12800.87 7685.55 12827.04 7696.23 12830.73 7693.19 12834.29 7698.23 12864.90 7683.18 12871.09 7683.58
11 6659.04 16040.80 6636.08 16032.77 6571.72 16055.84 6563.74 15986.38 6525.95 15948.10 6552.47 15956.95 6579.39 15955.09 6564.73 15931.07 6626.83 15899.97 6655.40 15902.32 6624.37 15962.89
5 9031.13 16298.28 9007.94 16327.51 8994.81 16312.69 9056.65 16269.73 9052.06 16273.23
6 10733.03 8708.40 10732.90 8689.67 10736.91 8670.14 10741.63 8659.34 10782.49 8658.35 10779.96 8670.04
8 11766.03 8867.50 11751.75 8892.12 11749.45 8895.71 11689.76 8868.95 11689.32 8816.86 11698.28 8823.38 11711.77 8832.90 11731.92 8818.62
8 16689.57 1707.08 16681.57 1655.79 16694.32 1639.24 16718.18 1638.56 16737.18 1638.53 16755.72 1661.51 16747.08 1700.29 16723.88 1709.59
8 3098.15 13619.36 3117.23 13596.78 3157.43 13611.44 3180.47 13635.99 3181.83 13640.91 3161.27 13661.07 3145.88 13674.57 3109.36 13660.83
12 9649.62 5727.59 9638.91 5739.37 9636.61 5743.65 9636.55 5748.02 9594.27 5741.57 9594.44 5718.70 9590.34 5719.31 9580.60 5712.55 9593.80 5679.88 9618.16 5672.70 9619.78 5658.24 9656.59 5704.46
15 7479.54 3757.66 7474.34 3765.92 7447.41 3781.73 7443.88 3793.83 7443.36 3777.36 7418.45 3767.57 7416.60 3761.37 7411.06 3757.40 7434.16 3746.17 7428.87 3739.69 7434.53 3741.96 7457.40 3727.20 7457.23 3732.17 7453.76 3747.58 7470.94 3744.53
6 7129.08 7143.11 7124.10 7141.54 7103.83 7140.23 7078.03 7100.62 7113.81 7109.53 7118.88 7104.59
14 8285.60 1648.47 8284.21 1679.71 8246.77 1673.26 8237.47 1663.51 8232.92 1663.60 8213.34 1698.46 8210.41 1682.09 8209.83 1649.22 8217.25 1648.63 8180.50 1610.42 8235.38 1633.12 8253.92 1587.44 8262.52 1594.54 8248.73 1640.58
10 12886.56 1478.79 12807.75 1452.41 12774.94 1467.21 12766.09 1458.29 12763.17 1443.21 12773.60 1440.54 12760.11 1396.06 12809.57 1380.78 12874.66 1410.53 12888.81 1413.33
9 2323.42 10944.94 2312.56 10866.65 2330.83 10846.60 2358.90 10844.25 2448.62 10857.57 2451.50 10864.30 2442.53 10899.65 2420.56 10942.53 2370.72 10955.02
6 1881.74 2474.39 1904.13 2490.40 1824.53 2490.35 1835.14 2474.29 1849.96 2420.12 1900.99 2435.43
5 9562.58 4961.86 9496.98 4921.32 9513.55 4901.06 9520.09 4887.84 9561.02 4924.76
9 3113.92 1339.62 3095.48 1286.79 3115.60 1247.23 3162.40 1228.08 3200.25 1225.17 3232.25 1254.93 3224.26 1363.41 3195.39 1375.76 3155.91 1370.25
11 3770.87 6411.43 3739.51 6412.65 3749.58 6441.05 3737.25 6435.80 3723.22 6428.63 3719.09 6427.22 3700.30 6415.78 3718.51 6365.41 3725.61 6370.80 3734.18 6393.84 3747.31 6364.27
7 13642.46 11196.51 13540.46 11168.45 13549.61 11151.79 13585.84 11117.86 13634.48 11119.25 13651.72 11139.69 13657.17 11166.34
5 7096.61 8949.11 7074.97 8961.12 7068.53 8965.66 7067.96 8945.50 7069.06 8925.16
7 4127.80 11267.19 4128.86 11188.53 4142.29 11178.47 4179.75 11155.82 4221.20 11156.28 4276.92 11251.48 4141.28 11281.15
10 3967.43 4662.22 3987.95 4671.32 3935.43 4683.34 3920.49 4664.69 3929.28 4656.00 3917.00 4649.36 3949.38 4632.71 3955.12 4634.39 3975.64 4632.87 3992.49 4636.90
13 5056.39 295.59 5053.44 249.59 5054.66 237.21 5058.15 218.17 5079.99 210.52 5093.54 213.81 5128.30 232.10 5146.71 260.72 5149.30 270.53 5115.57 312.36 5095.16 329.11 5084.62 336.28 5065.24 308.55
6 2512.82 7923.05 2556.33 8018.19 2461.58 8083.35 2417.09 8033.29 2412.75 8009.87 2460.87 7928.66
8 2273.22 11613.33 2306.94 11555.20 2402.79 11594.59 2398.80 11682.64 2391.91 11688.78 2349.94 11713.57 2336.30 11715.23 2276.48 11648.45
14 11288.68 13918.86 11259.02 13932.15 11244.72 13901.68 11230.74 13928.80 11238.31 13903.93 11219.49 13904.09 11233.21 13891.06 11222.18 13881.08 11199.02 13840.31 11213.83 13841.57 11259.61 13837.77 11273.97 13859.22 11267.26 13871.50 11284.78 13882.52
7 12669.23 10537.75 12647.84 10578.98 12613.62 10573.84 12590.08 10531.11 12616.52 10505.37 12631.65 10506.72 12668.50 10528.66
7 14669.36 9625.26 14643.30 9716.91 14596.52 9716.15 14540.41 9664.94 14539.62 9661.04 14551.79 9622.20 14611.93 9611.39
5 10150.86 16677.30 10141.33 16673.68 10061.42 16662.03 10038.93 16654.61 10098.65 16621.18
9 9767.93 15111.82 9786.59 15072.81 9800.38 15070.22 9807.72 15070.98 9822.33 15075.01 9835.43 15118.77 9826.17 15132.81 9794.63 15136.98 9774.42 15128.99
12 17686.91 1544.05 17658.96 1582.50 17610.79 1576.16 17600.62 1574.32 17583.16 1557.50 17580.38 1533.10 17585.63 1514.95 17601.08 1496.16 17612.40 1490.61 17633.52 1487.21 17660.41 1489.00 17663.36 1493.12
8 3397.18 7764.48 3385.41 7772.70 3404.84 7788.98 3326.96 7759.95 3291.61 7725.25 3376.04 7718.42 3373.06 7748.23 3433.17 7747.77
12 16187.03 3928.82 16250.21 3964.28 16250.15 3992.32 16229.40 4031.00 16216.11 4042.40 16171.66 4044.79 16142.93 4018.45 16136.70 3997.14 16137.37 3993.72 16163.79 3939.16 16171.75 3929.59 16177.47 3927.03
13 5022.53 4146.78 5006.01 4126.62 4992.02 4070.38 4991.56 4050.13 4996.71 4039.19 5010.93 4013.31 5060.54 4002.46 5114.03 4003.99 5147.23 4036.14 5151.56 4060.42 5125.24 4127.02 5117.10 4128.96 5045.31 4144.74
10 4215.02 6771.73 4214.04 6711.85 4248.22 6690.66 4268.75 6687.46 4289.68 6693.20 4315.90 6701.49 4321.32 6739.79 4316.09 6765.28 4254.10 6792.00 4223.89 6781.17
12 13859.21 16998.30 13867.12 17000.81 13882.66 17005.81 13822.96 17019.63 13815.59 16990.89 13810.06 16987.77 13831.79 16990.38 13809.41 16980.17 13842.16 16973.14 13846.29 16955.67 13848.52 16984.75 13887.97 16986.91
7 12338.73 3679.79 12199.44 3724.90 12205.39 3700.95 12184.41 3642.46 12214.48 3649.07 12313.47 3599.78 12276.87 3654.85
14 12201.97 14622.18 12235.44 14650.42 12177.58 14630.81 12208.54 14675.87 12175.97 14637.90 12128.89 14686.12 12140.12 14656.98 12083.22 14592.54 12103.74 14596.15 12101.84 14583.02 12120.83 14578.39 12116.09 14564.54 12134.40 14548.17 12178.22 14547.84
12 16831.69 9730.66 16824.43 9742.01 16814.00 9764.78 16794.58 9741.94 16805.50 9719.80 16765.31 9698.98 16800.61 9695.71 16801.84 9648.14 16826.42 9679.39 16850.56 9682.30 16868.49 9682.21 16856.06 9708.08
15 5909.25 7120.89 5878.39 7119.64 5924.62 7153.30 5883.65 7131.79 5865.86 7131.79 5877.06 7158.24 5884.13 7179.19 5860.45 7135.74 5855.62 7167.13 5849.34 7143.38 5814.48 7148.11 5787.21 7162.17 5842.21 7060.85 5888.65 7101.89 5876.51 7108.12
6 12735.77 13779.34 12724.68 13700.74 12728.58 13687.90 12751.15 13715.96 12748.46 13732.30 12760.09 13734.01
5 5080.21 6068.05 5014.91 6068.00 5061.55 6013.59 5075.32 6006.27 5100.31 6030.78
7 2914.74 7759.26 2956.08 7715.60 2988.68 7729.36 3067.89 7789.00 3061.55 7829.71 3018.81 7845.11 2941.10 7844.21
7 4284.21 7653.13 4268.58 7620.74 4256.70 7647.58 4203.41 7628.18 4210.58 7575.43 4234.88 7513.62 4284.67 7547.23
10 3367.92 4928.08 3383.74 4846.75 3432.13 4828.33 3524.72 4868.71 3537.14 4915.47 3530.08 4947.37 3509.49 4974.12 3449.72 4977.17 3410.35 4964.20 3369.81 4929.79
9 14819.06 17657.74 14820.22 17622.86 14883.30 17594.65 14937.34 17590.66 14978.35 17618.32 14983.47 17683.00 14936.50 17694.26 14860.94 17704.00 14834.33 17691.51
9 3208.35 2160.24 3211.58 2089.26 3239.78 2067.76 3259.06 2065.06 3276.96 2069.88 3296.09 2102.60 3308.05 2135.46 3311.51 2159.22 3277.17 2176.01
9 4372.13 2287.07 4374.60 2201.58 4431.68 2162.71 4500.45 2194.75 4517.53 2217.32 4534.65 2268.79 4481.06 2325.24 4471.85 2330.95 4404.56 2309.84
7 4901.80 11173.80 4802.10 11179.07 4774.64 11135.65 4768.33 11121.99 4806.84 11115.26 4799.58 11086.22 4833.41 11102.07
11 201.20 16193.03 209.28 16264.09 177.72 16278.59 165.67 16282.01 152.99 16276.03 143.79 16267.16 117.69 16241.43 109.64 16230.66 112.11 16225.27 124.14 16208.57 156.83 16184.83
5 2058.81 11140.12 2028.44 11114.01 1996.53 11157.55 1997.38 11109.31 2002.17 11024.78
9 2602.76 14242.71 2545.22 14222.51 2552.18 14183.51 2583.86 14157.49 2613.09 14146.59 2625.22 14147.52 2639.57 14165.00 2657.63 14194.22 2627.13 14226.67
9 5116.44 5231.42 5127.14 5189.22 5129.94 5186.29 5190.92 5196.90 5205.84 5222.87 5206.13 5240.61 5188.68 5263.79 5156.34 5273.20 5132.78 5264.15
12 6838.91 3679.86 6816.39 3665.95 6805.58 3668.18 6781.75 3686.86 6749.94 3667.06 6774.59 3658.40 6774.33 3642.79 6766.56 3635.32 6795.30 3646.14 6809.26 3621.19 6834.61 3637.70 6857.94 3633.91
14 3196.49 1538.53 3194.29 1549.11 3209.07 1563.04 3179.86 1547.40 3173.89 1579.03 3164.10 1553.84 3149.57 1560.23 3142.24 1506.29 3143.36 1492.24 3159.15 1494.04 3171.15 1499.30 3185.14 1516.81 3217.21 1505.83 3211.34 1523.96
5 7286.52 16165.49 7273.64 16172.67 7263.24 16178.01 7273.35 16142.72 7277.32 16113.57
10 7469.96 6203.30 7470.82 6203.86 7494.21 6219.42 7430.61 6239.14 7405.52 6195.21 7426.58 6167.92 7454.52 6172.59 7473.98 6168.57 7472.90 6194.64 7507.42 6190.55
9 15933.39 15320.79 15969.04 15245.93 16000.91 15208.10 16057.59 15215.70 16104.79 15300.58 16091.92 15356.88 16042.66 15394.70 16037.89 15396.22 15992.85 15399.04
8 4086.84 7326.39 4032.47 7365.89 4044.20 7276.43 4055.56 7201.34 4069.08 7211.71 4072.22 7223.68 4105.83 7230.65 4141.43 7264.97
8 1061.38 1983.36 994.57 1989.91 1009.67 1955.36 1008.54 1953.42 1007.02 1951.74 1027.26 1927.50 1029.73 1941.46 1060.53 1922.79
7 11192.16 14114.51 11136.12 14160.55 11128.19 14128.95 11084.66 14073.25 11115.06 14053.35 11122.43 14027.90 11159.43 14058.77
10 11504.18 871.13 11469.57 831.01 11472.54 817.80 11481.58 785.92 11512.57 778.36 11549.33 788.90 11562.98 795.05 11554.14 850.28 11549.40 865.79 11540.58 867.75
6 13931.30 7186.01 13915.40 7191.66 13916.41 7213.73 13827.14 7211.25 13815.76 7199.67 13878.95 7143.69
10 3597.73 8899.17 3570.41 8861.64 3577.94 8833.15 3582.59 8831.04 3631.96 8813.27 3657.83 8831.17 3664.17 8847.74 3664.51 8858.47 3651.72 8878.59 3601.96 8897.63
9 7485.50 13117.15 7453.22 13071.57 7473.92 13052.00 7512.66 13022.60 7538.35 13015.08 7591.96 13058.00 7612.84 13092.21 7583.69 13147.62 7562.82 13159.67
11 5603.50 11772.95 5621.21 11741.18 5635.65 11724.57 5669.58 11687.83 5699.72 11709.53 5725.67 11736.01 5723.64 11768.92 5708.15 11799.12 5684.14 11814.54 5650.54 11821.66 5604.97 11793.23
8 11150.28 7771.65 11224.52 7728.79 11256.39 7742.02 11315.54 7806.81 11304.68 7855.48 11290.33 7867.66 11235.62 7908.55 11153.63 7868.35
7 13685.57 8184.52 13660.95 8156.46 13662.08 8138.14 13675.97 8111.25 13708.28 8101.50 13734.86 8143.63 13738.59 8166.26
10 3663.23 13792.53 3709.48 13785.11 3758.48 13789.35 3774.09 13853.92 3763.16 13914.48 3704.93 13925.84 3664.34 13900.99 3655.53 13878.20 3653.25 13863.12 3654.65 13817.65
10 17187.37 10788.21 17163.33 10784.31 17159.79 10783.09 17145.25 10797.47 17130.25 10783.81 17108.04 10795.44 17105.83 10777.23 17108.40 10756.84 17123.59 10748.31 17176.58 10721.40
13 8303.68 15316.88 8296.89 15315.17 8305.12 15358.61 8298.24 15356.39 8277.74 15351.32 8274.76 15314.17 8242.35 15322.04 8225.15 15332.68 8217.12 15265.89 8259.21 15276.54 8263.42 15272.54 8261.27 15226.36 8349.86 15281.11
9 4537.13 10575.35 4550.16 10514.81 4591.85 10500.11 4620.26 10512.60 4632.29 10526.97 4638.03 10558.78 4636.37 10587.70 4586.03 10618.20 4547.34 10599.07
8 11561.74 11127.48 11551.16 11137.57 11543.13 11137.87 11509.41 11135.81 11509.21 11179.23 11448.93 11098.89 11524.49 11088.02 11565.78 11098.39
6 10229.21 15221.37 10112.89 15218.13 10120.46 15163.94 10124.29 15144.00 10167.36 15124.71 10210.93 15161.54
7 7475.10 15117.63 7432.28 15139.56 7415.22 15129.76 7376.63 15076.59 7382.17 15052.86 7459.94 15048.73 7474.93 15101.32
8 12684.69 9151.31 12659.14 9186.38 12636.10 9177.68 12637.37 9153.12 12641.12 9145.82 12655.93 9138.85 12666.17 9132.78 12683.00 9119.15
10 5865.55 9376.02 5851.78 9311.68 5870.85 9291.14 5953.41 9294.10 5971.95 9309.06 5990.70 9358.34 5971.65 9393.99 5968.77 9397.86 5936.47 9422.04 5916.18 9415.89
8 16555.34 15338.23 16552.14 15261.34 16573.92 15251.72 16667.32 15232.25 16680.66 15276.28 16684.89 15315.37 16683.91 15342.70 16663.42 15347.42
13 14251.77 17821.15 14176.72 17811.57 14201.66 17797.30 14195.28 17798.50 14174.90 17766.05 14173.36 17757.53 14210.56 17737.73 14218.34 17764.30 14246.88 17742.80 14253.70 17759.24 14238.03 17772.48 14269.69 17766.33 14254.47 17785.68
8 3396.15 837.44 3426.67 860.49 3413.35 903.39 3387.76 923.62 3363.66 898.28 3351.86 863.88 3379.44 844.70 3387.27 839.55
11 9086.78 14152.25 9037.19 14139.17 8981.99 14059.29 8973.81 14041.80 9028.74 13990.60 9036.60 13986.31 9097.48 13992.63 9132.55 14007.89 9163.80 14048.02 9155.59 14080.59 9143.55 14114.75
10 8163.78 12638.36 8168.19 12604.95 8181.33 12597.19 8195.86 12588.69 8218.66 12598.85 8227.84 12609.13 8232.25 12647.35 8196.43 12664.80 8181.41 12665.38 8173.40 12655.45
11 17743.69 7710.48 17762.62 7738.86 17757.86 7759.40 17730.23 7743.62 17712.76 7765.52 17658.15 7709.13 17688.71 7669.21 17668.58 7652.67 17702.15 7674.42 17703.01 7667.31 17744.94 7659.71
9 2309.44 3196.44 2266.79 3224.87 2244.20 3237.44 2240.57 3212.88 2216.13 3233.12 2227.76 3207.26 2240.07 3194.37 2266.32 3153.80 2282.73 3183.78
5 2058.28 1980.20 2021.36 2036.54 1995.88 2009.79 1983.88 1994.99 2021.35 1958.36
14 14608.92 4449.36 14596.81 4450.26 14594.85 4453.86 14593.23 4454.38 14588.16 4462.02 14567.28 4445.88 14564.53 4434.20 14582.97 4400.94 14592.21 4408.97 14598.87 4415.57 14596.51 4382.91 14613.85 4419.01 14650.78 4412.64 14619.32 4423.99
10 10504.80 11177.09 10487.07 11176.40 10483.95 11198.98 10380.38 11223.71 10390.67 11214.01 10423.02 11129.58 10411.60 11103.20 10449.86 11132.28 10455.24 11130.74 10478.31 11120.36
10 7825.20 13215.38 7794.30 13165.72 7794.98 13150.06 7798.41 13123.51 7846.01 13103.67 7909.70 13102.68 7926.16 13124.79 7916.89 13167.89 7905.99 13204.35 7866.49 13211.87
5 3624.47 10745.05 3524.36 10697.75 3557.96 10676.97 3597.11 10678.14 3658.78 10680.60
8 9489.93 11170.83 9519.91 11139.01 9551.24 11145.43 9566.98 11166.39 9570.97 11204.02 9556.67 11231.65 9507.08 11216.49 9497.49 11194.93
11 13344.64 17286.31 13342.48 17280.95 13346.80 17268.43 13353.60 17255.02 13351.05 17227.86 13354.00 17218.28 13360.65 17234.10 13370.71 17230.93 13384.11 17226.46 13383.10 17231.88 13375.04 17240.20
11 8215.76 4674.84 8195.28 4667.13 8165.32 4689.43 8126.17 4707.93 8137.92 4649.69 8100.68 4638.54 8122.04 4610.77 8213.59 4604.91 8202.93 4615.54 8231.73 4630.43 8192.16 4647.25
8 5640.99 7645.75 5650.79 7555.38 5686.73 7520.55 5735.44 7526.78 5754.41 7553.87 5737.25 7629.95 5723.24 7665.97 5689.04 7674.67
10 4113.72 990.83 4074.15 989.01 4033.52 958.67 3993.39 908.87 4015.35 841.84 4070.34 813.61 4125.15 824.92 4135.84 834.52 4141.19 853.69 4134.50 965.57
15 16054.35 16105.01 16047.33 16070.10 16038.87 16047.06 16010.28 16076.72 15999.11 16076.12 15995.24 16078.10 16001.82 15994.92 16035.59 15989.99 16040.26 15987.94 16051.75 15968.72 16056.06 15989.62 16082.81 15969.02 16073.28 15993.36 16103.76 15969.44 16121.26 16004.54
8 16915.43 1221.51 16827.97 1143.42 16847.28 1106.08 16867.05 1095.82 16934.50 1081.57 16994.80 1133.11 16995.02 1138.32 16993.09 1141.56
8 4217.66 3600.88 4240.92 3545.28 4281.04 3534.63 4322.25 3565.87 4340.31 3602.77 4311.64 3637.33 4297.20 3646.64 4244.39 3631.35
5 587.34 12831.40 590.17 12793.31 546.42 12788.23 629.56 12756.76 627.01 12759.25
11 4127.35 4615.96 4100.94 4620.41 4096.90 4622.13 4104.64 4662.44 4096.01 4648.06 4074.31 4625.75 4067.92 4628.14 4047.09 4608.09 4054.21 4599.01 4048.74 4583.73 4065.88 4575.90
10 14557.48 8526.76 14607.64 8496.55 14627.37 8512.81 14659.63 8574.03 14656.38 8618.61 14623.52 8632.87 14593.82 8642.79 14567.78 8625.57 14535.71 8600.11 14541.47 8568.14
5 11936.35 9571.55 11919.51 9535.86 11941.57 9522.92 11965.53 9524.02 11986.50 9543.75
13 14574.28 9018.57 14533.02 9025.42 14527.30 9048.05 14523.98 9062.77 14514.03 9036.30 14493.50 9055.11 14485.71 9054.51 14507.20 9029.21 14497.79 9030.15 14511.40 9020.96 14501.88 9021.43 14493.71 8994.35 14534.30 9012.96
8 14900.54 4538.18 14893.92 4565.44 14851.90 4562.66 14824.08 4539.47 14835.20 4518.38 14854.30 4482.99 14894.51 4479.87 14897.69 4501.36
5 9553.04 11573.09 9572.66 11565.72 9602.03 11636.90 9566.36 11627.49 9557.77 11602.87
8 850.42 15682.70 863.30 15630.24 901.65 15625.54 923.02 15640.68 949.27 15674.47 926.00 15686.38 886.91 15704.17 875.72 15700.60
8 8526.09 17653.76 8491.46 17670.93 8478.94 17666.71 8451.95 17650.01 8471.18 17631.13 8507.47 17575.94 8536.29 17592.15 8539.91 17598.76
5 15769.77 6933.80 15870.02 6835.27 15913.94 6879.82 15941.82 6974.96 15835.99 7001.04
11 8620.68 2810.46 8551.91 2822.84 8529.70 2846.06 8455.50 2838.20 8484.79 2771.56 8487.06 2745.76 8524.61 2777.13 8529.19 2746.77 8530.80 2741.69 8559.88 2753.41 8567.46 2789.31
15 16784.55 14556.50 16735.85 14563.00 16727.18 14550.69 16710.27 14556.19 16740.72 14533.74 16708.64 14504.63 16737.31 14518.24 16731.13 14503.61 16752.24 14486.37 16755.41 14514.12 16755.77 14515.07 16760.30 14504.06 16778.16 14515.34 16766.23 14526.43 16775.85 14525.83
9 9101.81 14792.26 9036.74 14732.23 9036.93 14693.39 9071.17 14660.85 9091.25 14654.11 9145.80 14670.03 9182.70 14692.33 9165.92 14743.16 9131.08 14794.87
7 2378.05 5902.78 2432.60 5850.06 2482.32 5882.06 2469.67 5934.05 2442.36 5978.07 2411.56 5964.34 2380.63 5935.33
7 7989.02 11465.27 7943.72 11607.73 7845.53 11566.28 7826.73 11515.28 7848.82 11465.38 7862.94 11455.35 7873.92 11448.56
13 8501.59 13464.53 8479.00 13473.57 8486.72 13483.78 8468.17 13468.40 8466.29 13467.94 8461.50 13468.05 8456.29 13487.45 8443.30 13447.15 8452.60 13433.01 8464.49 13438.59 8478.20 13435.19 8478.68 13437.36 8482.00 13451.77
10 9831.87 10041.10 9803.30 10076.47 9785.84 10078.86 9740.77 10072.20 9735.27 10067.85 9728.89 10034.69 9726.78 10000.19 9748.63 9984.98 9820.14 9997.40 9829.78 10028.69
7 13211.82 1477.83 13197.98 1520.95 13138.42 1499.71 13135.74 1473.83 13186.32 1441.12 13196.67 1440.34 13218.41 1461.56
9 5825.07 15851.64 5798.66 15875.54 5780.15 15902.05 5754.84 15850.61 5755.70 15847.73 5758.45 15828.22 5770.18 15783.19 5819.40 15799.50 5810.78 15831.46
10 12662.56 6000.45 12660.55 5891.37 12705.22 5854.52 12748.87 5856.58 12772.01 5879.03 12786.61 5905.24 12790.04 5942.90 12763.07 6010.19 12719.90 6019.21 12705.23 6018.72
15 11834.88 12628.88 11818.77 12638.04 11768.07 12647.98 11769.16 12637.24 11745.87 12680.45 11765.01 12625.43 11753.91 12614.04 11709.19 12586.36 11745.82 12592.77 11732.17 12567.44 11750.93 12566.46 11785.58 12559.12 11793.11 12594.43 11846.42 12587.86 11799.30 12607.21
13 4072.32 5786.65 4095.67 5826.87 4081.60 5881.45 4065.99 5892.51 4010.62 5894.45 3992.91 5894.74 3978.60 5887.25 3981.41 5839.95 3983.20 5815.32 3985.98 5789.97 4005.61 5757.02 4018.96 5746.53 4040.39 5759.26
8 7572.85 5112.85 7543.03 5084.12 7507.67 5090.05 7492.17 5078.94 7485.14 5078.74 7551.31 5014.78 7568.47 5053.20 7570.77 5060.61
9 15719.04 11430.93 15637.55 11370.34 15642.26 11357.42 15686.89 11292.20 15705.09 11296.46 15707.04 11297.09 15749.88 11337.45 15773.30 11374.73 15762.36 11404.23
7 13664.20 4121.35 13646.62 4107.70 13631.17 4112.86 13623.71 4115.63 13620.80 4093.65 13635.16 4036.16 13676.39 4072.52
11 17247.45 9902.61 17253.03 9915.84 17244.05 9947.10 17232.89 9917.94 17214.18 9935.67 17203.16 9940.45 17193.73 9904.27 17200.60 9899.81 17224.91 9893.70 17200.10 9873.36 17248.38 9895.37
7 6111.71 408.32 6115.98 392.99 6104.93 390.33 6119.64 374.98 6145.92 380.31 6152.99 385.98 6147.38 393.99
7 12099.87 8711.71 12061.95 8653.93 12073.01 8621.10 12123.24 8585.72 12157.41 8576.46 12198.13 8583.40 12218.75 8638.32
6 15391.46 7020.97 15383.15 7008.18 15382.49 6990.38 15390.76 6982.40 15441.59 6996.13 15417.75 7011.98
6 12654.22 6209.08 12674.29 6092.26 12746.28 6110.34 12725.82 6202.49 12717.82 6216.23 12686.13 6220.25
8 4888.20 433.01 4823.87 404.11 4836.14 352.60 4860.51 325.99 4910.05 343.86 4926.13 376.09 4924.01 383.17 4908.98 406.92
11 17643.10 9004.94 17653.39 8966.87 17671.64 8948.05 17711.72 8923.23 17729.77 8924.20 17773.02 8964.15 17773.96 8997.25 17753.49 9042.48 17699.21 9078.86 17674.14 9072.06 17651.91 9055.12
11 11344.66 10249.19 11329.20 10267.58 11310.62 10248.06 11293.71 10246.74 11299.20 10235.29 11292.53 10229.92 11290.29 10187.96 11335.87 10204.19 11351.39 10186.92 11361.47 10213.80 11373.87 10225.57
9 10791.53 9413.94 10817.80 9475.22 10816.31 9483.02 10803.23 9534.85 10758.02 9537.08 10719.87 9520.26 10708.96 9508.61 10695.62 9464.06 10747.72 9410.17
12 1621.58 17760.01 1588.05 17746.96 1588.03 17747.97 1582.78 17751.99 1572.26 17768.81 1549.17 17782.18 1543.77 17759.56 1532.49 17744.32 1517.04 17704.68 1536.68 17715.24 1594.30 17722.00 1590.21 17728.04
9 14210.84 17354.98 14209.82 17307.44 14246.46 17272.51 14271.30 17253.56 14300.66 17254.19 14314.91 17266.99 14356.68 17329.78 14343.03 17360.56 14281.47 17401.86
11 13069.01 8449.04 13064.47 8422.68 13076.57 8370.37 13085.87 8360.50 13146.44 8358.14 13165.39 8365.03 13167.49 8366.28 13178.70 8405.02 13172.76 8446.28 13143.80 8478.79 13094.66 8466.02
12 9112.33 3748.71 9090.17 3753.46 9083.67 3771.27 9059.05 3793.06 9050.54 3785.06 9071.65 3752.67 9071.24 3740.87 9067.02 3704.34 9079.01 3663.80 9091.60 3668.48 9100.27 3642.19 9190.89 3720.30
8 13285.07 13946.06 13258.31 13948.48 13269.36 13963.68 13231.22 13955.81 13225.72 13962.05 13197.15 13970.64 13224.39 13917.31 13254.97 13931.77
7 9275.33 11014.25 9194.75 11078.48 9179.03 11072.01 9163.91 11042.42 9154.38 10971.79 9186.09 10937.13 9250.50 10975.77
10 5175.61 14742.19 5180.52 14689.01 5251.55 14666.98 5260.67 14668.37 5274.72 14678.42 5296.74 14705.59 5315.61 14731.81 5259.15 14797.94 5248.18 14803.03 5186.63 14776.93
8 1241.30 4202.42 1254.69 4139.68 1304.85 4134.09 1346.14 4148.79 1345.94 4230.79 1284.04 4253.76 1249.73 4244.22 1242.23 4225.74
12 13366.29 8348.42 13420.31 8320.88 13468.99 8338.82 13477.74 8355.89 13487.27 8424.37 13488.43 8442.67 13487.62 8447.49 13470.28 8456.24 13378.77 8468.16 13359.48 8444.68 13353.13 8414.14 13360.53 8368.59
11 17382.47 17318.75 17387.16 17375.28 17324.45 17379.00 17314.69 17348.38 17332.52 17289.88 17338.39 17266.40 17380.34 17265.01 17388.46 17277.62 17359.12 17298.77 17363.35 17299.56 17403.82 17302.76
8 4729.10 3157.53 4716.23 3181.98 4720.17 3135.10 4669.64 3148.73 4716.66 3108.69 4686.82 3071.82 4720.08 3070.05 4751.06 3096.60
10 10417.96 7273.94 10402.82 7233.46 10404.66 7194.83 10419.09 7181.41 10462.79 7162.55 10488.31 7173.64 10562.11 7208.44 10572.47 7262.32 10538.71 7308.64 10506.10 7334.48
11 9083.36 4698.55 9090.44 4700.17 9051.60 4706.53 9049.83 4710.97 9030.30 4714.71 9013.07 4716.03 9033.52 4700.37 9024.86 4675.52 9039.14 4678.30 9027.79 4647.39 9060.47 4692.32
13 8725.70 17391.58 8715.69 17399.49 8695.86 17423.17 8671.45 17431.36 8672.37 17396.28 8657.84 17394.34 8662.91 17371.26 8612.41 17401.26 8639.07 17369.98 8646.70 17329.67 8682.41 17326.27 8683.13 17282.25 8684.88 17265.56
10 15237.64 17435.38 15244.83 17367.82 15252.85 17359.63 15268.33 17352.70 15320.76 17359.29 15341.00 17388.76 15330.38 17444.58 15296.67 17467.08 15275.93 17461.96 15249.87 17455.18
13 3813.58 16565.37 3809.66 16576.51 3783.71 16583.63 3720.95 16602.95 3736.07 16569.72 3691.72 16523.48 3730.35 16536.41 3713.52 16504.70 3747.94 16516.86 3764.94 16502.90 3768.49 16516.64 3788.84 16489.06 3811.40 16538.49
10 11958.61 2429.18 11967.07 2439.47 11958.27 2456.76 11938.80 2453.83 11909.33 2444.34 11864.63 2436.12 11910.27 2412.87 11897.38 2398.28 11899.58 2382.95 11919.83 2409.21
14 12058.93 4442.38 12071.85 4450.64 12095.67 4465.29 12056.37 4484.30 11993.92 4477.47 12005.70 4444.31 12014.39 4414.65 12015.78 4389.59 12026.57 4373.50 12033.33 4410.94 12044.10 4412.00 12080.70 4378.65 12061.40 4410.53 12049.27 4423.75
7 2050.59 297.05 2073.27 312.09 2036.66 329.61 2036.60 358.76 2029.31 270.77 2048.07 248.18 2050.73 256.50
11 11399.01 15637.52 11388.88 15635.14 11370.54 15639.66 11330.72 15646.67 11318.05 15630.68 11341.41 15624.23 11321.11 15613.67 11337.68 15598.61 11352.61 15593.61 11362.54 15611.81 11372.77 15598.67
9 12809.86 2116.37 12833.22 2137.18 12831.76 2181.86 12814.02 2200.08 12789.76 2202.92 12770.37 2193.24 12753.99 2179.21 12752.65 2151.85 12756.80 2139.71
9 1554.62 6338.02 1552.45 6341.10 1523.64 6344.55 1497.66 6355.37 1476.24 6328.06 1475.45 6323.13 1479.09 6322.49 1469.93 6313.61 1522.43 6311.72
8 17127.13 12419.77 17073.84 12361.11 17070.28 12331.59 17078.45 12314.26 17101.53 12314.86 17124.76 12293.33 17129.27 12299.83 17114.09 12326.30
12 7659.46 7357.93 7665.19 7364.92 7644.16 7366.92 7641.21 7414.14 7604.03 7429.04 7600.23 7373.52 7575.83 7355.15 7603.55 7341.87 7586.85 7307.86 7584.00 7302.89 7674.63 7275.79 7683.05 7308.13
6 17868.81 15494.62 17886.31 15574.88 17867.12 15625.76 17795.02 15639.22 17766.84 15636.16 17767.32 15513.12
7 2518.54 1629.06 2522.36 1594.61 2471.21 1519.96 2515.94 1480.52 2535.99 1529.41 2544.75 1550.16 2558.73 1559.16
9 4162.50 15070.44 4128.44 15008.55 4139.22 14959.97 4153.00 14935.79 4218.61 14911.62 4280.25 14949.87 4277.33 14988.90 4262.58 15017.88 4218.27 15071.14
7 10744.88 14934.51 10723.18 14978.63 10660.95 14972.02 10629.04 14962.98 10641.97 14876.52 10666.42 14841.76 10707.25 14875.63
5 16012.20 1454.30 16000.12 1443.57 15988.08 1361.10 16025.29 1336.64 16068.67 1393.64
8 10767.04 15826.92 10743.67 15805.49 10745.09 15761.89 10771.92 15731.52 10826.25 15689.35 10885.86 15724.34 10906.65 15766.13 10888.30 15796.43
8 17543.93 4647.34 17578.54 4695.19 17567.08 4769.60 17555.79 4771.93 17479.45 4755.38 17436.78 4679.95 17459.01 4665.89 17493.89 4651.05
11 10301.51 3517.91 10312.06 3478.22 10336.36 3439.97 10375.68 3453.28 10394.47 3462.22 10398.92 3489.16 10399.07 3505.62 10387.74 3549.30 10386.41 3553.39 10371.78 3554.78 10335.39 3552.73
12 11872.60 3105.50 11864.41 2995.81 11867.98 2990.04 11901.35 2960.07 11915.19 2959.99 11947.85 2962.98 12011.65 2986.91 12031.46 3021.95 12024.16 3060.51 12015.31 3107.22 11958.05 3126.04 11889.71 3110.12
12 13989.32 12542.53 14010.20 12569.70 13994.68 12559.86 13974.03 12570.78 13918.75 12523.93 13934.53 12509.82 13937.24 12503.07 13963.20 12518.83 13981.94 12479.55 14010.86 12515.65 14020.82 12531.87 14004.11 12536.57
7 3073.62 3709.78 3105.98 3666.72 3129.62 3670.92 3143.06 3697.74 3131.04 3710.12 3100.94 3736.69 3075.49 3723.64
12 7211.34 6383.51 7251.33 6363.15 7307.91 6371.52 7342.07 6424.50 7356.83 6476.00 7344.45 6498.53 7291.17 6526.65 7285.63 6529.10 7226.36 6511.82 7207.29 6496.48 7191.78 6427.39 7205.36 6395.82
6 5381.83 8792.86 5373.62 8796.83 5335.40 8797.42 5324.35 8766.74 5372.10 8733.88 5377.60 8765.86
11 7706.03 15764.11 7693.00 15765.55 7678.81 15775.11 7655.28 15735.19 7686.28 15739.89 7688.36 15735.96 7699.17 15717.87 7694.59 15729.88 7697.31 15737.46 7692.67 15742.87 7699.11 15742.07
13 10652.16 9561.11 10675.56 9563.50 10647.73 9571.38 10652.43 9597.51 10640.29 9568.22 10637.87 9584.32 10626.46 9597.96 10627.57 9549.57 10625.35 9540.66 10630.04 9526.89 10640.59 9522.83 10643.15 9547.31 10649.65 9533.67
6 9547.96 14055.51 9502.71 14060.37 9493.40 14040.23 9510.52 14041.37 9512.86 14039.34 9519.57 14037.31
11 15409.44 3231.42 15400.66 3229.48 15398.07 3240.89 15382.99 3237.40 15381.88 3227.40 15379.08 3225.63 15361.35 3210.02 15358.50 3206.03 15366.09 3207.64 15382.83 3189.90 15421.80 3219.49
11 11403.12 3878.56 11403.56 3845.58 11423.44 3843.86 11455.88 3842.15 11458.32 3842.22 11469.41 3847.19 11460.54 3885.29 11446.93 3906.19 11437.71 3907.35 11415.01 3894.48 11408.38 3890.69
10 16678.12 4712.03 16734.51 4700.82 16744.92 4703.52 16773.38 4727.63 16787.37 4745.03 16782.22 4793.77 16764.06 4800.87 16694.62 4817.30 16665.52 4787.46 16665.97 4738.86
10 6008.88 12011.91 6025.96 12035.69 6047.60 12056.01 5989.55 12066.36 5950.06 12009.13 5927.95 12008.20 5942.94 11990.48 5992.90 11953.43 6006.66 11957.18 6041.44 11940.07
7 15351.52 13086.55 15342.14 13098.82 15325.85 13096.35 15321.69 13070.56 15339.79 13055.41 15317.05 13011.70 15392.14 13016.55
8 4097.64 15952.02 4028.83 15915.03 4043.17 15858.19 4080.33 15843.75 4123.46 15860.63 4134.30 15882.10 4122.10 15948.85 4111.78 15957.17
10 9731.07 6360.34 9692.75 6308.96 9707.95 6280.33 9726.84 6261.41 9735.90 6252.47 9776.86 6258.14 9791.06 6278.01 9795.09 6299.48 9795.35 6311.70 9782.32 6344.39
10 14820.34 11952.39 14818.61 11932.42 14830.21 11919.56 14842.83 11916.59 14890.84 11930.30 14893.14 11941.86 14886.88 11969.28 14865.69 11973.93 14849.17 11976.74 14834.63 11967.11
9 4507.97 8266.63 4494.11 8222.46 4494.83 8221.54 4513.39 8204.29 4529.42 8198.27 4545.00 8208.57 4570.97 8230.05 4538.37 8270.71 4522.01 8272.76
5 13102.48 11521.92 13066.15 11543.62 12985.29 11562.44 12980.10 11504.53 13039.24 11424.23
10 6825.50 2082.65 6798.94 2085.30 6814.83 2107.73 6801.34 2100.41 6792.45 2098.37 6777.73 2115.56 6770.00 2093.26 6747.42 2101.41 6775.63 2071.03 6800.89 2062.54
10 3541.39 5749.56 3566.72 5762.32 3521.61 5758.46 3511.33 5761.44 3499.60 5764.75 3515.42 5724.39 3519.83 5728.80 3528.70 5739.61 3536.26 5742.02 3562.45 5735.18
5 13488.95 9874.16 13475.77 9861.12 13470.64 9833.67 13484.85 9790.92 13575.78 9829.59
8 4877.94 5499.51 4839.67 5465.19 4826.49 5499.55 4774.68 5455.36 4759.84 5436.55 4782.74 5408.44 4896.42 5413.69 4918.23 5438.21
15 5775.55 3251.50 5762.09 3252.81 5735.11 3256.92 5740.23 3287.53 5736.22 3294.43 5726.26 3318.54 5664.11 3243.80 5639.93 3235.33 5673.53 3216.92 5724.18 3203.76 5753.97 3177.72 5744.73 3219.61 5773.85 3215.58 5751.61 3237.13 5758.59 3237.23
8 9635.02 17704.91 9628.90 17760.42 9603.17 17762.86 9560.73 17764.83 9537.76 17722.99 9531.37 17700.31 9562.73 17666.87 9632.66 17686.30
6 1259.16 6886.80 1272.08 6943.11 1257.58 6974.28 1176.69 6952.84 1198.14 6917.00 1205.05 6907.03
12 17380.30 1854.10 17381.54 1873.29 17360.56 1866.68 17341.58 1885.23 17342.07 1870.19 17346.22 1835.04 17350.14 1830.15 17352.96 1828.07 17360.93 1833.31 17357.44 1807.55 17369.44 1838.82 17379.80 1840.67
8 2210.00 7670.06 2186.16 7694.56 2163.89 7695.73 2164.80 7688.06 2153.91 7648.17 2141.17 7638.91 2179.39 7649.02 2192.03 7655.14
10 12008.29 9027.56 11961.61 9010.51 11923.32 8967.01 11907.90 8917.67 11981.54 8872.77 12015.65 8864.80 12033.35 8866.14 12082.66 8927.04 12068.71 8985.25 12049.43 9015.05
10 8747.08 8004.71 8757.06 8030.16 8708.02 8009.84 8698.22 8029.42 8655.64 8009.94 8660.14 7985.30 8706.17 7981.57 8709.53 7970.28 8720.70 7981.83 8746.48 7993.49
14 12884.79 2916.24 12864.86 2917.94 12873.87 2955.30 12863.61 2931.00 12822.39 2937.48 12831.39 2922.14 12844.28 2906.76 12808.47 2936.83 12807.23 2870.00 12820.35 2867.03 12867.57 2841.37 12880.02 2847.36 12888.26 2870.02 12898.31 2877.09
15 14480.73 14238.01 14498.13 14245.70 14495.93 14246.87 14473.61 14246.51 14471.00 14242.84 14461.32 14251.93 14456.70 14225.22 14455.45 14219.88 14459.28 14214.16 14464.65 14206.58 14468.97 14212.69 14469.26 14216.11 14469.32 14201.89 14476.56 14213.91 14480.97 14231.91
10 3404.15 1557.61 3449.63 1496.96 3478.23 1483.63 3511.00 1521.93 3519.82 1566.27 3511.02 1596.62 3488.64 1613.12 3431.33 1593.83 3421.78 1589.25 3414.24 1585.61
12 6173.13 6218.71 6158.06 6211.15 6144.51 6212.12 6133.90 6231.80 6135.87 6214.85 6130.32 6215.42 6137.99 6201.48 6138.93 6168.23 6145.28 6169.81 6152.84 6146.10 6176.15 6177.79 6184.01 6183.92
12 2832.46 15574.84 2832.54 15575.13 2830.70 15579.72 2825.76 15584.78 2806.26 15597.29 2776.38 15598.75 2760.58 15583.93 2759.53 15577.54 2766.26 15567.05 2782.97 15542.44 2800.25 15526.37 2812.41 15523.59
7 1664.94 6272.67 1642.58 6213.74 1658.68 6192.67 1720.54 6158.69 1758.20 6203.28 1752.24 6244.70 1730.62 6268.68
6 4528.42 11332.82 4472.62 11343.51 4455.99 11397.27 4433.39 11306.10 4462.33 11265.98 4470.45 11301.38
10 11902.21 2045.87 11904.61 2067.27 11866.13 2065.04 11838.96 2060.29 11821.51 2096.98 11826.37 2037.06 11827.52 2027.94 11819.68 2001.54 11869.18 1980.04 11868.19 2012.49
15 11765.76 5401.21 11784.60 5441.01 11765.02 5421.15 11773.42 5444.99 11723.28 5432.58 11718.72 5424.94 11738.93 5393.34 11712.69 5372.28 11740.07 5387.40 11746.24 5385.85 11746.70 5383.79 11733.57 5363.49 11742.18 5372.50 11752.07 5373.20 11785.59 5353.40
7 2526.66 11973.34 2486.73 11922.13 2465.31 11920.24 2463.38 11908.54 2402.10 11909.89 2396.79 11857.40 2473.12 11858.05
8 4182.07 14607.82 4198.66 14563.71 4237.99 14548.91 4295.89 14589.04 4319.90 14629.62 4301.92 14644.86 4235.86 14675.63 4187.28 14639.43
5 5117.94 10882.12 5163.07 10923.83 5122.78 10925.62 5058.38 10974.54 5080.09 10835.97
14 6154.79 1703.97 6123.06 1709.39 6134.38 1773.08 6023.84 1746.52 6059.21 1719.83 6064.26 1700.68 6065.76 1656.06 6086.94 1667.79 6083.55 1636.10 6121.02 1607.38 6125.79 1618.86 6119.68 1665.16 6141.27 1653.74 6186.35 1695.87
11 15880.78 905.76 15882.42 864.85 15899.20 849.44 15938.09 854.17 15961.62 863.56 15966.85 901.52 15960.42 907.32 15946.85 915.68 15909.65 935.73 15903.82 937.48 15895.02 932.98
9 3824.58 5291.95 3795.35 5325.12 3782.38 5324.04 3760.83 5315.18 3755.64 5306.59 3760.38 5280.19 3768.05 5239.37 3792.33 5246.74 3823.36 5256.33
7 8084.28 16424.38 8074.77 16448.09 8051.79 16427.72 7997.16 16443.40 8031.82 16353.72 8040.24 16378.17 8057.79 16370.90
11 17209.75 3175.27 17278.26 3158.45 17308.14 3170.14 17328.16 3181.25 17335.86 3194.58 17335.93 3241.60 17298.75 3287.34 17216.63 3294.68 17190.85 3250.11 17187.79 3220.79 17202.71 3188.68
11 1610.61 7506.84 1633.13 7522.67 1601.70 7511.40 1558.61 7512.99 1517.34 7502.14 1550.71 7496.77 1503.27 7467.54 1538.98 7480.58 1575.45 7461.33 1596.67 7477.31 1628.92 7463.99
9 15726.17 2122.60 15727.94 2044.93 15784.92 2033.33 15847.92 2053.45 15858.58 2058.27 15859.47 2097.20 15839.39 2140.82 15802.90 2163.31 15745.99 2165.63
14 3989.88 1066.42 3989.22 1071.61 3995.99 1079.19 3989.26 1077.93 4012.58 1103.69 4001.39 1093.23 3994.35 1089.86 3979.43 1097.32 3953.75 1093.61 3931.65 1081.44 3947.45 1068.85 3955.84 1067.56 3970.34 1054.17 4000.03 1033.91
10 12318.57 1289.16 12340.82 1257.64 12395.82 1256.77 12422.00 1318.90 12423.23 1331.98 12414.93 1340.33 12388.42 1365.27 12353.07 1361.65 12338.62 1359.86 12319.59 1347.19
9 3952.43 14038.06 3910.73 14075.66 3879.62 14070.10 3880.57 14049.29 3863.09 14059.23 3841.40 14047.23 3874.67 14034.16 3922.01 13996.81 3919.73 14029.70
11 17249.03 11142.06 17197.31 11122.46 17185.32 11061.12 17184.69 11031.14 17200.34 11010.08 17267.92 11022.80 17291.31 11045.45 17300.05 11060.70 17311.76 11086.17 17291.31 11113.97 17267.94 11129.55
5 3747.71 16035.98 3713.17 16085.44 3696.68 16084.31 3649.57 16009.97 3686.86 16001.08
10 3492.31 10695.08 3515.13 10722.54 3487.91 10692.35 3495.59 10715.34 3460.42 10726.28 3458.76 10703.73 3421.08 10667.72 3473.26 10654.14 3489.80 10629.85 3509.64 10649.27
15 6227.09 5742.45 6218.41 5740.75 6224.67 5767.10 6186.83 5758.51 6177.36 5780.54 6147.01 5778.16 6140.63 5775.38 6124.41 5785.52 6127.90 5776.98 6131.59 5717.29 6146.58 5709.57 6169.52 5719.08 6140.95 5669.36 6167.74 5650.15 6250.37 5716.72
8 16530.24 8899.45 16522.95 8990.66 16505.76 8995.30 16472.66 8998.03 16435.38 8957.98 16433.43 8945.53 16479.36 8884.24 16510.31 8877.04
14 10556.95 6573.03 10537.45 6596.56 10509.36 6570.49 10511.04 6602.07 10471.15 6571.93 10469.76 6564.01 10460.57 6561.23 10485.45 6541.38 10471.18 6511.60 10483.37 6515.97 10514.67 6532.93 10526.92 6523.89 10521.30 6534.74 10557.01 6534.08
12 10217.13 6095.61 10208.24 6091.59 10210.14 6114.61 10165.94 6085.19 10138.18 6080.43 10150.75 6039.46 10156.80 6043.69 10178.81 6026.96 10202.55 6036.43 10200.57 6041.93 10214.91 6058.24 10186.40 6069.43
8 4795.03 3570.53 4811.03 3505.57 4905.12 3515.49 4940.32 3524.37 4946.18 3572.79 4872.58 3605.23 4812.03 3596.19 4796.35 3575.09
5 4976.18 1350.58 4937.19 1427.72 4904.85 1412.03 4895.60 1345.35 4948.55 1338.81
6 9579.07 7430.39 9643.86 7373.79 9689.78 7374.66 9733.28 7433.29 9709.12 7481.29 9644.34 7489.16
11 8946.47 5774.45 8958.93 5718.09 9009.19 5688.53 9038.72 5692.60 9062.73 5711.64 9088.53 5741.50 9090.49 5773.45 9042.88 5833.31 9014.13 5842.67 8984.16 5830.71 8949.81 5797.72
12 12919.21 14718.40 12918.39 14719.14 12869.58 14766.01 12858.14 14755.12 12811.48 14728.37 12809.02 14691.64 12842.57 14706.34 12850.24 14704.57 12848.14 14690.13 12871.02 14692.62 12905.54 14701.87 12925.60 14705.02
6 8615.34 6837.55 8671.18 6743.75 8721.25 6790.10 8738.09 6833.95 8736.46 6839.72 8649.10 6849.22
15 920.93 16851.85 917.89 16860.43 900.47 16896.50 838.90 16830.26 847.46 16819.23 891.68 16823.90 903.12 16823.11 895.85 16813.93 867.46 16786.22 905.86 16817.17 918.86 16815.46 922.08 16811.69 962.87 16785.04 952.28 16821.28 993.57 16815.34
9 17667.62 14682.94 17673.34 14663.26 17721.11 14653.02 17738.87 14653.16 17747.63 14701.39 17715.85 14732.81 17682.56 14731.29 17671.49 14722.28 17668.92 14713.68
10 16308.73 17283.19 16311.38 17304.88 16301.44 17302.96 16284.93 17298.53 16259.29 17284.42 16223.67 17297.45 16277.37 17258.73 16305.48 17259.05 16317.07 17257.45 16298.60 17266.29
8 9765.20 10529.44 9749.90 10651.06 9692.14 10679.35 9674.99 10683.35 9629.85 10662.45 9612.08 10574.49 9709.68 10500.40 9758.52 10521.31
7 3305.38 11105.02 3232.98 11137.75 3212.49 11111.03 3187.87 11105.99 3221.76 11054.13 3245.95 11078.31 3262.93 11046.54
9 15184.34 14413.14 15196.37 14386.17 15246.00 14363.72 15277.26 14376.28 15307.08 14397.40 15310.93 14478.31 15256.29 14497.42 15229.67 14496.24 15209.02 14481.29
10 10033.70 11483.50 10062.18 11545.28 10058.04 11565.65 10045.25 11595.41 10036.02 11615.88 10017.52 11627.77 9962.04 11629.85 9946.07 11604.76 9944.59 11553.01 9946.52 11507.90
10 14619.20 3311.92 14566.52 3248.09 14568.06 3224.30 14604.07 3164.52 14608.79 3161.75 14653.33 3152.33 14693.09 3162.67 14703.03 3184.64 14723.38 3252.30 14692.21 3292.78
5 13452.27 5185.55 13416.20 5197.36 13450.45 5164.81 13440.18 5133.67 13451.00 5129.51
7 13460.64 1785.97 13477.55 1904.26 13476.91 1905.47 13401.14 1926.97 13350.11 1867.42 13347.29 1846.72 13394.52 1805.13
8 13807.19 17443.50 13765.11 17497.16 13686.96 17470.35 13681.86 17463.69 13685.91 17427.01 13693.14 17401.04 13726.45 17367.18 13807.17 17397.82
10 1878.44 16128.08 1868.97 16140.30 1865.65 16158.46 1822.95 16124.09 1814.48 16100.13 1823.29 16061.48 1832.70 16092.10 1834.75 16058.69 1850.15 16067.01 1873.54 16081.11
7 8632.28 8664.76 8601.69 8701.76 8581.38 8711.83 8512.50 8626.89 8562.78 8595.58 8577.68 8589.11 8617.78 8625.09
9 15116.76 3881.03 15153.73 3866.78 15228.40 3896.23 15236.36 3938.52 15225.03 3984.08 15196.25 4005.07 15144.33 3992.99 15103.32 3967.30 15114.72 3888.43
15 12540.26 13902.00 12530.28 13904.15 12528.69 13912.22 12521.14 13912.74 12526.01 13924.58 12523.69 13931.89 12527.24 13939.06 12518.19 13930.73 12511.19 13929.89 12495.26 13913.70 12477.02 13909.66 12465.49 13912.09 12472.35 13891.88 12478.70 13888.82 12516.72 13856.76
7 7224.86 11605.89 7207.73 11599.54 7182.77 11624.27 7169.81 11625.29 7173.94 11609.58 7170.94 11579.60 7159.88 11555.48
13 4679.52 16974.88 4626.37 16971.53 4609.13 16984.47 4580.96 17021.94 4581.75 16957.96 4531.58 16968.09 4587.36 16939.05 4543.35 16911.75 4581.62 16922.11 4591.20 16901.97 4610.89 16867.16 4610.80 16876.87 4638.00 16880.83
15 5232.20 5771.10 5222.52 5774.50 5212.82 5823.74 5202.99 5779.31 5154.25 5797.13 5194.57 5751.94 5196.56 5750.55 5158.42 5730.75 5177.08 5732.97 5211.53 5737.39 5221.12 5728.51 5232.58 5731.65 5246.36 5715.12 5280.79 5712.56 5287.04 5748.82
12 8897.42 12676.25 8885.22 12702.45 8877.93 12698.60 8865.28 12679.09 8864.17 12678.32 8863.52 12661.56 8868.87 12655.77 8871.04 12653.58 8871.47 12634.45 8879.73 12630.86 8890.09 12623.60 8921.00 12648.41
11 12194.19 14402.44 12141.23 14471.75 12128.49 14406.07 12121.45 14412.15 12063.89 14389.98 12110.60 14365.56 12126.46 14361.62 12155.44 14351.39 12166.12 14350.18 12173.89 14358.74 12177.26 14366.00
9 9421.28 11221.84 9420.19 11293.26 9338.62 11334.23 9312.92 11285.41 9293.65 11241.57 9289.19 11190.06 9301.39 11184.23 9384.51 11172.36 9409.26 11183.92
8 3639.57 8264.73 3655.41 8169.38 3717.26 8149.67 3752.89 8168.20 3771.45 8230.57 3776.71 8250.04 3714.66 8277.38 3690.13 8282.08
9 7014.84 17248.76 7001.58 17249.90 6996.76 17257.59 7001.53 17273.10 6966.67 17280.58 6959.66 17302.39 6950.83 17237.79 7031.43 17188.53 7005.39 17233.64
9 12594.75 12337.77 12569.04 12338.00 12578.52 12356.01 12568.58 12355.54 12553.40 12309.10 12560.36 12309.75 12561.86 12318.63 12589.98 12316.65 12569.58 12330.91
9 2931.31 17164.69 2951.34 17118.37 2973.41 17105.10 3003.19 17106.28 3077.92 17128.72 3079.99 17177.49 3018.29 17231.90 3010.25 17231.45 2975.49 17210.81
8 15492.18 17133.71 15509.89 17157.57 15497.88 17182.13 15474.38 17201.25 15464.23 17203.31 15444.88 17189.17 15442.15 17159.26 15449.04 17144.25
6 10796.48 8760.40 10745.60 8749.57 10686.99 8730.62 10675.36 8704.73 10717.12 8722.06 10754.53 8719.94
10 5191.61 5950.34 5145.57 5965.77 5137.37 5959.30 5120.94 5994.14 5120.58 5979.98 5091.64 5953.34 5119.85 5941.81 5151.94 5911.42 5200.77 5909.53 5202.91 5928.19
5 1685.11 14194.58 1680.09 14318.11 1615.88 14311.92 1577.19 14257.77 1622.96 14165.50
6 14340.53 5217.71 14368.37 5278.03 14335.77 5284.55 14299.09 5283.83 14297.59 5271.18 14318.51 5227.44
11 15733.92 7330.61 15769.29 7287.60 15780.70 7280.68 15794.48 7280.27 15849.93 7311.64 15866.37 7378.43 15815.40 7420.08 15806.87 7424.17 15759.84 7387.80 15750.88 7377.73 15736.77 7356.88
11 14193.32 16788.45 14210.23 16749.61 14271.97 16756.78 14283.06 16761.93 14286.94 16780.71 14284.16 16816.49 14267.17 16839.70 14260.64 16840.82 14237.23 16842.54 14219.70 16834.84 14206.70 16827.08
13 5506.09 12117.93 5520.12 12159.29 5513.78 12168.29 5481.49 12145.65 5474.84 12132.43 5456.32 12143.22 5445.47 12132.68 5477.14 12119.60 5477.16 12108.54 5474.53 12106.54 5496.33 12067.17 5509.68 12097.00 5507.88 12104.02
7 8330.70 8751.08 8330.54 8701.13 8389.98 8677.66 8392.33 8683.97 8390.64 8731.27 8389.19 8755.10 8376.57 8765.42
6 5900.28 12069.97 5863.66 12095.91 5878.99 12071.95 5868.47 12072.55 5850.00 12060.33 5900.04 12057.85
9 3447.37 11009.01 3452.83 10973.10 3480.74 10947.28 3502.98 10952.85 3528.58 10962.48 3538.59 10992.34 3536.02 11020.35 3515.58 11026.41 3464.49 11031.77
15 14248.84 9554.28 14214.70 9562.43 14212.37 9578.01 14196.82 9560.09 14166.49 9544.61 14167.91 9540.68 14173.44 9540.53 14174.64 9520.91 14186.17 9518.83 14199.93 9531.34 14212.20 9509.00 14218.76 9525.64 14228.75 9520.03 14223.49 9545.12 14234.38 9543.70
9 1532.66 14331.54 1503.44 14384.96 1446.65 14379.65 1415.37 14362.65 1392.73 14320.24 1392.85 14296.63 1407.55 14283.92 1448.49 14251.98 1509.40 14279.48
11 15975.60 9376.79 15961.34 9327.45 15968.08 9306.76 15976.68 9304.68 16024.55 9301.86 16034.52 9307.82 16038.14 9312.33 16031.49 9372.36 16030.79 9375.77 16012.23 9392.37 15996.43 9389.80
9 15266.74 4113.29 15253.04 4127.49 15212.72 4096.41 15207.68 4065.47 15263.31 4024.89 15263.91 4069.91 15299.51 4055.45 15274.20 4072.58 15282.53 4076.03
8 15313.03 12748.09 15356.54 12707.84 15401.95 12745.27 15406.97 12780.96 15407.58 12785.99 15360.48 12808.83 15345.75 12807.14 15326.04 12786.72
8 5443.43 7171.64 5401.79 7255.91 5343.84 7230.96 5335.38 7206.50 5338.15 7188.41 5363.12 7157.40 5406.70 7144.68 5429.63 7151.97
9 17045.98 6038.83 17056.43 5906.02 17148.64 5891.70 17154.00 5892.81 17178.76 5906.13 17191.47 5979.05 17187.77 6011.00 17126.90 6048.56 17101.46 6061.93
6 8759.62 7608.92 8751.12 7648.19 8698.44 7642.80 8707.03 7593.41 8686.84 7540.11 8722.78 7579.79
8 17809.68 558.53 17802.80 535.57 17818.90 486.19 17848.15 481.22 17872.58 503.27 17876.14 552.12 17852.02 559.04 17827.43 561.90
9 10671.30 7490.84 10643.09 7438.29 10666.34 7409.78 10715.01 7369.60 10726.67 7375.59 10763.15 7403.88 10770.25 7444.86 10760.89 7493.07 10717.66 7492.89
11 11492.33 12263.18 11480.59 12207.88 11517.94 12185.78 11560.74 12194.02 11566.90 12216.52 11568.76 12245.94 11561.13 12260.07 11556.17 12265.42 11522.36 12277.22 11520.32 12276.91 11497.00 12269.36
11 16021.29 8127.09 15925.87 8213.35 15859.55 8202.38 15850.11 8186.81 15844.82 8157.99 15842.04 8100.78 15860.27 8066.57 15908.07 8044.43 15960.78 8044.00 15994.91 8077.42 16014.73 8100.75
10 8755.64 2100.56 8755.92 2086.17 8713.01 2081.26 8747.31 2071.98 8715.98 2061.38 8760.71 2035.89 8807.28 2041.08 8818.11 2058.33 8811.03 2065.67 8799.80 2068.61
15 7790.92 11390.61 7767.02 11392.47 7773.89 11403.07 7766.50 11417.35 7741.11 11438.79 7737.25 11416.89 7731.41 11417.31 7732.63 11408.03 7722.27 11405.46 7730.00 11381.33 7722.96 11349.52 7737.56 11359.18 7737.06 11357.03 7739.37 11360.35 7778.78 11382.01
6 1487.23 2841.23 1454.56 2821.13 1489.23 2812.48 1495.34 2807.91 1500.62 2770.85 1533.59 2778.19
10 16838.82 6521.24 16810.14 6480.57 16823.69 6463.74 16844.20 6449.97 16856.32 6443.29 16879.79 6448.73 16901.29 6468.23 16902.30 6486.68 16883.34 6515.42 16876.31 6522.06
11 6679.52 17667.97 6654.29 17662.90 6641.94 17665.83 6605.39 17662.41 6575.13 17653.85 6604.45 17639.20 6623.31 17628.29 6627.00 17619.53 6634.80 17604.11 6641.14 17604.05 6677.69 17590.50
9 348.71 3617.29 318.01 3651.23 234.46 3649.72 276.03 3619.73 253.19 3624.08 274.16 3612.31 283.34 3598.58 275.69 3570.18 313.55 3573.06
13 9721.71 12106.70 9666.68 12127.91 9642.46 12135.15 9599.74 12156.19 9574.97 12138.30 9614.39 12103.74 9573.28 12107.78 9560.80 12077.93 9576.04 12067.82 9579.81 12030.77 9607.34 12028.24 9635.01 12040.21 9680.33 12076.71
9 2422.98 15003.91 2439.33 15020.11 2439.31 15040.71 2359.73 15032.40 2301.13 14957.84 2353.26 14942.60 2383.42 14943.83 2423.94 14918.14 2454.70 14958.87
8 7664.81 17713.30 7703.68 17721.52 7674.21 17760.11 7656.70 17748.13 7625.30 17726.37 7617.57 17714.65 7671.54 17686.66 7675.05 17687.21
8 12751.55 12970.41 12741.67 12953.31 12752.59 12893.15 12785.25 12863.86 12875.46 12877.02 12928.15 12912.42 12876.94 13009.99 12835.45 13029.09
8 9607.92 9911.96 9589.57 9976.18 9546.83 9980.05 9493.96 9927.46 9496.05 9895.12 9520.49 9859.32 9535.99 9849.48 9591.10 9870.89
8 799.64 334.17 758.80 247.33 764.70 190.41 818.38 192.16 858.22 201.47 915.39 231.11 910.23 278.83 871.73 329.16
9 1869.45 15009.04 1885.55 15109.87 1849.94 15143.27 1827.20 15139.61 1761.93 15075.22 1756.28 15050.25 1778.08 15025.77 1789.98 15017.51 1794.73 15014.26
8 3972.27 15334.62 3876.12 15353.94 3834.92 15316.49 3885.62 15274.60 3936.69 15246.14 3912.36 15299.60 3944.54 15253.45 3945.00 15326.04
6 16671.25 9224.46 16662.61 9184.05 16669.40 9164.79 16718.54 9168.69 16732.66 9197.08 16694.05 9220.93
9 13850.27 15647.36 13798.54 15633.91 13806.86 15600.32 13771.21 15575.16 13783.17 15531.98 13802.33 15521.90 13855.01 15519.22 13868.68 15576.80 13852.34 15596.09
8 8954.35 12275.59 9022.67 12252.06 9077.27 12320.12 9063.17 12359.58 9052.11 12369.25 9037.94 12380.99 9002.40 12387.83 8963.67 12373.41
6 5514.88 5597.26 5499.66 5601.64 5498.87 5600.57 5480.39 5589.36 5485.06 5572.88 5491.35 5541.32
12 9959.97 7373.53 9988.62 7308.20 10047.38 7308.55 10069.34 7312.26 10075.34 7336.18 10082.95 7396.54 10077.59 7424.44 10057.23 7438.33 10026.82 7445.12 9993.46 7435.18 9973.86 7427.18 9962.95 7410.27
7 4208.89 5972.37 4182.58 5953.81 4182.82 5949.51 4192.07 5891.60 4238.58 5908.97 4243.30 5916.12 4233.26 5937.19
11 4256.23 15959.37 4251.42 15962.86 4229.62 15930.30 4242.77 15902.97 4265.37 15918.64 4265.38 15900.81 4268.78 15916.11 4270.32 15909.06 4301.36 15906.83 4299.83 15918.87 4290.16 15930.41
7 11811.36 13850.80 11900.29 13884.22 11895.44 13936.25 11877.58 13978.76 11817.36 13972.13 11766.02 13935.00 11786.04 13877.25
13 10059.66 11081.09 10042.83 11120.11 10043.34 11128.48 10005.36 11123.52 9944.17 11106.18 9988.48 11055.24 9953.64 11010.74 9996.77 11017.05 9999.22 11003.79 10041.10 10988.88 10036.84 11007.15 10022.61 11044.05 10034.00 11036.37
6 14644.05 6291.24 14625.36 6292.70 14589.97 6250.53 14593.06 6232.60 14612.31 6247.44 14648.55 6256.66
15 5471.85 8294.60 5483.91 8305.35 5500.50 8330.21 5484.17 8327.67 5445.18 8300.57 5418.62 8296.86 5419.07 8249.74 5444.38 8271.13 5450.68 8229.16 5463.79 8220.72 5483.60 8222.11 5463.51 8267.17 5477.85 8269.90 5487.12 8264.96 5516.52 8254.73
11 8353.89 14026.44 8365.60 14016.51 8398.94 13994.21 8415.94 13994.44 8419.61 13997.45 8433.69 14028.47 8439.68 14042.60 8442.24 14064.32 8402.29 14076.93 8389.24 14076.64 8378.68 14063.71
10 1760.66 14651.93 1767.04 14661.98 1733.10 14655.64 1709.94 14663.05 1720.16 14626.47 1734.89 14610.64 1740.20 14589.80 1748.37 14620.04 1757.55 14613.32 1772.97 14624.72
8 5705.48 15069.03 5677.15 15128.49 5639.95 15142.46 5614.80 15139.42 5587.86 15101.31 5574.39 15077.23 5596.91 15058.66 5690.77 15054.46
13 5275.95 10277.07 5246.62 10281.78 5231.83 10275.21 5216.02 10259.53 5183.12 10278.11 5205.45 10214.96 5223.17 10215.43 5232.21 10221.89 5256.48 10171.13 5262.20 10227.71 5310.82 10201.61 5329.83 10218.87 5321.33 10238.00
6 14677.69 15794.33 14691.54 15822.46 14684.67 15826.51 14650.75 15831.58 14611.39 15732.85 14670.11 15761.77
8 4342.22 6575.85 4368.69 6601.30 4356.12 6628.25 4325.35 6586.06 4305.00 6570.34 4297.72 6514.15 4318.99 6545.71 4358.89 6559.54
7 16836.25 2123.34 16871.25 2240.82 16844.16 2258.52 16801.56 2209.30 16798.04 2202.83 16793.64 2191.78 16810.51 2132.04
8 10011.82 1306.13 9943.59 1219.50 9944.48 1201.95 9965.20 1177.88 10015.18 1151.30 10034.23 1165.84 10078.58 1202.00 10056.91 1292.96
8 9453.82 16186.40 9405.54 16188.87 9392.98 16142.96 9389.04 16121.75 9403.98 16157.28 9408.86 16142.19 9408.17 16148.30 9423.31 16120.43
5 3469.49 9883.83 3461.71 9877.49 3442.41 9855.95 3386.37 9830.54 3508.15 9796.64
13 10888.48 17545.07 10863.08 17508.06 10863.90 17496.06 10875.58 17471.63 10892.64 17454.02 10916.27 17450.81 10940.51 17468.29 10942.79 17471.05 10945.41 17476.17 10953.97 17510.74 10947.94 17535.96 10928.65 17547.40 10907.05 17552.45
9 10507.28 7458.54 10534.30 7491.16 10528.73 7521.32 10501.61 7536.23 10461.56 7526.25 10452.28 7516.84 10450.07 7503.28 10455.70 7479.66 10470.59 7467.71
7 9075.78 6856.76 9027.44 6852.00 8992.09 6792.72 8988.19 6761.08 9064.20 6741.90 9112.85 6762.62 9112.80 6792.89
12 15358.53 15262.33 15353.98 15234.60 15362.83 15205.98 15390.32 15199.51 15411.60 15201.76 15415.82 15203.40 15421.89 15210.80 15437.05 15230.08 15448.43 15247.54 15438.31 15278.07 15394.33 15287.52 15377.05 15289.16
14 3049.61 2499.36 3000.17 2493.79 2996.25 2511.24 2973.66 2535.21 2976.39 2507.97 2945.91 2498.78 2932.80 2476.84 2937.97 2464.45 2943.51 2427.25 2971.96 2446.13 2982.31 2411.05 2996.95 2468.95 3012.90 2461.93 3041.55 2461.94
12 9035.85 11560.42 9046.39 11517.61 9056.78 11493.82 9063.62 11486.81 9064.29 11486.26 9084.54 11490.62 9101.15 11494.36 9106.05 11496.35 9132.58 11531.82 9124.14 11558.85 9100.39 11576.23 9060.39 11581.92
9 12490.48 17696.64 12466.76 17695.52 12464.90 17697.04 12458.63 17679.67 12450.18 17676.25 12447.89 17658.42 12454.67 17658.30 12496.16 17674.39 12509.94 17674.68
10 2778.20 6855.62 2773.80 6833.89 2781.96 6805.05 2809.07 6765.86 2861.34 6772.86 2908.10 6788.74 2913.11 6806.57 2909.56 6866.72 2834.60 6910.72 2799.63 6911.70
9 733.86 6181.17 759.25 6147.74 745.34 6119.18 745.33 6115.54 742.66 6096.16 768.05 6102.81 768.32 6098.75 789.44 6101.86 809.75 6099.85
13 12517.81 3116.01 12503.76 3118.87 12495.92 3120.41 12513.13 3133.78 12464.73 3148.68 12450.95 3132.45 12476.33 3117.40 12453.85 3118.67 12477.82 3111.99 12479.88 3101.14 12512.51 3096.48 12511.87 3099.36 12498.44 3109.38
5 5468.51 6272.73 5451.24 6219.49 5460.11 6218.90 5433.40 6212.18 5512.57 6220.37
9 9923.75 6570.24 9916.19 6554.93 9917.01 6535.42 9941.66 6497.43 9984.81 6490.93 10005.89 6498.16 10019.29 6533.05 10006.47 6575.09 9974.36 6594.47
9 10849.66 11689.03 10823.86 11615.92 10827.06 11607.08 10904.75 11580.83 10927.10 11598.89 10930.41 11614.14 10902.99 11697.38 10879.87 11703.92 10866.06 11702.03
13 13353.76 10360.32 13315.26 10323.43 13315.62 10317.76 13302.56 10319.10 13286.99 10272.01 13315.54 10263.72 13300.05 10202.81 13306.81 10205.28 13323.73 10229.48 13322.73 10214.98 13359.51 10218.10 13390.73 10259.23 13398.27 10281.20
9 6052.04 2806.71 6002.90 2844.47 5966.38 2848.57 5941.76 2822.63 5955.41 2740.56 5966.41 2730.92 6003.15 2734.32 6037.21 2751.46 6045.08 2780.30
7 1110.73 14290.19 1078.27 14327.42 1039.51 14354.11 1021.29 14340.28 1079.17 14264.11 1110.69 14239.88 1121.38 14260.05
9 10501.50 2888.04 10468.92 2927.39 10438.86 2915.00 10417.20 2902.56 10382.02 2870.25 10389.29 2846.20 10406.62 2839.24 10429.87 2834.88 10492.98 2848.05
10 13808.18 5131.18 13806.53 5114.21 13807.14 5093.08 13867.43 5038.93 13888.33 5039.85 13910.47 5049.73 13944.11 5102.96 13912.66 5149.69 13899.26 5164.31 13869.39 5185.02
12 3190.34 5293.98 3241.01 5356.81 3240.99 5394.51 3222.81 5401.31 3212.11 5404.77 3170.70 5410.98 3155.98 5409.24 3130.61 5403.09 3124.02 5381.89 3124.75 5331.75 3162.28 5301.83 3177.17 5294.73
10 15271.09 6088.02 15277.49 6067.03 15289.49 6060.32 15303.14 6055.38 15332.63 6065.95 15342.80 6087.19 15346.26 6109.65 15313.46 6126.61 15286.05 6130.35 15280.89 6123.74
10 17378.28 7989.62 17368.13 7998.91 17334.88 8016.04 17315.37 8010.01 17311.42 8011.28 17302.67 7986.78 17305.86 7983.25 17329.39 7914.31 17327.38 7943.29 17332.12 7939.42
11 8752.71 16934.89 8674.61 16936.58 8663.60 16886.30 8632.64 16876.30 8608.63 16860.85 8618.02 16814.62 8642.75 16803.22 8645.85 16803.31 8653.70 16779.96 8705.61 16866.25 8717.55 16869.53
7 4386.25 12759.87 4337.27 12692.53 4382.12 12654.75 4408.45 12651.25 4421.28 12662.05 4434.57 12727.84 4411.23 12756.58
10 14040.51 481.97 14026.00 497.61 14019.73 487.60 14014.15 513.24 13981.09 486.47 13991.61 436.06 13997.85 392.88 14013.70 413.70 14029.93 404.64 14048.20 395.94
9 12329.21 17806.67 12390.66 17756.52 12414.86 17768.90 12419.86 17779.87 12422.07 17839.90 12402.41 17866.89 12378.32 17881.57 12359.01 17875.98 12335.81 17854.96
10 11284.55 1292.43 11312.43 1287.54 11325.93 1293.56 11346.41 1308.05 11371.32 1360.58 11363.46 1372.09 11342.21 1388.54 11294.96 1388.53 11276.10 1374.19 11280.89 1324.10
7 4884.89 7784.65 4936.18 7827.33 4919.11 7845.57 4895.91 7857.18 4888.41 7859.94 4849.23 7830.64 4860.57 7807.15
10 14637.32 10535.88 14601.53 10503.28 14583.44 10452.09 14582.55 10439.85 14622.90 10376.38 14673.38 10370.00 14702.00 10390.60 14727.05 10422.86 14739.72 10466.85 14705.54 10503.33
15 10348.39 14428.27 10348.03 14461.88 10331.58 14446.01 10318.53 14458.47 10318.60 14460.63 10310.54 14465.29 10296.66 14466.41 10284.11 14466.13 10280.12 14447.48 10283.12 14437.52 10259.39 14440.18 10291.40 14412.52 10313.88 14369.66 10318.84 14381.16 10331.25 14391.33
7 6805.31 12833.14 6756.29 12773.49 6802.50 12730.28 6823.43 12734.75 6842.29 12739.71 6868.84 12766.40 6864.50 12820.58
8 2838.58 9785.72 2772.91 9827.00 2779.09 9794.98 2774.31 9791.71 2816.29 9749.31 2841.37 9754.15 2823.74 9775.31 2845.87 9779.37
5 17202.07 15595.64 17154.23 15640.96 17125.03 15621.96 17119.00 15586.07 17157.29 15563.69
6 9717.75 12434.53 9696.62 12425.26 9699.94 12449.16 9683.59 12433.58 9672.30 12421.32 9668.44 12397.97
9 8238.31 13284.70 8313.06 13322.37 8309.49 13364.38 8291.19 13425.23 8244.08 13440.74 8180.92 13440.96 8149.60 13411.01 8149.71 13343.91 8198.07 13288.50
10 12085.37 14243.82 12114.58 14219.01 12119.90 14220.79 12142.57 14238.54 12178.49 14268.71 12159.62 14311.52 12135.18 14329.24 12097.13 14327.20 12063.83 14281.98 12066.06 14267.92
10 15990.07 4386.25 15977.16 4336.28 15997.77 4306.57 16030.82 4304.28 16051.82 4319.54 16057.54 4326.74 16085.40 4369.71 16052.02 4404.04 16019.79 4419.26 16002.43 4400.93
13 4702.15 7757.06 4699.22 7770.58 4675.55 7805.73 4664.56 7800.40 4651.35 7794.46 4647.16 7783.93 4638.34 7781.09 4648.29 7763.03 4647.74 7749.80 4652.00 7738.63 4695.24 7726.12 4704.38 7726.56 4684.63 7751.70
5 6538.27 9947.87 6554.99 10025.01 6515.54 10078.92 6399.52 9968.05 6403.80 9963.53
8 17279.26 1371.88 17310.87 1425.22 17278.62 1463.12 17214.61 1511.02 17192.10 1476.00 17178.70 1423.98 17176.02 1402.47 17183.63 1399.81
14 15279.83 8737.92 15252.08 8744.94 15247.71 8793.25 15166.84 8737.04 15175.43 8725.92 15167.59 8715.45 15164.21 8679.40 15221.93 8656.51 15225.59 8683.64 15233.75 8690.71 15255.11 8691.43 15286.03 8679.97 15230.65 8710.51 15238.24 8710.32
11 6752.25 7261.79 6743.18 7219.74 6745.43 7216.19 6783.85 7171.68 6792.33 7165.26 6825.92 7174.19 6861.43 7188.60 6861.14 7214.91 6858.90 7224.08 6833.77 7294.09 6787.53 7299.50
14 1541.69 15293.74 1524.00 15291.95 1500.01 15289.15 1468.62 15255.46 1482.70 15256.06 1503.00 15257.60 1484.05 15244.81 1506.30 15253.22 1525.63 15232.24 1521.53 15253.17 1533.55 15247.10 1526.10 15253.57 1534.03 15255.84 1552.54 15260.80
13 12858.86 11841.22 12846.84 11842.59 12838.06 11845.40 12808.80 11850.29 12788.12 11815.54 12788.23 11807.41 12812.78 11801.77 12817.96 11790.16 12832.99 11803.97 12840.27 11799.84 12848.20 11783.92 12839.22 11812.17 12849.14 11818.48
11 1485.90 11365.37 1495.47 11429.98 1480.04 11452.63 1442.50 11455.76 1425.30 11452.28 1383.86 11431.49 1354.84 11404.47 1355.50 11396.58 1369.81 11345.53 1391.85 11331.06 1404.45 11330.42
12 12285.32 13710.22 12332.31 13618.62 12359.64 13614.63 12401.40 13633.00 12408.60 13637.01 12411.92 13643.24 12410.39 13685.75 12408.29 13712.10 12373.00 13745.85 12333.96 13742.85 12323.42 13739.85 12299.22 13731.42
12 6695.54 5886.54 6679.49 5941.44 6650.36 5914.09 6610.19 5933.90 6601.86 5929.31 6594.06 5896.65 6632.08 5793.92 6657.04 5843.58 6668.55 5840.45 6722.17 5851.24 6707.61 5858.63 6747.34 5852.97
12 3193.77 6553.17 3161.53 6586.52 3152.69 6584.12 3153.07 6561.93 3140.60 6589.37 3144.60 6571.57 3139.97 6559.92 3139.15 6559.72 3099.11 6543.85 3099.46 6508.94 3193.23 6514.84 3178.44 6535.44
8 16494.04 6195.14 16467.94 6169.96 16473.25 6149.23 16503.48 6122.42 16524.36 6118.12 16537.37 6131.98 16551.80 6158.20 16545.75 6182.85
15 4176.05 16311.52 4150.64 16342.43 4139.79 16341.02 4116.60 16324.67 4108.49 16356.98 4082.59 16332.58 4058.13 16311.05 4046.42 16283.36 4052.29 16278.15 4087.58 16288.35 4076.86 16274.36 4110.98 16234.06 4120.62 16257.85 4133.90 16269.89 4147.91 16255.56
10 13625.22 2296.36 13622.70 2299.80 13614.16 2294.85 13595.22 2291.80 13606.38 2258.57 13604.31 2252.17 13613.68 2259.50 13623.51 2265.04 13639.88 2244.53 13649.23 2250.83
12 14209.42 254.98 14215.57 237.57 14236.01 223.90 14299.29 189.11 14355.75 234.42 14360.52 244.71 14361.22 272.83 14327.05 311.08 14281.49 325.47 14258.12 327.70 14248.30 324.70 14231.27 309.51
10 4764.54 3226.62 4737.59 3199.34 4746.38 3167.74 4784.75 3139.45 4829.42 3152.26 4837.09 3164.36 4836.01 3192.46 4832.57 3216.17 4814.82 3231.84 4808.78 3235.06
11 10193.08 15703.63 10201.34 15654.56 10204.10 15652.60 10229.52 15642.69 10250.50 15646.79 10264.76 15655.08 10277.87 15670.22 10272.08 15704.39 10255.28 15719.08 10220.44 15718.66 10203.54 15715.60
7 2665.06 3422.79 2542.68 3463.17 2505.44 3415.01 2488.56 3352.26 2535.44 3318.72 2597.86 3286.30 2644.40 3332.34
14 13571.93 1200.65 13540.67 1194.19 13528.09 1168.92 13499.48 1193.96 13519.42 1176.30 13492.36 1166.66 13510.36 1142.63 13494.40 1129.24 13512.72 1120.37 13535.61 1139.34 13535.41 1108.85 13540.33 1132.77 13553.88 1113.75 13581.25 1126.02
11 552.36 16559.49 540.27 16560.12 532.34 16566.18 531.63 16565.97 518.33 16569.54 517.32 16602.14 444.96 16558.07 497.95 16549.08 470.63 16522.78 505.27 16527.80 561.80 16531.10
6 14467.73 4784.84 14437.66 4811.93 14402.28 4779.27 14386.28 4679.22 14452.21 4683.69 14478.73 4736.17
7 794.73 8805.92 834.17 8779.46 860.70 8803.25 866.25 8845.60 828.88 8865.40 812.55 8855.64 796.35 8845.73
10 816.31 12264.47 809.49 12262.44 770.98 12250.15 760.53 12255.74 724.76 12272.15 723.55 12251.89 752.52 12246.17 783.83 12184.98 786.01 12191.87 848.71 12202.38
5 7545.86 4324.01 7569.46 4293.84 7600.59 4273.34 7623.80 4314.95 7678.12 4316.54
8 3618.37 6448.34 3617.29 6460.45 3598.36 6460.41 3589.25 6455.88 3573.00 6459.85 3576.44 6426.49 3582.45 6415.44 3648.23 6444.88
9 12674.01 12621.97 12734.54 12618.75 12747.54 12627.81 12771.16 12694.31 12768.05 12710.86 12699.94 12746.45 12640.44 12725.45 12622.46 12692.71 12642.85 12652.27
8 6589.26 6962.79 6548.94 6976.21 6528.39 6951.97 6520.19 6915.36 6500.99 6858.82 6567.18 6867.91 6591.18 6912.10 6592.09 6915.23
10 409.90 12573.43 391.23 12554.05 389.95 12552.74 388.40 12554.52 370.41 12568.46 354.23 12524.42 377.55 12519.06 385.04 12522.05 382.52 12517.19 411.24 12531.45
12 13831.56 13472.78 13812.28 13482.44 13805.20 13524.01 13799.23 13501.70 13789.55 13516.91 13785.06 13478.64 13791.37 13414.56 13804.25 13453.13 13804.65 13439.32 13831.11 13425.08 13835.42 13442.27 13844.10 13462.36
11 11996.96 6829.02 11965.22 6751.08 11965.85 6722.79 11989.67 6696.59 12014.13 6687.30 12040.38 6680.47 12099.08 6686.55 12129.36 6732.90 12117.08 6785.30 12087.92 6836.57 12055.88 6837.71
13 6087.20 16530.81 6059.69 16560.87 6053.85 16555.18 6052.63 16604.72 5964.70 16554.15 6023.46 16523.70 6007.30 16499.73 5976.80 16459.17 6021.15 16461.60 6027.69 16449.17 6082.08 16465.03 6096.08 16490.57 6120.49 16482.55
5 13172.72 10157.62 13214.20 10105.25 13273.87 10139.53 13281.54 10193.76 13198.80 10203.93
8 10494.90 13994.56 10514.80 13876.19 10536.25 13866.59 10615.76 13921.70 10629.58 13990.21 10629.30 14005.24 10594.27 14030.21 10519.90 14006.99
5 4780.37 4257.59 4677.05 4316.05 4647.74 4265.86 4618.45 4227.84 4620.36 4206.09
8 2820.86 5855.69 2876.47 5825.07 2913.29 5849.94 2915.26 5874.24 2903.60 5916.76 2852.53 5942.06 2834.77 5904.97 2826.99 5878.95
9 16530.51 11443.54 16495.28 11395.90 16497.65 11357.23 16525.40 11296.47 16561.50 11270.83 16576.66 11268.82 16640.52 11310.45 16633.54 11409.03 16573.25 11447.76
7 15549.77 6864.84 15554.64 6742.69 15622.77 6754.88 15647.92 6775.82 15650.49 6778.18 15642.35 6839.44 15578.34 6887.69
8 1433.97 12479.13 1462.72 12437.82 1520.36 12480.41 1528.20 12495.18 1518.88 12522.00 1496.74 12519.78 1476.85 12514.92 1447.76 12490.84
12 11149.70 2929.13 11126.73 2947.74 11119.20 2936.38 11125.32 2926.64 11125.16 2898.52 11139.96 2907.81 11131.83 2896.12 11130.51 2878.00 11138.13 2896.67 11160.30 2878.40 11180.16 2908.54 11154.15 2913.78
7 1651.24 10363.68 1614.46 10382.29 1572.38 10351.16 1557.00 10336.41 1576.07 10336.26 1626.99 10345.37 1646.08 10355.64
5 15579.07 17620.89 15576.00 17634.33 15572.23 17579.81 15589.97 17569.51 15590.06 17588.19
9 676.39 3709.83 720.60 3748.34 713.22 3794.51 702.45 3802.79 688.64 3803.94 651.79 3792.75 637.20 3752.87 647.12 3727.69 666.89 3711.85
9 14575.66 2379.01 14545.03 2374.37 14540.81 2399.20 14537.50 2309.77 14557.10 2313.69 14558.66 2321.86 14564.31 2316.81 14578.09 2329.37 14557.47 2352.39
12 13536.14 5485.42 13531.11 5491.59 13513.85 5496.97 13519.87 5511.94 13508.00 5504.12 13478.52 5524.08 13487.34 5482.46 13459.90 5519.27 13477.34 5472.72 13474.68 5471.12 13486.08 5443.55 13502.30 5454.46
13 12473.53 9821.75 12463.25 9815.65 12452.21 9810.93 12442.23 9812.43 12432.53 9838.97 12420.50 9804.06 12414.51 9780.52 12430.81 9779.20 12443.22 9777.45 12455.67 9781.69 12460.93 9781.71 12448.74 9795.12 12467.05 9780.72
8 3547.45 12536.80 3480.65 12486.83 3501.72 12494.21 3472.19 12459.22 3503.09 12488.58 3509.20 12443.82 3517.03 12449.55 3529.70 12493.14
12 17453.81 3856.42 17454.85 3828.36 17467.79 3811.84 17484.81 3810.18 17535.17 3815.77 17541.14 3819.73 17542.63 3853.43 17535.68 3882.80 17526.13 3898.70 17467.09 3880.58 17463.76 3877.86 17462.46 3876.80
5 8048.21 11431.97 8061.29 11434.33 8033.18 11465.50 8019.49 11472.15 7985.78 11430.55
8 16565.04 16529.16 16557.27 16555.83 16541.99 16566.81 16530.43 16489.77 16550.89 16494.47 16555.46 16497.42 16582.59 16480.75 16607.37 16488.58
10 15226.49 11992.08 15164.55 12002.81 15153.17 12032.09 15113.31 12010.17 15125.81 11959.10 15083.69 11920.95 15118.54 11938.38 15204.37 11900.26 15208.90 11909.26 15183.10 11941.33
11 9411.90 4325.12 9420.92 4348.73 9374.49 4366.34 9346.32 4350.88 9352.60 4326.48 9381.14 4304.25 9373.33 4273.82 9397.41 4254.38 9418.43 4281.86 9430.19 4296.79 9430.80 4305.80
8 13381.08 17435.47 13363.34 17450.57 13339.15 17448.83 13348.36 17432.50 13348.78 17395.00 13358.04 17373.27 13380.26 17373.84 13381.72 17372.87
6 1092.29 15506.70 1033.05 15429.63 1078.21 15387.46 1188.41 15415.37 1158.08 15466.86 1108.16 15505.11
10 1942.86 6005.55 1952.56 6028.68 1932.78 6019.58 1957.33 6039.93 1952.68 6046.39 1869.99 6005.71 1889.27 5996.84 1897.98 5966.67 1920.63 5987.91 1940.54 5975.39
7 8748.47 4622.16 8731.29 4641.02 8726.56 4635.07 8682.40 4642.13 8690.42 4603.73 8724.43 4558.11 8758.51 4582.84
15 2673.04 14124.97 2641.33 14076.09 2594.69 14135.23 2601.23 14099.67 2586.83 14109.64 2574.27 14086.59 2608.64 14052.24 2571.50 13994.92 2593.74 14009.47 2619.25 14032.61 2663.21 13993.01 2647.04 14030.39 2669.72 14030.43 2715.89 14006.31 2673.62 14048.45
5 10665.32 7904.28 10685.89 7885.70 10680.24 7867.07 10710.85 7870.91 10714.54 7917.93
11 281.54 10400.13 255.92 10383.18 250.51 10363.56 250.48 10311.28 286.29 10264.21 310.13 10252.76 377.17 10268.36 394.55 10304.94 396.27 10311.27 391.41 10357.10 379.73 10393.91
14 8272.53 1187.42 8302.56 1200.84 8276.97 1201.06 8273.52 1206.78 8251.77 1225.43 8245.45 1203.99 8244.73 1182.00 8234.76 1171.78 8252.06 1160.83 8264.39 1160.61 8272.75 1145.73 8273.31 1159.33 8292.86 1154.31 8299.83 1179.18
6 1475.69 15209.03 1458.93 15207.39 1480.48 15219.80 1415.25 15203.11 1456.02 15172.67 1474.32 15184.66
7 10940.30 8459.07 10951.16 8470.02 10945.70 8467.34 10910.03 8458.17 10908.01 8449.96 10887.65 8430.96 10938.84 8424.67
9 4922.63 948.98 4891.94 919.61 4892.37 909.93 4893.83 899.63 4898.38 878.62 4933.92 868.59 4968.73 887.56 4971.60 926.90 4951.16 947.18
9 1118.63 10697.95 1147.90 10777.64 1128.77 10806.03 1104.34 10828.68 1079.47 10809.44 1040.26 10733.78 1041.70 10727.66 1050.75 10710.26 1082.31 10688.79
7 353.67 3151.10 344.79 3160.33 317.70 3165.83 278.72 3153.56 315.64 3140.65 351.32 3110.79 364.16 3135.31
10 10777.43 9947.65 10805.10 9973.82 10804.66 9987.90 10789.84 10027.48 10784.84 10038.68 10778.53 10040.18 10728.83 10040.68 10700.42 10037.33 10700.27 9979.66 10745.61 9955.00
6 15968.70 11906.86 15956.50 11888.59 15954.51 11863.22 15932.31 11880.70 15915.69 11846.18 15982.65 11812.27
12 17407.11 16714.90 17407.22 16700.79 17417.44 16649.85 17478.11 16651.37 17496.04 16658.33 17520.24 16701.65 17525.14 16712.43 17515.46 16747.12 17490.68 16755.44 17460.87 16764.32 17434.07 16761.11 17419.20 16748.92
10 2353.42 6898.04 2426.52 6966.96 2412.39 7017.04 2399.04 7022.42 2367.56 7033.17 2340.89 7024.78 2315.31 7015.46 2305.02 6940.04 2305.24 6922.73 2318.98 6910.06
14 10258.04 5821.36 10197.80 5838.27 10195.82 5842.60 10193.47 5841.40 10171.99 5860.84 10159.94 5843.62 10183.47 5828.48 10167.16 5803.23 10146.65 5788.74 10189.49 5811.36 10190.01 5802.75 10193.92 5790.77 10231.50 5766.61 10215.49 5803.50
10 9182.62 7903.65 9162.38 7855.44 9167.45 7846.34 9214.74 7774.72 9283.60 7784.66 9307.40 7845.28 9303.72 7863.67 9288.85 7914.29 9263.40 7927.39 9233.15 7919.36
8 422.59 3889.27 403.48 3907.98 376.00 3885.08 357.89 3876.11 370.71 3875.32 367.90 3867.06 397.90 3840.49 410.28 3882.71
6 14632.46 11580.52 14590.16 11591.14 14580.26 11589.37 14533.34 11593.71 14553.68 11566.56 14562.73 11564.98
7 1297.36 13876.94 1282.09 13889.19 1258.42 13836.98 1292.73 13818.76 1318.33 13835.57 1314.36 13848.69 1340.32 13836.37
8 7518.98 11545.68 7441.72 11582.19 7433.12 11577.16 7398.85 11547.82 7431.87 11488.31 7453.17 11468.30 7486.85 11458.81 7505.81 11480.37
8 13666.01 7970.25 13619.65 7971.99 13605.93 7960.86 13623.10 7946.20 13623.91 7929.74 13628.05 7891.04 13683.23 7920.45 13693.80 7927.30
7 9681.66 10876.63 9672.74 10787.90 9676.21 10767.97 9707.17 10762.24 9737.28 10762.39 9783.04 10847.83 9712.31 10870.06
10 1119.25 16680.14 1115.66 16679.50 1102.47 16681.98 1095.24 16709.14 1070.23 16713.02 1051.23 16654.15 1060.32 16636.59 1089.88 16659.39 1108.90 16657.39 1118.71 16664.75
9 1295.15 11678.89 1282.30 11719.09 1227.66 11718.28 1207.83 11690.04 1221.37 11643.11 1248.14 11634.44 1274.40 11628.26 1284.58 11642.44 1294.11 11655.78
10 10803.02 12902.21 10789.76 12903.47 10776.07 12901.28 10771.10 12906.17 10762.91 12904.44 10768.99 12889.36 10769.04 12885.62 10771.05 12882.78 10782.27 12878.46 10790.51 12875.51
13 9831.68 7689.73 9816.89 7695.72 9802.72 7689.61 9809.43 7705.39 9805.30 7704.92 9788.03 7701.91 9778.16 7722.59 9746.34 7700.58 9745.12 7680.21 9745.68 7669.09 9769.20 7652.90 9799.14 7618.27 9817.31 7668.41
9 8849.11 17451.73 8848.39 17339.54 8887.77 17324.81 8920.43 17333.72 8957.76 17370.66 8970.38 17402.90 8958.74 17449.78 8914.04 17465.28 8865.37 17455.92
5 4862.59 3818.37 4769.42 3837.61 4745.88 3842.82 4786.25 3740.18 4821.42 3778.86
9 8001.60 8532.49 7982.22 8531.29 7958.14 8507.89 7928.96 8469.77 7935.85 8417.27 7987.14 8405.38 8031.46 8426.14 8049.98 8446.01 8047.50 8483.82
9 17289.68 11758.33 17288.94 11710.80 17293.59 11686.97 17316.17 11662.23 17366.35 11642.69 17396.27 11667.86 17397.88 11747.17 17335.71 11756.49 17303.39 11760.03
14 14792.01 11786.40 14738.68 11776.99 14735.32 11832.10 14708.83 11787.04 14671.59 11808.38 14660.35 11808.62 14678.15 11746.43 14699.20 11712.39 14710.08 11724.59 14722.73 11721.86 14734.33 11738.04 14737.30 11740.15 14762.32 11721.95 14748.10 11758.97
6 5622.55 7133.96 5675.36 7221.74 5625.93 7283.37 5556.11 7282.45 5535.88 7205.93 5569.65 7136.05
14 9060.87 2991.28 9055.62 3012.46 9026.74 2997.56 9027.37 3001.32 9010.92 2996.48 9013.39 2990.85 8982.46 2992.91 8978.66 2964.22 9011.03 2976.96 8995.76 2954.14 9005.97 2957.27 9029.20 2974.68 9049.35 2970.29 9055.70 2983.68
7 407.09 13331.59 430.11 13390.53 393.51 13421.74 371.65 13431.91 349.83 13403.65 331.58 13372.29 341.93 13361.90
9 7956.51 893.91 7895.37 900.87 7861.18 856.57 7858.86 805.71 7889.12 783.10 7906.70 781.22 7958.87 790.29 7976.88 821.34 7964.83 877.49
11 3927.21 15025.71 3899.08 15078.11 3898.72 15077.20 3880.59 15085.71 3853.13 15085.57 3831.26 15083.03 3853.16 15030.61 3863.22 15018.26 3847.05 15014.75 3880.75 14998.13 3909.33 15014.64
9 4585.39 1585.75 4568.53 1543.91 4593.70 1511.72 4644.64 1492.43 4691.36 1509.62 4731.37 1540.48 4734.06 1567.19 4727.22 1609.50 4648.96 1643.60
8 10891.27 13953.69 10953.20 13915.76 11006.18 13934.78 11017.97 13948.22 11016.80 14002.56 10978.96 14062.65 10915.55 14023.35 10907.69 14010.81
12 12727.70 9054.39 12730.60 8984.27 12747.40 8961.36 12760.38 8947.10 12777.66 8941.95 12802.71 8940.76 12860.04 8946.33 12863.78 8949.91 12893.46 9038.90 12871.11 9065.73 12830.33 9086.60 12747.49 9065.71
8 16697.75 7732.29 16787.06 7794.96 16780.07 7879.89 16759.79 7895.70 16684.30 7895.83 16630.15 7861.71 16617.89 7849.63 16647.82 7756.94
15 5727.86 8499.77 5708.82 8521.35 5679.95 8515.41 5694.01 8495.57 5663.16 8504.97 5690.09 8485.48 5666.35 8482.17 5668.33 8481.63 5686.01 8463.32 5709.16 8470.79 5744.98 8420.69 5739.94 8439.29 5738.75 8442.58 5739.39 8457.65 5761.04 8463.89
14 17694.78 10020.79 17673.60 10013.44 17655.92 10022.73 17665.16 9998.45 17657.74 9989.71 17648.00 9985.07 17659.81 9975.63 17659.18 9971.82 17679.48 9984.57 17682.55 9967.90 17682.92 9958.16 17685.53 9977.08 17685.67 9980.61 17691.72 9990.03
8 1780.61 4901.52 1788.77 4870.57 1830.38 4871.04 1856.16 4891.55 1863.11 4901.99 1840.08 4945.64 1823.58 4955.05 1781.92 4928.63
9 13314.87 9267.39 13339.87 9338.39 13324.34 9363.70 13304.67 9373.41 13280.53 9383.62 13241.14 9371.79 13215.26 9350.80 13203.89 9317.56 13220.01 9281.79
8 2868.62 13555.14 2863.80 13531.71 2867.16 13510.69 2873.75 13487.47 2897.85 13488.15 2957.32 13509.73 2954.42 13529.24 2885.27 13570.25
9 11049.22 11503.40 11043.40 11515.70 11043.45 11433.17 11045.64 11442.72 11057.77 11430.19 11056.97 11439.86 11061.40 11440.63 11077.78 11424.51 11069.74 11463.16
9 11276.92 3439.78 11299.93 3469.75 11283.33 3508.34 11256.65 3520.52 11244.56 3514.54 11231.08 3491.79 11234.43 3479.63 11250.34 3457.70 11256.86 3453.21
8 4469.01 1939.62 4456.29 1901.91 4507.11 1839.19 4531.03 1832.96 4618.83 1867.55 4630.32 1906.07 4583.41 1974.17 4536.41 2015.72
14 4037.19 8194.00 4065.36 8156.34 4022.34 8175.13 4043.41 8153.69 4060.10 8143.86 4031.55 8120.27 4059.16 8081.55 4054.53 8063.47 4066.29 8070.75 4090.91 8106.21 4087.66 8050.45 4098.62 8062.80 4111.45 8047.65 4132.35 8097.90
12 2119.97 8845.06 2069.27 8814.65 2064.34 8798.82 2064.31 8787.24 2066.81 8775.79 2082.81 8754.87 2092.62 8744.95 2139.71 8740.90 2162.42 8771.05 2168.90 8790.49 2167.27 8812.52 2143.26 8836.27
6 11983.99 4579.23 11925.33 4614.77 11914.59 4550.51 11961.42 4529.66 12009.41 4503.07 12009.73 4510.49
11 6624.30 14823.25 6596.81 14835.75 6554.55 14807.38 6577.40 14781.74 6585.48 14777.98 6596.00 14789.05 6596.13 14761.05 6623.01 14780.49 6641.03 14794.84 6615.03 14802.98 6630.11 14804.90
14 11734.07 7774.72 11707.29 7776.83 11702.90 7781.71 11697.65 7787.46 11701.38 7800.62 11694.43 7789.09 11649.86 7753.35 11685.47 7751.53 11691.66 7744.32 11695.78 7753.93 11709.53 7738.48 11716.95 7749.30 11704.65 7763.58 11728.29 7767.25
7 5487.39 7513.63 5417.12 7564.73 5402.57 7549.78 5347.81 7461.81 5395.68 7424.07 5406.67 7424.90 5417.27 7432.93
7 15643.87 3381.01 15642.65 3388.95 15627.29 3341.31 15633.94 3345.25 15633.05 3356.21 15649.02 3340.84 15666.87 3324.90
13 8084.76 955.65 8077.53 957.67 8075.70 959.22 8046.57 940.49 8031.96 944.11 8028.32 935.83 8011.32 911.28 8029.38 906.30 8043.73 888.25 8047.72 882.93 8063.60 893.56 8080.08 890.26 8087.81 916.94
5 16513.45 3466.63 16518.37 3484.38 16455.23 3458.74 16411.83 3460.31 16407.50 3414.11
9 17517.33 10889.86 17525.18 10941.76 17484.77 10915.07 17469.36 10895.60 17450.24 10905.34 17481.92 10882.03 17486.69 10853.20 17520.32 10800.08 17522.46 10861.38
6 7706.44 982.75 7647.59 945.35 7653.74 892.54 7684.01 863.11 7736.38 869.03 7752.69 905.12
9 2027.31 12832.88 2065.58 12735.03 2109.41 12724.72 2169.09 12769.34 2192.84 12790.79 2187.30 12826.70 2164.46 12876.52 2108.98 12877.68 2041.96 12865.36
15 16603.83 14950.52 16563.90 14956.48 16557.27 14973.39 16505.05 14948.01 16523.78 14927.35 16523.83 14918.14 16512.75 14915.36 16479.29 14911.58 16538.61 14907.55 16524.88 14888.84 16536.36 14894.79 16552.75 14889.18 16570.04 14879.89 16570.63 14881.49 16580.81 14880.57
6 6771.90 10590.97 6751.41 10639.81 6716.95 10618.85 6715.61 10602.02 6728.06 10576.04 6750.02 10567.04
6 10230.58 11251.56 10223.06 11237.29 10229.20 11219.11 10252.06 11185.61 10272.23 11185.82 10293.93 11170.55
8 14310.60 9541.51 14299.10 9478.18 14318.21 9456.36 14333.42 9442.33 14354.89 9453.00 14406.64 9486.78 14384.48 9534.61 14368.35 9541.85
6 6358.84 8426.00 6327.22 8478.28 6304.15 8472.37 6238.27 8385.60 6315.01 8375.44 6339.37 8382.92
8 10623.05 5669.77 10615.31 5641.59 10644.88 5630.71 10684.45 5622.84 10711.10 5634.89 10721.98 5665.82 10701.43 5687.20 10630.25 5689.13
12 15855.40 12218.73 15882.27 12199.43 15876.25 12198.37 15844.69 12195.61 15876.45 12187.41 15877.37 12181.59 15888.82 12137.68 15887.58 12131.59 15901.88 12121.03 15925.99 12147.37 15929.57 12149.12 15928.50 12186.85
12 10078.65 5733.48 10082.40 5700.68 10089.79 5692.46 10123.93 5664.69 10138.59 5664.80 10175.25 5678.14 10189.38 5709.09 10191.03 5730.86 10187.66 5755.91 10148.71 5767.66 10130.77 5770.32 10086.40 5753.17
15 12343.54 15018.41 12302.14 15043.28 12290.28 15023.25 12285.22 15024.26 12242.52 15002.45 12261.11 14993.73 12231.14 14985.11 12270.00 14955.20 12283.51 14940.64 12299.24 14919.73 12329.43 14923.83 12324.78 14950.21 12342.52 14948.77 12330.94 14970.76 12355.41 14984.73
8 12167.89 6222.81 12138.73 6234.31 12042.80 6203.75 12111.67 6158.66 12114.10 6138.66 12126.79 6134.09 12192.58 6140.05 12184.80 6166.55
7 453.41 4054.47 402.10 3976.79 417.24 3956.29 451.66 3918.09 503.19 3968.81 522.61 4002.52 498.34 4050.46
8 13698.66 7817.78 13763.76 7745.54 13824.90 7791.85 13866.25 7826.13 13807.03 7904.09 13755.77 7924.95 13743.98 7919.28 13731.88 7897.94
10 12799.87 11545.58 12825.16 11589.57 12822.52 11599.94 12815.00 11616.04 12801.43 11634.86 12788.63 11635.69 12765.86 11628.64 12753.47 11619.45 12746.38 11587.08 12749.61 11559.72
9 1016.82 5219.69 1024.93 5232.10 955.22 5258.21 927.20 5262.97 964.91 5220.64 955.28 5183.09 991.91 5187.25 1011.13 5196.75 1031.98 5180.04
10 2617.06 5858.67 2661.73 5844.40 2666.69 5846.91 2706.65 5880.45 2692.00 5915.12 2669.98 5920.27 2631.84 5912.54 2615.69 5903.65 2602.79 5889.99 2606.46 5868.12
11 12949.33 6257.50 12945.10 6281.74 12919.32 6273.57 12889.30 6324.21 12880.27 6257.19 12873.48 6214.03 12891.61 6203.29 12900.14 6200.45 12917.14 6222.42 12956.31 6205.68 12975.35 6205.04
10 17194.86 4275.85 17205.27 4282.73 17142.63 4291.38 17119.83 4283.33 17093.95 4268.54 17163.35 4248.67 17179.87 4222.42 17197.68 4234.62 17203.80 4254.90 17225.64 4270.31
10 15331.50 1844.59 15344.45 1862.75 15338.78 1856.13 15331.54 1866.08 15317.84 1857.33 15314.09 1856.19 15275.31 1826.97 15302.91 1784.19 15313.54 1797.93 15345.96 1823.25
8 4168.89 10264.72 4170.58 10221.75 4212.16 10180.34 4252.06 10191.58 4275.82 10215.40 4236.35 10276.87 4217.71 10297.48 4177.94 10296.10
5 7767.13 9647.63 7759.69 9695.41 7643.98 9633.41 7715.45 9614.05 7742.14 9612.07
7 3746.63 2277.74 3716.27 2241.28 3717.42 2215.85 3753.16 2199.99 3771.80 2218.41 3789.15 2244.68 3787.69 2267.20
6 8198.07 3331.46 8152.83 3452.56 8059.65 3433.93 8035.66 3373.86 8138.71 3306.87 8164.96 3309.43
13 3269.34 1102.45 3267.43 1104.54 3258.95 1146.20 3219.22 1126.65 3197.06 1187.28 3142.26 1103.42 3171.77 1095.16 3164.25 1058.81 3183.48 1053.54 3186.32 1022.83 3192.03 1045.41 3194.48 1042.97 3198.34 1059.81
6 9652.98 9860.42 9644.93 9855.24 9610.41 9810.00 9620.22 9779.06 9674.15 9814.77 9713.25 9809.02
5 847.50 14802.04 946.22 14843.96 934.93 14918.00 810.35 14899.16 817.90 14845.54
8 13634.74 11686.21 13721.29 11649.61 13775.21 11690.45 13774.63 11708.01 13768.69 11758.24 13708.23 11788.76 13688.48 11781.32 13666.47 11758.37
9 8835.32 11911.64 8826.26 11906.94 8826.46 11907.39 8830.24 11914.35 8817.72 11914.27 8798.08 11888.73 8801.46 11876.19 8805.77 11871.47 8842.28 11876.66
8 4298.95 8814.97 4261.04 8811.97 4286.74 8850.27 4247.87 8832.95 4244.50 8874.91 4229.39 8800.72 4216.27 8764.60 4250.38 8774.51
9 13682.21 487.63 13682.70 456.04 13725.04 425.14 13757.71 415.19 13783.44 437.56 13803.80 519.74 13794.87 529.38 13721.37 559.54 13687.63 505.65
10 17729.09 10372.12 17706.18 10381.62 17690.26 10378.95 17689.02 10357.55 17677.59 10345.65 17666.00 10328.42 17682.74 10324.54 17707.51 10322.37 17709.46 10322.74 17723.21 10337.27
10 15688.30 2952.15 15675.80 2962.41 15634.27 2962.19 15628.42 2945.92 15607.98 2926.56 15618.41 2924.25 15605.83 2914.24 15648.02 2912.95 15649.14 2901.71 15685.01 2897.93
9 8564.16 5006.31 8542.07 5006.28 8509.35 5028.87 8482.02 4978.10 8491.85 4970.69 8480.06 4959.81 8486.76 4944.61 8501.50 4958.51 8534.01 4948.78
5 4415.99 10291.72 4451.35 10324.30 4425.96 10342.57 4329.56 10335.14 4364.03 10310.39
5 16025.25 6068.86 16011.93 6076.72 16015.72 6049.48 16042.47 6025.87 16057.44 6041.36
12 15264.75 9349.66 15216.39 9416.31 15210.38 9409.82 15203.60 9408.46 15185.92 9406.83 15168.44 9316.13 15186.63 9320.63 15224.28 9262.76 15247.51 9308.71 15269.64 9297.43 15290.62 9316.69 15285.15 9338.40
10 5866.34 5219.00 5923.60 5115.68 5982.30 5137.26 6008.19 5153.13 6033.39 5195.47 6031.20 5239.49 6030.52 5242.35 5999.84 5265.82 5979.74 5265.35 5889.60 5260.40
10 8118.86 17690.91 8091.64 17632.60 8094.60 17611.85 8098.21 17596.67 8106.16 17576.86 8125.92 17576.96 8160.27 17577.74 8182.26 17593.58 8192.48 17607.20 8185.98 17659.87
9 16351.38 4659.07 16432.70 4793.34 16405.84 4807.08 16340.64 4798.45 16324.83 4780.75 16314.52 4760.52 16291.67 4710.74 16295.64 4703.00 16317.19 4661.68
10 6983.69 7724.96 6976.65 7702.27 6982.94 7661.81 7001.56 7632.03 7029.95 7622.17 7065.30 7629.83 7069.80 7667.60 7058.62 7729.34 7047.22 7745.56 7012.31 7736.28
9 11394.45 14854.01 11322.96 14910.88 11304.37 14907.46 11271.54 14815.02 11313.56 14794.36 11333.86 14790.89 11344.07 14796.03 11364.92 14806.87 11383.99 14818.86
7 5927.09 1304.35 5910.73 1353.04 5855.88 1333.19 5846.99 1319.48 5864.93 1281.39 5885.93 1283.04 5902.03 1290.90
8 11978.72 1522.75 11988.46 1443.43 12090.22 1400.06 12121.90 1430.46 12141.90 1511.59 12135.53 1532.76 12088.38 1579.55 12022.82 1564.22
6 3398.76 14992.71 3389.15 15002.01 3388.40 15019.00 3354.75 14979.93 3362.38 14943.90 3383.72 14934.78
11 1019.29 481.53 1015.85 488.84 996.05 483.64 983.97 499.91 958.88 463.55 946.49 434.47 948.08 430.01 972.12 442.98 980.71 443.28 993.43 409.51 1030.84 447.52
6 2794.68 17185.41 2743.72 17179.47 2699.17 17200.07 2695.22 17198.00 2719.31 17127.21 2754.95 17135.90
13 11518.30 6859.76 11527.42 6868.27 11516.59 6889.33 11488.40 6852.99 11490.23 6861.29 11458.19 6849.84 11458.27 6849.16 11460.94 6838.70 11445.62 6822.80 11469.94 6831.45 11492.00 6807.39 11496.23 6796.22 11498.19 6818.95
7 898.49 2920.47 929.12 3014.76 911.68 3025.97 869.64 3038.45 831.36 2975.97 834.16 2970.14 861.85 2937.34
8 13807.07 9871.02 13793.32 9854.71 13762.84 9857.13 13734.78 9853.76 13744.14 9833.41 13730.48 9821.56 13786.41 9762.67 13788.85 9790.27
10 15506.93 15205.84 15490.47 15226.28 15436.87 15207.44 15431.07 15195.23 15439.55 15171.63 15446.03 15158.99 15471.52 15154.73 15486.96 15154.55 15498.82 15158.92 15506.81 15180.36
10 17416.55 5455.88 17384.27 5505.60 17340.68 5500.07 17328.86 5493.52 17310.19 5480.18 17292.12 5448.57 17315.43 5403.74 17319.23 5396.99 17336.14 5380.96 17382.18 5410.80
14 9833.21 11965.82 9824.24 11964.37 9810.45 11968.35 9813.23 12016.95 9808.38 12006.61 9782.26 11947.16 9775.75 11941.45 9766.30 11910.40 9802.27 11925.50 9820.02 11933.28 9855.51 11916.95 9831.25 11933.27 9822.69 11943.58 9825.56 11943.95
9 4227.61 6803.34 4212.77 6894.21 4127.07 6914.45 4086.20 6919.04 4067.37 6901.25 4049.68 6852.36 4059.47 6828.14 4112.02 6774.75 4185.48 6763.15
8 8578.54 10171.46 8570.93 10155.53 8578.78 10128.49 8617.53 10118.17 8658.98 10124.09 8673.96 10132.85 8655.45 10165.97 8619.73 10199.18
5 15039.45 9241.89 15020.60 9236.34 14999.14 9224.03 14980.73 9228.74 15002.43 9201.52
14 14319.13 6224.62 14303.35 6242.07 14289.24 6232.84 14290.46 6228.93 14281.59 6218.80 14257.25 6220.35 14255.79 6215.18 14263.27 6150.77 14278.08 6163.39 14300.05 6164.38 14292.90 6135.83 14338.78 6181.02 14401.66 6192.97 14339.43 6203.66
5 4917.92 16064.74 4917.35 16050.71 4914.53 16055.35 4901.92 16007.36 4962.09 16002.62
10 15253.30 8080.12 15288.17 8087.12 15305.36 8093.20 15213.84 8115.23 15183.20 8112.89 15177.25 8113.50 15160.45 8041.39 15188.84 8030.87 15180.83 8017.92 15247.26 8041.16
5 5291.22 11583.57 5199.71 11561.28 5228.19 11518.12 5248.04 11532.65 5294.12 11540.27
9 7671.44 8762.07 7681.01 8721.68 7688.28 8691.16 7748.14 8707.83 7766.37 8739.77 7757.03 8757.62 7742.04 8770.52 7713.45 8785.37 7684.62 8777.31
5 13899.83 17186.03 13900.29 17153.51 13965.42 17154.24 13972.05 17191.95 13921.81 17220.32
8 2719.32 16776.44 2702.57 16738.44 2703.94 16729.92 2723.30 16699.33 2772.77 16696.05 2792.80 16695.52 2792.21 16741.02 2761.37 16766.22
5 10685.21 17177.04 10671.20 17239.37 10624.35 17169.04 10695.36 17138.43 10746.49 17146.84
9 9569.07 2865.12 9517.12 2851.94 9542.99 2790.34 9556.93 2764.13 9566.77 2767.76 9597.72 2792.78 9612.87 2810.28 9616.03 2818.46 9617.79 2858.96
8 10856.29 6976.46 10854.55 6946.77 10858.23 6929.14 10903.36 6902.69 10923.46 6914.54 10955.29 6959.35 10939.90 6991.17 10911.11 7004.50
8 2501.77 6695.83 2486.02 6665.31 2486.50 6656.99 2488.78 6651.67 2519.66 6615.35 2525.02 6635.83 2534.43 6676.05 2529.72 6683.74
9 13460.49 709.51 13456.74 726.12 13358.40 681.48 13414.40 692.37 13381.62 661.53 13416.17 690.45 13418.58 687.53 13423.35 671.36 13437.41 636.62
8 17342.60 4925.96 17429.23 4853.45 17464.96 4864.95 17499.36 4890.96 17500.01 4915.60 17467.58 5012.93 17402.08 5033.19 17350.43 4994.16
9 13429.24 17717.18 13376.29 17702.05 13324.08 17676.15 13318.70 17664.51 13351.75 17596.51 13363.97 17589.00 13385.44 17587.71 13500.80 17613.16 13492.05 17658.84
7 9362.97 4427.06 9294.15 4473.13 9274.72 4431.84 9235.00 4415.95 9307.65 4385.97 9324.11 4370.53 9326.52 4392.43
11 17210.49 16361.82 17196.34 16400.99 17184.96 16370.87 17173.81 16404.35 17179.64 16370.79 17137.99 16382.68 17137.27 16349.68 17143.75 16335.55 17185.44 16332.70 17228.09 16295.17 17235.33 16328.28
5 9886.12 10079.49 9891.48 10109.45 9874.42 10122.93 9866.29 10103.23 9921.04 10033.07
14 11298.00 10094.25 11295.81 10077.32 11282.34 10083.49 11285.80 10058.37 11231.59 10074.09 11255.37 10042.80 11238.65 10035.57 11266.96 10020.79 11253.76 10012.11 11343.40 9988.59 11358.88 9990.99 11308.46 10023.93 11326.59 10019.32 11311.28 10028.04
12 8971.58 2256.13 8990.48 2236.15 9015.72 2248.08 9036.61 2258.16 9041.93 2291.72 9026.26 2304.37 9018.80 2307.57 9008.70 2310.36 8986.24 2297.61 8981.25 2294.40 8962.07 2277.28 8966.22 2267.28
8 6637.22 11513.91 6603.83 11545.68 6524.75 11505.69 6511.05 11498.34 6509.69 11477.27 6562.08 11434.88 6628.59 11429.88 6632.26 11459.07
8 15081.22 17079.09 15122.35 17108.75 15113.84 17129.98 15063.28 17171.48 15039.93 17149.54 15027.07 17135.96 15050.16 17092.37 15064.12 17085.22
8 10174.37 13498.39 10116.59 13552.87 10104.73 13552.96 10078.14 13535.90 10024.64 13500.49 10036.85 13431.09 10068.76 13423.36 10157.45 13435.05
8 16533.37 11813.14 16585.65 11830.44 16582.74 11841.76 16578.91 11848.32 16544.34 11900.95 16514.17 11895.47 16492.68 11837.60 16500.84 11823.46
5 12324.53 9479.31 12274.80 9469.91 12278.35 9447.30 12319.41 9408.92 12321.29 9425.92
8 7548.48 14267.41 7499.99 14215.96 7506.30 14178.65 7512.95 14146.16 7525.11 14141.65 7561.98 14149.10 7613.06 14222.45 7582.66 14263.50
8 1216.63 3247.32 1247.92 3276.23 1237.60 3315.57 1226.43 3315.98 1212.33 3310.31 1190.42 3286.33 1190.39 3273.30 1202.71 3254.17
14 13253.35 2125.17 13235.98 2125.79 13240.18 2129.90 13243.52 2145.75 13245.19 2157.58 13221.75 2139.70 13188.35 2143.75 13174.53 2122.36 13226.21 2095.12 13244.74 2090.55 13245.34 2090.96 13249.38 2092.14 13259.34 2110.73 13265.94 2115.59
10 12223.50 17081.49 12180.56 17065.14 12177.22 17066.57 12159.33 17065.99 12164.79 17055.70 12168.63 17036.63 12177.21 17030.78 12189.48 17043.70 12200.30 17051.44 12218.59 17049.70
9 7435.40 10181.09 7466.92 10171.32 7496.15 10226.40 7497.01 10233.84 7489.99 10266.10 7450.16 10267.83 7423.13 10254.81 7409.29 10207.81 7424.24 10190.96
8 3739.60 9488.69 3707.90 9433.01 3707.15 9428.10 3741.33 9390.14 3771.09 9364.02 3797.48 9354.09 3797.71 9358.67 3811.63 9384.23
7 10143.15 4658.89 10216.17 4686.50 10214.12 4691.59 10171.25 4762.09 10119.19 4746.54 10113.85 4715.97 10127.97 4685.38
9 10320.23 7605.05 10323.34 7614.77 10302.73 7655.91 10292.07 7634.99 10275.12 7620.40 10273.94 7618.59 10253.00 7597.28 10258.74 7547.50 10305.81 7576.22
7 17197.79 15913.73 17267.04 15915.27 17289.08 15933.82 17290.93 15985.75 17279.91 16004.79 17175.35 15993.35 17178.38 15971.13
6 13671.02 17236.44 13614.04 17259.50 13607.17 17235.50 13602.32 17206.88 13625.04 17191.34 13659.73 17191.28
9 7446.72 9927.55 7389.40 9847.80 7391.58 9803.13 7395.96 9772.89 7442.31 9758.74 7506.04 9775.77 7538.28 9832.57 7543.37 9878.03 7509.05 9908.32
11 3316.45 10300.40 3304.73 10312.57 3246.65 10370.72 3227.24 10365.42 3196.75 10351.91 3164.58 10296.41 3161.25 10275.86 3200.27 10220.12 3218.92 10214.42 3264.42 10214.10 3288.90 10250.57
9 11154.50 656.43 11153.64 591.60 11159.43 587.66 11175.60 577.61 11187.16 571.32 11239.86 568.57 11249.40 619.93 11255.57 666.73 11196.97 679.45
7 2282.49 4207.86 2314.12 4258.05 2306.99 4283.52 2293.16 4295.00 2279.73 4296.35 2233.59 4292.72 2234.55 4274.28
10 11555.76 16050.05 11530.47 16040.29 11516.84 16011.91 11510.38 15993.52 11513.19 15975.49 11545.14 15964.95 11585.30 15974.41 11592.51 16005.51 11582.33 16027.87 11564.35 16045.20
12 7027.77 12579.09 7006.27 12566.35 6988.30 12539.66 6981.16 12527.74 6981.64 12521.50 6998.39 12469.90 7000.17 12469.17 7035.57 12460.68 7049.49 12462.16 7094.92 12506.31 7093.35 12560.30 7077.83 12570.39
15 14430.32 12886.12 14420.80 12874.28 14407.55 12914.87 14391.00 12882.63 14383.51 12880.46 14374.11 12879.51 14396.74 12844.07 14406.84 12841.91 14394.55 12813.78 14385.65 12789.82 14426.68 12780.10 14471.48 12795.08 14476.92 12798.67 14463.78 12822.79 14484.77 12819.14
8 12903.99 6031.83 12908.63 5942.21 12989.37 5916.87 13026.63 5919.56 13039.56 5957.15 13042.52 5983.62 13026.61 6003.71 12948.00 6043.01
7 2415.98 3106.12 2452.94 3071.27 2474.56 3078.74 2493.84 3087.95 2497.58 3106.55 2487.38 3125.05 2446.66 3126.76
10 12191.39 8487.14 12214.24 8424.79 12226.56 8421.45 12248.15 8421.09 12270.46 8433.82 12287.96 8482.53 12281.54 8491.60 12251.87 8510.79 12215.56 8510.96 12194.36 8492.55
6 2436.18 5679.70 2405.98 5697.25 2357.78 5681.78 2330.55 5659.49 2374.69 5635.61 2439.99 5557.74
7 2880.68 9202.06 2865.65 9170.96 2878.06 9143.37 2884.67 9114.26 2929.48 9124.86 2927.21 9135.44 2953.43 9127.16
7 6732.22 1132.76 6723.78 1129.78 6724.62 1134.77 6708.60 1148.60 6686.50 1084.35 6692.01 1093.87 6727.66 1103.91
11 3238.06 7078.90 3223.16 7036.78 3237.72 7010.01 3244.73 7003.90 3267.92 6997.57 3272.62 6999.87 3303.53 7025.28 3309.79 7047.04 3310.63 7057.66 3298.12 7078.94 3271.37 7086.56
8 3986.33 2577.99 3988.81 2503.40 4010.21 2503.14 4044.78 2506.59 4105.73 2574.79 4057.14 2628.42 4046.54 2629.67 4023.76 2628.72
13 16598.93 7348.83 16606.91 7353.45 16576.98 7347.61 16553.54 7372.23 16548.53 7369.43 16531.63 7330.63 16547.51 7317.49 16547.45 7303.66 16548.95 7284.58 16578.84 7263.83 16613.77 7294.86 16588.81 7313.82 16608.89 7321.50
13 10220.50 12491.07 10192.12 12495.17 10176.22 12565.26 10151.51 12555.26 10160.73 12505.31 10149.89 12487.13 10089.54 12485.71 10155.55 12469.59 10137.08 12430.59 10146.75 12405.06 10184.70 12448.01 10224.97 12405.53 10236.73 12453.47
8 9766.93 13555.53 9768.95 13560.07 9761.38 13560.83 9786.87 13613.81 9695.20 13530.80 9681.60 13505.46 9718.48 13488.83 9715.95 13468.80
9 11587.21 9754.54 11587.65 9788.84 11581.74 9796.76 11553.92 9792.19 11538.04 9781.80 11519.53 9760.36 11523.24 9714.55 11528.82 9710.79 11552.19 9713.17
10 9172.40 2187.61 9169.89 2172.77 9179.39 2152.20 9187.95 2136.35 9225.93 2096.74 9274.19 2122.85 9311.21 2151.04 9290.46 2203.03 9268.23 2232.32 9248.00 2249.83
15 14864.95 16489.31 14850.65 16498.80 14848.44 16507.25 14834.11 16472.33 14816.12 16477.37 14800.29 16474.51 14795.36 16457.52 14818.75 16451.75 14791.22 16443.61 14818.06 16432.52 14823.18 16417.37 14835.73 16423.81 14858.06 16387.18 14863.62 16410.48 14897.61 16408.85
8 1518.41 12662.84 1504.63 12610.38 1518.65 12579.31 1573.51 12549.07 1611.80 12585.78 1639.84 12652.00 1636.81 12655.03 1591.07 12677.80
8 4708.85 3210.91 4686.13 3271.02 4641.78 3255.54 4636.25 3253.03 4623.69 3212.20 4631.20 3208.13 4660.87 3194.49 4705.87 3205.73
15 14930.19 1812.79 14990.20 1819.73 14924.22 1826.69 14936.45 1862.63 14909.42 1832.24 14891.17 1830.94 14889.33 1832.99 14865.67 1838.30 14883.66 1822.07 14860.09 1829.03 14873.33 1813.82 14847.69 1778.71 14845.18 1762.92 14883.69 1775.48 14901.43 1765.17
10 15956.97 1843.94 15948.57 1824.60 15952.54 1805.00 15980.30 1785.46 16008.06 1788.78 16015.60 1790.06 16038.70 1817.93 16025.15 1859.19 16020.56 1870.06 16009.73 1878.91
7 6644.18 238.36 6606.03 304.57 6555.19 296.64 6531.16 282.10 6519.78 260.46 6559.24 198.09 6640.90 235.28
14 6358.13 13448.37 6361.06 13454.70 6337.51 13460.70 6365.50 13498.45 6350.38 13505.00 6306.73 13472.98 6293.18 13466.44 6303.37 13453.85 6264.04 13443.23 6307.12 13382.70 6316.36 13418.08 6326.99 13382.79 6345.30 13433.42 6347.25 13433.76
6 10502.63 8331.60 10415.66 8333.70 10383.26 8351.78 10362.40 8318.64 10401.58 8267.04 10436.99 8290.83
6 11025.74 6876.93 11013.73 6890.55 10991.88 6875.72 11002.33 6874.41 11033.55 6856.49 11025.54 6872.85
9 4807.66 1869.35 4808.51 1840.27 4835.88 1816.77 4870.45 1805.72 4942.73 1806.14 4949.95 1886.38 4924.19 1935.94 4827.93 1938.08 4809.69 1890.01
10 5696.22 17550.99 5722.73 17559.53 5672.33 17586.03 5667.56 17582.38 5648.16 17590.98 5611.98 17575.71 5635.43 17533.28 5657.67 17495.76 5670.26 17520.01 5702.18 17537.18
6 15874.60 5941.51 15871.60 5909.32 15851.50 5944.13 15866.81 5901.34 15853.91 5905.77 15905.27 5844.80
9 3928.99 10125.39 3943.85 10122.01 3974.48 10132.46 3991.55 10223.68 3963.68 10237.66 3923.20 10233.34 3902.84 10201.45 3901.32 10190.74 3909.31 10160.02
7 8402.44 7975.23 8379.99 7982.97 8367.35 7975.11 8368.89 8013.48 8343.91 7926.37 8408.28 7903.03 8405.09 7936.50
13 8052.09 14567.48 8042.43 14589.10 8042.66 14574.66 8016.97 14569.88 7993.39 14544.99 8034.69 14550.61 7999.03 14519.56 8039.53 14538.72 8025.50 14500.59 8028.74 14503.41 8065.67 14502.55 8080.41 14519.05 8087.33 14512.24
9 16600.10 8353.22 16611.50 8374.74 16609.10 8378.08 16574.95 8368.25 16579.96 8354.54 16561.61 8336.19 16573.93 8333.95 16582.67 8342.40 16596.80 8340.09
9 16329.59 17089.92 16338.13 17048.02 16368.75 17027.60 16397.55 17031.25 16426.53 17060.97 16433.24 17102.87 16405.68 17128.20 16365.74 17131.59 16357.43 17124.36
10 3121.90 12355.33 3134.40 12334.13 3183.68 12327.29 3189.30 12332.58 3207.32 12366.98 3200.98 12372.90 3185.78 12386.03 3156.46 12392.33 3132.16 12388.83 3124.02 12377.92
8 5316.20 2560.76 5345.33 2515.56 5372.89 2523.10 5417.76 2567.58 5428.74 2584.54 5403.17 2608.62 5366.57 2613.11 5328.05 2596.65
7 2928.18 16445.12 2937.53 16459.93 2910.71 16450.75 2904.97 16448.92 2891.09 16456.67 2879.35 16445.65 2909.17 16421.92
11 9107.72 7234.00 9075.66 7172.76 9088.83 7106.71 9130.22 7082.84 9149.49 7076.68 9170.16 7080.49 9225.20 7110.57 9247.51 7139.09 9244.54 7212.80 9165.30 7255.95 9153.37 7259.14
9 13629.71 17780.66 13607.54 17707.99 13645.13 17686.77 13657.20 17687.22 13659.35 17687.81 13681.23 17702.80 13699.75 17722.92 13667.92 17780.96 13637.82 17782.24
9 5024.10 15027.82 5038.63 14984.22 5087.66 14976.18 5104.06 14991.00 5112.30 15025.56 5107.54 15034.84 5061.05 15062.63 5047.48 15066.13 5024.51 15045.44
10 956.72 1123.66 993.94 1038.86 1047.20 1032.36 1076.87 1052.38 1093.89 1081.98 1099.17 1134.39 1057.19 1182.78 1007.95 1189.25 1000.50 1186.37 966.20 1139.34
7 16161.18 8706.54 16132.94 8702.23 16130.41 8707.77 16124.80 8706.45 16117.39 8708.07 16121.97 8658.95 16121.38 8681.41
8 1410.94 16113.12 1412.76 16059.80 1466.13 16016.17 1503.98 16014.30 1519.60 16043.55 1526.03 16109.39 1490.42 16128.99 1445.32 16120.08
6 4855.59 15673.13 4733.04 15585.27 4766.09 15519.47 4832.01 15493.57 4884.17 15589.50 4894.74 15616.57
8 6924.35 3406.75 6925.10 3407.92 6870.32 3447.58 6848.93 3471.78 6825.74 3387.32 6851.44 3338.06 6860.20 3353.62 6894.77 3349.53
8 14447.68 411.74 14433.61 438.84 14392.67 403.53 14423.07 379.40 14455.35 365.19 14477.72 354.89 14469.09 369.04 14470.92 382.02
10 14232.36 16293.55 14283.24 16241.98 14314.73 16228.67 14331.29 16279.96 14338.54 16307.13 14327.20 16336.18 14278.87 16350.43 14260.16 16352.44 14248.04 16343.41 14236.76 16327.17
10 8382.64 16858.38 8364.13 16887.26 8343.55 16873.37 8315.10 16853.32 8310.50 16834.05 8330.42 16819.81 8341.59 16816.50 8354.26 16813.04 8365.28 16820.70 8376.70 16844.01
9 1013.06 10636.86 968.49 10686.66 955.32 10686.46 885.51 10654.30 881.20 10599.81 913.53 10561.42 934.25 10562.13 946.26 10563.30 1007.45 10592.98
12 16692.04 11841.72 16657.51 11810.59 16657.76 11781.04 16680.62 11762.57 16692.70 11757.80 16701.14 11754.60 16718.58 11755.52 16731.89 11761.81 16739.69 11771.14 16745.93 11784.24 16745.99 11808.76 16716.90 11830.20
15 1840.13 15382.07 1792.75 15375.73 1788.82 15372.63 1768.33 15412.07 1746.53 15388.25 1760.87 15370.92 1759.95 15370.14 1748.38 15353.47 1746.52 15299.97 1776.55 15313.19 1777.41 15317.93 1803.17 15348.61 1808.25 15349.04 1814.66 15350.46 1827.35 15354.56
11 16836.86 9926.55 16784.66 9898.22 16805.75 9888.52 16796.65 9870.62 16811.15 9880.66 16809.54 9857.65 16825.92 9863.01 16834.43 9877.67 16850.17 9870.68 16867.23 9867.78 16859.03 9890.63
8 4283.74 13369.84 4242.74 13328.98 4276.00 13295.50 4316.45 13292.21 4325.94 13292.89 4351.32 13340.77 4347.85 13359.86 4340.29 13371.80
9 1894.07 880.19 1890.79 881.30 1879.43 895.31 1854.30 881.31 1829.25 855.91 1839.53 850.48 1845.77 837.39 1860.48 854.34 1885.03 859.20
8 3847.21 7907.82 3806.25 7839.23 3816.10 7825.49 3840.84 7802.62 3864.35 7783.08 3933.87 7789.84 3950.20 7839.53 3906.02 7892.50
6 13093.76 2745.52 13115.52 2691.97 13143.73 2689.26 13136.01 2663.42 13130.66 2653.96 13215.95 2706.21
11 1150.40 12253.92 1179.89 12275.84 1132.94 12261.85 1157.28 12304.08 1153.03 12297.77 1130.36 12271.59 1139.65 12298.35 1117.71 12293.45 1115.46 12312.74 1094.95 12297.89 1139.40 12245.48
9 5702.95 1588.06 5626.91 1572.88 5614.46 1558.65 5602.76 1509.46 5626.22 1456.18 5667.45 1421.47 5692.90 1425.48 5778.66 1481.07 5757.69 1545.30
10 15706.17 3684.47 15714.98 3656.67 15727.88 3635.88 15747.53 3607.74 15762.23 3612.37 15782.05 3657.51 15788.92 3681.21 15770.11 3698.46 15748.57 3703.89 15721.62 3699.34
14 3118.30 8512.87 3086.31 8504.48 3091.48 8469.51 3076.00 8502.29 3065.29 8481.79 3034.53 8473.58 3042.69 8433.88 3062.29 8421.36 3060.49 8407.44 3089.17 8423.15 3098.86 8408.54 3104.90 8408.12 3105.34 8417.08 3137.40 8410.02
9 12334.65 9788.12 12297.31 9768.85 12287.17 9741.62 12287.12 9716.16 12296.73 9703.82 12330.64 9690.50 12366.90 9691.70 12388.58 9719.03 12381.50 9756.74
7 9942.70 17428.99 9890.11 17469.53 9881.98 17468.09 9834.35 17438.72 9839.79 17394.18 9866.98 17370.45 9924.29 17412.62
8 8559.54 2694.67 8567.19 2642.33 8548.76 2615.25 8543.88 2541.97 8568.36 2579.79 8560.99 2536.04 8594.63 2563.83 8606.45 2616.29
11 9645.26 10966.60 9673.72 10960.53 9688.50 10967.85 9724.59 11008.14 9721.23 11020.82 9709.83 11055.70 9667.48 11072.02 9630.87 11058.04 9625.17 11046.84 9618.78 11032.67 9628.62 10998.45
12 7037.63 14707.92 7092.39 14714.99 7123.33 14747.05 7143.23 14778.96 7123.37 14866.61 7042.91 14894.10 7024.51 14891.57 6966.74 14831.41 6972.56 14804.30 7000.33 14745.88 7011.35 14730.98 7024.15 14716.83
9 349.84 16418.29 314.91 16430.61 311.41 16432.04 287.09 16338.00 307.07 16362.65 314.93 16335.30 330.29 16357.87 332.13 16366.84 350.31 16376.51
13 15017.41 5033.03 15025.89 5047.35 15010.06 5037.70 15002.38 5026.79 15010.82 5042.25 14992.88 5026.15 14991.91 5025.29 14995.56 5011.08 14996.28 4986.46 14996.99 4987.59 15010.42 4999.97 15012.60 5003.24 15013.60 5004.63
12 3331.46 6844.57 3340.79 6884.65 3329.89 6903.00 3318.32 6911.79 3305.92 6918.46 3295.24 6918.26 3268.72 6907.46 3255.55 6879.48 3259.43 6864.24 3262.21 6857.71 3277.69 6844.81 3298.33 6829.18
9 15143.29 13779.95 15109.31 13870.63 15031.75 13866.76 15007.73 13837.75 14991.62 13817.21 15018.96 13751.01 15028.80 13743.49 15064.82 13733.83 15088.42 13743.91
13 1840.49 17181.42 1836.96 17186.15 1806.04 17206.20 1823.23 17180.00 1810.66 17174.98 1788.51 17165.22 1781.63 17149.86 1813.31 17142.17 1829.96 17137.84 1833.27 17125.86 1860.97 17143.62 1869.33 17150.96 1863.62 17157.41
7 7341.22 14925.03 7308.18 14923.22 7275.62 14902.22 7292.37 14826.03 7298.32 14874.72 7303.55 14860.04 7306.13 14869.05
9 8495.89 14012.82 8452.23 13988.36 8454.49 13983.32 8431.11 13968.47 8448.74 13959.64 8462.18 13959.83 8458.22 13940.62 8479.29 13927.72 8502.40 13952.32
13 11252.41 6414.70 11230.38 6413.04 11218.00 6402.04 11207.05 6390.91 11203.06 6387.44 11230.55 6361.55 11243.00 6352.16 11247.76 6338.35 11248.45 6378.88 11249.54 6365.59 11255.73 6373.21 11276.06 6375.63 11284.13 6379.04
8 11456.33 273.33 11404.05 300.92 11395.30 293.90 11360.42 327.03 11332.25 335.88 11409.69 195.61 11408.90 256.02 11434.57 245.69
10 11892.21 5675.53 11877.42 5638.75 11893.52 5618.41 11924.85 5609.48 11937.61 5610.85 11948.43 5612.47 11953.02 5619.77 11951.72 5656.83 11945.14 5675.92 11944.30 5675.97
9 10854.98 17391.83 10859.29 17352.31 10873.36 17329.62 10917.79 17336.14 10954.41 17350.58 10961.39 17373.01 10947.54 17416.70 10906.10 17438.21 10877.20 17414.38
7 12213.81 12741.79 12174.06 12771.52 12143.84 12745.23 12138.39 12738.79 12164.39 12705.34 12194.40 12698.84 12205.27 12717.82
12 13539.16 1755.20 13494.31 1744.65 13459.04 1702.18 13436.58 1647.27 13476.23 1594.45 13484.93 1585.99 13511.15 1573.81 13569.53 1587.68 13598.80 1639.43 13597.90 1702.63 13581.04 1735.35 13567.34 1744.08
9 4526.63 11006.02 4506.84 11069.17 4481.36 11067.70 4470.06 11067.01 4437.64 11040.20 4435.34 11020.76 4457.42 11000.79 4487.87 10986.49 4510.28 10996.74
15 6843.77 13858.77 6825.98 13851.09 6837.25 13859.74 6823.70 13868.49 6819.00 13857.75 6817.68 13870.41 6817.13 13873.67 6816.76 13886.90 6806.51 13853.06 6796.47 13854.31 6784.16 13853.19 6784.58 13844.36 6814.68 13833.07 6823.77 13829.79 6835.31 13839.23
8 8407.93 11944.06 8349.46 11903.80 8352.00 11842.78 8354.76 11840.43 8401.29 11820.83 8421.23 11827.57 8457.96 11880.83 8453.81 11913.23
6 3842.48 16292.63 3950.20 16281.16 3962.78 16284.35 3963.20 16371.64 3858.82 16379.83 3847.63 16373.38
15 15479.33 2855.03 15431.44 2853.10 15436.25 2862.95 15447.98 2879.97 15432.85 2872.32 15416.51 2888.36 15400.74 2867.36 15402.94 2853.11 15359.50 2861.46 15377.15 2852.59 15363.28 2818.22 15387.83 2821.37 15420.49 2826.46 15448.17 2814.22 15454.51 2820.35
14 7589.55 17663.39 7601.75 17677.06 7601.55 17685.85 7586.83 17676.80 7560.98 17679.98 7564.40 17656.74 7567.77 17656.70 7557.59 17648.27 7567.03 17650.96 7570.72 17638.95 7575.61 17649.16 7577.96 17649.51 7591.54 17645.00 7605.25 17631.26
8 12076.94 10401.36 11988.46 10482.48 11951.76 10475.14 11903.33 10383.99 11907.19 10345.78 11964.17 10309.02 11991.64 10319.00 12058.26 10349.42
10 10713.80 9762.62 10675.36 9802.85 10603.24 9807.11 10567.30 9764.25 10609.34 9704.00 10617.93 9700.81 10639.04 9723.16 10651.89 9707.47 10659.38 9711.47 10698.46 9714.23
6 14952.01 14403.91 14905.87 14349.48 14919.01 14331.26 14987.99 14323.42 14997.03 14366.77 14993.52 14383.49
9 13221.80 4468.20 13243.92 4492.02 13242.99 4517.91 13238.21 4549.63 13203.37 4568.90 13175.72 4564.56 13168.58 4552.03 13165.54 4503.00 13177.99 4474.77
9 9752.20 13870.18 9723.22 13898.46 9673.46 13883.22 9645.19 13872.90 9646.19 13854.01 9653.44 13837.25 9688.13 13812.96 9709.24 13806.82 9750.84 13860.32
11 7382.79 3636.56 7363.21 3639.21 7372.68 3645.44 7344.16 3635.12 7336.21 3661.23 7287.89 3615.74 7302.88 3598.03 7344.63 3604.13 7352.51 3610.61 7353.53 3615.51 7383.31 3620.54
10 10111.12 12211.13 10128.70 12200.32 10162.65 12239.47 10182.96 12266.46 10186.76 12275.15 10166.21 12310.21 10138.42 12329.70 10081.47 12311.38 10062.59 12263.43 10063.45 12257.79
10 6090.16 3535.26 6146.10 3475.41 6182.91 3493.47 6213.04 3513.26 6215.88 3551.08 6206.32 3569.12 6197.72 3582.97 6156.15 3598.69 6119.03 3586.02 6100.28 3573.76
14 15057.87 14969.82 15052.28 14971.16 15045.72 14966.34 15040.70 14997.28 15036.40 14969.44 15034.48 14942.65 15031.33 14935.72 15034.23 14937.01 15040.87 14925.95 15067.48 14924.27 15058.94 14939.52 15053.79 14952.97 15064.94 14951.00 15071.11 14953.90
7 14633.37 2464.38 14732.06 2393.94 14756.84 2448.69 14734.22 2497.02 14691.01 2514.12 14664.51 2513.48 14637.37 2484.30
13 16036.29 10884.72 16013.37 10884.60 16011.00 10882.36 16014.64 10897.15 16019.90 10918.02 15994.07 10895.59 15989.73 10888.61 15975.50 10871.99 16002.39 10857.31 16007.12 10861.04 16025.97 10827.56 16024.15 10855.45 16039.98 10859.13
6 7817.86 16582.67 7798.87 16608.33 7712.64 16586.19 7668.80 16553.18 7715.28 16523.50 7744.93 16535.74
9 5301.99 16222.26 5323.52 16203.36 5350.14 16216.25 5361.28 16226.97 5384.92 16269.93 5355.64 16282.36 5319.21 16268.74 5310.22 16260.32 5306.21 16241.86
9 16571.33 9602.53 16564.73 9594.45 16565.77 9600.12 16534.92 9610.74 16552.89 9576.12 16550.60 9548.61 16583.46 9553.56 16590.99 9559.03 16585.62 9573.66
14 11030.51 15276.12 11041.43 15289.79 11028.46 15313.81 10988.83 15273.88 10981.04 15283.75 10979.93 15293.74 10927.96 15307.52 10930.04 15272.15 10937.56 15246.19 10950.05 15234.19 10909.85 15193.26 11011.18 15195.04 11015.69 15206.49 11018.98 15223.60
5 8024.35 14670.38 7988.50 14616.50 7995.75 14616.98 8015.08 14611.29 8029.15 14643.78
7 2460.91 6886.45 2438.88 6919.52 2428.92 6913.41 2399.80 6918.62 2417.27 6841.26 2425.08 6840.47 2442.83 6857.44
11 2535.57 10985.08 2550.72 11012.44 2501.00 11002.93 2482.65 11036.30 2483.98 11004.76 2462.05 11034.17 2455.53 10989.54 2479.79 10965.28 2495.68 10948.17 2538.26 10964.26 2529.91 10972.13
8 10653.21 9966.52 10647.76 9915.81 10612.05 9927.51 10601.05 9909.90 10625.12 9896.39 10614.88 9871.39 10639.29 9884.37 10672.32 9877.93
7 897.23 16532.30 865.24 16508.84 865.31 16498.84 876.19 16477.41 891.47 16462.16 925.65 16481.02 925.19 16508.41
14 4973.27 12548.51 4977.13 12559.72 4950.34 12564.12 4935.99 12584.47 4953.35 12533.46 4903.53 12532.14 4945.47 12519.05 4927.52 12510.23 4908.21 12478.80 4947.63 12507.64 4916.79 12459.07 4958.17 12489.79 4963.61 12479.19 5011.01 12503.73
9 11558.87 9349.19 11535.12 9283.95 11560.89 9256.93 11565.27 9252.41 11589.81 9246.32 11617.39 9253.67 11662.52 9306.33 11624.95 9360.44 11597.39 9363.72
10 11316.91 1861.02 11312.04 1871.31 11297.72 1878.03 11298.61 1865.54 11251.51 1885.32 11269.66 1858.29 11233.79 1853.52 11278.63 1792.95 11334.15 1816.91 11335.80 1828.64
8 3750.51 3875.99 3666.85 3823.91 3674.28 3793.00 3700.25 3764.97 3738.74 3739.29 3791.63 3807.33 3794.86 3820.40 3796.60 3847.23
7 10926.17 9769.30 10837.36 9787.71 10858.07 9773.40 10852.74 9749.44 10864.22 9755.39 10897.52 9759.63 10909.01 9764.34
12 9184.47 16355.77 9160.12 16305.20 9163.96 16299.51 9201.38 16273.87 9219.24 16282.56 9245.06 16297.15 9253.47 16310.01 9242.38 16338.60 9230.22 16355.65 9223.75 16361.05 9218.07 16364.62 9209.40 16363.01
8 4743.90 6032.96 4795.62 6010.49 4816.54 6036.02 4822.28 6053.57 4806.67 6079.30 4798.61 6083.07 4769.76 6090.54 4744.96 6052.11
8 14647.98 5606.90 14618.91 5610.05 14601.11 5645.38 14579.70 5582.80 14540.53 5570.19 14575.70 5524.45 14629.29 5564.37 14633.49 5563.73
7 8172.53 11196.70 8146.56 11197.58 8140.10 11190.17 8143.28 11155.00 8156.14 11149.73 8168.09 11145.23 8185.19 11138.58
8 2341.33 4682.43 2279.77 4737.45 2255.23 4725.24 2219.63 4702.34 2179.53 4661.77 2206.90 4610.28 2249.74 4563.11 2321.02 4578.37
9 2033.83 1577.01 2026.69 1575.74 1989.58 1615.68 1970.58 1562.40 1962.70 1548.50 1988.68 1552.04 1982.69 1518.40 2010.55 1520.62 2020.79 1521.51
9 11649.60 12249.88 11658.22 12176.80 11683.22 12174.70 11693.04 12174.30 11719.40 12200.67 11730.11 12215.65 11717.87 12240.65 11701.21 12267.10 11682.41 12274.84
7 3905.12 6133.71 3947.45 6101.95 4046.65 6134.34 4029.33 6176.70 4017.70 6193.40 3988.36 6231.21 3930.76 6179.21
14 3566.54 13684.75 3519.39 13708.18 3499.07 13701.10 3487.31 13693.60 3477.41 13676.27 3475.26 13648.29 3483.69 13633.60 3507.28 13606.98 3528.31 13607.49 3537.34 13609.63 3573.51 13631.30 3574.22 13640.82 3573.26 13653.61 3571.81 13670.25
11 8176.35 11688.57 8170.21 11673.17 8188.05 11646.24 8196.28 11643.20 8203.24 11641.25 8226.58 11639.36 8250.65 11666.01 8247.75 11678.81 8221.95 11698.60 8202.42 11699.48 8179.65 11690.13
7 11440.75 9417.47 11453.83 9447.04 11450.95 9481.61 11408.12 9486.76 11396.68 9476.15 11393.17 9430.23 11420.97 9412.50
10 255.23 14590.56 231.32 14524.08 252.68 14472.57 279.90 14440.07 310.05 14439.04 350.17 14448.16 389.02 14498.58 391.14 14508.78 318.35 14593.20 271.51 14606.20
7 15613.46 10681.30 15558.02 10761.49 15530.45 10758.29 15497.29 10740.36 15472.73 10610.21 15496.90 10586.24 15546.99 10621.68
10 15763.10 17850.79 15750.90 17865.28 15738.95 17868.87 15731.66 17857.12 15711.57 17865.33 15688.73 17843.99 15699.25 17826.82 15727.59 17817.96 15728.81 17827.06 15747.34 17823.49
6 12556.09 6623.55 12544.90 6695.55 12497.01 6673.89 12470.73 6647.40 12490.35 6596.62 12542.49 6586.73
11 4058.19 13450.85 3989.97 13469.23 3985.76 13466.79 3978.62 13447.73 3977.75 13443.44 3977.45 13425.56 3979.28 13393.88 3992.33 13385.04 4009.34 13379.21 4045.58 13389.39 4052.52 13396.41
5 3515.27 2551.29 3400.06 2617.02 3358.86 2575.56 3363.53 2560.42 3385.03 2532.52
10 16283.95 1826.14 16292.01 1776.50 16301.49 1752.19 16318.20 1734.55 16340.14 1745.13 16345.10 1748.81 16371.53 1790.95 16367.89 1800.26 16327.13 1830.72 16290.34 1830.12
9 5710.01 4446.40 5649.33 4376.70 5704.49 4321.85 5707.01 4320.34 5760.11 4340.71 5785.94 4357.62 5813.19 4381.74 5775.16 4451.67 5763.33 4455.78
15 3365.60 7349.41 3366.47 7355.55 3384.60 7378.74 3362.94 7374.77 3355.45 7363.06 3340.97 7379.95 3318.07 7375.98 3334.17 7362.36 3344.40 7349.75 3322.26 7344.42 3318.91 7334.68 3367.77 7332.12 3374.41 7336.28 3363.73 7344.96 3373.28 7345.45
11 10558.75 8183.24 10537.94 8181.62 10515.02 8163.45 10510.03 8152.63 10512.47 8137.95 10515.69 8118.59 10526.68 8095.38 10566.65 8094.63 10584.65 8121.19 10581.86 8145.85 10577.54 8153.49
9 8889.19 8104.22 8880.23 8105.06 8848.47 8179.90 8846.80 8147.78 8838.03 8127.60 8843.32 8108.21 8836.38 8100.40 8849.36 8059.59 8859.07 8077.74
9 17682.14 2447.26 17697.65 2458.40 17707.66 2468.42 17669.21 2461.99 17639.84 2452.73 17630.24 2439.72 17602.74 2425.45 17690.24 2426.61 17683.36 2434.05
5 2479.83 2710.34 2445.95 2707.27 2429.65 2723.90 2423.73 2702.30 2428.02 2654.95
10 16973.77 937.73 16994.33 881.21 17089.60 848.72 17101.75 855.36 17123.57 915.51 17132.12 944.35 17108.65 978.71 17082.28 1001.54 17002.79 989.21 16982.52 964.36
8 9503.74 1467.41 9523.29 1422.36 9557.33 1397.90 9594.82 1404.00 9623.32 1451.58 9602.94 1486.56 9579.37 1508.27 9558.89 1503.21
11 17578.30 16335.69 17570.87 16300.59 17588.31 16290.34 17602.77 16282.32 17642.58 16282.51 17654.55 16289.42 17665.71 16320.16 17667.38 16335.79 17649.66 16357.54 17617.73 16367.20 17603.41 16366.18
12 16892.30 1419.13 16904.94 1429.14 16882.68 1430.02 16843.10 1436.48 16800.88 1491.31 16792.34 1452.43 16745.67 1420.40 16780.68 1411.84 16796.69 1378.76 16809.00 1382.27 16837.97 1396.81 16847.00 1369.40
6 5603.47 591.26 5546.86 588.39 5547.02 563.62 5499.23 573.41 5552.77 488.40 5612.31 523.18
10 2810.74 3886.82 2801.13 3909.77 2773.19 3893.89 2776.06 3880.17 2765.53 3873.14 2747.19 3864.74 2772.10 3856.29 2769.26 3830.75 2795.64 3853.95 2811.38 3869.14
12 5028.31 10595.72 5038.70 10601.38 5013.99 10596.33 5025.24 10603.75 4999.15 10607.89 4981.56 10611.93 4989.74 10594.62 4991.06 10581.45 4973.68 10562.63 5030.48 10557.22 5025.44 10577.00 5022.78 10579.75
5 12695.24 185.10 12657.54 191.81 12645.39 143.06 12694.87 148.26 12718.88 149.90
12 8957.85 13877.66 8991.93 13919.69 8969.79 13937.00 8913.14 13901.84 8919.37 13868.18 8899.23 13854.55 8913.06 13842.11 8929.85 13850.32 8944.73 13815.16 8942.41 13855.42 8951.13 13853.62 8992.42 13866.03
8 10893.96 15423.72 10914.19 15404.57 10959.02 15425.25 10970.62 15433.94 10978.51 15450.76 10942.47 15491.55 10927.70 15492.35 10903.24 15484.71
10 465.39 13521.91 505.47 13489.80 552.24 13502.24 555.84 13507.23 557.99 13514.13 565.78 13544.27 552.97 13578.34 529.89 13588.80 502.10 13585.43 470.60 13579.19
5 378.74 6155.27 381.50 6087.39 391.30 6085.27 418.85 6098.94 428.56 6101.68
11 16220.03 17105.48 16218.24 17123.54 16204.29 17133.35 16195.35 17109.75 16187.16 17102.59 16187.95 17091.13 16193.55 17053.23 16203.30 17064.59 16209.45 17090.94 16243.64 17076.17 16217.10 17101.61
8 13223.95 14981.81 13169.44 15020.19 13149.40 15012.44 13133.57 14987.25 13136.17 14974.86 13144.05 14945.21 13169.62 14929.13 13195.55 14940.87
10 4097.23 1666.15 4068.46 1623.17 4071.58 1610.95 4130.85 1586.87 4136.44 1589.09 4159.64 1606.21 4165.22 1643.67 4133.82 1677.48 4123.97 1683.97 4114.18 1684.57
5 11160.71 11617.06 11108.72 11635.99 11081.42 11648.02 11042.36 11640.41 11031.81 11593.88
9 4635.28 9795.31 4627.85 9792.13 4626.12 9791.52 4591.13 9744.93 4617.73 9748.77 4612.96 9720.59 4665.31 9748.19 4698.06 9726.31 4687.53 9752.83
10 12698.28 15259.90 12645.80 15219.64 12650.05 15170.85 12668.31 15129.77 12714.14 15123.26 12751.68 15131.45 12761.68 15154.79 12765.63 15175.16 12767.65 15221.00 12720.82 15258.52
10 3874.41 5403.48 3862.70 5457.66 3829.15 5481.78 3807.69 5481.11 3808.75 5435.50 3783.25 5457.75 3803.37 5418.88 3748.82 5356.21 3822.47 5372.19 3856.48 5354.12
9 1100.72 3034.75 1101.04 3006.62 1128.13 2990.92 1154.14 2992.96 1171.22 3013.87 1164.44 3048.04 1157.73 3062.02 1110.51 3067.22 1102.42 3041.03
9 3816.04 7769.47 3791.66 7773.85 3794.91 7760.73 3790.18 7758.44 3801.98 7753.88 3785.75 7737.81 3812.07 7744.08 3813.51 7725.45 3841.25 7733.71
8 14978.04 17746.09 15002.34 17812.68 14992.18 17858.86 14934.05 17910.73 14877.55 17872.23 14858.71 17849.81 14830.06 17810.07 14874.42 17744.80
6 11227.81 11811.19 11199.80 11764.05 11219.59 11752.42 11268.86 11726.31 11312.97 11751.07 11308.35 11804.01
5 8976.12 16123.07 8976.95 16203.21 8947.59 16220.69 8910.74 16165.80 8952.04 16124.93
7 8911.70 8709.55 8879.14 8750.39 8875.76 8749.42 8877.63 8716.97 8870.22 8723.47 8886.48 8662.14 8909.03 8688.88
5 14367.25 9130.07 14325.85 9118.87 14313.17 9036.80 14370.39 9027.31 14398.26 8972.03
9 13786.98 14141.55 13801.83 14086.52 13857.95 14080.20 13882.02 14087.53 13888.40 14104.40 13883.78 14132.00 13872.65 14177.03 13809.47 14166.44 13795.25 14155.34
9 4136.58 1765.86 4157.70 1713.27 4186.07 1717.29 4223.29 1747.25 4225.34 1760.04 4227.13 1781.55 4205.13 1812.43 4177.83 1805.80 4172.34 1801.15
8 363.64 10958.48 295.80 11040.50 232.81 11033.89 217.76 11010.59 219.62 10969.12 257.13 10927.61 277.04 10921.09 351.40 10941.86
8 10014.41 14093.56 9985.23 14015.05 10010.80 14012.31 10032.42 14013.47 10077.10 14026.88 10079.91 14028.54 10093.73 14038.01 10067.79 14093.55
12 4191.26 15780.94 4183.29 15815.26 4180.65 15816.69 4121.60 15789.93 4115.70 15785.97 4102.59 15722.65 4120.91 15708.84 4142.66 15709.40 4144.23 15730.29 4146.17 15724.64 4184.80 15741.70 4154.19 15771.94
12 7639.37 11879.53 7705.63 11866.10 7744.17 11906.58 7745.60 11932.14 7734.37 11954.16 7712.74 11976.96 7681.85 11977.02 7644.10 11975.40 7625.08 11966.96 7616.94 11960.33 7614.82 11948.68 7616.05 11910.77
11 11035.02 12251.57 11030.15 12216.68 11012.53 12227.29 11003.15 12200.26 11015.96 12175.65 11024.13 12179.74 11036.15 12197.65 11044.64 12195.42 11047.93 12200.57 11076.64 12190.58 11053.86 12204.12
6 7825.61 5309.40 7775.12 5385.51 7753.57 5379.03 7750.41 5374.90 7723.34 5314.68 7766.65 5270.84
10 4042.29 12360.18 4070.15 12314.73 4090.57 12316.07 4105.99 12322.40 4123.94 12332.38 4132.17 12342.88 4116.88 12388.26 4092.05 12395.99 4076.97 12396.35 4064.28 12387.67
6 7540.78 7028.97 7517.93 7046.10 7540.56 6980.35 7550.09 6993.96 7591.11 6986.02 7597.50 6994.25
13 7096.24 2814.89 7099.51 2835.61 7069.14 2819.85 7080.92 2848.40 7045.53 2816.78 7020.53 2828.99 7026.55 2819.00 7029.15 2817.54 7037.61 2807.23 7058.92 2794.00 7064.63 2789.45 7082.20 2769.10 7094.59 2773.74
13 5787.39 14173.43 5782.93 14195.23 5747.93 14201.50 5738.05 14211.50 5695.04 14136.21 5701.37 14123.14 5729.91 14151.05 5725.52 14140.97 5723.80 14109.09 5761.55 14101.64 5768.52 14120.92 5749.68 14154.73 5802.22 14137.17
9 3928.82 6255.96 3968.87 6265.13 3953.73 6317.80 3922.54 6332.41 3914.84 6335.28 3905.42 6312.61 3907.94 6277.94 3913.02 6258.69 3921.82 6256.37
11 305.47 5829.92 290.90 5844.92 287.04 5843.07 254.13 5855.51 258.34 5843.29 231.45 5845.23 231.00 5830.22 250.06 5826.97 252.73 5818.42 268.94 5813.26 305.21 5820.23
14 2660.28 15617.74 2608.60 15615.83 2598.66 15617.57 2583.61 15611.80 2558.79 15651.17 2572.40 15610.23 2535.66 15584.12 2549.17 15561.13 2573.30 15565.29 2575.56 15571.18 2578.46 15551.78 2598.55 15535.82 2601.04 15576.77 2626.92 15585.02
6 7675.89 15652.44 7637.76 15611.64 7664.86 15564.20 7698.91 15534.04 7729.57 15565.87 7755.61 15623.45
5 4809.55 16186.11 4826.43 16068.67 4869.36 16082.33 4909.37 16156.77 4835.03 16221.58
12 8731.94 15770.75 8755.31 15766.71 8792.50 15795.58 8797.49 15817.91 8803.83 15867.07 8802.18 15871.96 8772.62 15915.42 8747.42 15912.52 8667.10 15882.07 8652.50 15851.81 8649.51 15826.87 8652.56 15818.87
10 6455.25 6491.61 6437.71 6480.73 6419.35 6451.94 6418.18 6449.18 6432.44 6422.86 6447.75 6408.57 6487.44 6411.51 6506.72 6446.45 6496.46 6473.06 6474.20 6490.24
9 12368.53 2280.57 12307.41 2296.88 12290.51 2269.04 12280.53 2207.37 12308.05 2188.26 12328.88 2183.46 12363.46 2185.75 12390.91 2199.11 12389.95 2236.39
8 7123.53 15221.53 7196.19 15194.69 7225.96 15279.31 7228.06 15292.01 7175.07 15307.17 7127.22 15274.48 7120.59 15264.65 7121.10 15245.09
10 5898.55 10027.54 5913.62 9966.32 5921.20 9947.86 5926.44 9935.14 5975.56 9943.11 6025.14 10037.37 5958.82 10088.53 5931.07 10097.17 5921.37 10088.75 5903.47 10054.70
9 11874.08 11431.33 11825.85 11435.56 11825.94 11433.10 11808.83 11411.86 11824.21 11397.55 11812.49 11378.54 11837.59 11349.05 11844.83 11395.42 11884.77 11383.20
8 6900.15 7648.58 6873.23 7647.38 6890.46 7707.90 6746.44 7630.69 6806.07 7613.29 6784.82 7561.90 6824.42 7609.75 6856.96 7594.84
7 6098.64 11363.71 6090.55 11375.98 6009.36 11318.68 6067.37 11281.17 6070.43 11244.99 6126.31 11292.57 6131.39 11297.86
10 10775.00 9342.29 10782.51 9306.83 10805.27 9279.00 10837.17 9283.49 10845.72 9288.83 10849.48 9293.34 10860.10 9316.29 10857.20 9344.36 10847.37 9351.18 10785.92 9352.79
10 8257.08 3077.91 8239.09 3071.75 8154.99 3060.76 8154.65 3025.34 8155.59 2997.65 8227.60 2956.35 8230.55 3007.02 8267.14 3018.48 8278.34 3021.03 8276.70 3030.49
12 7538.49 2759.16 7630.90 2757.56 7642.84 2772.77 7651.92 2790.33 7666.82 2834.63 7664.15 2848.20 7633.91 2879.11 7608.96 2885.03 7565.70 2885.02 7512.35 2834.28 7512.20 2817.93 7519.60 2781.59
10 14565.51 7665.65 14544.47 7678.05 14533.72 7669.46 14512.77 7654.83 14504.33 7642.79 14534.48 7606.15 14541.18 7603.15 14541.87 7606.86 14563.68 7619.19 14577.23 7627.97
6 7153.72 2309.35 7115.51 2220.96 7236.27 2160.99 7272.44 2216.66 7274.51 2229.01 7261.66 2277.41
6 15368.48 11235.16 15461.09 11184.87 15533.11 11284.51 15513.27 11325.32 15457.15 11364.54 15376.44 11336.40
10 3827.38 9763.27 3793.59 9769.24 3756.97 9799.90 3785.16 9772.76 3769.36 9753.38 3781.28 9730.16 3787.21 9729.79 3766.06 9707.54 3808.81 9657.05 3822.08 9691.93
9 359.12 12239.59 314.37 12290.99 265.76 12275.37 247.53 12256.26 307.27 12132.43 292.91 12197.89 332.98 12158.64 336.39 12200.71 361.63 12197.71
10 15735.06 5158.92 15779.75 5113.01 15790.50 5114.39 15819.90 5120.71 15829.36 5147.32 15822.03 5192.74 15821.36 5193.14 15807.18 5200.06 15786.09 5199.41 15753.21 5196.44
11 10484.71 6753.41 10448.81 6739.23 10450.89 6734.39 10438.86 6732.40 10419.59 6703.52 10429.82 6693.52 10461.22 6684.95 10466.37 6689.46 10496.55 6682.31 10490.66 6695.67 10486.15 6699.11
10 817.32 9118.70 793.05 9097.65 772.58 9125.62 769.42 9083.63 750.85 9076.19 716.70 9053.43 759.43 9049.39 766.74 9049.18 784.97 9012.06 797.30 9052.42
5 7542.02 12084.10 7582.50 11957.70 7663.37 12020.19 7686.35 12039.27 7671.11 12100.69
15 12396.59 9976.53 12379.76 9983.06 12359.95 9988.10 12350.38 9976.29 12339.25 9998.78 12310.63 10006.96 12289.91 9948.81 12313.82 9952.71 12325.57 9938.09 12340.71 9934.52 12349.82 9928.83 12375.82 9928.78 12358.78 9943.58 12355.60 9952.91 12351.00 9957.88
8 301.22 12011.71 294.82 11985.60 296.47 11970.93 317.25 11946.66 379.15 11987.91 393.05 11999.08 387.72 12028.39 320.36 12031.31
8 5804.69 12576.37 5820.88 12587.71 5738.97 12612.63 5658.30 12544.58 5663.06 12534.64 5811.33 12505.85 5770.21 12552.97 5788.80 12544.30
7 16542.78 10616.33 16522.76 10609.22 16506.84 10625.44 16497.09 10575.35 16513.34 10550.01 16528.84 10570.69 16541.98 10552.38
8 10320.40 8247.34 10288.14 8252.16 10275.75 8241.83 10312.89 8197.26 10310.98 8182.36 10318.05 8202.47 10323.19 8204.85 10366.80 8211.43
6 3521.05 12854.04 3543.08 12800.39 3577.08 12799.36 3585.57 12803.01 3593.04 12870.00 3573.16 12879.71
11 416.38 9877.26 441.12 9894.77 385.90 9939.86 378.68 9886.30 318.73 9903.35 368.62 9876.00 354.91 9869.59 344.44 9848.65 347.46 9821.93 379.67 9817.87 413.24 9853.83
8 10090.68 17210.60 10083.27 17214.90 10072.09 17191.51 10037.85 17150.75 10071.02 17158.72 10090.56 17159.80 10109.59 17151.39 10110.59 17171.99
10 9367.65 6857.29 9431.62 6838.22 9485.40 6845.75 9535.31 6902.81 9536.10 6917.93 9535.20 6933.54 9467.44 6983.85 9416.53 6968.27 9355.70 6938.89 9356.00 6892.62
6 2213.27 15996.50 2175.77 16098.89 2132.44 16084.07 2103.93 16024.64 2141.58 16000.30 2189.80 15991.67
12 14123.41 6864.02 14126.82 6877.73 14086.78 6888.99 14079.03 6908.32 14075.37 6858.23 14037.83 6857.01 14076.64 6812.88 14102.86 6839.35 14132.74 6828.87 14121.23 6837.16 14123.97 6835.54 14131.21 6833.68
10 7621.26 6597.98 7615.76 6570.12 7623.74 6549.10 7645.73 6536.81 7674.63 6550.99 7688.59 6578.06 7687.78 6593.68 7660.89 6616.28 7646.15 6615.99 7631.32 6606.14
10 15551.55 564.53 15563.73 580.26 15524.60 565.14 15517.27 572.47 15503.14 566.36 15486.16 557.21 15511.01 552.22 15505.59 550.38 15499.61 517.73 15508.41 525.22
9 11837.85 2515.64 11861.58 2481.72 11874.44 2466.66 11885.97 2455.44 11924.31 2469.73 11944.42 2511.30 11933.61 2541.09 11893.51 2552.86 11845.65 2533.39
8 5991.76 4692.02 5998.18 4607.36 6029.35 4596.83 6058.14 4588.97 6077.25 4589.63 6088.03 4605.00 6112.43 4685.31 6091.55 4715.38
14 16826.99 8578.18 16854.17 8585.68 16841.34 8609.01 16793.59 8597.73 16788.55 8642.39 16784.74 8610.63 16786.54 8595.36 16782.46 8586.16 16723.65 8605.72 16757.72 8580.74 16782.26 8540.23 16809.31 8547.02 16831.95 8561.73 16855.84 8564.87
9 6055.08 10250.87 6090.64 10300.44 6055.63 10347.81 6025.25 10373.50 6015.95 10361.91 5976.83 10306.47 5970.75 10297.56 5980.72 10255.22 6005.67 10251.80
10 7927.59 8644.86 7903.43 8607.47 7905.21 8579.24 7963.23 8560.82 7975.57 8567.74 7998.93 8605.63 7985.94 8633.08 7972.53 8651.04 7962.62 8653.09 7937.85 8656.42
12 741.40 7865.08 736.93 7853.45 703.26 7885.40 708.12 7879.01 684.77 7841.80 722.82 7820.40 733.92 7820.02 723.00 7792.00 736.95 7803.35 764.66 7809.36 767.77 7818.63 768.70 7823.55
8 13098.22 11245.26 13076.35 11242.95 13070.45 11256.09 13068.19 11274.79 13035.32 11259.74 13058.93 11240.60 13057.99 11238.46 13049.95 11222.97
10 5474.24 3251.82 5503.12 3310.69 5495.97 3327.37 5451.19 3348.33 5438.47 3340.76 5420.59 3329.48 5407.17 3310.32 5419.32 3266.10 5441.60 3259.02 5471.59 3252.25
13 8956.06 7156.43 8923.15 7217.75 8901.07 7212.84 8860.20 7164.19 8899.57 7150.15 8895.84 7139.95 8918.76 7135.87 8917.06 7122.88 8919.86 7111.41 8933.04 7104.19 8937.43 7133.07 8946.97 7143.46 8950.28 7146.39
11 6701.36 5575.03 6676.38 5590.09 6630.27 5567.42 6601.26 5540.43 6565.91 5488.69 6596.25 5507.26 6594.60 5479.56 6632.56 5524.30 6665.08 5473.92 6647.26 5529.99 6655.68 5524.70
9 5203.92 15840.50 5193.22 15836.07 5171.58 15839.18 5160.56 15838.07 5171.65 15798.12 5166.10 15778.81 5213.99 15776.49 5205.86 15794.32 5211.07 15812.54
10 3670.21 11636.29 3633.14 11578.11 3641.39 11557.43 3665.55 11534.97 3719.80 11550.89 3731.45 11568.42 3733.05 11602.50 3732.34 11613.13 3723.42 11622.92 3699.64 11632.75
5 17156.79 6174.76 17162.78 6203.83 17135.59 6203.47 17114.94 6099.58 17164.57 6140.08
7 7222.30 9724.50 7197.53 9752.91 7123.77 9739.34 7110.76 9714.99 7154.51 9650.66 7190.80 9646.94 7214.10 9675.10
10 12421.50 14607.97 12368.49 14627.12 12342.46 14656.00 12349.18 14612.80 12325.82 14633.82 12323.83 14621.66 12328.62 14616.66 12304.35 14575.66 12337.40 14578.55 12368.81 14576.42
8 4974.28 8789.74 4997.54 8745.78 5006.55 8748.13 5039.50 8763.46 5057.88 8784.21 5039.48 8812.05 5025.49 8822.89 4997.78 8819.92
7 15383.26 13723.99 15396.08 13734.55 15348.81 13745.29 15341.52 13739.92 15316.26 13740.82 15281.19 13702.96 15399.50 13712.16
12 12438.87 17531.32 12468.58 17486.74 12501.39 17493.06 12536.26 17500.78 12556.83 17533.85 12550.31 17565.90 12549.00 17571.68 12521.79 17584.92 12512.70 17588.28 12464.33 17590.18 12459.20 17589.93 12444.07 17564.45
11 7523.74 500.80 7529.45 521.27 7513.68 512.41 7489.91 517.28 7468.49 501.39 7465.88 497.85 7478.67 487.65 7511.29 475.22 7515.42 479.24 7510.62 489.91 7509.99 492.91
9 7788.83 14575.10 7767.20 14555.04 7772.05 14545.80 7794.70 14505.92 7847.51 14529.08 7854.66 14534.84 7845.30 14580.48 7825.81 14593.76 7817.29 14590.75
9 10788.57 7662.19 10766.42 7619.89 10796.15 7583.26 10821.30 7573.49 10841.70 7578.40 10861.69 7598.90 10861.45 7603.84 10855.49 7656.47 10827.56 7669.45
7 11384.28 500.16 11443.58 577.20 11350.00 615.07 11328.65 620.68 11277.52 601.70 11281.73 580.50 11317.97 491.83
6 6896.42 7078.50 6884.46 7104.41 6868.34 7072.41 6812.84 7077.53 6833.98 7051.38 6854.60 6989.48
15 1654.83 17612.55 1633.11 17628.43 1646.22 17671.99 1611.18 17644.74 1598.17 17632.73 1588.25 17666.84 1557.16 17669.33 1524.85 17665.29 1566.77 17614.36 1531.18 17572.40 1598.02 17530.67 1602.18 17537.37 1613.50 17559.68 1630.59 17548.37 1631.21 17566.41
8 17404.35 11573.55 17441.48 11540.27 17497.78 11555.41 17519.78 11599.45 17509.20 11628.69 17504.94 11630.40 17488.27 11632.62 17415.65 11608.24
15 949.03 13628.72 943.68 13628.34 971.73 13651.22 913.91 13637.07 871.03 13665.16 853.48 13609.85 866.69 13548.67 884.07 13560.09 901.96 13552.79 917.38 13538.72 938.17 13530.99 937.61 13539.97 942.76 13557.69 932.78 13579.66 958.26 13590.61
8 14617.37 5079.11 14631.01 4988.49 14666.13 4968.85 14690.60 4993.26 14708.37 5023.04 14709.00 5082.95 14651.46 5091.14 14642.16 5092.06
8 15788.93 14124.70 15722.36 14146.12 15732.62 14117.62 15735.75 14114.74 15701.25 14129.59 15720.74 14088.63 15744.22 14098.58 15775.87 14068.26
8 366.76 8765.67 347.58 8767.44 345.37 8815.73 305.54 8777.29 279.79 8791.72 310.35 8744.12 361.61 8707.27 377.26 8732.12
9 1000.35 16081.00 1011.08 15991.46 1045.50 15963.60 1102.96 15970.09 1162.10 16055.42 1159.22 16084.11 1124.40 16131.26 1077.47 16145.88 1017.45 16106.51
5 17048.76 2790.06 17055.89 2801.90 17039.03 2787.44 17010.28 2729.34 17058.12 2777.98
8 14343.65 9163.68 14317.75 9160.43 14322.68 9168.00 14322.94 9189.44 14289.02 9141.42 14304.76 9140.60 14317.02 9126.49 14318.66 9149.92
6 4976.17 15909.03 4973.09 15907.65 4888.72 15933.31 4905.75 15876.48 4963.06 15812.37 5025.92 15882.55
9 6665.67 3003.53 6645.82 2987.52 6649.49 2945.69 6656.15 2936.24 6660.67 2936.33 6680.89 2940.96 6715.66 2956.06 6717.89 2973.58 6705.81 2995.45
8 14713.88 15494.70 14691.27 15456.55 14693.27 15429.19 14760.45 15378.83 14819.59 15391.12 14845.38 15423.50 14831.79 15459.25 14776.41 15538.08
12 4580.84 7100.71 4492.29 7138.79 4491.52 7138.71 4434.25 7090.88 4441.25 7042.64 4479.02 7010.46 4487.10 7004.64 4498.74 7006.34 4528.32 7012.46 4566.94 7029.02 4578.89 7052.59 4580.52 7069.81
8 11233.61 13318.35 11174.57 13274.58 11182.56 13214.10 11197.20 13201.23 11237.77 13186.78 11293.80 13208.39 11350.07 13257.50 11294.16 13311.09
14 16875.50 12185.83 16854.93 12185.62 16874.78 12227.27 16852.61 12203.82 16850.17 12212.32 16842.31 12216.38 16790.47 12216.60 16814.78 12182.11 16785.47 12186.62 16829.29 12150.99 16835.48 12132.64 16842.74 12121.39 16886.33 12166.87 16862.63 12173.26
14 9066.14 4384.09 9035.74 4387.91 9043.53 4398.49 9037.80 4429.93 9041.14 4438.07 8991.85 4428.24 9000.99 4397.99 9006.95 4367.79 8988.26 4330.07 9001.94 4346.83 9013.65 4354.22 9044.07 4368.64 9037.91 4374.06 9037.31 4377.98
9 6715.47 12032.33 6668.67 12015.57 6675.26 11935.39 6698.71 11927.52 6733.80 11931.50 6743.79 11945.03 6766.33 11985.42 6761.49 11998.30 6738.39 12016.64
9 10630.24 15678.41 10616.49 15774.88 10611.93 15776.41 10587.73 15781.82 10529.84 15791.62 10485.50 15755.08 10482.02 15701.31 10490.04 15695.79 10589.01 15634.05
5 888.06 13329.02 881.40 13362.53 872.95 13353.77 865.58 13293.44 912.75 13306.77
9 3729.80 5172.50 3730.72 5161.97 3719.95 5153.33 3723.12 5153.46 3730.11 5131.19 3737.54 5134.19 3759.63 5155.86 3762.68 5159.14 3769.42 5163.56
5 12195.37 7989.00 12103.57 7947.24 12158.46 7868.14 12220.63 7917.33 12208.86 7972.94
10 17011.39 12350.37 16975.15 12349.27 16965.34 12324.09 16962.67 12302.18 16970.75 12272.14 16994.92 12260.95 17030.72 12262.31 17052.52 12283.49 17058.93 12294.81 17029.56 12341.53
9 11806.36 12872.40 11801.69 12851.37 11828.10 12819.30 11848.92 12821.99 11880.32 12832.70 11883.97 12870.78 11861.91 12902.87 11847.22 12907.81 11840.97 12905.29
7 5651.97 6738.24 5588.76 6708.17 5613.23 6673.68 5632.38 6663.45 5643.79 6658.78 5681.59 6659.39 5672.82 6694.58
13 12392.23 14159.93 12422.30 14186.02 12426.47 14191.42 12418.26 14198.49 12420.37 14213.71 12380.57 14202.74 12341.38 14204.66 12326.62 14201.38 12292.48 14131.75 12356.50 14075.45 12392.54 14092.99 12417.61 14123.17 12395.31 14142.07
9 15824.78 6484.27 15860.32 6459.20 15908.88 6491.83 15907.37 6522.74 15895.09 6539.50 15868.92 6543.56 15853.65 6531.55 15833.06 6507.98 15825.60 6496.59
8 7420.26 14374.33 7432.39 14455.37 7390.02 14479.93 7300.46 14479.40 7279.00 14471.75 7299.91 14402.49 7345.03 14362.46 7370.86 14357.02
10 1396.01 13042.57 1448.86 13019.63 1478.72 13031.44 1481.97 13113.34 1480.03 13123.90 1420.99 13111.16 1392.19 13098.64 1385.02 13062.91 1383.74 13052.60 1385.04 13049.20
6 15373.37 3086.78 15276.22 3064.40 15280.95 3000.75 15367.57 2946.44 15416.45 2977.24 15426.46 2995.99
9 5621.01 2825.36 5614.25 2853.85 5595.11 2829.56 5571.48 2817.29 5578.91 2807.03 5584.81 2806.21 5568.45 2785.53 5592.84 2803.84 5592.61 2783.84
8 517.27 5355.66 529.14 5323.34 555.84 5326.81 581.11 5340.03 584.35 5357.12 581.34 5382.03 557.80 5383.36 522.12 5370.94
10 5201.80 2547.96 5221.82 2537.12 5251.60 2545.43 5279.31 2583.89 5278.38 2593.63 5263.73 2628.02 5232.40 2627.09 5189.54 2612.70 5189.13 2610.45 5189.19 2603.18
8 7511.80 8022.77 7510.55 7958.15 7517.55 7937.30 7586.48 7907.18 7641.48 7930.24 7665.48 7990.84 7654.50 8034.78 7563.16 8052.96
12 5589.12 909.69 5582.33 939.19 5507.18 920.70 5505.57 908.23 5509.87 856.37 5542.19 855.66 5547.67 832.30 5558.76 868.24 5563.75 869.37 5579.39 861.14 5597.21 866.99 5564.18 883.81
7 3917.34 14766.50 3860.17 14752.33 3871.13 14702.38 3890.19 14657.21 3921.03 14663.46 3960.41 14681.79 3965.50 14704.44
11 11919.52 5438.99 11905.52 5449.25 11887.80 5447.30 11840.74 5416.18 11884.91 5403.31 11890.04 5417.12 11894.25 5399.23 11919.64 5393.93 11931.33 5402.94 11934.72 5423.49 11916.18 5431.74
15 1630.20 7367.07 1621.70 7371.04 1634.71 7411.40 1608.27 7378.42 1615.87 7403.50 1604.39 7382.38 1607.05 7400.84 1581.78 7380.05 1585.71 7365.29 1576.49 7358.43 1594.12 7329.57 1610.46 7319.64 1610.13 7358.08 1633.26 7350.76 1642.95 7354.91
10 13682.66 5134.46 13630.53 5175.47 13597.55 5159.58 13579.78 5135.65 13562.17 5107.92 13577.06 5055.68 13603.15 5035.46 13634.94 5037.10 13655.87 5047.95 13677.00 5067.00
8 13729.01 9992.04 13701.72 9940.96 13709.12 9917.08 13741.37 9895.01 13757.30 9902.14 13771.72 9912.78 13788.46 9947.16 13766.13 9986.78
13 8205.53 2689.67 8169.29 2682.75 8177.30 2711.31 8151.09 2711.07 8145.50 2677.24 8150.89 2673.28 8121.15 2679.77 8117.46 2677.75 8143.51 2656.80 8141.60 2631.46 8174.40 2623.64 8185.51 2650.27 8186.16 2663.50
8 11046.06 12394.69 11018.67 12449.62 10993.88 12443.14 10970.45 12433.16 10960.26 12406.37 10968.19 12392.48 10986.28 12372.30 11008.03 12379.59
8 6592.70 11881.79 6558.02 11765.45 6563.84 11762.26 6592.53 11755.67 6657.99 11748.21 6680.06 11777.33 6676.09 11823.02 6622.32 11867.85
8 10910.68 3244.47 10960.52 3199.26 10985.75 3202.98 11009.19 3231.99 11005.41 3272.38 10978.91 3298.31 10978.13 3298.74 10927.08 3290.10
6 8964.61 11197.44 8957.40 11129.15 9000.81 11098.97 9056.03 11098.98 9063.42 11140.98 9064.66 11193.94
9 11901.01 12404.04 11869.59 12415.47 11849.14 12436.22 11858.78 12397.45 11829.58 12381.06 11880.11 12366.38 11883.28 12355.43 11900.46 12386.51 11908.67 12393.94
9 15742.24 12493.95 15691.09 12534.66 15643.28 12521.97 15596.68 12502.62 15608.58 12431.42 15631.31 12385.92 15671.21 12376.42 15695.12 12398.74 15729.25 12438.57
5 1231.98 16567.51 1206.20 16555.53 1232.37 16546.16 1220.69 16492.16 1258.78 16524.21
13 17867.71 12932.48 17840.48 12966.31 17797.17 12965.44 17769.00 12954.75 17753.57 12935.20 17740.95 12915.18 17739.48 12878.00 17773.11 12827.07 17835.68 12819.42 17878.41 12827.69 17888.24 12890.61 17880.29 12907.77 17874.65 12919.31
14 12033.46 6097.86 12006.07 6141.90 11997.71 6130.68 11998.66 6117.18 11995.75 6093.27 11997.54 6087.00 11956.94 6078.19 11935.15 6068.91 11938.46 6066.32 11969.53 6042.11 11993.63 6021.75 12056.24 6012.94 12038.22 6062.25 12085.20 6053.98
8 14438.95 10838.48 14548.35 10797.64 14589.94 10823.57 14611.92 10865.33 14594.77 10949.67 14559.80 10982.24 14531.19 10987.61 14461.29 10953.29
7 3053.67 15269.21 3014.68 15213.08 3057.95 15169.09 3066.82 15162.51 3116.01 15142.88 3169.49 15192.76 3154.10 15239.95
15 2975.66 8114.86 2926.33 8153.12 2881.43 8116.61 2894.71 8101.26 2875.46 8097.26 2881.79 8092.08 2860.60 8076.99 2892.07 8078.78 2885.35 8058.77 2917.87 8030.70 2919.62 8043.51 2953.75 8042.84 2933.45 8065.56 2926.55 8076.30 2964.18 8091.51
10 15521.89 14994.53 15526.77 15012.92 15516.99 15034.59 15506.18 15014.80 15494.30 15027.00 15457.00 14983.76 15496.18 14962.22 15478.65 14937.90 15502.32 14944.15 15507.84 14927.85
9 6349.88 8088.75 6377.82 8024.86 6442.58 8021.44 6462.63 8057.63 6457.48 8132.73 6432.43 8154.81 6427.46 8156.43 6411.88 8151.61 6389.54 8139.89
10 10639.83 2014.53 10571.94 2023.82 10574.63 2082.78 10561.09 2072.78 10560.85 2105.73 10549.37 2099.52 10476.60 1947.01 10514.09 1927.27 10581.98 1979.33 10593.03 2000.92
9 12069.98 11711.69 12007.18 11725.99 11984.37 11708.27 11943.41 11638.44 11949.91 11622.34 11991.25 11589.29 12040.93 11578.09 12057.21 11600.44 12068.81 11620.22
7 4300.23 9738.03 4270.88 9707.38 4274.06 9688.57 4295.27 9655.66 4337.23 9660.96 4357.57 9692.65 4341.61 9730.10
9 5432.78 10949.23 5488.05 10911.55 5548.50 10958.58 5559.13 11039.86 5527.47 11072.13 5469.71 11078.17 5410.21 11029.55 5394.45 11009.54 5394.81 11008.50
9 11275.05 13516.09 11307.65 13542.31 11305.05 13577.40 11262.53 13591.25 11259.82 13591.97 11245.50 13586.65 11243.49 13582.41 11238.80 13548.68 11246.13 13528.08
11 15793.08 15301.22 15779.68 15376.17 15761.63 15321.87 15740.21 15317.21 15679.63 15325.28 15709.74 15287.56 15688.93 15274.99 15757.13 15268.46 15767.40 15233.01 15785.29 15236.68 15822.94 15285.46
8 16367.20 4362.25 16315.17 4360.76 16289.71 4392.02 16282.74 4358.45 16267.97 4378.51 16256.85 4303.94 16252.04 4270.87 16313.05 4286.88
6 6665.79 8668.53 6636.16 8666.02 6615.36 8673.74 6582.94 8662.37 6569.33 8644.34 6619.14 8613.14
11 17575.33 9789.57 17546.64 9710.62 17550.39 9697.06 17559.27 9682.21 17578.99 9660.59 17613.98 9659.51 17638.85 9663.86 17655.51 9677.70 17678.74 9742.75 17633.40 9793.29 17580.51 9790.13
9 4293.33 4732.65 4283.99 4742.01 4282.18 4726.99 4279.56 4723.46 4226.97 4732.09 4248.24 4626.78 4256.71 4640.25 4278.15 4660.78 4290.98 4674.75
10 15844.56 14701.82 15835.63 14685.79 15845.80 14686.75 15814.72 14645.07 15842.61 14650.08 15867.79 14622.41 15889.28 14649.29 15877.83 14679.36 15916.17 14689.77 15939.19 14697.06
10 8235.32 17554.16 8220.62 17548.56 8200.65 17532.63 8195.78 17523.62 8197.18 17505.47 8225.12 17483.37 8270.67 17489.30 8273.92 17494.89 8274.73 17499.72 8271.11 17542.05
7 15000.89 16716.10 15001.18 16794.88 14968.36 16802.68 14949.57 16806.44 14925.22 16795.76 14907.68 16770.28 14918.49 16719.90
12 8276.00 3305.27 8293.08 3317.52 8266.23 3324.97 8243.81 3342.82 8227.83 3313.88 8210.44 3304.20 8210.73 3260.06 8225.78 3238.27 8244.33 3257.45 8275.90 3258.56 8299.28 3278.33 8309.70 3278.68
8 639.60 2568.00 693.65 2616.95 660.89 2695.17 612.24 2700.74 583.19 2682.54 569.80 2672.93 574.07 2623.27 575.44 2612.21
15 9635.43 1603.11 9667.62 1630.56 9621.18 1612.57 9618.35 1638.35 9612.06 1640.52 9604.74 1607.74 9591.59 1601.35 9591.14 1589.86 9616.25 1563.93 9619.39 1580.45 9619.84 1580.20 9628.96 1543.16 9644.62 1552.17 9671.04 1574.75 9681.11 1593.66
9 15998.45 1558.06 16009.86 1594.53 15942.60 1557.71 15989.22 1619.66 15883.69 1584.08 15903.44 1512.90 15916.29 1521.16 15976.40 1490.56 15969.30 1512.50
7 4890.75 11955.34 4894.67 11924.68 4937.36 11908.08 4962.22 11924.60 4969.37 11965.76 4967.72 11967.73 4948.58 11979.40
14 11423.17 6486.05 11462.25 6547.94 11452.78 6546.61 11431.75 6546.90 11431.61 6563.69 11410.86 6513.97 11385.65 6572.87 11391.71 6530.59 11390.02 6494.82 11313.66 6483.76 11361.77 6478.29 11373.01 6462.80 11405.39 6437.16 11426.54 6422.01
8 2345.78 2849.30 2263.27 2906.36 2244.58 2890.47 2221.04 2843.73 2221.37 2805.80 2291.70 2775.95 2308.55 2792.92 2344.98 2835.08
9 2158.60 7745.52 2121.69 7773.01 2098.91 7757.19 2093.13 7750.57 2086.61 7742.91 2088.44 7727.73 2100.63 7704.78 2126.19 7705.72 2156.18 7723.05
6 15226.54 14586.69 15184.46 14593.67 15159.52 14587.56 15132.39 14557.85 15179.66 14564.43 15201.06 14570.11
10 14436.05 2758.28 14428.55 2739.38 14431.30 2735.23 14451.48 2708.11 14474.35 2710.59 14482.17 2713.64 14487.22 2743.50 14480.02 2767.64 14473.09 2778.13 14451.33 2767.28
9 7868.54 15342.63 7874.84 15275.59 7964.04 15245.70 7991.87 15278.28 7992.23 15309.96 7973.53 15351.10 7965.57 15367.04 7956.28 15367.06 7875.41 15351.45
9 7482.85 4399.95 7468.86 4372.86 7477.08 4360.74 7518.60 4350.73 7539.82 4355.70 7541.34 4371.60 7524.01 4403.46 7509.43 4407.01 7500.47 4408.76
9 12105.50 3578.35 12035.20 3589.87 12003.77 3578.70 12018.01 3525.69 12021.54 3531.54 12027.90 3539.72 12022.78 3528.98 12058.38 3548.48 12095.25 3548.39
7 14977.86 7064.98 15057.29 7024.35 15108.99 7090.98 15089.35 7134.40 15055.34 7148.10 15013.83 7144.68 14979.15 7126.07
10 16392.86 15811.78 16383.89 15842.12 16348.67 15845.84 16330.13 15833.42 16321.98 15827.62 16323.66 15791.15 16330.32 15769.62 16352.50 15768.26 16372.67 15779.58 16373.62 15780.67
10 11595.70 10602.66 11630.41 10607.83 11592.75 10630.95 11570.24 10629.49 11527.72 10655.05 11536.32 10609.61 11489.00 10583.67 11522.99 10581.61 11512.22 10570.44 11600.31 10568.31
6 2316.98 13085.66 2325.29 13029.84 2350.03 13021.53 2382.33 13038.69 2401.88 13066.08 2328.11 13096.76
7 7792.60 1364.09 7815.35 1402.26 7811.05 1413.33 7697.13 1471.74 7720.03 1379.56 7727.96 1354.69 7764.90 1359.66
10 16852.57 4743.07 16803.90 4727.15 16788.15 4688.34 16788.05 4648.11 16807.13 4620.70 16816.67 4611.07 16842.85 4598.18 16854.74 4599.86 16900.40 4622.48 16890.85 4696.54
10 4585.38 3439.14 4588.29 3388.57 4595.28 3382.27 4641.34 3363.48 4678.19 3384.97 4684.61 3427.82 4673.74 3445.43 4663.55 3451.52 4628.65 3467.33 4612.14 3459.89
9 9760.83 12392.83 9790.93 12319.30 9841.05 12308.54 9903.46 12342.27 9906.98 12351.67 9906.98 12397.53 9886.23 12447.28 9876.08 12459.81 9826.76 12451.91
10 13166.04 13453.47 13137.64 13452.02 13155.48 13464.69 13143.72 13458.93 13149.67 13475.05 13125.57 13467.46 13099.13 13441.90 13082.13 13421.23 13092.89 13424.49 13131.39 13434.30
11 5805.20 9695.10 5763.09 9692.02 5753.61 9678.72 5710.64 9614.88 5754.39 9623.18 5801.08 9592.76 5799.05 9620.93 5801.96 9627.17 5829.88 9610.63 5821.88 9648.91 5800.78 9657.58
9 7121.10 6455.33 7105.07 6496.60 7074.49 6535.61 7067.46 6446.17 7075.99 6437.38 7068.93 6423.33 7075.44 6413.32 7167.21 6407.61 7118.39 6433.93
10 4371.91 6140.23 4368.96 6154.07 4328.41 6162.80 4295.76 6158.46 4296.49 6136.74 4316.93 6106.75 4325.57 6094.24 4349.42 6097.00 4367.54 6113.59 4371.54 6119.47
8 10605.31 15108.14 10628.07 15056.00 10667.50 15060.42 10694.56 15064.10 10702.69 15085.06 10681.10 15142.49 10646.85 15149.94 10626.06 15135.81
6 16507.15 14703.02 16516.82 14668.74 16533.81 14668.86 16571.52 14705.72 16520.96 14733.19 16508.47 14721.33
12 10086.13 9664.90 10039.14 9726.68 10043.18 9704.43 10016.49 9675.85 9985.72 9686.55 9980.72 9649.30 10028.44 9643.20 10042.13 9596.26 10056.52 9634.06 10087.22 9590.33 10085.17 9621.67 10139.27 9630.71
9 14761.97 17122.68 14766.24 17085.58 14803.33 17070.07 14828.22 17085.16 14831.33 17087.10 14835.01 17101.14 14825.27 17132.24 14811.68 17140.60 14771.04 17131.03
10 6689.07 14443.59 6700.10 14472.25 6658.01 14440.76 6622.84 14426.61 6600.50 14414.17 6604.57 14368.06 6619.13 14374.15 6632.34 14385.14 6648.43 14390.65 6658.01 14376.26
14 16518.01 5351.02 16472.85 5378.73 16408.04 5383.21 16435.88 5334.03 16425.79 5320.00 16408.69 5317.92 16419.19 5305.55 16396.02 5290.35 16393.01 5269.67 16409.28 5271.27 16446.59 5236.36 16474.49 5263.26 16473.61 5286.73 16498.00 5301.81
7 17463.46 11750.16 17535.82 11813.18 17529.88 11819.02 17416.59 11854.00 17383.22 11815.01 17432.21 11770.65 17436.07 11767.65
14 12099.95 16734.31 12100.64 16742.94 12092.30 16751.50 12082.48 16727.98 12074.54 16742.89 12070.21 16725.50 12020.27 16698.58 12049.81 16692.61 12040.01 16665.63 12060.13 16680.20 12084.66 16691.13 12124.07 16682.81 12130.99 16686.41 12105.62 16702.35
8 2897.71 16791.32 2851.73 16806.00 2776.77 16812.43 2803.46 16741.95 2826.36 16752.43 2885.96 16736.37 2857.56 16761.91 2878.61 16770.14
8 7617.93 1166.76 7642.11 1098.65 7667.75 1106.13 7693.96 1126.06 7743.37 1201.24 7724.80 1225.08 7683.22 1215.74 7626.79 1202.67
6 4805.96 871.00 4721.99 843.10 4762.25 805.09 4760.96 790.27 4842.10 811.08 4853.52 811.61
5 15480.99 8158.85 15442.44 8156.54 15482.54 8119.58 15510.14 8126.87 15526.26 8129.50
9 5618.29 8404.95 5651.22 8435.39 5637.66 8478.13 5618.40 8482.66 5600.57 8485.19 5580.87 8477.54 5560.40 8466.28 5555.86 8437.38 5578.88 8422.20
7 240.48 15652.57 221.59 15656.40 228.98 15662.92 171.95 15704.32 128.67 15664.72 154.93 15652.64 171.61 15556.14
13 11875.62 15353.62 11912.49 15369.04 11865.20 15358.47 11826.21 15374.28 11792.37 15365.11 11782.47 15297.59 11827.42 15325.26 11838.58 15263.46 11842.08 15262.92 11880.90 15269.84 11893.29 15300.99 11932.03 15317.43 11925.58 15329.50
10 8197.33 9433.50 8257.32 9389.70 8287.61 9394.29 8333.85 9448.06 8326.31 9470.03 8311.03 9509.48 8304.78 9517.23 8276.21 9521.32 8255.29 9519.07 8206.31 9507.85
7 14562.19 12076.41 14580.16 12028.33 14602.46 12028.09 14610.79 12030.84 14637.15 12086.88 14629.55 12089.92 14584.11 12086.86
8 17408.58 10241.17 17354.50 10200.57 17380.16 10159.30 17398.71 10136.43 17430.07 10124.19 17457.36 10122.78 17473.00 10183.72 17479.46 10222.15
9 16892.00 9655.48 16860.67 9616.13 16892.67 9583.64 16913.39 9578.42 16939.47 9581.84 16964.29 9617.91 16954.86 9636.78 16938.54 9647.72 16919.59 9655.87
8 5882.98 8989.50 5866.95 8945.31 5877.46 8931.95 5929.68 8887.26 5956.23 8882.04 5995.39 8881.91 5997.83 8918.27 5932.44 8987.45
9 9602.16 3460.31 9540.82 3512.87 9495.75 3468.36 9482.26 3440.48 9531.56 3437.85 9493.43 3417.79 9516.79 3404.01 9529.28 3418.07 9616.87 3420.56
8 11227.88 4955.24 11219.24 4961.74 11223.15 4977.90 11201.76 4942.59 11191.35 4925.76 11252.33 4886.20 11241.56 4905.33 11256.45 4930.58
12 6448.78 1191.31 6423.82 1132.73 6425.32 1115.84 6434.24 1097.25 6441.69 1084.72 6461.43 1069.75 6544.27 1077.38 6550.11 1083.20 6555.38 1119.73 6539.45 1207.34 6481.60 1211.66 6467.64 1210.50
7 15940.25 8808.60 15995.92 8738.13 16048.01 8755.94 16065.39 8770.44 16080.97 8828.26 16043.67 8884.23 15942.23 8861.98
7 8385.03 7001.09 8385.18 7016.34 8335.63 7026.54 8296.59 7016.72 8311.79 6982.44 8331.25 6936.94 8367.07 6954.92
9 3804.04 14724.63 3790.16 14720.26 3754.03 14725.91 3718.63 14723.89 3732.14 14693.37 3696.91 14655.74 3735.50 14667.48 3742.28 14669.62 3742.29 14663.31
9 7959.70 10032.13 7961.14 9964.52 8009.63 9955.43 8055.04 9992.82 8062.88 10002.61 8054.67 10040.97 8041.31 10051.24 7983.09 10066.44 7969.29 10065.52
10 14040.85 10754.57 14007.13 10772.37 13974.14 10753.92 13961.49 10722.31 13980.86 10676.16 13996.62 10669.67 14005.01 10674.74 14022.98 10685.64 14032.36 10697.11 14039.80 10735.47
7 1078.49 13201.25 1068.16 13208.68 1049.09 13222.20 1031.63 13196.49 1095.71 13130.63 1105.35 13140.23 1076.18 13175.02
13 12123.55 5789.09 12097.05 5793.79 12067.74 5810.27 12068.36 5802.83 12061.68 5796.69 12060.71 5783.93 12047.89 5779.17 12073.71 5778.62 12068.07 5766.02 12072.49 5751.95 12081.62 5748.40 12091.86 5784.86 12125.05 5778.66
11 10869.07 13590.85 10785.48 13611.48 10781.01 13606.55 10743.14 13597.75 10702.54 13564.60 10750.34 13567.04 10728.31 13551.06 10800.75 13533.11 10799.09 13558.62 10800.15 13558.25 10818.99 13585.67
11 2260.70 7969.40 2245.62 7914.70 2248.14 7909.53 2290.18 7894.10 2297.65 7895.20 2318.90 7904.23 2329.86 7918.08 2315.69 7972.02 2306.36 7972.40 2290.33 7972.13 2277.72 7971.21
9 5167.65 4041.14 5175.53 3975.85 5232.45 3953.72 5286.17 3972.65 5304.16 4038.13 5281.17 4062.56 5229.63 4079.76 5175.90 4068.01 5169.79 4048.36
7 11089.46 12715.16 11165.86 12766.35 11161.18 12850.78 11097.97 12888.92 11029.40 12836.73 11017.65 12790.23 11042.85 12754.14
5 1649.25 10442.94 1641.25 10437.17 1622.22 10459.22 1615.92 10451.31 1625.24 10403.27
8 5936.59 7759.34 5974.76 7743.24 6033.33 7780.00 6052.44 7804.05 6043.99 7846.07 6029.74 7848.90 5951.28 7787.76 5945.74 7780.89
8 761.37 13037.70 804.13 12975.41 858.70 12977.93 876.67 13008.91 872.64 13021.09 848.52 13065.30 795.63 13073.34 787.23 13066.93
10 8070.81 13743.61 8073.65 13676.12 8132.51 13659.78 8173.03 13674.88 8202.64 13702.51 8208.30 13770.80 8174.55 13811.48 8165.71 13818.64 8103.01 13821.90 8070.85 13764.67
7 2265.42 5590.91 2231.49 5642.97 2197.04 5630.80 2145.65 5582.41 2192.03 5532.62 2227.75 5538.91 2255.72 5557.36
9 4976.56 10689.31 4972.96 10673.66 4984.58 10650.84 4996.32 10641.70 5045.73 10654.72 5054.05 10670.86 5035.22 10713.77 5018.38 10719.79 4991.45 10700.87
8 16761.93 8143.63 16762.86 8112.89 16770.34 8105.44 16773.09 8084.76 16783.66 8085.99 16809.91 8089.24 16831.26 8093.09 16848.17 8099.96
9 9916.89 14864.88 9863.97 14878.65 9845.32 14867.43 9832.97 14857.78 9823.79 14820.04 9837.39 14797.10 9862.28 14784.29 9889.57 14782.00 9913.21 14805.74
9 14950.19 425.31 14901.26 464.80 14877.44 451.57 14815.72 427.01 14826.01 404.83 14807.53 373.88 14870.92 371.80 14887.97 371.23 14960.61 410.11
9 6791.46 6517.08 6759.02 6498.56 6783.01 6469.71 6792.27 6458.65 6825.10 6469.41 6831.44 6475.82 6830.22 6506.53 6825.57 6515.31 6810.02 6522.54
10 17249.72 13544.43 17273.30 13577.97 17272.93 13587.08 17270.21 13602.43 17267.04 13609.22 17241.12 13619.81 17211.46 13610.43 17202.91 13593.61 17211.96 13558.05 17233.25 13550.13
9 1884.03 13656.57 1903.25 13626.09 1955.18 13636.50 1966.96 13640.83 1976.98 13646.05 2000.44 13667.15 1977.86 13691.32 1939.78 13723.21 1901.97 13693.62
11 9146.11 10390.82 9150.70 10410.98 9123.97 10400.30 9105.31 10393.27 9051.39 10425.65 9064.39 10352.09 9066.13 10304.12 9121.14 10317.75 9123.18 10337.64 9131.00 10285.80 9175.12 10310.74
11 4321.50 10942.12 4300.30 10890.17 4329.81 10860.53 4368.67 10844.94 4438.32 10870.16 4440.96 10875.39 4444.71 10895.20 4423.82 10941.51 4404.89 10954.80 4359.57 10962.95 4350.86 10962.89
10 2865.35 8308.58 2877.90 8300.37 2936.23 8309.27 2939.65 8316.98 2943.39 8327.64 2939.37 8340.97 2892.87 8368.40 2870.83 8364.22 2861.03 8358.68 2863.72 8315.68
13 5564.44 1596.04 5543.71 1623.07 5542.64 1630.98 5521.69 1586.36 5525.89 1583.20 5524.77 1581.85 5520.31 1535.02 5528.95 1551.69 5549.15 1558.23 5565.00 1581.30 5557.66 1584.60 5593.11 1574.91 5585.95 1584.94
15 7831.36 4523.96 7806.18 4518.18 7798.58 4528.49 7785.76 4561.55 7787.79 4549.73 7758.95 4536.44 7766.27 4511.74 7766.12 4505.35 7756.47 4479.48 7791.78 4489.12 7795.04 4472.72 7801.73 4492.85 7808.76 4478.01 7830.91 4481.11 7838.08 4487.95
13 3908.16 2934.21 3885.79 2937.41 3889.86 2947.30 3865.61 2941.03 3856.54 2950.67 3859.24 2919.78 3861.60 2914.33 3834.21 2893.47 3857.82 2902.99 3865.10 2900.93 3850.49 2872.55 3895.06 2885.16 3914.76 2897.49
8 17365.94 2690.43 17332.92 2733.01 17301.79 2741.77 17274.31 2719.65 17283.93 2662.72 17299.53 2640.83 17308.80 2638.64 17333.98 2650.55
12 5108.83 9112.59 5083.41 9112.81 5080.46 9122.79 5086.60 9147.72 5058.32 9138.05 5040.46 9111.52 5057.61 9105.74 5061.79 9083.10 5075.54 9085.77 5075.90 9090.42 5076.77 9099.70 5086.41 9083.39
9 972.65 2113.02 952.45 2083.93 994.94 2047.45 1011.23 2041.13 1043.32 2048.53 1049.29 2061.54 1029.00 2118.69 1004.92 2128.73 979.90 2119.16
12 17424.01 2437.46 17394.62 2470.02 17374.07 2483.17 17373.53 2491.15 17349.84 2464.34 17347.58 2463.15 17302.64 2483.90 17301.16 2482.16 17305.36 2372.58 17343.04 2411.65 17383.31 2401.51 17421.67 2421.67
8 5645.75 13100.30 5637.45 13081.24 5631.62 13087.44 5583.66 13077.57 5603.27 13038.13 5619.35 13021.38 5632.12 13029.36 5657.26 13000.44
9 13220.25 9000.57 13269.14 9068.70 13246.89 9100.79 13228.55 9122.29 13207.94 9139.92 13188.59 9149.62 13140.14 9145.39 13106.83 9058.43 13138.30 9007.19
9 14905.15 680.08 14909.04 626.42 14931.86 602.06 14968.54 606.72 15006.47 623.44 15016.16 665.11 14993.80 694.98 14969.40 703.25 14927.84 693.01
11 7425.15 8788.05 7435.56 8740.76 7454.58 8713.59 7465.30 8701.87 7477.68 8701.40 7523.25 8717.98 7546.77 8727.22 7565.79 8804.31 7525.83 8837.07 7457.80 8870.68 7427.85 8807.96
8 13823.68 4361.24 13831.61 4391.83 13792.43 4376.03 13766.95 4394.18 13793.42 4363.06 13792.99 4333.75 13816.28 4319.68 13853.54 4342.92
9 9291.54 5921.43 9283.30 5959.61 9243.69 5962.82 9191.02 5960.94 9187.51 5937.26 9195.97 5909.11 9210.99 5874.47 9218.46 5871.26 9277.34 5885.09
6 7913.89 16269.83 7888.93 16275.28 7849.05 16246.02 7870.11 16250.98 7894.38 16235.54 7901.36 16260.69
7 14623.74 1231.72 14540.67 1135.78 14585.48 1098.81 14648.17 1082.38 14651.14 1084.46 14703.73 1140.23 14665.20 1200.55
8 1876.17 10111.13 1861.79 10068.21 1875.52 10042.02 1883.83 10039.24 1905.26 10039.25 1934.98 10066.65 1935.99 10071.39 1902.85 10104.94
10 16605.10 4733.69 16564.06 4795.31 16544.37 4794.68 16492.36 4777.34 16479.91 4692.90 16487.07 4676.51 16522.83 4660.68 16555.41 4664.11 16565.64 4670.22 16596.77 4692.85
7 14016.66 5610.64 14000.61 5670.07 13956.90 5647.59 13977.79 5612.20 13962.20 5567.20 13988.36 5574.58 13992.78 5578.88
10 3173.21 8323.45 3152.77 8346.25 3144.31 8344.73 3141.77 8329.91 3133.08 8321.31 3113.22 8302.64 3153.18 8300.87 3172.84 8284.38 3183.04 8299.96 3194.26 8306.76
8 7608.35 10710.96 7557.67 10745.82 7531.26 10728.54 7506.62 10687.96 7521.99 10653.50 7539.26 10641.79 7568.24 10635.08 7582.65 10653.25
9 16963.61 7232.03 16947.96 7308.52 16826.38 7299.05 16824.53 7256.81 16825.00 7249.66 16838.83 7179.75 16922.52 7171.03 16930.97 7172.17 16956.30 7192.33
8 17597.30 5071.70 17618.23 5015.30 17737.82 5015.25 17744.95 5017.51 17736.00 5085.27 17685.95 5142.08 17637.65 5142.47 17620.17 5121.88
13 10536.32 3816.38 10507.40 3797.77 10501.37 3799.56 10484.13 3814.09 10460.70 3795.16 10467.81 3782.85 10447.80 3773.92 10478.76 3776.89 10473.17 3771.84 10487.70 3781.67 10514.51 3743.19 10531.67 3750.51 10516.82 3783.79
14 10594.95 8591.82 10554.52 8570.16 10544.04 8579.34 10538.94 8604.80 10524.55 8603.48 10528.84 8572.22 10515.06 8573.23 10528.86 8557.26 10516.60 8542.51 10480.61 8525.78 10527.65 8546.82 10533.62 8539.84 10549.19 8535.80 10570.99 8489.72
14 2182.45 15347.64 2163.55 15347.93 2152.78 15341.02 2148.36 15359.31 2144.35 15374.97 2133.46 15374.85 2129.59 15358.04 2109.76 15356.59 2114.76 15326.43 2093.61 15287.35 2128.67 15299.25 2148.15 15273.22 2137.99 15304.43 2156.48 15299.46
14 13476.16 4641.91 13455.67 4627.20 13423.02 4627.58 13421.57 4608.60 13420.14 4591.31 13433.71 4588.49 13449.56 4543.48 13466.36 4572.99 13482.41 4550.57 13481.72 4561.88 13523.67 4573.85 13513.33 4589.89 13497.43 4594.38 13493.27 4597.12
8 14089.16 5479.45 14115.46 5455.31 14132.94 5459.81 14137.58 5444.01 14142.55 5434.78 14174.97 5438.74 14148.36 5464.39 14184.73 5464.85
5 9405.46 15512.45 9403.17 15525.56 9376.70 15520.75 9362.59 15481.24 9381.31 15460.55
11 7780.20 12217.48 7791.34 12228.84 7764.17 12221.59 7774.83 12230.80 7733.90 12265.16 7672.73 12247.28 7738.65 12153.69 7738.05 12190.54 7739.49 12187.97 7754.13 12149.26 7765.67 12175.42
10 14633.72 8082.19 14574.76 8102.66 14511.26 8086.48 14490.06 8081.38 14544.84 8059.64 14572.32 8003.30 14574.18 8017.27 14636.83 8007.41 14619.35 8054.95 14623.89 8066.76
10 8930.25 244.94 8906.01 243.50 8869.45 196.05 8863.37 181.06 8883.24 149.35 8886.02 147.14 8924.45 149.26 8934.03 151.97 8964.18 180.17 8963.38 207.30
11 9341.40 17144.14 9340.55 17163.04 9335.30 17159.43 9303.30 17160.13 9282.66 17139.46 9292.69 17119.79 9317.00 17127.62 9313.41 17112.59 9330.71 17102.90 9337.67 17124.89 9365.12 17117.65
6 10035.38 810.64 10021.66 777.50 10030.12 749.31 10044.29 742.97 10078.63 742.55 10063.74 803.55
15 863.68 9308.79 856.03 9316.58 837.01 9319.84 849.78 9337.38 814.27 9315.99 810.04 9313.44 786.21 9310.17 757.05 9326.57 769.07 9315.79 768.29 9308.84 782.57 9287.95 790.88 9282.85 811.82 9239.96 831.75 9273.74 852.14 9274.14
7 1151.64 8707.29 1117.13 8696.33 1117.00 8675.81 1134.90 8667.64 1141.19 8661.93 1176.08 8648.93 1195.12 8662.51
9 5777.04 13203.77 5759.69 13205.41 5658.63 13204.75 5637.76 13200.48 5680.54 13170.65 5639.11 13121.00 5677.76 13143.73 5692.68 13128.86 5703.36 13119.71
13 10638.72 6262.60 10653.36 6273.25 10657.55 6284.73 10649.80 6281.64 10636.97 6291.93 10604.11 6298.66 10616.53 6246.38 10640.28 6231.55 10659.09 6224.32 10655.24 6231.01 10651.21 6241.40 10643.61 6250.49 10678.57 6250.60
7 4506.95 1694.13 4566.02 1716.00 4550.70 1807.87 4517.36 1825.52 4457.77 1809.90 4434.50 1773.07 4454.65 1730.88
6 12204.54 6842.21 12192.77 6775.14 12167.34 6784.40 12155.52 6775.81 12162.69 6714.23 12244.56 6703.29
9 6277.44 11723.99 6269.29 11731.94 6256.81 11692.80 6277.74 11662.45 6305.67 11654.01 6317.88 11640.02 6308.40 11676.77 6344.76 11670.05 6323.19 11684.84
8 2884.43 10221.98 2877.85 10190.65 2879.72 10178.49 2895.34 10162.18 2929.54 10166.41 2952.55 10188.47 2944.18 10212.46 2904.55 10223.37
8 11576.82 10113.42 11573.65 10070.61 11589.71 10053.22 11669.67 10054.01 11688.20 10087.17 11692.39 10165.52 11669.41 10177.31 11604.24 10179.51
12 15564.30 4501.31 15518.34 4484.85 15571.14 4517.49 15527.77 4501.10 15506.15 4528.97 15421.45 4516.97 15425.37 4483.26 15437.24 4466.88 15486.59 4441.82 15499.77 4447.24 15505.27 4456.13 15579.03 4465.38
10 7273.32 11636.94 7242.55 11617.13 7233.77 11586.74 7226.89 11559.47 7248.51 11536.76 7268.37 11529.50 7324.46 11548.69 7336.96 11574.78 7327.80 11589.17 7303.76 11619.59
13 13955.93 1975.56 13937.34 1978.49 13925.60 1966.51 13906.68 1969.32 13895.33 1923.55 13907.12 1937.33 13905.61 1925.24 13921.49 1934.80 13926.44 1936.45 13946.40 1923.81 13948.16 1929.29 13932.10 1944.39 13946.05 1947.21
8 2703.44 17479.88 2693.78 17429.20 2715.25 17384.55 2776.57 17356.04 2821.83 17379.14 2822.54 17406.55 2803.71 17482.92 2752.80 17492.27
14 17759.91 4088.61 17803.24 4115.91 17762.32 4121.94 17740.01 4137.73 17731.35 4122.07 17729.97 4116.80 17725.86 4101.62 17720.72 4112.98 17694.56 4072.61 17717.99 4031.81 17749.91 3990.57 17755.39 4045.32 17802.78 4053.25 17773.05 4065.47
6 7642.57 14543.86 7654.89 14555.17 7631.28 14567.92 7596.90 14534.72 7579.35 14534.05 7584.42 14501.77
8 14002.58 9867.98 14095.53 9832.68 14134.59 9865.56 14144.42 9999.02 14047.69 10013.96 13993.69 9969.21 13982.48 9955.10 13999.56 9880.89
12 11145.20 2181.86 11124.69 2226.10 11116.55 2230.34 11096.87 2233.25 11054.96 2231.75 11038.05 2225.87 11033.76 2213.49 11025.79 2178.25 11042.71 2153.06 11060.38 2143.83 11075.88 2137.58 11139.81 2156.59
8 17412.37 2793.66 17441.31 2780.90 17476.21 2809.27 17463.28 2830.43 17448.60 2841.81 17429.53 2853.35 17420.75 2845.05 17419.62 2840.21
9 15569.81 12819.39 15568.57 12752.63 15576.48 12719.51 15599.93 12702.68 15644.49 12734.39 15661.66 12759.48 15660.21 12802.30 15651.04 12813.54 15591.86 12825.57
9 4972.19 16834.88 5005.14 16874.93 4991.33 16945.69 4976.29 16960.97 4937.58 16990.50 4892.87 16974.17 4868.49 16907.01 4879.63 16869.41 4904.37 16859.26
9 2534.95 16288.38 2469.06 16231.39 2492.53 16163.86 2549.15 16144.62 2600.87 16142.07 2620.68 16149.84 2639.42 16167.12 2648.69 16230.07 2555.24 16282.47
7 7041.25 3097.37 7049.99 3118.94 7025.94 3099.09 7016.52 3118.18 6988.02 3077.48 7015.11 3077.12 7022.97 3064.55
11 16551.53 6004.01 16535.72 6018.00 16515.52 6034.84 16498.67 6005.67 16495.87 5987.86 16494.76 5970.23 16517.44 5956.83 16542.14 5962.12 16557.25 5968.61 16560.02 5980.12 16550.38 5993.98
14 1949.26 8637.08 1959.28 8625.89 1990.81 8626.97 1994.13 8629.34 2010.55 8650.93 2010.84 8652.43 2013.20 8669.27 1997.88 8685.08 1989.04 8693.54 1983.43 8692.97 1952.29 8687.44 1949.00 8678.97 1941.22 8657.69 1945.22 8646.73
11 4456.39 15441.03 4453.49 15396.36 4454.95 15384.79 4459.41 15383.37 4477.09 15380.09 4518.70 15390.83 4529.93 15405.06 4526.50 15413.44 4486.62 15456.42 4478.74 15455.91 4462.68 15449.36
8 12080.15 3801.05 12078.97 3844.70 12056.70 3843.78 11992.84 3819.57 11985.61 3814.32 11983.18 3774.63 12018.41 3745.18 12054.64 3749.61
10 12154.25 5405.15 12109.41 5448.29 12067.21 5445.35 12056.73 5430.22 12050.74 5407.43 12062.34 5362.09 12081.70 5345.33 12091.92 5341.79 12132.39 5348.33 12143.11 5362.02
7 16668.05 17513.95 16665.92 17473.93 16670.88 17425.06 16708.11 17410.68 16753.77 17434.26 16775.53 17499.27 16773.51 17507.89
14 8024.57 12866.70 8020.70 12859.20 8023.57 12876.17 8010.56 12866.58 8010.94 12859.61 7982.75 12864.26 7975.02 12865.72 7983.16 12847.52 7977.80 12836.46 7993.85 12825.31 7993.77 12817.63 7998.39 12817.13 8013.55 12816.71 8043.40 12814.48
13 5236.27 1273.80 5225.43 1277.73 5220.69 1283.93 5207.13 1293.18 5217.95 1322.02 5184.40 1327.80 5170.64 1329.71 5159.54 1298.64 5165.48 1271.99 5151.85 1271.12 5140.44 1245.23 5215.64 1217.10 5212.96 1271.68
8 9722.15 5755.10 9757.00 5784.68 9739.62 5834.66 9731.86 5856.00 9728.36 5860.71 9683.05 5837.07 9666.69 5801.33 9667.71 5800.11
13 5204.88 7265.83 5176.73 7255.17 5169.18 7249.17 5164.44 7245.31 5150.03 7226.08 5162.01 7172.07 5163.40 7168.14 5185.04 7161.31 5231.12 7169.01 5245.23 7174.52 5253.16 7195.41 5243.34 7231.02 5219.71 7256.45
10 15939.08 15605.29 15929.51 15547.13 15933.39 15537.77 15955.55 15520.09 16005.86 15513.18 16028.18 15536.69 16050.64 15573.40 16009.12 15621.35 15995.27 15626.21 15965.13 15624.24
7 15841.31 12554.49 15822.82 12538.31 15864.71 12479.15 15872.68 12470.20 15905.72 12500.75 15910.00 12509.44 15870.49 12544.22
12 428.82 5217.98 427.45 5240.74 399.91 5238.90 330.55 5240.89 376.45 5219.02 347.95 5222.38 362.58 5216.86 367.23 5180.17 383.16 5195.99 378.64 5189.60 385.08 5184.24 434.77 5190.56
10 4701.02 16949.75 4713.40 16881.33 4744.29 16863.09 4748.75 16864.75 4761.93 16873.54 4802.72 16920.49 4801.14 16933.63 4776.75 16962.34 4743.15 16976.99 4709.75 16965.38
6 11417.67 5870.64 11378.96 5891.53 11383.04 5863.07 11358.84 5866.06 11394.94 5823.00 11410.81 5818.04
12 3025.63 5284.15 3000.74 5218.82 3022.52 5197.48 3065.07 5166.07 3080.00 5158.68 3127.54 5170.52 3130.92 5174.90 3152.93 5229.41 3151.22 5273.54 3134.71 5296.70 3097.55 5309.17 3063.11 5308.13
7 7248.54 17328.20 7243.75 17347.13 7226.87 17334.61 7182.85 17320.53 7189.63 17289.18 7209.51 17289.17 7251.27 17275.12
10 6239.08 17123.63 6229.60 17103.42 6234.20 17089.70 6262.04 17032.74 6267.63 17026.72 6327.54 17029.44 6341.00 17045.39 6338.22 17101.18 6334.64 17145.77 6298.36 17168.67
7 17700.18 15853.56 17635.68 15896.13 17610.09 15847.82 17595.73 15846.74 17658.86 15831.44 17664.61 15833.87 17666.91 15833.42
7 9896.51 7163.31 9864.24 7142.26 9789.61 7111.66 9816.09 7104.66 9907.93 7050.10 9897.71 7078.52 9911.67 7094.47
11 6797.45 8873.73 6783.55 8873.78 6792.87 8905.46 6778.71 8880.83 6780.97 8896.69 6739.42 8861.09 6752.61 8856.40 6739.75 8844.47 6742.29 8819.49 6767.60 8833.01 6794.87 8850.88
8 471.03 14363.37 474.33 14379.63 407.25 14316.43 417.68 14299.47 435.05 14325.40 441.01 14322.80 444.63 14331.57 467.72 14316.35
12 14186.19 7130.93 14125.83 7113.24 14053.80 7133.98 14081.82 7095.63 14029.12 7091.90 14082.98 7085.63 14068.96 7064.20 14081.09 7018.31 14110.53 7052.24 14126.29 7059.34 14171.10 7021.53 14171.54 7075.57
13 2437.17 3208.81 2429.83 3204.88 2429.90 3205.57 2424.04 3215.53 2413.73 3224.67 2408.71 3216.48 2409.96 3214.05 2414.35 3207.39 2411.59 3204.37 2406.57 3195.58 2445.46 3161.68 2442.07 3178.84 2444.42 3181.76
12 11354.79 2674.34 11316.18 2714.62 11282.86 2709.54 11274.46 2708.03 11251.38 2702.93 11224.86 2680.50 11225.14 2641.33 11227.64 2623.82 11256.37 2593.36 11293.38 2582.31 11327.14 2593.23 11330.61 2602.40
9 12542.46 5186.65 12479.71 5163.36 12469.30 5148.32 12465.24 5125.98 12509.20 5092.97 12547.83 5092.54 12557.48 5097.88 12568.89 5137.10 12560.20 5156.45
10 374.29 497.85 372.57 490.70 373.30 479.93 383.57 460.45 388.57 452.54 398.02 448.20 426.69 445.94 454.85 479.19 451.61 497.95 414.44 524.27
10 3905.82 16894.03 3899.09 16897.03 3848.48 16927.06 3773.07 16879.79 3782.51 16863.29 3815.34 16867.57 3822.94 16825.81 3851.66 16840.63 3897.53 16836.28 3923.74 16838.00
14 2940.25 8558.91 2968.31 8579.65 2945.80 8600.37 2914.03 8616.59 2898.84 8572.93 2893.36 8589.71 2894.79 8576.89 2884.84 8561.74 2878.99 8552.38 2869.33 8527.29 2856.39 8497.21 2877.87 8507.20 2900.67 8503.77 2931.37 8484.43
11 14564.77 12474.40 14581.35 12486.85 14557.99 12492.70 14558.06 12493.66 14557.90 12511.08 14538.94 12453.82 14535.29 12435.88 14550.91 12435.81 14549.20 12451.63 14567.89 12437.37 14590.32 12453.85
11 15303.74 11766.72 15303.07 11767.76 15175.55 11811.52 15199.74 11764.13 15178.36 11749.26 15130.73 11714.13 15167.13 11702.08 15209.13 11705.55 15259.02 11696.90 15303.25 11719.93 15305.55 11725.90
9 1028.51 15857.19 1004.50 15801.52 1007.40 15772.70 1035.32 15771.62 1082.97 15779.44 1101.64 15804.62 1099.21 15834.03 1077.21 15859.26 1040.51 15860.45
7 16816.61 4410.20 16936.44 4392.68 16939.02 4435.86 16928.02 4464.33 16912.88 4484.95 16886.08 4515.08 16817.95 4467.59
13 14942.22 13393.13 14958.43 13411.34 14958.32 13422.19 14926.61 13461.55 14871.51 13492.57 14844.01 13483.35 14835.38 13473.95 14822.62 13450.46 14823.39 13438.43 14842.81 13377.34 14852.31 13367.25 14889.05 13364.98 14910.15 13364.37
7 4710.60 10518.32 4713.10 10454.90 4735.91 10439.44 4749.30 10439.29 4764.00 10457.16 4765.44 10494.43 4758.79 10510.25
9 12235.80 14453.06 12229.89 14377.80 12276.02 14340.15 12351.08 14343.65 12373.85 14369.26 12383.09 14399.47 12375.27 14412.52 12339.73 14460.83 12316.11 14487.06
7 17853.58 3553.33 17878.22 3584.13 17872.14 3622.57 17844.35 3642.28 17808.81 3631.41 17793.22 3603.04 17798.55 3571.98
11 10716.62 8550.64 10719.11 8558.93 10705.60 8551.56 10690.39 8563.86 10693.90 8550.08 10684.52 8544.63 10689.92 8540.36 10665.23 8511.38 10711.59 8529.22 10723.45 8518.34 10751.12 8531.20
10 9625.06 6844.80 9641.19 6804.73 9648.12 6792.75 9725.72 6794.52 9744.10 6815.44 9745.78 6859.49 9720.34 6879.92 9680.21 6897.98 9666.23 6896.44 9653.28 6889.39
8 4565.88 13766.44 4509.66 13783.69 4470.05 13780.21 4461.93 13787.04 4475.77 13765.57 4471.56 13732.30 4503.10 13677.62 4571.68 13685.19
10 7742.15 6857.86 7728.88 6885.56 7698.35 6847.82 7674.62 6824.38 7675.24 6803.50 7726.20 6783.07 7720.98 6810.49 7720.96 6810.62 7748.18 6790.59 7730.35 6823.02
6 12540.50 11620.42 12536.90 11595.85 12519.51 11566.01 12554.51 11558.51 12572.47 11561.75 12576.41 11592.95
5 10440.01 17723.84 10379.72 17731.54 10364.26 17726.52 10304.15 17673.97 10353.84 17688.43
7 14326.27 7788.05 14313.13 7742.91 14336.32 7715.60 14358.82 7714.75 14376.57 7722.43 14389.16 7747.74 14394.23 7768.43
14 12255.69 6360.04 12250.03 6359.70 12267.20 6378.98 12222.72 6387.77 12221.31 6369.90 12218.85 6362.88 12210.14 6366.56 12211.85 6357.24 12179.88 6351.20 12194.17 6338.82 12196.01 6327.01 12219.84 6303.68 12257.80 6334.70 12264.08 6351.37
10 13386.97 3255.22 13410.31 3205.23 13442.39 3207.44 13468.24 3217.91 13475.22 3242.42 13476.59 3254.22 13447.93 3293.49 13431.39 3308.15 13412.09 3304.38 13398.98 3292.42
11 15945.28 10401.43 15955.00 10357.84 15982.69 10346.14 15995.70 10352.10 16011.13 10362.05 16025.92 10385.12 16025.73 10400.70 16015.08 10416.79 15995.16 10419.78 15982.16 10420.45 15958.21 10415.71
7 13851.59 8263.28 13850.91 8266.41 13833.63 8275.97 13782.04 8258.33 13801.53 8235.88 13844.35 8158.37 13835.45 8207.69
12 8654.83 2241.21 8679.14 2259.48 8615.62 2252.31 8588.67 2261.36 8561.80 2245.19 8582.40 2230.18 8589.45 2207.80 8593.82 2201.16 8639.60 2201.76 8648.82 2204.82 8657.69 2231.29 8683.03 2233.18
8 14879.24 17390.34 14841.65 17441.34 14807.31 17363.04 14858.87 17332.73 14872.95 17301.12 14870.63 17330.15 14892.92 17353.31 14918.42 17366.17
12 2914.59 4343.75 2865.14 4305.75 2854.99 4292.37 2831.35 4259.16 2850.45 4215.11 2907.36 4178.09 2939.65 4173.07 2984.28 4211.88 2993.16 4222.10 2999.97 4240.89 2973.38 4316.15 2971.97 4319.94
12 4969.07 9210.75 4949.39 9167.90 4937.83 9177.46 4948.56 9151.70 4929.21 9134.20 4938.76 9126.45 4935.79 9111.47 4948.91 9129.84 4959.15 9127.66 4961.46 9107.27 4968.16 9118.53 4992.51 9147.93
7 15683.67 8431.58 15646.16 8438.18 15635.36 8387.45 15700.82 8326.21 15699.77 8330.02 15700.06 8363.68 15706.31 8368.00
7 11258.88 7320.76 11229.32 7306.22 11225.87 7305.72 11100.66 7291.81 11120.12 7284.45 11144.18 7258.80 11259.30 7255.84
9 14557.09 12756.21 14540.24 12694.11 14543.13 12679.89 14569.61 12657.11 14634.03 12655.95 14645.55 12677.61 14667.19 12720.51 14659.81 12734.68 14577.56 12767.94
9 9238.25 4073.94 9248.28 4096.25 9189.28 4123.24 9180.89 4119.28 9161.19 4116.11 9150.01 4111.87 9188.26 4061.83 9210.91 4023.15 9272.68 4050.99
10 1364.61 16970.20 1369.51 16924.35 1425.85 16859.87 1441.14 16863.95 1486.21 16888.77 1527.20 16943.99 1508.27 16995.17 1431.86 17011.06 1408.93 17007.85 1364.97 16973.90
6 961.62 9869.25 962.62 9781.09 1022.71 9778.16 1048.27 9796.27 1052.46 9866.32 1039.45 9875.58
10 356.28 5615.30 349.37 5689.40 305.68 5706.25 282.65 5693.32 252.08 5661.28 250.84 5627.80 250.62 5618.81 301.05 5588.04 331.83 5585.30 347.74 5603.15
10 11544.33 17490.32 11546.62 17454.45 11567.43 17428.48 11603.46 17389.29 11647.86 17398.21 11659.41 17409.66 11702.67 17484.03 11667.63 17536.57 11606.63 17552.08 11586.34 17535.19
7 1915.46 14460.70 1967.05 14546.75 1963.89 14605.07 1894.81 14607.47 1866.70 14587.80 1836.98 14550.86 1878.61 14470.06
7 16107.56 17426.52 16131.60 17519.52 16080.83 17563.00 16049.58 17542.10 16035.59 17519.58 16020.14 17471.07 16035.06 17441.48
8 11771.15 11804.65 11779.14 11843.12 11760.32 11859.58 11746.16 11868.64 11742.49 11868.81 11736.74 11852.07 11737.46 11811.86 11740.00 11810.76
11 16646.91 4921.79 16570.48 4895.23 16564.42 4876.14 16564.02 4866.24 16575.59 4824.77 16599.57 4806.45 16635.84 4808.71 16662.73 4815.00 16686.24 4834.51 16684.85 4880.49 16671.20 4916.35
12 11763.00 9197.70 11760.02 9235.16 11740.51 9240.09 11714.49 9248.90 11715.90 9192.49 11698.14 9192.23 11707.38 9179.63 11718.17 9163.53 11739.39 9160.76 11798.08 9156.34 11784.42 9164.39 11777.53 9175.47
10 3587.81 16965.89 3566.91 16931.09 3581.50 16909.71 3596.22 16895.62 3646.68 16884.18 3670.99 16914.96 3671.76 16916.71 3660.22 16967.74 3637.19 16986.14 3629.72 16988.19
7 12622.87 455.12 12621.22 372.05 12658.79 347.80 12690.47 359.93 12711.67 386.14 12712.91 413.83 12641.60 447.79
14 886.99 8479.96 920.89 8508.52 912.70 8506.93 852.12 8506.68 830.75 8509.80 826.80 8519.80 788.60 8489.82 749.94 8502.22 785.05 8448.57 778.06 8418.05 822.28 8402.29 863.87 8390.94 890.83 8433.26 877.09 8471.06
11 3283.46 9460.41 3277.79 9498.23 3247.98 9497.34 3237.66 9495.56 3223.49 9488.84 3217.36 9474.61 3225.80 9441.02 3238.11 9432.02 3259.46 9429.98 3275.29 9437.28 3277.77 9438.66
7 13901.85 5400.51 13868.94 5324.42 13907.95 5261.04 13975.15 5260.97 14040.11 5333.51 14041.84 5347.81 13999.25 5398.12
9 15521.81 1970.34 15495.82 1944.33 15500.08 1929.82 15516.79 1896.37 15529.07 1895.89 15552.22 1901.68 15565.19 1924.85 15568.72 1952.20 15546.29 1965.74
7 3874.12 6882.55 3902.95 6775.94 3966.81 6822.24 3978.14 6882.78 3957.63 6906.94 3918.35 6911.16 3893.39 6905.82
5 11562.13 17306.23 11609.02 17291.78 11639.79 17287.96 11647.74 17290.00 11668.73 17316.33
10 13689.00 16971.29 13702.83 16946.75 13723.00 16943.02 13731.79 16947.73 13755.88 16961.37 13759.89 16980.20 13762.35 16992.15 13756.90 16995.48 13729.01 17002.72 13707.25 16995.90
9 2432.74 7248.35 2433.64 7206.36 2465.93 7192.70 2471.87 7194.40 2504.76 7204.17 2509.92 7241.64 2506.96 7249.73 2462.07 7268.37 2449.18 7268.52
10 8002.56 2285.95 8040.64 2323.68 8010.82 2312.71 7941.65 2355.52 7904.74 2283.40 7998.73 2224.79 7996.05 2237.19 8005.02 2228.23 7986.83 2274.08 7994.15 2268.29
13 4933.26 9505.24 4899.76 9487.27 4875.81 9462.91 4855.51 9469.25 4882.12 9455.96 4874.53 9424.01 4900.82 9430.48 4892.38 9404.44 4914.71 9403.89 4927.02 9386.19 4938.79 9400.04 4933.01 9413.48 4937.33 9430.77
7 4168.25 7658.76 4143.08 7665.62 4123.11 7656.67 4120.47 7644.23 4130.09 7611.49 4138.19 7610.74 4144.31 7625.37
11 5458.92 12219.94 5445.87 12293.01 5438.45 12301.74 5420.12 12302.39 5355.54 12299.81 5352.58 12299.38 5331.20 12284.30 5312.20 12234.22 5334.91 12192.23 5413.45 12171.70 5444.97 12198.71
9 4784.35 4120.61 4765.36 4172.57 4714.23 4127.62 4697.97 4134.20 4648.77 4141.47 4658.77 4056.38 4648.48 4042.88 4764.89 4058.53 4799.86 4097.33
8 2326.07 1833.62 2346.84 1865.22 2247.38 1810.46 2244.85 1783.07 2276.33 1806.97 2248.02 1776.61 2302.68 1804.11 2371.01 1823.38
10 4721.83 9492.17 4707.99 9474.42 4723.67 9433.66 4698.96 9411.89 4725.62 9403.99 4732.47 9376.11 4741.11 9395.05 4780.13 9373.43 4778.81 9394.33 4796.18 9419.25
9 14580.01 12168.46 14598.80 12130.70 14626.31 12128.84 14671.02 12141.95 14676.25 12152.20 14674.08 12208.25 14659.45 12220.54 14612.30 12219.45 14591.90 12215.86
9 2614.62 6166.30 2601.29 6136.41 2639.46 6096.53 2674.34 6080.03 2714.91 6111.85 2730.94 6126.93 2696.09 6189.94 2661.35 6202.40 2651.33 6199.81
13 8490.65 16506.36 8519.11 16529.22 8498.65 16535.54 8457.67 16510.07 8459.23 16565.85 8443.91 16533.30 8402.42 16554.45 8428.03 16511.13 8406.17 16512.27 8389.64 16417.65 8429.56 16466.92 8451.15 16428.19 8489.85 16439.81
8 16657.40 14026.96 16579.56 13960.77 16594.69 13879.44 16601.23 13875.15 16671.05 13860.91 16728.20 13886.30 16704.90 14011.77 16669.63 14033.65
8 10655.28 16819.26 10629.00 16868.32 10607.37 16868.41 10577.75 16864.66 10507.99 16832.78 10562.26 16730.01 10566.95 16725.22 10610.69 16756.42
6 14229.69 10650.45 14210.55 10732.41 14110.55 10710.75 14102.69 10663.31 14125.49 10630.20 14176.82 10629.43
7 4777.49 11482.45 4747.11 11528.05 4705.50 11489.66 4720.56 11480.58 4723.85 11479.14 4728.21 11461.69 4752.97 11468.01
9 16871.40 4340.28 16859.17 4304.50 16863.68 4275.63 16865.39 4274.48 16916.72 4240.80 16995.22 4271.46 17006.29 4294.43 16977.91 4359.73 16929.99 4380.54
14 10698.72 1904.68 10668.79 1910.07 10664.77 1921.96 10663.25 1919.63 10660.11 1912.59 10653.21 1922.58 10633.80 1897.34 10647.07 1897.80 10655.19 1882.40 10664.66 1878.52 10670.72 1876.11 10672.76 1890.17 10675.77 1890.94 10693.43 1895.15
8 16065.45 9965.15 16016.60 9932.66 15975.17 9885.81 15995.62 9866.15 15999.21 9838.33 16057.83 9833.49 16104.49 9859.79 16101.98 9863.66
14 7528.70 6139.16 7518.75 6126.50 7490.19 6124.99 7486.31 6117.19 7453.29 6103.81 7454.39 6087.07 7483.27 6061.48 7484.71 6036.81 7494.61 6070.10 7493.59 6023.59 7505.01 6065.43 7520.74 6070.35 7510.75 6084.85 7572.80 6087.86
7 581.55 10354.87 575.61 10305.94 587.87 10287.18 611.95 10292.57 644.77 10321.80 646.98 10332.20 587.40 10353.80
7 5665.08 9432.32 5635.91 9449.42 5622.17 9435.62 5628.56 9432.32 5633.22 9420.23 5656.52 9420.58 5672.59 9413.18
11 11779.12 221.74 11763.29 232.24 11756.15 243.65 11713.16 228.62 11668.59 237.81 11706.41 216.30 11688.10 215.14 11730.67 159.72 11735.70 187.70 11749.96 174.47 11770.04 193.51
11 8865.41 6241.82 8869.49 6204.69 8927.38 6178.89 8933.39 6185.67 8974.16 6232.98 8950.62 6281.97 8939.22 6288.46 8924.45 6294.90 8916.88 6291.84 8897.06 6282.40 8873.54 6256.20
9 5741.02 14883.17 5715.88 14859.11 5682.54 14877.35 5679.95 14865.26 5675.87 14853.24 5637.21 14840.55 5692.65 14813.70 5707.38 14821.27 5708.04 14825.51
6 11534.69 5804.01 11460.90 5844.89 11471.65 5803.30 11473.11 5803.13 11475.61 5797.64 11498.57 5780.65
14 15134.01 6826.70 15059.63 6826.83 15019.32 6855.26 15045.36 6804.75 15033.47 6808.25 15048.10 6792.75 15048.72 6773.08 15045.90 6770.61 15038.05 6760.72 15045.54 6720.63 15066.80 6759.05 15063.35 6697.12 15069.49 6764.38 15147.53 6754.45
7 1898.27 12614.56 1870.88 12558.85 1895.36 12538.03 1922.19 12531.05 1942.36 12539.93 1954.69 12557.39 1962.95 12586.80
8 6747.22 1858.57 6781.96 1901.14 6756.48 1935.84 6735.81 1936.49 6714.17 1914.65 6713.44 1903.29 6715.69 1880.81 6724.60 1863.03
13 3082.71 6120.57 3047.60 6152.71 3032.77 6145.92 3015.25 6147.68 3017.39 6186.52 2983.01 6168.79 2951.59 6122.39 2944.33 6072.47 2978.83 6087.67 2957.32 6071.46 3018.19 6052.80 3024.32 6097.76 3048.51 6083.96
10 12086.54 10988.76 12152.72 10978.40 12197.43 10984.95 12206.92 10997.16 12212.38 11054.70 12192.48 11072.75 12123.85 11116.39 12086.99 11113.89 12052.94 11057.40 12056.43 11018.99
9 14492.10 12270.78 14458.36 12263.69 14456.33 12238.41 14454.31 12200.19 14479.60 12162.12 14522.17 12175.21 14531.49 12190.89 14534.08 12231.17 14515.70 12259.65
9 13595.88 989.71 13598.88 925.54 13629.64 897.20 13645.45 885.20 13667.17 925.07 13681.28 959.72 13678.90 974.04 13632.14 1000.84 13602.99 996.05
11 7029.83 1969.46 7033.06 1957.17 7070.49 1920.91 7103.25 1938.46 7116.35 1947.35 7127.53 1959.49 7128.76 1977.04 7101.21 2011.98 7073.72 2018.62 7047.12 2013.28 7031.10 1976.52
9 7964.85 11212.47 7924.79 11256.13 7887.08 11253.26 7858.84 11225.14 7850.44 11205.10 7859.72 11189.15 7884.93 11148.87 7925.42 11145.78 7935.83 11148.76
15 17721.54 12763.69 17699.60 12798.56 17688.54 12790.24 17683.73 12781.82 17679.76 12775.17 17660.46 12794.56 17659.12 12789.01 17654.77 12782.18 17659.12 12767.12 17646.02 12762.09 17668.68 12723.65 17700.40 12746.90 17695.63 12750.95 17714.96 12744.91 17705.84 12760.57
8 12504.45 15234.01 12578.62 15271.82 12547.92 15364.98 12533.92 15380.42 12453.28 15371.85 12432.94 15297.99 12443.76 15282.30 12479.80 15245.36
8 10846.81 2679.93 10819.50 2697.92 10808.05 2703.59 10802.74 2658.11 10807.12 2652.29 10821.16 2628.59 10866.00 2630.96 10878.04 2628.37
7 2651.47 15255.69 2581.76 15221.70 2586.50 15136.36 2592.64 15125.80 2659.16 15085.42 2711.27 15136.03 2744.38 15181.94
6 7184.64 4393.95 7149.52 4376.88 7200.72 4351.97 7210.02 4340.32 7222.82 4330.98 7217.02 4363.08
8 14652.73 16537.99 14625.23 16585.90 14594.80 16585.15 14563.07 16557.07 14561.09 16541.54 14561.81 16506.99 14590.33 16486.11 14621.05 16494.50
7 3116.40 15012.14 3079.27 14951.23 3096.69 14908.37 3158.72 14905.10 3196.87 14926.37 3173.18 15011.16 3164.25 15012.06
8 11624.70 412.72 11578.95 360.59 11597.18 308.97 11632.41 298.67 11671.95 305.06 11696.00 309.68 11688.20 336.02 11654.47 381.34
11 15047.17 3178.20 15028.68 3172.44 15007.11 3145.51 15006.41 3136.32 15018.79 3101.46 15036.20 3095.88 15073.23 3101.99 15090.28 3136.99 15085.00 3149.89 15078.24 3163.84 15060.12 3175.01
14 530.53 17424.11 514.87 17449.50 507.49 17452.09 501.68 17444.17 488.05 17471.34 481.87 17428.55 454.20 17419.14 448.59 17408.75 475.48 17405.29 474.14 17399.27 477.14 17366.63 496.07 17389.66 521.71 17395.86 542.84 17386.47
9 17395.76 13562.00 17420.83 13569.23 17414.58 13578.81 17394.13 13591.25 17366.45 13595.71 17346.97 13571.50 17324.49 13546.52 17353.47 13532.22 17412.32 13556.79
15 1720.37 4572.74 1725.52 4589.45 1729.70 4606.70 1720.63 4606.69 1711.92 4605.67 1705.45 4598.27 1701.34 4605.23 1668.15 4592.28 1673.59 4583.68 1672.89 4580.91 1697.58 4563.40 1678.32 4541.22 1693.92 4551.88 1686.54 4542.37 1690.23 4533.60
8 17005.21 16796.67 17011.25 16706.39 17064.46 16698.82 17104.72 16698.95 17134.52 16723.50 17110.81 16796.23 17074.71 16817.97 17044.64 16812.91
5 12594.31 6343.40 12536.42 6354.53 12552.38 6331.28 12580.58 6319.62 12588.09 6314.80
5 6414.96 9226.75 6395.56 9209.09 6349.19 9208.32 6385.66 9173.40 6430.01 9177.66
10 14888.39 8029.41 14857.72 7962.62 14878.20 7942.51 14901.71 7942.22 14911.75 7942.44 14939.77 7955.21 14945.64 7959.48 14952.78 8006.10 14929.23 8020.97 14906.56 8033.06
15 16175.67 13093.05 16168.57 13102.41 16129.75 13104.42 16147.20 13130.46 16113.44 13134.86 16110.61 13119.11 16113.09 13106.59 16103.94 13101.21 16075.49 13092.70 16095.13 13086.73 16109.82 13026.45 16118.74 13067.77 16127.95 13061.93 16132.75 13068.59 16147.71 13056.04
14 11222.28 16766.65 11200.12 16759.66 11207.73 16788.24 11184.47 16780.34 11180.34 16759.68 11159.85 16738.35 11144.28 16719.35 11144.29 16699.66 11135.06 16688.45 11168.37 16713.99 11193.98 16701.72 11199.65 16700.40 11212.52 16656.34 11203.58 16715.22
9 9406.12 6209.00 9443.95 6177.99 9483.10 6203.42 9486.80 6208.40 9490.32 6218.54 9492.28 6242.41 9474.67 6249.14 9457.40 6248.86 9439.76 6246.92
10 13323.89 14080.64 13281.04 14071.00 13281.50 14080.41 13262.01 14116.67 13220.72 14140.08 13219.83 14088.09 13198.44 14084.98 13197.24 14026.76 13244.70 13980.17 13303.69 14029.40
6 3361.82 7239.13 3325.50 7236.57 3353.41 7254.01 3269.90 7263.09 3343.06 7194.89 3338.57 7216.81
10 5396.11 696.49 5361.86 619.17 5362.69 586.22 5368.27 573.34 5446.20 531.09 5473.96 566.40 5487.65 629.38 5487.34 645.78 5463.18 668.54 5450.95 679.27
12 2892.14 2269.14 2855.30 2260.03 2831.82 2262.77 2866.21 2212.92 2877.70 2216.61 2899.52 2203.91 2915.83 2226.18 2951.53 2219.33 2976.02 2226.49 2936.60 2235.53 2965.89 2229.37 2971.09 2242.52
11 11618.83 7009.30 11639.66 7010.09 11643.98 7010.79 11621.98 7013.22 11626.15 7024.27 11595.95 7059.62 11585.49 7047.43 11571.96 7019.01 11563.86 6989.35 11580.52 6985.70 11610.96 6964.30
9 1491.22 17771.88 1539.88 17850.02 1535.52 17885.40 1513.52 17902.58 1480.37 17914.09 1409.72 17904.69 1399.47 17800.06 1419.76 17777.08 1460.83 17763.97
5 17348.75 7781.92 17310.60 7811.36 17291.28 7810.11 17283.64 7788.45 17213.68 7781.31
7 16770.13 10419.33 16730.48 10444.67 16710.48 10414.99 16692.90 10388.73 16689.61 10360.83 16737.93 10345.01 16769.44 10369.24
7 15373.34 16632.29 15369.13 16679.28 15256.74 16652.93 15277.92 16618.52 15277.66 16590.03 15294.20 16583.30 15343.23 16621.90
13 6905.98 11918.53 6897.64 11925.11 6906.27 11931.46 6894.17 11945.77 6862.95 11939.55 6864.75 11926.01 6848.37 11935.24 6840.85 11921.72 6821.47 11915.77 6848.48 11890.81 6861.97 11877.10 6898.95 11894.15 6905.34 11893.61
9 14719.58 13911.64 14715.14 13918.79 14704.75 13932.15 14694.26 13929.32 14649.70 13943.56 14658.86 13930.50 14635.46 13927.94 14700.68 13892.23 14707.70 13877.22
12 2543.04 13820.28 2484.22 13839.99 2472.43 13833.61 2470.45 13833.60 2459.99 13808.99 2434.24 13811.39 2476.75 13796.79 2480.88 13761.48 2488.29 13760.54 2492.46 13760.07 2495.72 13779.11 2499.25 13773.44
10 13413.10 9945.28 13391.52 9954.78 13357.90 9931.38 13328.19 9925.90 13351.75 9887.16 13363.47 9903.30 13369.36 9905.34 13373.57 9912.43 13412.37 9916.31 13392.22 9922.50
12 8621.76 16599.53 8618.99 16651.08 8612.35 16653.15 8555.05 16659.59 8534.61 16642.32 8553.92 16585.14 8558.22 16578.62 8561.03 16575.21 8577.62 16569.24 8581.63 16568.50 8587.55 16570.32 8618.84 16593.40
8 5733.40 8291.49 5713.63 8285.10 5701.94 8292.13 5653.58 8297.11 5682.45 8272.09 5747.46 8214.67 5737.05 8244.49 5753.65 8246.66
12 11136.99 16312.64 11145.17 16324.21 11110.77 16296.01 11108.51 16297.79 11094.82 16304.51 11093.11 16289.66 11095.87 16284.06 11055.07 16275.27 11057.53 16269.79 11088.08 16277.64 11073.79 16255.16 11149.37 16277.34
7 12179.31 13901.79 12163.74 13910.34 12114.75 13884.51 12097.57 13864.72 12100.41 13854.80 12126.90 13827.53 12153.74 13826.77
8 6954.81 5199.87 6951.24 5183.12 6952.95 5167.36 6944.78 5155.78 6954.53 5151.06 6968.11 5133.21 6976.88 5156.90 6983.23 5153.02
7 5172.23 8866.84 5250.20 8857.55 5268.09 8883.17 5281.56 8910.64 5246.11 8948.26 5215.77 8949.90 5179.51 8918.43
8 2108.30 5522.73 2080.10 5587.91 2038.46 5592.38 1990.16 5553.09 2002.67 5508.08 2011.88 5502.65 2039.77 5488.24 2081.29 5504.24
13 6260.25 8228.60 6256.91 8233.06 6242.35 8283.73 6240.88 8277.93 6220.34 8247.58 6209.31 8253.98 6222.16 8240.81 6232.56 8233.69 6218.11 8206.73 6236.28 8216.67 6240.98 8211.06 6251.45 8186.62 6267.31 8200.37
12 11730.25 17704.60 11711.20 17719.37 11689.58 17713.12 11681.70 17693.60 11673.72 17692.69 11684.59 17673.63 11699.06 17639.32 11704.11 17629.46 11709.51 17640.02 11710.85 17654.74 11730.43 17649.98 11726.77 17657.36
10 8214.86 8759.01 8211.54 8823.61 8163.22 8823.40 8160.86 8804.02 8181.43 8759.82 8134.76 8723.40 8157.78 8709.95 8187.44 8722.22 8178.60 8678.99 8188.33 8706.88
8 17091.09 14778.70 17118.60 14751.70 17172.35 14720.43 17223.72 14745.22 17225.02 14833.96 17196.70 14870.33 17138.26 14859.82 17102.62 14799.93
10 4034.74 11696.42 3983.49 11728.09 3972.51 11717.09 3934.43 11698.65 3904.36 11660.75 3910.82 11635.79 3951.92 11640.75 3964.21 11650.21 4005.17 11636.71 3977.02 11671.88
12 12520.46 7796.09 12490.84 7837.47 12480.84 7838.86 12471.13 7804.01 12403.66 7775.51 12395.60 7774.45 12428.48 7726.89 12462.88 7738.23 12471.44 7758.92 12484.22 7767.82 12489.90 7771.14 12495.44 7774.08
14 2003.58 5822.57 1927.67 5821.60 1948.10 5798.27 1940.70 5799.69 1923.18 5794.20 1957.55 5789.14 1915.25 5778.03 1950.53 5775.00 1943.73 5729.60 1974.90 5776.60 1989.36 5722.16 1985.11 5771.54 1996.48 5791.29 2019.98 5792.30
7 5978.40 1830.74 5969.93 1840.29 5911.41 1828.23 5888.58 1842.24 5915.71 1795.90 5937.25 1762.15 5940.27 1759.64
10 1298.17 14385.15 1309.45 14347.27 1341.94 14345.22 1367.18 14345.92 1380.34 14355.58 1363.61 14405.50 1360.46 14410.73 1356.73 14413.65 1333.13 14418.49 1326.30 14412.19
8 14716.67 11489.69 14689.16 11441.89 14691.33 11432.93 14693.62 11424.55 14717.01 11408.63 14733.63 11411.46 14770.08 11462.16 14754.08 11477.06
11 5118.22 12584.88 5119.41 12639.67 5103.59 12656.61 5071.67 12666.31 5040.69 12641.77 5031.78 12615.23 5032.87 12598.32 5038.30 12581.37 5074.79 12569.84 5090.12 12569.22 5108.82 12574.12
5 3326.04 4578.44 3349.12 4526.59 3356.36 4531.80 3362.65 4533.32 3401.83 4531.37
8 14278.73 9962.60 14246.96 10010.62 14209.41 9986.89 14195.16 9974.25 14200.79 9936.35 14213.51 9921.30 14218.47 9919.29 14259.76 9927.16
13 16595.58 12815.50 16574.74 12815.93 16587.72 12823.73 16562.01 12831.19 16525.64 12805.76 16553.49 12805.66 16550.67 12787.99 16562.40 12801.85 16566.72 12802.80 16573.21 12805.47 16583.64 12799.59 16585.74 12799.93 16592.19 12798.93
13 17387.34 6297.24 17365.26 6327.76 17328.21 6335.38 17293.04 6352.03 17292.04 6321.80 17293.32 6298.10 17312.82 6267.67 17304.16 6242.21 17293.31 6215.80 17323.11 6221.88 17349.59 6251.72 17358.48 6259.47 17373.65 6276.29
8 7395.02 8094.04 7480.27 8026.26 7545.52 8070.72 7570.23 8131.01 7550.18 8165.12 7479.56 8191.67 7422.53 8164.45 7419.69 8160.28
11 12288.05 12906.45 12309.90 12916.54 12279.09 12911.49 12270.09 12911.90 12275.22 12928.99 12267.84 12915.79 12262.69 12928.55 12257.50 12911.84 12212.05 12926.26 12271.35 12875.30 12298.97 12884.90
5 14899.14 12092.35 14873.34 12125.34 14823.85 12051.43 14821.21 12018.42 14874.33 12052.57
11 4606.12 16243.17 4586.45 16260.63 4555.12 16242.68 4556.51 16232.55 4546.56 16225.79 4585.59 16197.64 4593.38 16199.95 4610.53 16201.04 4609.15 16212.13 4599.31 16235.20 4598.31 16238.98
9 7610.89 15381.06 7619.45 15349.91 7651.96 15334.63 7721.08 15365.20 7721.69 15400.58 7715.97 15410.47 7687.97 15428.91 7648.65 15430.62 7623.96 15419.24
13 6530.86 12410.78 6534.76 12420.56 6521.32 12428.81 6520.84 12428.34 6477.78 12424.81 6481.74 12391.04 6501.56 12385.19 6514.65 12347.73 6529.81 12378.07 6545.21 12349.49 6561.75 12356.79 6559.68 12368.61 6564.85 12381.01
7 12485.61 4783.57 12482.72 4833.28 12414.15 4862.95 12408.82 4832.63 12414.45 4812.40 12428.96 4777.50 12457.99 4777.58
12 6597.30 781.48 6554.84 785.49 6533.64 817.87 6521.68 807.52 6497.71 784.24 6498.80 755.76 6454.28 755.89 6494.18 737.76 6453.49 728.76 6453.92 693.94 6571.63 688.16 6562.36 704.98
9 13168.38 11686.68 13129.15 11712.49 13063.99 11657.16 13059.35 11649.92 13057.52 11637.62 13062.78 11617.16 13071.26 11605.84 13118.22 11597.21 13167.48 11627.11
7 11164.96 11115.46 11053.23 11050.82 11083.16 10983.54 11140.35 10971.86 11171.45 10994.06 11182.19 11005.62 11198.52 11033.36
7 2551.09 13179.15 2544.69 13181.79 2536.21 13172.82 2520.62 13171.39 2521.45 13127.49 2534.56 13141.74 2562.71 13112.55
8 8049.59 4904.58 8068.89 4828.05 8076.39 4829.29 8109.87 4836.59 8133.81 4849.66 8152.90 4866.76 8115.98 4897.98 8087.05 4920.39
5 12506.68 2934.20 12513.66 2866.69 12569.54 2883.37 12606.08 2944.88 12558.68 2986.82
9 11592.25 6351.03 11590.07 6303.99 11595.69 6282.86 11641.27 6268.59 11653.22 6271.04 11672.40 6309.58 11659.22 6336.34 11613.11 6357.63 11604.35 6360.41
8 5128.25 8099.55 5176.24 8014.19 5215.99 7967.82 5287.25 8034.20 5290.65 8053.45 5276.62 8075.57 5229.34 8115.56 5175.90 8114.19
5 4777.00 17659.62 4694.59 17623.50 4673.57 17567.59 4731.25 17582.50 4780.79 17560.26
6 1483.97 5635.55 1469.31 5587.22 1467.20 5563.88 1495.25 5568.95 1484.95 5598.33 1555.15 5602.29
6 9924.48 5880.28 10009.12 5864.61 10041.24 5926.47 10037.02 5950.97 9989.64 5994.53 9968.85 5967.45
9 3587.31 2190.05 3617.92 2151.24 3633.30 2153.69 3643.60 2160.63 3667.88 2184.15 3670.14 2192.69 3658.57 2226.58 3628.61 2233.60 3616.01 2221.63
6 6508.39 16931.66 6489.28 16923.05 6463.65 16929.76 6469.78 16890.70 6428.37 16818.42 6548.47 16857.07
11 16564.24 10979.57 16569.18 10996.84 16583.38 11011.27 16536.93 11010.79 16528.20 11024.55 16533.64 10987.30 16527.69 10980.99 16535.29 10978.17 16503.35 10965.65 16545.28 10938.40 16563.11 10962.67
9 7310.83 8396.89 7328.07 8431.90 7322.98 8479.62 7310.76 8488.24 7273.80 8486.36 7242.07 8480.45 7232.15 8458.03 7224.70 8431.77 7264.33 8397.58
12 10357.77 13678.24 10337.85 13595.29 10338.76 13590.36 10358.74 13560.70 10464.83 13568.42 10474.44 13588.75 10482.02 13612.30 10482.31 13634.49 10477.93 13648.65 10463.32 13666.89 10434.45 13687.34 10410.51 13689.55
10 17178.14 13095.34 17207.02 13070.79 17286.15 13090.39 17277.72 13150.74 17260.24 13176.51 17253.04 13178.23 17221.69 13176.12 17193.01 13166.57 17189.70 13162.92 17187.35 13159.31
10 453.10 826.85 446.47 831.67 449.47 848.43 447.64 864.71 434.01 862.81 399.29 839.68 390.91 814.26 405.90 807.71 428.95 783.92 468.41 798.83
10 8605.32 13141.45 8578.78 13162.25 8549.43 13151.69 8547.96 13118.23 8546.82 13110.09 8539.86 13086.43 8538.52 13078.42 8560.23 13077.50 8565.04 13070.12 8584.79 13097.46
10 12921.22 9597.60 12910.23 9616.30 12872.48 9630.03 12816.49 9589.67 12844.63 9573.07 12821.52 9532.30 12885.92 9520.57 12893.08 9553.75 12906.99 9531.61 12928.54 9574.31
12 11010.25 11465.37 11005.32 11465.53 11004.96 11440.57 10998.24 11432.48 10989.21 11430.41 10992.85 11428.26 10984.93 11417.37 10993.33 11419.61 10993.60 11396.23 11010.80 11417.26 11010.04 11401.84 11020.74 11411.21
9 16829.83 6934.78 16821.70 6888.90 16826.39 6876.16 16829.90 6872.29 16860.91 6858.99 16892.19 6899.64 16902.85 6916.24 16897.82 6920.57 16871.01 6928.04
10 12869.38 8440.72 12920.75 8470.08 12873.56 8454.82 12868.87 8475.38 12835.32 8512.58 12825.24 8501.45 12798.77 8511.36 12824.37 8416.28 12845.95 8366.06 12896.75 8388.47
8 12838.02 1211.24 12851.89 1219.38 12837.78 1212.88 12802.66 1186.97 12821.05 1197.98 12824.86 1176.42 12838.35 1168.78 12845.52 1174.34
10 220.90 1080.09 228.29 1048.30 252.18 1027.22 271.16 1031.24 296.41 1065.76 294.88 1082.79 289.03 1090.71 262.92 1109.42 256.77 1113.65 234.51 1103.71
11 15253.80 2868.51 15259.30 2870.19 15261.35 2877.72 15263.82 2885.55 15255.41 2881.14 15246.33 2876.36 15230.08 2875.05 15201.63 2893.48 15207.12 2852.81 15222.86 2843.73 15246.09 2856.44
14 14869.26 8409.81 14904.71 8443.57 14860.92 8418.38 14873.89 8437.16 14851.43 8436.70 14840.26 8430.68 14826.11 8446.56 14808.53 8456.02 14809.75 8423.71 14817.53 8413.91 14803.63 8387.33 14813.47 8368.69 14838.77 8376.73 14889.95 8401.43
9 4482.35 16937.69 4429.48 16920.55 4405.20 16889.85 4389.00 16850.38 4432.52 16814.42 4438.51 16811.83 4489.22 16818.92 4522.24 16838.01 4501.87 16889.21
6 7957.49 12835.40 7959.85 12849.47 7929.79 12848.55 7928.88 12837.90 7924.04 12833.36 7979.31 12818.41
9 15279.78 5409.13 15238.82 5455.65 15240.94 5426.69 15233.26 5400.54 15196.00 5389.69 15219.33 5362.88 15243.98 5386.53 15274.99 5357.12 15264.81 5395.23
9 12596.56 17195.73 12545.78 17190.12 12541.90 17185.29 12540.10 17147.84 12556.00 17129.62 12573.13 17134.36 12596.36 17143.30 12602.43 17159.13 12601.49 17180.74
7 12470.28 14588.43 12490.17 14547.27 12536.08 14542.86 12550.31 14556.14 12544.21 14609.13 12539.84 14617.20 12499.42 14616.03
13 8424.09 16694.59 8418.40 16701.76 8337.49 16720.58 8324.34 16707.32 8328.21 16679.92 8322.69 16672.09 8332.73 16643.26 8356.96 16648.21 8369.86 16652.62 8376.91 16667.78 8391.61 16654.90 8420.63 16654.15 8402.43 16666.91
11 3528.05 11764.75 3483.91 11730.47 3486.10 11702.00 3514.37 11658.71 3535.76 11658.91 3564.51 11665.31 3586.35 11673.80 3578.26 11712.72 3552.63 11751.86 3544.72 11763.90 3531.22 11765.92
7 10335.10 4468.98 10260.91 4397.91 10289.93 4329.99 10308.54 4325.06 10385.20 4305.89 10406.86 4330.43 10408.32 4448.08
7 6237.89 15354.14 6207.76 15332.84 6201.69 15335.93 6187.16 15313.18 6201.83 15288.55 6219.16 15304.89 6240.76 15310.51
13 13089.86 13151.52 13066.69 13157.51 13080.61 13175.88 13035.39 13178.42 13031.24 13182.41 13041.11 13146.36 13040.31 13144.90 13040.03 13113.71 13040.90 13112.03 13059.83 13128.36 13068.17 13122.14 13070.14 13143.53 13083.74 13143.88
7 2992.98 15624.65 2986.21 15638.53 2972.50 15665.70 2963.39 15668.92 2967.52 15631.59 2939.12 15629.78 3008.65 15613.97
15 199.35 2735.20 224.43 2764.89 203.51 2752.61 215.65 2771.42 197.33 2752.32 203.38 2773.59 182.82 2739.84 179.08 2739.05 173.73 2742.16 170.75 2729.67 174.34 2720.73 184.04 2721.76 210.35 2711.65 214.52 2716.19 199.55 2730.13
11 13173.10 4726.05 13198.29 4703.26 13217.49 4698.32 13236.81 4703.08 13249.28 4729.71 13248.23 4738.80 13238.11 4753.06 13233.48 4756.91 13227.51 4757.33 13203.47 4755.30 13190.96 4750.52
6 11574.09 4643.33 11567.61 4586.30 11577.87 4582.61 11584.44 4605.96 11598.30 4586.53 11620.47 4612.19
6 12924.79 7918.37 12945.26 7891.38 12939.05 7884.97 12957.26 7841.64 12960.23 7853.91 12984.39 7862.01
6 5104.40 15996.00 5154.13 16034.99 5147.76 16100.33 5070.96 16118.37 5045.70 16072.86 5054.55 16056.98
10 4435.86 1219.93 4350.82 1252.04 4364.58 1230.18 4318.24 1168.82 4341.15 1180.41 4375.45 1126.88 4384.72 1147.43 4398.34 1191.88 4486.78 1186.46 4445.93 1214.21
6 1529.57 15973.56 1505.57 15998.90 1504.33 15991.55 1477.46 15966.78 1480.69 15952.08 1529.31 15927.76
6 14936.51 4073.17 14938.10 4082.22 14907.11 4075.50 14880.43 4068.12 14911.77 4041.41 14922.61 4049.02
11 2854.08 17730.41 2852.88 17695.64 2854.79 17691.89 2885.18 17669.27 2899.98 17664.98 2903.09 17665.23 2936.29 17674.94 2951.78 17712.29 2946.63 17742.91 2909.93 17745.15 2882.72 17744.13
5 8224.74 16487.12 8180.01 16468.39 8197.01 16414.06 8215.64 16412.53 8247.66 16411.07
6 8469.98 8393.74 8524.47 8316.47 8617.00 8337.84 8611.02 8417.12 8562.55 8482.45 8510.51 8463.36
7 1796.06 6779.14 1869.79 6882.56 1791.96 6947.67 1731.09 6937.14 1725.47 6924.69 1704.35 6854.92 1717.66 6839.63
7 16774.26 11419.75 16751.88 11456.83 16676.31 11463.23 16653.43 11445.93 16661.50 11380.45 16697.70 11349.99 16720.13 11357.64
9 9344.81 10515.21 9312.76 10562.52 9296.42 10562.12 9280.63 10547.79 9262.00 10512.30 9256.89 10502.55 9280.26 10475.59 9298.77 10469.04 9338.49 10495.72
9 8013.36 2774.11 7988.98 2814.32 7919.38 2802.91 7917.17 2799.00 7912.68 2769.99 7917.66 2732.90 7927.00 2711.40 7976.39 2707.48 8012.31 2750.53
14 11696.84 1951.06 11701.26 1954.19 11694.34 1956.31 11685.41 1961.56 11674.30 1962.66 11652.50 1974.42 11643.89 1955.93 11651.65 1944.01 11646.43 1930.48 11654.90 1928.00 11653.65 1924.39 11669.73 1939.01 11686.69 1941.21 11706.20 1944.99
9 5079.70 17396.85 5078.14 17397.00 5081.99 17415.89 5053.11 17397.23 5017.36 17401.07 5036.15 17394.11 5018.80 17390.75 5016.33 17384.42 5054.07 17356.20
8 6437.19 7751.87 6404.64 7788.90 6395.92 7762.90 6396.03 7756.93 6365.86 7769.78 6379.64 7738.97 6380.97 7712.35 6420.57 7706.64
9 3612.82 8215.29 3622.02 8239.99 3594.70 8220.92 3616.51 8247.19 3533.78 8207.48 3532.33 8195.47 3529.12 8188.48 3543.77 8180.07 3569.80 8175.51
13 4474.34 12506.50 4487.59 12514.32 4465.19 12545.08 4443.60 12517.55 4442.49 12543.39 4412.50 12523.69 4409.59 12480.05 4439.59 12474.65 4459.59 12485.89 4459.65 12488.01 4474.98 12474.18 4457.10 12496.49 4476.99 12487.68
9 4153.20 13791.07 4114.47 13769.56 4097.89 13812.06 4060.20 13773.96 4034.20 13772.11 4040.37 13716.44 4046.40 13683.24 4091.28 13712.23 4116.10 13704.65
12 10534.11 6899.23 10570.27 6888.08 10593.19 6903.77 10644.53 6948.36 10648.97 6966.81 10620.08 7016.43 10609.79 7027.15 10580.13 7032.98 10541.64 7028.35 10528.45 7016.61 10502.57 6990.22 10505.85 6978.31
12 15673.86 6831.06 15699.02 6789.58 15725.57 6764.71 15762.52 6737.22 15796.66 6755.13 15827.83 6803.52 15826.58 6812.80 15811.21 6856.45 15805.62 6871.77 15776.51 6889.11 15743.57 6889.90 15680.76 6854.33
11 16989.19 8917.85 17090.07 8975.66 17074.12 9021.76 17055.77 9052.33 17041.42 9061.88 17026.45 9070.05 16981.95 9074.28 16943.50 9052.72 16924.71 9035.43 16952.89 8947.35 16966.75 8933.55
5 7270.00 5086.53 7223.54 5109.30 7221.98 5085.63 7208.87 5016.18 7341.48 5036.63
10 12300.84 2883.26 12299.75 2883.61 12286.51 2873.00 12288.30 2885.75 12277.21 2868.89 12248.43 2862.17 12240.98 2865.67 12234.98 2835.38 12260.20 2828.43 12267.72 2817.90
9 12409.83 6347.23 12468.64 6403.89 12436.35 6475.68 12428.51 6486.64 12395.19 6494.49 12320.37 6448.52 12312.47 6407.88 12338.16 6374.17 12364.01 6351.15
15 14466.13 11972.72 14457.47 11974.39 14439.64 11973.90 14436.46 12030.77 14413.86 11997.82 14411.37 12032.36 14369.97 11985.55 14352.64 11975.86 14389.60 11957.75 14385.12 11939.98 14391.30 11932.88 14391.14 11923.61 14403.94 11910.99 14425.76 11922.73 14476.06 11933.10
14 10764.98 6774.55 10777.01 6802.12 10774.67 6827.87 10756.00 6788.03 10742.56 6803.68 10732.38 6794.30 10710.95 6741.07 10713.56 6725.61 10732.81 6746.37 10750.22 6753.00 10752.28 6750.30 10757.08 6725.88 10764.09 6760.16 10767.36 6760.77
15 15559.38 4872.75 15584.98 4924.87 15560.81 4916.78 15541.33 4915.91 15515.79 4917.51 15506.61 4929.85 15466.29 4901.27 15490.10 4869.78 15489.38 4858.78 15494.74 4841.04 15497.29 4831.91 15514.82 4804.43 15531.49 4832.27 15556.15 4816.12 15610.19 4819.71
10 5878.21 3010.12 5873.95 2920.35 5913.93 2891.97 5974.04 2894.30 5992.36 2912.72 6020.84 2961.88 6003.52 3033.11 5992.91 3043.25 5968.32 3053.76 5919.75 3032.28
8 13704.48 11322.62 13748.81 11350.84 13746.78 11391.19 13696.76 11443.03 13674.29 11447.37 13651.19 11417.84 13636.70 11362.35 13663.86 11330.66
9 674.66 589.44 731.39 537.62 741.53 538.19 789.45 582.29 792.78 619.81 772.79 645.75 762.29 652.89 697.85 656.07 679.82 621.21
15 17409.50 10740.40 17383.66 10757.18 17331.09 10760.26 17310.73 10750.27 17320.61 10742.07 17329.81 10729.48 17329.43 10718.10 17346.90 10726.72 17351.06 10723.00 17345.64 10700.69 17364.36 10705.02 17368.51 10717.54 17384.06 10723.36 17395.69 10722.80 17368.54 10733.25
9 13544.20 6184.09 13614.81 6227.14 13601.93 6283.25 13576.87 6302.84 13533.59 6331.27 13482.64 6303.40 13477.01 6284.85 13467.72 6222.36 13519.40 6186.80
10 11252.52 12305.60 11224.64 12273.97 11228.09 12235.37 11271.14 12212.15 11283.81 12214.01 11304.96 12241.67 11305.79 12267.00 11303.01 12291.89 11301.20 12292.71 11276.64 12303.43
7 12146.55 11434.80 12091.74 11483.95 12020.09 11474.74 12013.75 11405.58 12025.77 11372.54 12057.81 11364.47 12121.80 11393.61
8 10626.04 7870.26 10607.59 7881.73 10602.18 7885.25 10597.40 7874.39 10600.26 7866.13 10589.44 7865.44 10616.15 7834.57 10619.04 7855.04
7 15867.38 5447.23 15939.67 5367.74 16034.35 5400.48 16037.54 5489.51 16009.62 5519.16 15962.17 5536.73 15873.04 5487.57
13 4633.93 17485.87 4598.00 17463.19 4596.69 17503.14 4585.12 17493.68 4596.74 17436.42 4598.86 17434.84 4602.92 17424.76 4607.87 17415.67 4616.41 17400.91 4614.87 17414.62 4610.87 17442.95 4644.41 17429.56 4607.85 17449.05
11 882.63 12622.19 888.95 12604.23 937.41 12562.73 948.06 12569.02 977.30 12594.49 1025.18 12640.76 1017.19 12668.84 978.05 12684.81 936.08 12686.64 905.11 12677.79 882.73 12665.45
9 7877.85 17798.29 7849.54 17824.69 7812.55 17808.50 7788.45 17792.33 7782.74 17763.20 7821.16 17732.92 7839.67 17729.30 7861.63 17735.74 7877.43 17764.95
8 916.76 6512.90 918.28 6475.90 967.48 6458.72 982.37 6476.99 988.07 6496.63 975.01 6520.53 946.02 6530.86 931.26 6524.10
14 2312.08 14007.49 2277.85 13986.95 2307.71 14007.38 2274.90 13997.87 2282.57 14032.68 2249.51 13988.88 2245.12 13984.81 2235.49 13969.48 2214.75 13959.38 2227.54 13952.30 2246.30 13950.76 2262.13 13943.63 2270.41 13951.10 2284.46 13945.57
15 5427.35 13255.57 5415.07 13259.82 5419.21 13271.88 5406.02 13261.50 5426.21 13286.89 5402.63 13271.80 5391.70 13272.47 5391.98 13262.68 5377.45 13279.43 5375.69 13230.42 5397.69 13241.35 5405.12 13211.23 5412.00 13228.24 5419.08 13245.21 5420.49 13246.40
6 3738.01 1129.97 3695.46 1144.40 3684.41 1160.58 3670.44 1165.84 3633.24 1152.36 3657.39 1043.91
6 843.51 16104.49 813.24 16060.57 770.99 16026.04 793.28 16018.88 820.45 16021.53 823.86 16008.62
13 2442.99 3949.34 2414.31 3947.44 2408.13 3943.49 2394.76 3962.45 2365.03 3963.01 2372.98 3939.63 2328.39 3929.43 2333.87 3898.03 2362.09 3913.61 2375.22 3910.21 2375.24 3910.18 2379.93 3874.40 2404.12 3865.41
10 5073.10 11833.46 5071.38 11927.23 5058.15 11934.55 5016.15 11938.41 4986.90 11933.43 4958.87 11905.78 4963.34 11890.41 4989.19 11862.95 5031.01 11827.11 5034.64 11826.57
8 510.86 1691.60 465.26 1743.57 433.17 1737.00 399.07 1695.25 403.37 1665.48 463.95 1627.84 507.38 1665.20 509.78 1676.18
6 1772.34 16930.11 1718.98 16877.98 1717.25 16877.19 1741.12 16878.04 1754.87 16873.94 1773.91 16858.57
6 8223.96 6218.42 8197.75 6204.42 8201.24 6108.75 8223.68 6104.58 8264.58 6139.04 8279.80 6165.56
15 6038.76 12420.88 6014.76 12422.89 5972.66 12423.67 5989.95 12399.21 5970.79 12402.72 6000.92 12378.22 6011.45 12370.37 5989.52 12324.77 6010.48 12342.76 6018.96 12343.35 6019.18 12338.15 6025.81 12362.27 6053.35 12346.43 6077.06 12361.60 6096.60 12377.35
10 1380.28 9668.66 1373.20 9627.17 1375.37 9609.42 1403.34 9574.08 1415.10 9574.17 1470.20 9584.59 1488.07 9641.66 1482.89 9662.82 1457.13 9687.82 1421.27 9690.37
10 17037.18 1219.31 17066.22 1233.76 17033.33 1220.55 17053.63 1247.92 16990.71 1222.03 16977.35 1211.06 16996.09 1181.67 17026.36 1200.94 17027.95 1202.67 17047.30 1213.43
9 1276.76 799.80 1268.89 815.61 1246.97 802.13 1226.12 781.87 1229.64 782.73 1219.91 758.75 1253.60 776.90 1267.02 770.05 1275.98 777.66
5 2905.69 7159.36 2890.24 7202.95 2873.28 7181.63 2872.54 7141.57 2845.24 7122.63
10 14519.47 2087.66 14527.89 2032.02 14540.64 2018.40 14570.14 2020.48 14590.20 2027.84 14597.48 2034.57 14589.84 2060.32 14554.96 2106.07 14541.91 2104.53 14527.15 2094.66
6 461.42 8309.06 411.39 8333.63 410.89 8298.27 416.80 8265.43 434.13 8270.68 439.76 8261.16
9 7648.56 3775.78 7607.98 3793.09 7607.46 3791.27 7595.44 3807.66 7576.98 3779.23 7581.21 3755.61 7609.31 3759.57 7616.44 3767.00 7629.64 3764.88
8 17491.26 7110.97 17461.47 7117.63 17468.65 7147.85 17449.10 7161.37 17372.10 7123.73 17435.27 7017.15 17463.33 7059.42 17487.71 7094.05
8 9945.70 15663.77 9922.49 15628.06 9930.21 15586.87 9968.11 15579.45 9993.73 15592.23 9997.77 15612.97 9996.32 15648.75 9966.66 15663.21
11 9755.31 935.47 9734.00 920.48 9724.51 895.03 9721.78 878.67 9759.95 860.34 9779.91 856.00 9793.09 866.42 9802.58 875.86 9793.43 913.88 9783.70 928.10 9779.73 933.53
6 13119.32 9593.72 13130.88 9499.84 13251.81 9514.95 13276.36 9558.01 13229.74 9629.57 13169.94 9634.77
11 13996.21 9173.46 13965.14 9208.26 13927.06 9165.25 13861.72 9150.42 13867.50 9136.18 13907.68 9059.97 13929.68 9122.36 13930.21 9095.50 13937.66 9119.03 13960.70 9080.81 13971.27 9087.44
9 15166.67 15891.90 15205.67 15832.85 15289.80 15809.17 15309.25 15846.25 15313.69 15856.61 15319.07 15948.77 15260.08 15981.02 15215.18 15970.26 15173.81 15907.01
6 13282.87 2065.08 13253.20 2031.66 13265.42 2029.85 13300.53 2026.39 13307.00 2025.58 13323.37 2039.75
8 14478.94 17358.63 14472.31 17331.90 14514.17 17322.01 14562.64 17341.03 14564.95 17347.97 14567.41 17373.54 14536.93 17395.82 14502.39 17412.66
10 3717.19 1550.11 3706.92 1508.00 3730.33 1481.91 3754.70 1482.44 3780.85 1493.42 3789.91 1509.91 3788.03 1523.56 3768.73 1557.69 3755.80 1565.10 3718.93 1551.65
7 17730.50 10519.75 17682.87 10552.09 17609.63 10495.04 17592.55 10414.31 17625.52 10400.35 17656.60 10388.58 17708.52 10423.88
7 16478.20 10021.19 16408.46 10024.18 16404.77 9951.51 16400.64 9938.53 16442.98 9917.33 16454.54 9957.09 16454.71 9959.75
15 7661.69 4875.76 7646.49 4823.49 7644.35 4824.45 7595.68 4847.98 7582.60 4822.71 7584.81 4808.87 7617.84 4795.35 7591.64 4771.14 7628.19 4754.02 7673.57 4745.47 7690.25 4754.04 7680.08 4767.31 7673.46 4784.81 7682.86 4780.57 7712.32 4795.74
7 9661.28 15574.91 9669.33 15601.33 9661.08 15630.44 9598.63 15689.44 9550.06 15619.55 9541.04 15594.72 9560.04 15576.80
14 2134.50 6956.49 2110.64 6950.59 2120.81 6961.64 2107.73 6952.11 2116.70 6969.93 2093.88 6983.76 2062.59 6963.39 2069.31 6941.78 2071.48 6935.16 2080.02 6936.14 2064.06 6928.66 2076.32 6918.95 2102.14 6912.93 2112.20 6906.10
7 12097.29 2020.47 12054.77 1994.27 12081.30 1942.34 12085.19 1923.12 12112.79 1950.68 12111.87 1964.05 12115.20 1976.63
7 487.00 2181.94 510.06 2169.71 556.03 2228.28 556.37 2244.33 541.00 2248.21 499.83 2248.43 495.83 2238.90
6 4213.48 1528.38 4160.04 1520.89 4119.23 1477.72 4183.86 1467.75 4197.68 1456.60 4193.48 1478.76
6 9263.50 8781.00 9228.15 8728.71 9223.61 8720.77 9268.11 8702.08 9325.50 8709.07 9292.64 8729.14
15 15015.62 3940.54 15004.80 3941.99 15010.09 3970.51 14980.99 3952.11 14945.85 3969.53 14936.15 3949.50 14949.47 3934.79 14905.32 3902.49 14943.25 3919.66 14921.89 3877.16 14965.34 3882.95 14985.81 3906.39 14990.20 3906.80 14983.94 3918.75 15020.86 3919.09
8 2541.09 7522.47 2543.04 7534.96 2503.97 7526.48 2471.93 7511.58 2505.95 7479.90 2515.70 7478.23 2519.39 7500.91 2525.24 7516.59
6 15549.71 1207.33 15537.50 1218.33 15513.50 1213.89 15496.08 1219.06 15515.07 1162.08 15552.72 1138.02
8 1305.88 3578.25 1272.16 3642.30 1259.75 3639.86 1244.80 3610.14 1242.34 3579.01 1244.56 3573.01 1248.22 3569.86 1272.15 3566.15
9 4234.88 1877.58 4212.23 1911.57 4209.35 1910.98 4173.19 1873.95 4175.05 1853.67 4199.70 1824.70 4210.08 1826.27 4219.05 1830.72 4234.64 1842.67
7 12043.97 15620.42 12004.31 15640.64 11973.40 15607.83 11945.17 15572.24 12044.27 15538.46 12055.88 15549.93 12052.97 15587.28
11 6280.22 1811.17 6306.81 1770.10 6365.64 1756.72 6414.60 1758.54 6442.56 1779.46 6443.59 1861.10 6435.59 1873.08 6392.88 1903.19 6373.24 1904.75 6327.59 1893.86 6301.78 1858.25
7 8222.82 419.06 8131.71 328.53 8209.30 252.54 8262.73 265.09 8295.79 287.04 8283.61 345.95 8262.71 411.58
7 9604.94 1320.56 9670.79 1262.68 9713.79 1261.53 9716.07 1282.04 9674.29 1379.51 9649.68 1381.01 9617.64 1367.53
9 5475.54 16407.36 5517.88 16354.20 5609.31 16307.56 5628.40 16366.00 5631.37 16382.16 5635.09 16419.02 5629.01 16434.20 5608.21 16454.85 5570.79 16448.13
8 3749.02 6673.09 3756.35 6629.78 3752.95 6629.46 3744.41 6628.28 3722.51 6626.50 3752.83 6608.11 3756.96 6607.39 3813.32 6613.43
5 10289.20 1833.71 10249.45 1859.43 10243.53 1842.26 10233.19 1832.29 10240.84 1817.98
8 7056.52 1763.70 7079.93 1804.65 7068.54 1839.61 7018.55 1872.41 7011.77 1875.00 6988.06 1845.56 6981.02 1806.52 6987.45 1783.23
14 13259.98 3218.09 13251.90 3222.18 13268.54 3257.50 13266.83 3258.42 13257.70 3260.34 13246.14 3238.01 13213.46 3254.37 13225.61 3224.23 13223.11 3217.35 13224.83 3183.78 13256.67 3175.05 13275.84 3172.21 13262.08 3199.09 13261.47 3201.00
7 15933.80 10654.14 15926.57 10607.70 15949.19 10593.58 15999.13 10598.61 15997.93 10611.84 15985.54 10664.17 15953.41 10659.91
11 11701.67 14064.97 11697.70 14088.30 11659.18 14123.08 11611.38 14155.59 11572.89 14149.65 11556.50 14138.14 11541.80 14105.45 11534.83 14067.80 11576.75 14013.82 11627.47 13993.02 11680.38 14025.06
9 11248.76 6764.01 11228.52 6731.69 11241.28 6706.61 11246.89 6703.44 11279.33 6703.00 11299.14 6711.59 11311.88 6739.90 11306.37 6756.44 11287.04 6773.69
12 12299.41 4453.79 12274.92 4409.05 12280.75 4365.57 12315.16 4340.66 12342.57 4332.97 12374.07 4329.26 12406.03 4339.43 12414.76 4358.11 12427.36 4387.03 12439.03 4450.68 12436.02 4456.33 12347.87 4459.08
11 17202.86 16719.88 17188.35 16719.90 17173.93 16692.28 17174.39 16690.94 17181.56 16675.98 17216.16 16650.63 17219.41 16663.92 17240.61 16678.87 17223.00 16691.10 17237.28 16688.98 17220.21 16692.73
8 10388.58 13469.35 10274.99 13450.75 10300.16 13380.68 10351.16 13346.04 10356.40 13346.30 10370.39 13348.03 10427.69 13378.52 10404.65 13445.11
5 17001.80 13415.68 16994.03 13423.29 16950.52 13404.01 16981.29 13363.35 17019.81 13394.06
5 14644.44 3865.76 14619.32 3890.39 14584.77 3874.95 14576.30 3831.48 14622.00 3818.11
6 9521.16 185.70 9504.82 174.59 9530.58 162.76 9540.18 97.08 9585.76 118.12 9594.78 118.01
11 17371.24 11335.50 17338.73 11330.97 17346.25 11337.22 17341.14 11339.14 17294.43 11396.48 17283.12 11354.85 17293.51 11334.59 17243.66 11336.13 17262.68 11293.22 17296.54 11291.29 17363.64 11309.28
5 4236.36 3867.60 4255.27 3815.60 4320.03 3886.49 4293.33 3896.76 4252.10 3898.45
11 7783.21 15835.90 7780.37 15784.78 7809.95 15762.34 7834.44 15757.29 7862.64 15767.55 7874.04 15782.61 7874.59 15799.20 7872.93 15836.72 7850.95 15848.47 7814.78 15856.39 7793.26 15846.46
11 17768.37 7089.38 17757.39 7074.41 17738.15 7086.95 17739.12 7080.36 17693.40 7036.33 17744.38 7027.44 17754.62 7029.52 17774.12 7006.39 17792.57 7018.44 17777.09 7051.45 17796.64 7051.46
9 4636.23 10732.49 4589.44 10704.93 4574.30 10696.61 4591.99 10698.24 4593.92 10694.50 4600.09 10676.64 4610.86 10668.79 4614.55 10662.63 4609.43 10679.52
6 3312.83 4205.21 3217.82 4167.07 3275.04 4113.79 3336.74 4091.53 3363.16 4122.07 3340.57 4160.97
11 6512.47 10201.19 6410.31 10245.11 6346.72 10212.85 6332.82 10174.47 6330.47 10141.75 6344.37 10105.31 6399.29 10069.04 6437.55 10057.03 6465.88 10081.70 6496.99 10129.83 6508.86 10152.15
10 15122.67 9521.25 15117.70 9477.17 15153.02 9451.83 15154.23 9451.51 15194.50 9476.04 15204.78 9496.91 15197.68 9511.88 15185.93 9528.34 15142.20 9530.67 15127.91 9528.88
11 17839.30 4752.74 17836.71 4790.37 17785.12 4766.29 17776.97 4765.60 17764.71 4752.70 17760.24 4721.45 17778.34 4735.24 17802.43 4700.09 17805.75 4690.25 17813.34 4737.42 17850.05 4729.95
8 12897.22 11065.42 12869.91 10995.55 12887.73 10943.58 12982.71 10926.77 13006.11 10953.52 13020.51 10974.45 13017.50 11025.92 12939.90 11086.27
8 6952.48 8290.90 7025.07 8350.17 7024.42 8362.03 6970.53 8410.54 6924.26 8396.07 6913.16 8381.22 6917.30 8336.62 6929.34 8301.45
11 14188.16 1266.22 14189.23 1249.92 14163.46 1250.49 14175.96 1226.43 14186.11 1217.66 14225.09 1229.15 14203.27 1210.69 14247.42 1225.96 14314.37 1225.47 14272.71 1236.90 14314.95 1233.59
10 276.58 1306.01 277.23 1286.77 313.06 1231.60 346.05 1238.68 359.30 1245.88 392.29 1278.24 387.92 1316.74 366.40 1326.60 342.82 1330.46 293.20 1315.21
8 2011.98 14050.27 1993.84 13975.60 2043.31 13958.56 2124.91 13967.39 2130.10 13970.71 2144.88 13984.14 2145.40 14048.32 2093.09 14049.31
9 12414.99 6579.66 12393.03 6540.62 12415.28 6523.88 12449.29 6507.83 12479.17 6521.56 12489.91 6550.11 12488.30 6565.29 12485.12 6569.96 12436.00 6605.85
7 9537.57 10132.34 9505.75 10131.88 9511.16 10119.79 9517.95 10093.37 9507.08 10043.91 9531.99 10070.84 9541.02 10061.86
6 13681.79 14873.34 13719.15 14799.50 13805.70 14856.17 13821.40 14879.98 13757.87 14923.91 13686.81 14925.32
7 333.78 2447.22 298.24 2411.66 313.88 2372.10 327.76 2362.87 366.50 2386.80 367.88 2424.78 358.18 2436.55
6 7538.30 11994.83 7504.45 11993.36 7452.08 11934.57 7470.66 11933.62 7479.46 11938.69 7518.21 11927.63
13 16627.78 17800.23 16616.15 17811.28 16632.29 17845.08 16576.90 17880.87 16555.83 17829.85 16528.78 17841.37 16491.61 17773.65 16502.36 17764.65 16517.69 17768.16 16490.68 17734.30 16517.55 17734.79 16586.05 17764.22 16632.90 17737.33
10 3595.22 5300.58 3607.75 5260.33 3579.88 5271.22 3551.72 5272.40 3585.70 5227.26 3560.28 5213.75 3606.56 5233.28 3620.92 5225.15 3650.80 5187.30 3662.20 5177.96
5 13596.60 15659.58 13676.48 15606.54 13688.95 15700.03 13677.04 15734.94 13634.05 15710.66
15 2060.33 1116.04 2052.69 1139.27 2046.73 1142.27 2048.31 1149.03 2022.37 1147.59 1986.96 1137.38 2000.73 1126.12 1986.50 1110.86 2001.18 1098.73 2020.54 1101.12 2022.16 1100.79 2044.13 1075.05 2050.54 1074.61 2064.36 1099.01 2072.54 1105.86
11 13817.76 11453.22 13834.36 11423.04 13869.68 11430.03 13886.17 11441.60 13888.82 11446.05 13889.89 11451.22 13889.86 11451.38 13881.86 11486.20 13865.43 11493.56 13842.43 11486.12 13825.66 11473.43
9 16305.48 944.45 16322.01 903.53 16323.21 902.76 16371.29 887.37 16410.49 919.83 16415.74 948.99 16403.70 962.19 16382.88 984.29 16359.83 976.23
10 2136.68 3614.10 2140.20 3611.48 2174.18 3614.06 2183.75 3625.19 2197.60 3656.04 2185.64 3669.64 2164.93 3681.37 2134.30 3679.36 2126.51 3652.73 2132.71 3627.18
10 11195.10 3776.47 11188.92 3791.03 11189.39 3799.52 11168.40 3778.53 11110.01 3746.53 11134.79 3749.93 11145.71 3738.10 11148.27 3738.07 11178.20 3737.27 11181.84 3751.35
12 6111.10 5414.55 6101.02 5423.18 6085.74 5430.15 6098.09 5466.79 6024.43 5443.35 6036.18 5436.06 6047.28 5399.37 6056.56 5393.98 6101.68 5369.37 6102.93 5395.30 6122.49 5396.69 6093.87 5411.67
7 9621.87 14789.50 9509.99 14855.26 9475.14 14798.87 9505.31 14788.21 9487.90 14727.59 9513.31 14741.59 9525.53 14690.12
12 17302.51 5554.39 17307.41 5559.91 17262.42 5586.24 17219.28 5579.47 17213.99 5550.18 17180.80 5544.95 17204.03 5487.90 17256.34 5500.99 17279.05 5499.10 17298.04 5531.75 17341.67 5516.78 17330.46 5527.58
11 4253.72 17753.87 4255.57 17728.43 4280.15 17707.99 4309.55 17711.39 4315.61 17714.43 4342.90 17744.69 4346.68 17758.11 4344.76 17770.88 4310.62 17799.53 4290.01 17799.76 4256.28 17778.63
8 1651.15 15482.32 1564.96 15624.09 1551.52 15614.37 1499.50 15564.06 1523.78 15505.50 1542.00 15467.49 1557.53 15453.35 1643.30 15462.31
7 13886.79 11599.56 13937.36 11668.63 13887.57 11725.76 13858.70 11735.63 13795.20 11716.45 13787.43 11693.05 13803.80 11604.09
12 14371.96 14639.28 14366.60 14606.51 14369.94 14589.80 14379.53 14578.00 14382.29 14577.61 14421.47 14573.73 14446.28 14573.08 14469.17 14598.81 14468.63 14619.59 14457.22 14646.24 14438.92 14665.40 14381.84 14645.12
13 17434.86 853.47 17375.14 877.37 17404.54 848.54 17382.90 832.06 17385.77 830.03 17376.73 821.83 17388.32 815.24 17410.80 829.40 17424.94 825.03 17428.57 828.33 17452.64 800.11 17440.09 835.48 17468.60 835.12
12 14335.37 15884.05 14332.17 15880.44 14319.33 15868.12 14310.15 15890.72 14305.79 15871.40 14308.37 15864.54 14287.52 15868.14 14296.78 15835.65 14298.39 15827.67 14314.59 15828.46 14318.97 15822.75 14336.40 15844.19
5 15371.79 802.77 15330.16 799.32 15303.43 773.05 15319.31 754.53 15357.49 754.24
10 8168.04 1077.08 8170.27 1020.00 8204.70 1001.08 8290.78 978.24 8300.56 995.68 8294.88 1058.90 8272.76 1100.20 8249.32 1130.84 8227.34 1127.23 8217.71 1122.95
14 17038.57 4504.61 17040.30 4507.75 17023.38 4518.23 17027.06 4521.67 17012.81 4516.41 17008.93 4534.73 17001.53 4513.81 16973.08 4501.82 16988.33 4491.01 16993.72 4475.48 16995.62 4476.03 17012.47 4482.54 17014.70 4486.71 17042.24 4487.94
14 16565.85 475.07 16544.09 461.30 16527.62 486.56 16513.14 474.40 16510.30 465.84 16493.87 485.03 16501.70 473.31 16505.33 451.12 16503.74 451.75 16506.73 449.52 16490.47 443.49 16512.99 409.32 16544.76 419.92 16557.98 434.34
14 4037.42 15258.69 4035.45 15271.83 4019.24 15284.85 4003.77 15278.85 4009.28 15261.39 3996.20 15271.22 4008.65 15257.80 4014.50 15246.73 4008.45 15236.75 4027.62 15237.40 4034.72 15208.45 4033.81 15240.38 4043.31 15235.51 4046.64 15247.82
9 894.74 11344.80 872.12 11329.51 852.41 11327.70 851.22 11362.65 838.59 11315.02 819.76 11311.90 821.19 11303.01 815.23 11259.05 840.25 11275.67
10 8080.88 9857.89 8062.13 9881.09 8010.51 9860.72 8016.86 9848.79 7967.56 9847.98 7992.89 9839.67 7962.59 9821.90 8008.85 9802.13 8075.22 9793.93 8083.97 9820.76
6 10064.85 10138.56 10059.67 10174.74 10024.92 10195.04 10009.00 10169.18 10001.36 10133.88 10047.55 10128.93
9 10547.11 15428.12 10584.25 15507.61 10558.28 15532.22 10527.44 15558.68 10507.64 15561.44 10483.50 15551.95 10449.99 15526.14 10449.28 15482.38 10490.79 15433.13
10 13869.68 4662.63 13841.25 4646.10 13805.91 4621.91 13799.16 4616.64 13808.04 4587.88 13861.89 4584.63 13872.38 4591.91 13896.93 4623.10 13895.60 4627.83 13884.40 4645.09
13 13065.52 15061.38 13025.95 15052.90 13044.16 15061.36 12974.53 15063.38 12998.34 15039.56 12966.95 15002.23 12984.26 14999.75 13024.76 14987.59 13036.12 15035.19 13060.34 15027.80 13064.01 15029.61 13046.62 15038.30 13055.76 15037.04
11 14167.38 9165.95 14176.11 9134.79 14218.95 9113.90 14223.80 9116.11 14246.41 9141.67 14252.09 9148.59 14263.78 9184.37 14218.86 9202.65 14210.81 9205.64 14196.65 9207.97 14184.09 9193.97
6 9674.21 12898.70 9592.36 12940.81 9578.55 12910.44 9529.13 12907.27 9580.11 12848.21 9683.60 12862.59
9 9583.72 485.06 9544.83 434.68 9562.75 401.21 9570.49 396.08 9577.89 395.29 9608.52 395.26 9633.17 416.75 9638.72 466.27 9623.89 479.93
8 5547.77 8047.07 5500.04 8036.59 5443.59 8054.56 5453.15 8035.52 5459.39 7991.55 5484.23 7983.82 5457.03 7945.89 5495.96 7970.32
14 12087.65 2368.38 12051.19 2371.94 12043.85 2371.00 12014.55 2379.51 12017.03 2346.68 12004.74 2318.09 12003.49 2292.55 12015.67 2292.54 12031.82 2300.56 12032.27 2295.78 12061.62 2283.26 12060.60 2323.60 12074.52 2281.38 12083.67 2290.74
9 3459.60 7957.37 3390.37 7854.93 3403.58 7840.30 3440.68 7809.34 3533.91 7817.35 3540.78 7842.27 3540.52 7862.76 3517.38 7926.71 3474.09 7952.11
7 17324.71 12548.53 17301.42 12509.71 17308.35 12480.66 17375.36 12456.66 17397.27 12474.91 17383.74 12528.82 17375.22 12539.08
13 6176.38 4333.76 6112.77 4349.81 6125.45 4387.11 6056.29 4395.21 6067.21 4358.04 6076.80 4342.74 6030.91 4382.64 6070.19 4346.31 6026.97 4369.64 6047.51 4327.87 6034.25 4268.54 6095.86 4293.43 6109.26 4280.59
8 17288.31 14365.52 17289.83 14322.80 17299.15 14318.67 17345.22 14305.96 17366.10 14318.25 17365.64 14355.84 17342.30 14385.62 17323.77 14381.03
8 13000.68 12677.69 12973.75 12656.96 12967.05 12678.45 12945.75 12672.92 12923.54 12681.49 12946.60 12651.92 12937.15 12634.63 12935.47 12594.91
9 7982.83 3090.93 7930.75 3009.64 7940.29 2976.47 7978.69 2944.64 8025.50 2915.39 8091.16 2942.90 8110.93 2974.83 8101.21 3068.37 8022.24 3107.99
8 4475.86 4909.81 4416.48 4858.94 4424.51 4825.91 4429.06 4815.30 4475.18 4793.64 4531.34 4811.11 4547.85 4850.81 4503.46 4906.17
7 4433.49 7756.01 4367.04 7673.92 4390.49 7617.74 4463.24 7586.90 4522.04 7612.87 4541.04 7689.87 4463.19 7743.24
7 7717.55 12694.43 7727.99 12620.70 7823.58 12654.42 7824.06 12655.30 7829.18 12699.94 7820.47 12708.27 7735.88 12737.66
8 14507.47 15197.35 14443.47 15181.30 14453.78 15084.42 14505.80 15068.09 14512.76 15068.57 14553.11 15099.47 14572.59 15128.52 14567.14 15166.42
9 2481.00 13876.25 2500.49 13898.88 2434.92 13907.90 2431.10 13873.99 2393.66 13850.20 2431.61 13832.05 2455.37 13829.49 2456.15 13854.76 2471.12 13848.24
9 5340.29 10147.69 5336.95 10153.13 5340.11 10177.63 5327.52 10171.19 5319.77 10158.53 5295.72 10143.27 5294.65 10131.22 5321.85 10136.84 5353.02 10115.10
7 5080.34 12815.13 5207.87 12867.74 5169.28 12911.09 5145.46 12910.79 5123.68 12908.42 5112.42 12906.14 5081.64 12843.33
11 5706.38 8147.02 5676.91 8185.60 5646.52 8201.66 5615.93 8198.24 5612.51 8197.66 5587.32 8164.61 5584.46 8128.28 5605.47 8109.41 5668.52 8083.22 5678.18 8090.29 5698.91 8114.70
6 6483.10 6737.94 6435.87 6768.90 6443.11 6752.17 6444.91 6706.63 6532.37 6685.13 6508.95 6700.03
9 15973.03 2448.61 15975.00 2383.33 15994.34 2347.17 16046.24 2350.79 16080.18 2360.36 16126.74 2392.27 16119.02 2433.03 16080.77 2461.92 16042.49 2462.66
15 13251.20 11988.05 13244.18 12016.73 13217.27 11996.31 13214.81 11994.47 13205.21 12015.66 13187.97 12008.23 13196.23 11997.49 13184.27 11999.79 13183.89 11992.28 13170.07 11979.67 13190.24 11976.44 13179.12 11952.19 13203.11 11946.41 13215.78 11963.47 13223.37 11985.06
7 9988.33 9282.14 9982.75 9239.24 9995.71 9192.19 10059.84 9176.03 10082.28 9198.20 10084.80 9247.02 10070.41 9279.25
7 11245.58 10372.79 11317.85 10480.49 11256.24 10515.91 11193.54 10548.40 11131.18 10461.17 11146.64 10445.88 11201.47 10397.02
14 17294.76 8262.72 17305.70 8274.21 17289.74 8275.24 17276.71 8281.98 17272.43 8279.08 17265.46 8274.97 17276.35 8332.88 17236.97 8278.12 17232.60 8280.95 17220.56 8266.00 17224.83 8250.72 17203.52 8242.15 17220.40 8213.68 17263.42 8205.27
11 14339.14 4874.64 14361.15 4864.04 14393.53 4880.36 14395.84 4882.47 14397.67 4889.16 14402.88 4920.60 14391.55 4940.95 14352.31 4949.49 14337.00 4922.97 14332.36 4914.42 14333.60 4885.01
9 6839.05 5301.98 6783.57 5294.71 6778.30 5296.23 6795.14 5281.68 6785.36 5279.29 6800.74 5274.48 6798.45 5272.60 6780.79 5258.49 6830.30 5269.71
9 6246.99 11002.40 6234.26 10988.52 6270.87 10936.90 6321.60 10924.77 6336.92 10941.00 6339.54 10964.52 6336.33 11005.83 6302.23 11040.93 6261.64 11013.67
10 2450.35 4359.79 2478.81 4325.11 2493.38 4317.16 2504.78 4315.20 2531.10 4319.28 2542.22 4345.25 2544.47 4350.68 2517.98 4381.46 2474.63 4391.27 2464.86 4391.44
10 13813.99 1717.86 13833.74 1684.16 13848.44 1670.76 13868.61 1659.02 13886.60 1659.55 13922.72 1696.01 13930.40 1722.47 13882.18 1761.25 13859.58 1765.33 13824.39 1752.40
5 9902.97 4107.01 9896.69 4123.26 9882.54 4115.86 9830.94 4092.47 9866.28 4064.43
11 9681.32 16612.36 9677.86 16629.30 9655.00 16687.91 9639.38 16683.00 9607.17 16649.73 9568.49 16654.00 9533.36 16625.52 9602.51 16570.04 9616.84 16568.67 9653.71 16516.39 9647.83 16581.07
6 12827.61 7213.94 12775.99 7233.48 12764.04 7238.54 12766.47 7217.47 12765.59 7187.98 12800.90 7161.26
8 11274.32 766.22 11274.26 718.85 11301.48 699.91 11305.40 699.19 11335.58 703.42 11345.24 750.33 11347.80 781.47 11316.46 794.55
13 17064.32 2600.39 17075.35 2613.49 17026.97 2599.60 16994.04 2626.42 17008.73 2587.97 16965.69 2567.28 17001.00 2545.88 17021.67 2543.83 17031.78 2515.35 17045.94 2521.27 17057.42 2506.71 17052.42 2547.01 17059.61 2562.92
9 15169.97 9971.51 15176.51 9996.72 15165.54 10024.95 15150.91 10031.75 15140.95 10027.96 15137.39 10025.72 15132.55 10022.08 15114.45 9995.36 15127.71 9973.49
10 3758.09 5729.49 3748.64 5706.48 3781.22 5675.38 3794.15 5674.52 3812.71 5681.64 3832.20 5701.52 3831.15 5716.80 3817.39 5735.60 3810.73 5739.94 3780.68 5750.47
13 9246.58 17717.25 9264.18 17720.33 9256.82 17745.94 9212.26 17718.62 9205.96 17717.90 9199.12 17667.45 9212.63 17684.64 9218.18 17694.87 9217.33 17681.23 9238.29 17677.38 9232.44 17704.73 9247.27 17692.92 9242.96 17708.69
8 14920.64 568.38 14895.70 575.65 14888.24 578.90 14876.75 550.04 14893.64 529.61 14904.14 518.18 14903.81 545.32 14906.97 555.83
14 9352.36 17078.27 9311.00 17061.86 9298.99 17107.51 9291.79 17094.63 9295.52 17077.97 9262.49 17044.92 9247.23 17022.99 9279.64 17020.74 9259.43 16995.69 9302.57 17018.88 9304.29 17011.61 9341.63 16971.45 9328.41 17016.33 9341.14 17029.33
8 818.56 6825.68 786.65 6896.84 750.20 6887.95 738.55 6836.72 733.41 6799.70 749.70 6784.43 787.48 6780.28 817.22 6795.05
8 11306.48 5979.06 11243.05 5942.30 11252.87 5911.39 11277.80 5865.93 11285.38 5860.50 11327.40 5886.16 11348.77 5943.92 11342.00 5952.11
7 12794.31 15610.37 12859.29 15543.16 12901.40 15568.95 12911.61 15575.70 12905.32 15619.76 12824.90 15629.87 12812.34 15626.47
7 10093.00 16054.49 10103.38 16093.16 10096.62 16086.45 10068.15 16067.13 10066.73 16040.04 10061.99 16033.82 10073.44 16039.87
9 1568.32 8147.92 1592.62 8128.43 1625.54 8113.44 1640.65 8133.74 1651.68 8153.58 1647.32 8158.15 1622.56 8180.91 1592.37 8182.08 1575.34 8172.86
14 7840.60 3501.70 7762.58 3536.64 7796.97 3506.07 7746.66 3472.64 7810.29 3478.27 7813.93 3415.75 7857.63 3434.09 7854.13 3453.36 7872.89 3444.38 7849.30 3466.47 7846.35 3472.82 7884.13 3469.71 7859.37 3479.68 7879.19 3483.22
12 9188.60 9424.45 9187.56 9426.80 9152.28 9416.11 9121.02 9409.72 9124.27 9399.50 9139.09 9391.09 9135.42 9390.51 9131.01 9383.39 9128.14 9377.25 9101.33 9351.86 9127.84 9365.85 9136.60 9356.09
7 12563.73 6935.64 12690.82 6871.58 12732.23 6917.84 12739.16 6939.73 12724.58 6970.11 12680.35 7027.61 12647.94 7011.77
11 4348.39 16137.76 4279.50 16178.01 4271.96 16177.42 4250.56 16150.89 4247.84 16118.99 4258.65 16107.73 4267.38 16100.57 4292.47 16081.20 4318.48 16086.69 4330.57 16096.32 4334.79 16105.41
9 9750.27 3965.52 9720.01 3872.66 9757.81 3833.09 9807.66 3835.46 9844.99 3857.53 9856.59 3876.23 9856.17 3919.57 9832.33 3949.80 9813.40 3961.84
8 16197.31 12602.15 16195.49 12536.79 16262.90 12473.46 16321.29 12484.16 16347.03 12552.56 16349.89 12581.61 16292.67 12649.71 16278.88 12651.87
13 4846.06 7410.87 4843.66 7405.37 4847.83 7430.29 4840.59 7411.35 4818.07 7417.14 4818.56 7387.08 4797.32 7368.56 4814.89 7359.38 4823.31 7336.79 4854.34 7363.29 4878.65 7349.83 4896.55 7367.24 4908.06 7365.03
12 7461.46 1859.60 7462.88 1868.85 7455.55 1889.37 7451.19 1895.99 7440.94 1887.17 7428.01 1883.12 7403.81 1863.27 7435.23 1827.30 7435.06 1811.59 7436.99 1822.51 7445.35 1845.54 7451.48 1850.02
12 9280.37 3084.21 9296.57 3098.33 9271.96 3084.89 9238.28 3074.79 9229.32 3070.27 9234.76 3068.60 9238.86 3061.96 9230.23 3041.10 9237.29 3033.50 9262.43 3034.66 9269.08 3028.67 9298.14 3062.43
11 2287.82 15054.49 2310.99 15043.44 2339.57 15056.57 2350.41 15088.20 2336.77 15109.79 2329.00 15114.08 2317.70 15116.80 2296.86 15115.67 2281.99 15103.65 2279.14 15085.55 2282.39 15066.43
6 530.04 16075.69 553.51 16136.11 525.31 16139.59 511.79 16137.90 489.50 16122.46 511.69 16085.15
13 2132.97 12552.34 2115.32 12543.93 2103.42 12571.19 2093.42 12541.67 2087.22 12555.48 2017.95 12522.63 2063.20 12515.92 2046.38 12498.15 2075.59 12444.86 2088.07 12439.01 2093.98 12487.91 2107.62 12483.02 2126.70 12472.96
10 17800.27 4534.78 17792.37 4534.98 17787.30 4531.73 17783.38 4541.99 17751.11 4523.12 17752.38 4506.48 17774.20 4478.43 17787.06 4467.93 17788.12 4487.82 17801.43 4472.09
13 17393.67 9242.46 17378.73 9240.55 17382.41 9261.17 17364.81 9252.01 17363.14 9256.71 17359.52 9244.44 17351.30 9240.32 17354.95 9223.33 17338.08 9196.72 17348.05 9182.41 17363.63 9199.05 17375.34 9203.66 17400.85 9202.39
10 17365.29 14768.20 17386.70 14728.75 17416.44 14721.08 17426.06 14724.03 17474.55 14802.63 17459.95 14815.17 17408.23 14833.61 17382.87 14819.31 17372.87 14805.42 17366.73 14793.43
8 5960.41 12701.02 5948.23 12655.46 5968.35 12603.39 6036.07 12606.45 6048.85 12626.66 6047.11 12632.01 6021.89 12687.98 6019.74 12689.80
8 805.54 10021.09 776.33 10035.71 778.78 10015.02 772.49 10030.45 770.19 10012.92 740.82 9936.03 759.25 9950.53 765.08 9944.22
7 3698.82 3991.88 3686.77 3989.33 3676.30 4004.11 3653.19 4011.67 3665.76 3968.94 3675.74 3966.54 3703.73 3973.31
9 7124.35 5511.27 7124.81 5502.71 7169.16 5453.86 7194.07 5468.39 7201.95 5500.19 7199.58 5524.96 7174.03 5550.09 7163.36 5551.12 7133.06 5529.00
10 5356.78 6882.66 5352.98 6882.70 5321.50 6906.19 5318.28 6873.17 5295.62 6815.67 5323.60 6819.90 5329.50 6799.92 5360.08 6795.00 5363.43 6838.35 5405.21 6848.87
13 3155.49 3477.27 3163.69 3491.39 3124.31 3480.63 3104.32 3538.28 3040.88 3450.00 3045.15 3446.94 3046.55 3445.98 3082.33 3450.33 3097.33 3453.66 3108.71 3414.84 3132.37 3444.01 3159.78 3444.19 3143.70 3451.74
8 4025.11 2343.93 4013.19 2325.29 4016.15 2291.32 4039.94 2275.38 4051.77 2278.77 4057.29 2283.18 4078.97 2334.87 4073.43 2348.78
8 5833.08 15183.30 5804.59 15180.76 5818.22 15190.84 5812.57 15191.69 5826.03 15205.08 5823.23 15204.01 5773.71 15172.63 5798.19 15137.73
14 9154.64 2642.85 9185.51 2649.31 9140.72 2663.40 9144.65 2666.81 9132.89 2660.47 9095.61 2671.60 9076.34 2672.54 9066.17 2604.38 9100.33 2629.66 9070.61 2598.85 9087.57 2606.87 9132.01 2630.70 9144.62 2631.07 9150.72 2635.24
7 7558.15 12998.58 7561.55 12978.28 7560.48 12968.81 7560.56 12911.15 7570.08 12917.40 7613.48 12942.08 7602.40 12953.85
7 7996.28 11997.75 7964.96 11970.67 7973.41 11920.81 7993.73 11909.78 8035.87 11937.12 8038.62 11959.93 8031.86 11979.78
10 11242.40 9627.83 11243.54 9641.57 11252.69 9662.17 11185.43 9640.97 11187.16 9621.86 11219.98 9612.91 11224.18 9601.80 11252.19 9586.65 11272.43 9613.04 11272.30 9616.73
12 4547.97 2785.11 4555.42 2782.47 4581.53 2785.39 4598.19 2795.86 4602.06 2815.20 4590.28 2842.37 4575.87 2853.69 4544.29 2850.37 4543.65 2850.01 4541.66 2846.43 4539.96 2837.27 4543.70 2802.52
11 15979.43 2499.69 15965.62 2507.44 15953.76 2514.95 15935.94 2525.56 15913.15 2495.45 15908.31 2479.21 15941.44 2488.81 15928.00 2472.43 15938.79 2450.21 15954.06 2463.27 15971.44 2467.18
14 1108.76 17626.34 1056.91 17597.07 1013.17 17587.22 1037.29 17571.54 1042.24 17572.51 1053.41 17571.15 1071.56 17513.47 1086.85 17518.56 1090.84 17552.12 1101.99 17536.64 1112.59 17578.56 1121.55 17577.86 1127.66 17580.15 1159.06 17574.34
12 9950.04 13285.13 9926.18 13274.94 9935.40 13306.22 9909.32 13286.12 9906.61 13296.19 9895.13 13268.63 9860.91 13262.55 9857.88 13210.36 9886.87 13219.75 9900.13 13225.37 9952.47 13235.39 9927.89 13247.35
10 932.49 7380.23 936.66 7390.96 908.06 7365.14 905.12 7379.73 896.50 7401.18 893.40 7402.24 897.34 7326.67 887.24 7298.49 906.34 7311.39 941.85 7314.72
7 15471.39 7197.54 15518.28 7263.42 15491.91 7294.16 15448.78 7305.07 15437.36 7295.12 15410.41 7262.60 15452.33 7211.89
5 3749.54 1285.97 3708.34 1292.49 3688.91 1271.66 3704.81 1237.12 3740.09 1244.46
7 13519.47 14602.24 13479.93 14540.68 13548.82 14508.59 13578.20 14498.58 13580.73 14502.24 13605.42 14547.12 13576.13 14590.30
10 8203.34 17008.42 8197.38 16972.64 8199.43 16968.20 8234.71 16941.49 8257.90 16940.16 8277.09 16953.69 8283.66 16968.39 8269.27 17021.03 8236.82 17029.26 8218.08 17032.20
6 797.20 11805.41 706.61 11838.67 683.96 11822.17 715.74 11793.64 682.67 11787.77 687.77 11759.73
7 15368.61 9597.69 15355.93 9599.94 15341.27 9573.64 15354.47 9571.37 15385.56 9543.32 15387.37 9523.62 15432.86 9565.41
7 17544.22 17411.46 17482.41 17392.09 17445.36 17403.17 17478.16 17380.31 17451.65 17384.85 17456.40 17381.77 17441.01 17362.57
13 10253.98 1108.66 10261.93 1121.34 10274.99 1139.56 10245.49 1127.76 10241.61 1158.12 10215.46 1167.50 10214.87 1137.73 10208.09 1117.45 10219.60 1078.39 10221.22 1063.23 10232.06 1065.41 10249.71 1084.85 10270.69 1091.48
9 15716.24 246.70 15687.82 305.29 15648.01 305.77 15609.36 283.46 15607.90 249.27 15622.56 228.22 15654.20 203.80 15686.62 187.95 15715.78 217.32
9 12546.16 3306.85 12600.37 3349.82 12610.14 3385.57 12610.81 3447.76 12581.91 3458.55 12526.18 3426.80 12515.04 3410.73 12513.17 3398.65 12514.22 3383.10
8 2495.20 3470.96 2555.81 3561.91 2555.65 3565.39 2551.77 3569.79 2535.05 3564.48 2523.32 3560.42 2464.93 3537.14 2474.13 3496.36
8 4833.72 6995.04 4805.28 7014.03 4761.50 7030.11 4754.30 6988.22 4761.58 6987.86 4786.88 6970.70 4800.34 6950.21 4830.85 6959.80
8 478.30 214.71 566.84 267.76 538.38 353.22 496.13 389.00 473.89 383.45 388.23 313.95 413.59 255.75 468.55 220.78
7 9205.58 4878.18 9258.43 4847.04 9293.56 4862.03 9303.73 4887.17 9291.50 4919.28 9238.05 4945.03 9205.82 4917.17
9 1028.29 3371.21 1047.26 3317.57 1100.30 3317.00 1130.62 3339.39 1144.28 3382.76 1117.55 3420.42 1087.08 3431.74 1056.94 3430.50 1031.23 3397.58
15 8111.10 12926.29 8110.19 12931.38 8106.75 12952.61 8103.94 12913.06 8047.38 12881.85 8057.54 12876.21 8093.32 12869.77 8094.79 12827.21 8110.68 12842.44 8115.85 12844.21 8132.78 12820.97 8125.45 12871.15 8149.77 12863.63 8138.50 12876.36 8174.39 12894.11
6 14633.38 6636.60 14600.93 6581.66 14618.73 6575.48 14656.42 6577.23 14669.74 6579.44 14667.01 6620.59
11 11126.82 13743.88 11140.17 13679.94 11152.12 13664.07 11189.99 13648.85 11215.16 13665.78 11228.07 13680.22 11233.82 13716.42 11232.88 13731.13 11214.20 13752.80 11179.03 13764.50 11155.13 13760.01
10 15643.46 14222.35 15659.20 14187.19 15709.43 14189.62 15727.03 14209.66 15727.93 14215.05 15724.53 14250.06 15718.18 14259.91 15701.72 14263.60 15669.39 14265.94 15655.37 14247.38
9 13925.96 16079.07 14009.55 16179.88 13936.61 16233.98 13921.29 16241.56 13904.50 16239.99 13871.90 16205.51 13860.01 16170.43 13880.94 16118.99 13900.01 16082.51
6 1578.03 1272.72 1580.08 1277.93 1556.21 1268.18 1549.58 1231.59 1581.69 1260.67 1599.88 1250.75
15 7449.16 12748.19 7451.20 12785.74 7439.87 12776.39 7437.72 12788.77 7402.10 12739.18 7406.83 12731.30 7371.49 12734.04 7404.59 12716.34 7390.01 12703.30 7391.01 12695.68 7401.45 12701.06 7414.84 12707.88 7390.46 12677.36 7446.04 12657.61 7469.60 12677.96
8 1682.54 5554.88 1649.79 5623.93 1590.20 5619.17 1541.95 5572.56 1605.06 5497.77 1625.00 5487.70 1667.07 5512.65 1674.12 5529.75
15 417.15 6937.18 413.86 6966.94 392.87 6951.23 369.79 6959.75 369.74 6902.47 354.82 6876.48 358.19 6864.22 373.99 6884.74 367.38 6864.62 399.12 6883.21 409.64 6869.51 394.19 6900.43 404.72 6902.70 428.87 6904.01 434.46 6905.26
13 10525.56 370.09 10515.28 344.25 10520.45 319.59 10563.99 308.36 10577.69 311.84 10582.17 317.18 10588.37 325.48 10592.78 348.34 10589.78 365.46 10587.80 375.99 10569.86 386.85 10553.30 390.76 10541.78 387.93
8 7086.08 13830.93 7088.08 13832.14 7058.35 13831.33 6995.27 13877.86 6960.08 13846.83 6979.71 13812.71 6941.78 13799.99 7006.03 13782.22
11 7685.01 17662.11 7678.57 17624.00 7685.93 17596.34 7706.95 17566.40 7755.45 17567.37 7769.04 17572.70 7795.23 17601.21 7790.77 17654.00 7759.20 17667.10 7715.83 17672.17 7698.40 17668.01
8 17022.85 9406.66 16993.51 9391.81 16970.40 9400.23 16992.74 9360.37 17008.43 9336.95 17026.76 9321.63 17048.91 9304.39 17091.84 9354.29
12 12727.21 4021.48 12694.75 4044.14 12676.70 4035.75 12679.11 4053.50 12668.79 4039.50 12662.08 4059.99 12660.95 4037.27 12632.05 4083.75 12620.52 4031.18 12613.70 3974.99 12679.11 3990.09 12709.12 3951.78
6 14893.38 2257.59 14978.90 2307.76 14939.03 2349.62 14886.53 2388.79 14851.75 2354.34 14876.59 2289.90
10 14627.15 14183.45 14642.62 14133.77 14731.71 14116.99 14769.23 14129.60 14781.31 14137.96 14813.73 14185.57 14751.62 14242.75 14666.99 14245.15 14650.08 14240.57 14630.17 14217.38
9 11309.51 12362.27 11318.74 12397.09 11292.26 12375.23 11285.54 12378.23 11289.06 12365.54 11254.21 12344.70 11261.94 12339.56 11284.23 12336.70 11287.30 12331.89
8 2192.34 17509.98 2175.54 17447.94 2195.25 17412.92 2247.67 17406.42 2278.24 17405.85 2309.33 17423.05 2301.49 17518.71 2270.60 17533.42
14 5555.63 4183.76 5558.38 4205.68 5531.07 4203.99 5529.11 4157.16 5499.21 4168.73 5527.02 4147.32 5495.32 4129.94 5510.95 4129.18 5504.80 4123.94 5530.33 4129.77 5545.37 4085.23 5554.58 4081.46 5565.07 4126.09 5600.68 4100.82
8 15166.29 9870.40 15088.66 9846.55 15099.08 9822.46 15125.23 9804.82 15134.77 9800.74 15159.25 9808.86 15162.88 9816.82 15176.54 9851.90
6 9614.88 8728.70 9778.49 8722.86 9764.73 8769.80 9693.76 8814.83 9664.50 8825.65 9622.16 8750.99
15 17731.22 14195.75 17752.30 14203.74 17703.14 14220.56 17697.00 14231.58 17680.22 14191.91 17681.15 14171.46 17692.22 14178.58 17692.59 14177.35 17693.38 14177.17 17671.34 14143.27 17701.56 14174.46 17695.29 14137.01 17723.16 14164.10 17747.19 14154.35 17728.44 14190.24
9 15547.26 12511.76 15549.36 12529.69 15521.78 12528.53 15516.14 12516.42 15487.29 12520.46 15485.35 12505.65 15509.54 12495.48 15519.48 12484.81 15544.54 12484.31
12 9301.94 4683.14 9299.28 4656.66 9303.44 4642.01 9350.81 4576.68 9404.39 4585.68 9453.51 4609.76 9478.48 4647.73 9472.27 4660.05 9429.04 4720.49 9415.15 4724.80 9343.21 4737.29 9326.10 4715.65
8 13954.55 13189.86 13924.48 13142.02 13937.92 13102.88 13974.22 13087.96 13998.98 13091.37 14023.76 13103.64 14041.17 13118.96 14030.14 13175.60
8 12162.58 78.47 12194.95 212.10 12160.91 246.91 12112.69 242.65 12066.77 223.31 12050.73 192.26 12053.60 138.20 12133.11 92.26
6 2425.22 6215.76 2426.95 6220.28 2375.73 6208.30 2377.07 6193.13 2376.25 6180.48 2396.14 6167.36
10 15173.83 1909.22 15161.17 1880.65 15200.42 1829.82 15258.21 1825.82 15279.72 1846.96 15289.10 1873.64 15281.21 1890.39 15260.39 1904.44 15215.39 1933.92 15191.08 1922.99
5 231.23 6261.34 215.99 6309.89 178.87 6308.85 165.80 6285.94 173.80 6247.91
15 4443.47 15914.43 4472.97 15931.90 4497.17 15950.67 4368.14 15945.76 4391.58 15919.76 4372.99 15923.94 4368.89 15924.35 4369.89 15918.47 4364.72 15909.55 4350.97 15896.75 4384.96 15900.52 4342.71 15872.20 4387.13 15886.75 4435.85 15838.88 4503.25 15884.75
12 2107.24 7113.13 2036.72 7164.33 2028.57 7162.04 1991.05 7142.23 1975.99 7074.34 1974.33 7059.17 1991.75 7025.95 2001.91 7022.93 2056.16 7013.14 2068.65 7020.30 2085.76 7036.46 2101.33 7069.27
10 3141.46 13762.07 3183.36 13735.10 3208.76 13738.49 3219.89 13746.00 3233.90 13761.98 3232.98 13770.12 3226.35 13795.60 3180.93 13815.63 3163.83 13816.83 3143.69 13800.67
13 16161.51 4697.95 16190.21 4738.24 16137.02 4754.17 16127.88 4743.07 16124.70 4677.92 16097.45 4690.87 16114.75 4671.22 16116.64 4670.91 16073.19 4672.33 16122.75 4663.93 16086.45 4610.21 16144.02 4646.82 16155.78 4658.67
7 13525.01 13623.86 13556.51 13555.99 13620.27 13563.36 13650.43 13637.22 13638.77 13720.42 13609.01 13736.92 13532.64 13721.01
9 13612.33 2060.82 13615.38 2016.80 13609.79 2002.82 13597.34 2002.11 13620.67 1924.82 13646.08 1962.63 13675.09 1932.11 13662.22 1966.30 13653.39 1975.82
15 1745.82 1676.98 1766.20 1702.30 1747.11 1695.16 1735.16 1696.70 1716.70 1701.23 1666.70 1735.34 1700.77 1675.51 1721.36 1630.37 1739.78 1617.01 1751.69 1607.22 1755.77 1630.19 1787.08 1613.63 1805.27 1614.38 1808.94 1630.64 1770.17 1657.43
8 15390.55 8627.81 15369.60 8625.66 15370.71 8631.89 15357.18 8627.14 15314.98 8536.93 15360.33 8538.69 15381.19 8580.73 15383.74 8582.38
10 3095.11 10970.53 3123.30 10961.16 3149.24 10977.08 3156.08 10982.25 3157.71 11009.12 3150.54 11036.44 3142.02 11041.91 3119.75 11044.71 3083.74 11027.00 3088.93 10992.47
15 17834.83 2269.94 17821.38 2288.93 17808.13 2262.99 17770.40 2304.87 17769.41 2227.68 17704.13 2227.48 17749.20 2198.00 17741.43 2129.76 17777.20 2131.84 17783.73 2158.30 17784.61 2160.69 17833.57 2168.02 17841.60 2198.39 17864.80 2194.13 17841.04 2205.91
9 4322.81 12336.89 4345.52 12353.36 4334.34 12365.64 4293.88 12372.26 4243.37 12331.61 4246.77 12298.07 4282.08 12293.88 4301.39 12310.62 4336.51 12310.22
11 9609.97 3531.95 9607.01 3543.91 9594.09 3547.36 9594.01 3581.87 9582.26 3579.21 9553.74 3546.41 9546.56 3529.68 9599.28 3499.80 9608.58 3498.77 9621.78 3493.16 9620.01 3510.33
10 8732.70 3951.79 8694.17 4027.87 8660.75 4030.53 8654.88 4027.65 8615.97 4006.63 8610.48 3975.51 8626.26 3915.53 8639.09 3904.09 8672.40 3909.88 8689.24 3917.71
8 7319.16 9830.70 7347.43 9863.55 7312.02 9917.77 7297.96 9928.35 7262.08 9920.05 7254.25 9911.63 7243.91 9881.07 7269.11 9861.30
9 8662.56 15513.78 8686.18 15475.95 8729.42 15482.52 8740.19 15496.99 8741.82 15501.21 8735.57 15533.03 8705.84 15547.04 8677.85 15539.09 8673.86 15532.99
8 1925.43 9761.05 1937.48 9804.51 1918.96 9880.82 1879.18 9910.46 1815.47 9881.76 1787.42 9856.37 1783.68 9813.13 1800.69 9783.01
5 17865.39 9428.38 17831.50 9451.74 17835.65 9401.23 17855.61 9360.06 17894.49 9377.59
9 10478.00 16310.24 10454.63 16258.76 10464.01 16242.89 10469.69 16237.75 10523.07 16225.68 10546.58 16239.34 10552.78 16265.08 10539.12 16333.80 10519.12 16339.69
10 8324.36 4696.39 8378.01 4738.12 8365.93 4780.01 8329.32 4798.28 8326.20 4797.19 8286.38 4776.30 8268.53 4739.50 8277.81 4720.97 8293.10 4708.63 8306.79 4697.92
6 1692.13 13144.43 1686.49 13096.71 1698.13 13080.98 1713.22 13097.91 1719.17 13107.78 1746.02 13110.97
6 4989.91 9365.80 4980.38 9367.87 4945.87 9411.35 4973.23 9334.91 5042.17 9310.17 5036.88 9344.38
10 16294.09 2808.01 16287.75 2791.74 16290.65 2741.78 16300.70 2713.48 16309.87 2697.87 16390.01 2694.76 16431.37 2711.55 16435.64 2733.64 16370.72 2833.71 16364.51 2838.21
6 8914.84 9605.77 8928.71 9543.53 9045.08 9564.44 9020.98 9673.26 9005.87 9694.11 8924.45 9678.72
7 7329.97 3203.00 7250.33 3154.17 7250.60 3077.02 7269.26 3061.75 7305.37 3054.82 7360.14 3106.79 7366.40 3121.99
13 16503.99 8540.02 16457.97 8568.21 16451.84 8590.97 16397.09 8605.78 16406.47 8554.33 16392.41 8538.21 16355.24 8523.18 16391.88 8516.21 16379.50 8485.07 16372.34 8474.55 16486.18 8501.56 16472.28 8524.64 16480.59 8526.26
8 7180.00 6872.68 7124.22 6753.28 7188.21 6687.48 7194.97 6687.77 7262.47 6703.51 7302.76 6790.35 7283.86 6829.74 7238.82 6870.71
8 12428.57 5478.86 12435.47 5490.80 12404.00 5483.57 12381.65 5516.80 12399.99 5472.48 12377.97 5481.75 12356.51 5467.67 12398.36 5420.52
11 5405.25 15868.13 5440.40 15876.49 5402.89 15875.34 5426.37 15898.76 5405.35 15886.68 5353.59 15902.78 5350.28 15868.21 5367.11 15849.46 5372.47 15850.41 5407.09 15815.49 5454.06 15840.14
9 14073.78 6339.03 14139.52 6311.94 14186.29 6346.82 14191.63 6383.75 14183.19 6399.72 14137.28 6423.07 14094.94 6438.12 14069.77 6412.84 14070.18 6348.35
10 6051.81 15625.31 6111.55 15700.30 6099.58 15755.87 6094.06 15773.25 6039.93 15809.52 6014.95 15810.60 6005.70 15809.20 5960.88 15787.46 5933.88 15694.95 5983.70 15641.56
5 8468.56 14248.80 8437.67 14247.17 8371.43 14168.65 8427.76 14155.45 8444.30 14155.94
7 4612.56 777.97 4619.95 792.28 4597.96 779.88 4600.25 804.70 4583.20 809.44 4562.34 794.90 4552.49 778.28
11 8879.60 4788.55 8844.71 4828.87 8859.04 4793.05 8842.12 4770.22 8855.19 4776.19 8857.86 4774.48 8842.72 4745.19 8864.76 4767.54 8869.76 4759.47 8874.38 4770.97 8878.96 4762.70
5 3261.60 6679.44 3214.26 6685.62 3195.13 6702.76 3134.99 6685.71 3219.33 6659.96
7 17212.09 777.44 17199.03 817.86 17184.73 798.36 17168.06 800.80 17094.23 765.31 17114.08 722.37 17156.17 731.73
10 2561.18 16028.04 2559.57 16051.81 2538.62 16043.21 2525.96 16026.80 2522.97 16000.29 2527.96 16001.66 2529.14 16001.28 2558.20 15994.43 2578.03 15997.08 2568.89 16010.64
11 6738.72 11169.63 6773.86 11208.32 6770.99 11214.56 6751.13 11246.51 6734.66 11247.31 6714.03 11246.83 6695.84 11214.32 6697.74 11202.43 6705.41 11186.67 6709.05 11182.83 6726.82 11169.52
9 13607.21 7379.04 13602.76 7355.45 13605.37 7320.69 13625.06 7303.62 13657.65 7297.29 13699.09 7332.75 13696.21 7355.67 13679.50 7386.44 13649.67 7400.52
9 4149.19 1907.54 4079.98 1956.08 4071.47 1953.92 4035.35 1932.13 4049.33 1868.09 4065.35 1850.55 4068.48 1848.56 4134.94 1863.59 4147.18 1891.63
10 417.32 16988.91 410.91 16999.68 396.73 17019.29 393.23 16983.05 372.19 16945.02 390.22 16952.78 407.71 16951.35 409.66 16927.51 437.23 16934.84 439.90 16970.55
8 16785.06 13872.92 16782.69 13842.60 16785.55 13825.33 16825.05 13817.92 16844.83 13834.88 16850.10 13844.72 16835.19 13879.23 16811.79 13891.11
5 8018.91 2138.49 8017.48 2138.04 8015.22 2115.78 8010.70 2085.96 8043.33 2102.66
14 14506.30 6552.53 14495.70 6566.52 14470.43 6597.97 14395.73 6614.27 14373.77 6584.57 14383.95 6569.44 14345.03 6544.81 14341.38 6544.60 14337.01 6507.31 14355.25 6504.70 14403.62 6501.96 14376.43 6440.97 14414.41 6503.40 14467.85 6440.97
13 12316.52 651.91 12343.24 596.47 12388.96 575.38 12435.59 561.20 12475.37 614.53 12480.55 621.65 12491.98 644.90 12480.11 668.86 12434.51 710.79 12428.01 714.71 12409.31 725.38 12360.12 728.45 12345.61 704.75
15 12318.69 7294.82 12319.23 7312.83 12281.61 7296.00 12246.01 7293.51 12266.79 7264.53 12258.67 7253.32 12277.82 7269.83 12274.67 7260.94 12283.15 7273.80 12284.48 7239.92 12300.42 7237.74 12298.29 7266.56 12325.16 7267.94 12310.65 7280.39 12315.16 7280.22
10 17280.36 13863.66 17235.88 13818.91 17248.51 13776.50 17265.95 13760.36 17299.44 13757.23 17333.29 13757.57 17358.06 13785.34 17365.33 13803.16 17341.18 13871.73 17295.24 13873.41
9 9278.09 12510.95 9277.67 12554.66 9272.81 12578.63 9253.56 12541.42 9233.74 12539.45 9239.18 12528.82 9233.12 12486.54 9240.89 12448.11 9266.25 12439.44
8 2132.88 14828.86 2126.29 14765.89 2164.61 14722.54 2197.50 14713.96 2233.98 14739.75 2280.77 14866.35 2269.53 14869.04 2144.84 14888.02
6 3120.00 11519.81 3084.72 11485.23 3087.97 11471.42 3065.85 11466.83 3066.88 11455.60 3168.15 11443.76
12 2295.38 3523.41 2311.84 3532.84 2317.00 3549.07 2321.21 3584.22 2319.18 3597.22 2308.69 3610.09 2293.28 3609.51 2262.98 3602.39 2223.67 3574.03 2232.25 3556.80 2268.32 3530.42 2270.95 3529.07
8 890.54 15957.42 853.50 15987.87 847.07 15985.37 831.45 15949.96 826.72 15933.84 830.96 15928.90 869.83 15919.75 887.92 15940.66
7 15314.01 12257.50 15390.15 12205.15 15408.62 12231.36 15457.24 12310.07 15429.42 12345.14 15349.30 12312.58 15338.88 12304.13
7 124.87 7767.06 174.41 7665.49 245.88 7680.05 276.83 7717.15 260.82 7801.35 204.15 7814.46 145.97 7789.85
8 11003.68 11285.60 10990.74 11316.91 10965.59 11351.22 10927.58 11301.36 10913.25 11277.63 10898.23 11243.90 10966.18 11258.05 10989.43 11245.83
6 1066.98 17459.95 1054.99 17464.38 1045.65 17468.77 1021.63 17466.93 1007.15 17421.51 1041.54 17409.52
8 11598.57 17052.64 11588.55 17057.66 11583.68 17060.58 11581.33 17048.70 11554.88 17047.08 11598.10 17009.49 11614.41 17029.02 11629.68 17022.04
5 15927.62 4762.17 15971.34 4792.65 15948.97 4873.78 15881.59 4893.89 15900.52 4763.99
8 7508.52 3456.86 7486.61 3408.87 7503.99 3365.13 7550.45 3343.25 7623.11 3372.10 7630.96 3408.08 7597.78 3465.96 7545.77 3474.14
13 5950.13 4844.38 5975.32 4871.45 5941.12 4865.88 5933.85 4850.44 5913.23 4845.69 5899.43 4839.16 5910.52 4818.18 5916.42 4821.39 5933.50 4833.71 5928.06 4816.90 5952.86 4829.83 5951.67 4834.20 5948.32 4837.53
10 8566.87 3351.91 8506.71 3247.14 8575.59 3196.89 8591.91 3193.49 8626.10 3212.37 8641.03 3228.67 8663.98 3261.46 8665.35 3296.02 8590.37 3352.66 8576.66 3358.83
9 6009.67 395.59 5984.28 392.31 6029.87 413.68 5949.99 413.74 5958.06 363.24 5975.89 353.82 6007.44 363.36 6017.31 364.23 5998.66 380.73
6 13480.43 15973.33 13466.57 16061.20 13428.65 16059.96 13399.22 16036.31 13410.50 15977.15 13440.01 15970.75
13 10802.33 8384.28 10817.23 8402.86 10807.87 8400.56 10798.38 8391.70 10747.77 8396.99 10772.43 8383.29 10739.75 8380.65 10765.99 8371.86 10773.71 8373.89 10785.76 8364.77 10800.81 8340.58 10818.13 8356.21 10820.65 8374.31
8 15440.70 12025.81 15381.45 12073.61 15401.98 12037.17 15391.43 12038.71 15341.69 11972.64 15391.34 11966.74 15443.07 11978.09 15460.63 11987.04
7 10980.99 9221.96 10991.58 9205.71 10985.85 9171.33 11003.00 9156.40 11019.67 9190.69 11032.89 9187.90 11047.26 9195.70
8 8221.75 11394.17 8184.95 11343.85 8196.81 11314.94 8206.09 11307.13 8254.92 11311.31 8275.96 11330.86 8268.70 11372.09 8263.63 11376.78
13 4827.28 6544.26 4857.78 6585.49 4830.17 6573.09 4820.69 6589.53 4805.81 6565.78 4794.95 6542.33 4785.51 6543.38 4736.43 6540.84 4794.30 6530.93 4793.34 6472.52 4838.41 6484.75 4854.06 6483.61 4869.66 6524.06
6 6910.78 12624.41 6855.79 12659.03 6761.93 12623.52 6780.48 12565.10 6825.55 12566.76 6856.62 12580.32
7 10503.77 9578.45 10520.32 9605.83 10437.27 9591.10 10429.02 9574.15 10439.33 9570.56 10483.36 9564.26 10504.52 9552.90
13 10311.75 7406.03 10303.13 7406.00 10213.31 7395.98 10220.34 7388.70 10226.82 7353.56 10230.24 7348.99 10229.25 7322.77 10243.49 7362.32 10234.06 7305.63 10263.12 7326.90 10274.44 7310.13 10258.69 7358.05 10306.57 7372.02
8 13541.28 2196.41 13504.93 2175.14 13526.82 2125.24 13553.96 2114.52 13560.74 2124.20 13570.72 2140.00 13578.66 2159.14 13576.26 2162.27
9 11064.88 6735.50 11027.59 6705.42 11036.33 6671.30 11044.72 6668.14 11082.75 6662.81 11104.62 6677.72 11107.78 6680.93 11099.85 6708.99 11081.91 6733.88
6 7696.89 3359.85 7714.52 3402.43 7710.18 3442.18 7678.70 3435.49 7666.22 3430.75 7679.98 3376.16
8 16407.17 6353.91 16381.27 6327.59 16394.15 6301.42 16409.76 6295.34 16424.80 6291.22 16433.76 6299.53 16429.17 6343.33 16427.90 6353.90
7 15680.66 1451.31 15650.45 1514.22 15594.12 1497.04 15575.29 1465.07 15572.80 1409.40 15625.04 1396.83 15673.85 1419.31
10 8624.65 16454.03 8598.22 16427.31 8605.12 16401.13 8663.72 16359.34 8746.13 16382.58 8756.93 16401.99 8732.08 16475.14 8701.70 16507.51 8694.44 16509.13 8674.37 16494.15
8 3405.07 7215.16 3412.22 7154.58 3440.92 7145.48 3490.29 7169.62 3498.96 7189.55 3495.56 7209.01 3475.43 7212.14 3414.60 7214.77
11 3526.73 2035.46 3479.49 2015.17 3480.60 1974.31 3488.48 1959.85 3503.24 1952.72 3522.21 1945.95 3562.14 1953.34 3567.25 1958.86 3578.21 1999.22 3578.84 2004.95 3547.79 2025.46
6 14941.96 14663.42 14970.43 14560.82 14973.10 14561.25 14991.32 14564.86 15013.46 14602.85 14994.94 14639.01
6 5963.55 11497.51 6006.62 11502.76 6040.47 11552.40 6017.00 11564.95 5992.03 11576.15 5982.56 11565.56
7 756.95 12577.90 730.82 12618.43 656.90 12582.73 615.87 12527.02 619.79 12488.79 716.75 12473.10 754.84 12508.52
7 6853.54 2939.68 6852.51 2957.93 6782.00 2957.88 6792.83 2914.28 6788.23 2910.57 6862.22 2919.95 6889.71 2917.12
10 6059.29 4013.84 6084.80 3973.67 6098.26 3964.82 6122.83 3963.19 6169.52 3987.70 6173.31 3993.50 6175.70 4009.57 6139.43 4047.71 6131.97 4054.93 6098.90 4054.04
14 13039.80 11192.23 13043.78 11196.84 13010.33 11217.57 12970.61 11227.55 12962.49 11229.71 12958.26 11217.34 12951.66 11200.98 12944.92 11177.32 12977.59 11179.78 12979.46 11136.37 13034.31 11154.86 13036.85 11155.30 13041.10 11151.71 13065.78 11182.48
9 15660.41 4675.78 15647.41 4696.71 15655.27 4719.61 15597.89 4725.76 15598.02 4681.71 15587.03 4669.89 15610.45 4667.80 15611.34 4631.46 15654.02 4672.10
7 8962.45 16535.21 8976.96 16553.01 8964.20 16553.54 8916.06 16544.60 8928.39 16531.27 8944.67 16512.22 8977.03 16488.16
8 5941.42 7453.56 5933.90 7438.01 5934.75 7411.44 5950.76 7399.05 5957.67 7399.01 6005.12 7432.02 6006.76 7450.34 5955.02 7454.20
14 12446.80 12523.39 12418.02 12534.45 12412.60 12525.93 12405.04 12520.86 12422.86 12502.55 12415.39 12504.96 12414.25 12505.21 12425.13 12496.03 12382.72 12492.79 12386.46 12454.24 12417.65 12428.36 12440.68 12431.37 12452.56 12426.78 12452.20 12483.53
8 12628.04 16809.60 12601.26 16796.10 12607.13 16782.44 12627.13 16762.97 12651.50 16759.05 12673.16 16773.62 12672.58 16804.37 12660.08 16813.70
6 3535.70 4129.76 3482.04 4094.86 3456.42 4052.59 3440.66 4015.20 3480.75 4038.62 3518.77 4033.62
11 3275.53 3268.66 3263.02 3286.88 3250.21 3270.38 3221.69 3270.20 3249.11 3242.64 3243.78 3223.01 3251.00 3227.27 3255.55 3201.71 3262.48 3230.06 3277.14 3242.93 3280.82 3248.19
7 5372.21 11759.11 5340.28 11721.20 5346.54 11689.41 5416.02 11614.80 5439.04 11611.49 5455.87 11616.01 5467.59 11754.07
12 15191.14 3816.41 15174.41 3822.08 15120.00 3829.21 15111.91 3794.66 15138.08 3792.43 15140.88 3774.84 15149.92 3783.22 15151.15 3762.33 15177.06 3762.78 15189.95 3776.81 15187.92 3794.04 15195.34 3797.58
9 14892.18 3246.51 14877.76 3267.05 14863.71 3258.78 14862.22 3265.33 14776.89 3224.05 14824.11 3198.73 14851.17 3218.88 14873.94 3188.39 14893.70 3187.01
6 6739.37 8502.94 6749.15 8520.79 6680.68 8513.24 6700.36 8496.91 6672.27 8503.43 6728.92 8452.39
6 10270.53 6220.52 10235.12 6218.41 10196.16 6244.38 10160.53 6211.60 10194.11 6197.43 10204.80 6159.85
9 4362.55 1453.50 4371.08 1398.02 4419.59 1373.94 4425.40 1373.29 4449.70 1397.59 4460.63 1451.96 4448.35 1467.99 4403.16 1464.21 4369.11 1459.53
9 4936.35 5024.13 4976.10 4996.93 5010.74 5006.30 5011.78 5008.83 5014.55 5015.70 5019.21 5050.61 4997.56 5080.08 4974.13 5074.53 4937.56 5054.65
9 9032.63 11949.60 9040.73 11964.25 9052.68 11974.67 9029.15 11985.84 9006.59 11958.48 8976.48 11963.53 8992.65 11924.97 9000.94 11924.29 9031.87 11925.91
6 5450.84 16651.90 5403.10 16719.66 5350.65 16704.98 5349.49 16694.67 5369.91 16636.40 5432.68 16622.37
13 8420.24 12309.19 8396.78 12310.48 8399.74 12345.83 8379.98 12357.26 8356.63 12338.23 8356.93 12320.22 8341.81 12324.30 8308.07 12329.80 8309.99 12283.07 8347.68 12268.84 8363.12 12264.32 8384.85 12287.25 8397.38 12271.74
9 13372.77 13167.58 13336.82 13173.18 13293.49 13186.93 13331.50 13102.64 13360.16 13094.97 13361.59 13127.40 13366.73 13119.94 13369.61 13123.29 13396.38 13104.72
10 10860.71 7502.15 10862.05 7525.88 10857.80 7532.94 10852.14 7528.07 10829.17 7469.65 10872.29 7455.68 10903.14 7460.39 10916.76 7456.77 10883.63 7477.21 10876.55 7486.30
11 13790.47 6948.06 13805.64 6923.64 13870.21 6912.07 13875.94 6914.63 13894.59 6946.55 13904.67 6986.05 13901.07 7010.90 13864.37 7032.13 13824.68 7028.96 13804.61 7012.97 13799.15 6998.67
10 12682.89 5724.11 12628.94 5722.61 12619.14 5701.51 12611.33 5674.08 12634.60 5645.81 12671.35 5651.16 12704.49 5667.02 12702.29 5696.80 12696.27 5716.50 12685.75 5722.55
6 8281.77 14064.80 8231.87 14131.59 8185.01 14150.22 8162.61 14144.91 8144.96 14081.85 8145.44 14070.67
7 13813.29 16857.93 13816.22 16848.95 13821.57 16846.08 13828.47 16842.45 13826.75 16813.61 13835.43 16801.21 13875.79 16814.05
14 7858.14 9104.83 7843.78 9104.81 7833.82 9120.48 7773.16 9099.39 7758.44 9069.93 7782.41 9065.66 7774.66 9058.00 7748.94 9034.26 7768.79 9007.09 7783.21 9008.25 7796.67 9011.08 7798.99 9010.32 7835.67 9037.12 7842.42 9057.67
14 4012.73 9077.77 3966.11 9050.50 3987.45 9104.71 3956.77 9064.62 3950.18 9072.00 3948.79 9068.59 3932.98 9126.92 3874.62 9042.23 3894.03 9036.74 3875.97 9018.78 3948.02 8979.24 4004.84 8992.85 4046.12 8998.63 3987.18 9026.06
5 5520.95 761.20 5494.16 766.08 5510.67 802.54 5423.25 738.61 5507.31 706.59
12 1175.25 9236.15 1134.49 9248.16 1133.31 9217.96 1120.56 9230.22 1125.32 9216.38 1119.90 9205.73 1129.09 9203.21 1112.12 9188.83 1125.37 9178.69 1144.50 9187.59 1184.06 9171.44 1187.44 9180.54
7 1809.57 14027.39 1750.68 14019.80 1728.75 13997.40 1723.47 13971.71 1740.24 13948.72 1827.97 13943.97 1813.45 14021.17
14 9701.64 7242.29 9673.75 7234.20 9673.73 7250.06 9691.38 7274.38 9645.95 7276.01 9637.42 7269.55 9605.68 7210.16 9589.94 7198.10 9612.05 7204.31 9635.93 7177.54 9646.02 7149.05 9645.72 7158.33 9663.20 7203.71 9691.87 7200.82
12 4940.28 3778.04 4978.11 3732.06 4991.38 3722.72 5028.21 3709.18 5057.02 3723.23 5081.97 3781.08 5082.35 3790.44 5063.76 3834.04 5045.35 3840.96 5017.07 3849.77 4967.35 3852.69 4946.92 3797.65
