Giant_2000_C
10681.80 17655.21
7041.67 428.33
4 0.00 0.00 18000.00 0.00 18000.00 18000.00 0.00 18000.00
2000
9 10903.90 10864.31 10888.02 10863.17 10855.69 10842.84 10849.62 10849.54 10825.28 10798.49 10846.01 10813.41 10860.49 10773.34 10884.70 10804.08 10892.29 10811.94
13 6887.36 16764.14 6884.86 16763.97 6897.40 16776.34 6882.38 16765.38 6896.84 16784.77 6878.73 16768.95 6881.42 16781.17 6869.63 16774.34 6833.62 16761.79 6840.87 16713.41 6858.50 16734.65 6871.78 16740.96 6883.65 16717.33
13 12799.61 3168.06 12816.21 3185.60 12766.34 3169.26 12780.81 3191.51 12715.82 3184.53 12724.67 3172.76 12710.70 3178.03 12724.15 3137.88 12739.47 3144.21 12738.05 3136.80 12735.21 3107.39 12767.28 3112.03 12802.86 3113.79
7 2377.16 6723.22 2333.02 6720.86 2318.83 6745.34 2296.13 6734.32 2319.50 6654.63 2391.34 6673.67 2356.63 6695.90
10 5032.90 9338.14 5051.38 9360.13 5044.08 9363.58 4986.10 9353.93 5006.40 9335.60 4981.17 9328.63 4972.34 9317.76 4994.51 9318.52 4981.69 9294.89 4987.89 9294.74
11 7895.38 14971.00 7892.00 14976.45 7896.53 14986.07 7860.09 14989.78 7837.11 14974.43 7821.97 14971.34 7831.52 14962.33 7833.29 14939.49 7881.69 14927.73 7882.74 14949.17 7903.02 14939.07
8 9907.54 14528.23 9908.30 14542.55 9898.90 14525.73 9840.01 14515.89 9861.89 14494.06 9869.85 14466.88 9886.31 14474.74 9926.08 14484.38
12 14000.03 4297.14 13992.03 4324.47 13961.01 4362.88 13934.48 4306.83 13931.96 4301.16 13916.75 4339.11 13905.11 4286.25 13917.45 4273.58 13904.17 4265.17 13907.49 4227.99 13932.90 4255.13 13959.82 4247.40
6 14715.33 11036.54 14689.88 11036.72 14665.66 10973.52 14728.31 10964.97 14750.31 10941.98 14751.99 10971.04
11 7536.26 12435.99 7507.02 12429.28 7503.79 12428.58 7521.61 12449.04 7496.95 12428.72 7493.43 12445.03 7472.10 12407.49 7471.31 12394.46 7479.99 12381.97 7524.41 12393.06 7507.00 12406.84
15 10439.08 15361.88 10448.90 15369.78 10438.15 15389.74 10429.38 15379.29 10424.00 15379.92 10386.12 15382.90 10391.13 15375.87 10367.30 15369.52 10405.22 15345.51 10410.04 15336.04 10418.61 15326.49 10425.83 15319.02 10433.64 15325.13 10434.67 15345.74 10455.65 15344.22
8 9673.83 13263.76 9648.23 13325.68 9624.83 13276.62 9593.06 13261.83 9589.21 13256.03 9594.43 13207.62 9635.79 13240.50 9668.04 13228.98
10 9209.50 9172.78 9196.94 9198.41 9122.97 9178.91 9138.92 9096.80 9144.08 9092.32 9175.26 9107.13 9194.71 9108.23 9220.56 9094.78 9221.63 9121.98 9233.53 9136.34
8 2624.36 8330.36 2557.65 8331.79 2548.78 8311.12 2538.72 8296.49 2570.40 8271.01 2620.68 8248.46 2614.72 8275.09 2611.96 8287.84
15 2536.06 9016.05 2499.34 8984.01 2521.54 9022.91 2466.97 8976.05 2469.03 8967.52 2438.67 8946.55 2485.22 8913.15 2487.38 8939.77 2511.59 8903.18 2505.89 8938.64 2526.70 8926.19 2509.97 8959.15 2537.84 8954.91 2563.71 8958.43 2560.45 8963.44
10 15270.42 6714.11 15227.86 6692.70 15221.94 6727.06 15143.36 6715.20 15173.04 6669.04 15147.45 6670.24 15121.67 6666.00 15163.02 6590.33 15201.41 6627.09 15260.88 6625.27
14 2117.81 16092.92 2085.40 16089.09 2094.88 16126.50 2077.65 16106.68 2069.37 16130.75 2072.62 16099.85 2071.01 16105.99 2055.86 16096.43 2046.39 16073.23 2066.21 16067.08 2065.25 16064.13 2061.41 16049.86 2081.86 16051.59 2086.63 16062.04
6 805.90 11504.42 775.70 11520.59 784.33 11478.43 796.79 11461.68 808.73 11429.90 827.08 11466.73
12 14244.64 12785.84 14195.34 12839.69 14133.94 12826.14 14115.41 12813.69 14098.68 12786.36 14151.02 12739.42 14193.61 12719.01 14202.25 12713.54 14199.28 12722.97 14255.18 12690.72 14204.72 12745.66 14232.75 12736.97
10 15720.96 15411.51 15713.09 15389.74 15628.87 15343.94 15666.96 15334.54 15668.49 15309.65 15701.10 15344.67 15712.43 15315.39 15716.00 15339.00 15754.80 15316.79 15737.17 15342.30
12 505.97 10483.27 509.43 10510.26 471.07 10494.40 450.51 10490.04 458.34 10469.19 412.13 10473.60 449.90 10443.27 437.18 10425.94 475.84 10395.10 488.14 10388.94 506.61 10386.42 500.73 10435.62
5 3778.08 6496.63 3676.59 6466.28 3780.32 6406.19 3825.20 6455.58 3785.90 6472.87
5 4095.75 2217.02 4112.83 2228.94 4094.60 2220.58 4049.13 2232.19 4052.31 2206.88
15 14382.53 14793.56 14369.49 14787.83 14412.02 14815.79 14387.29 14829.16 14367.48 14803.09 14323.06 14838.40 14294.93 14801.11 14332.03 14787.25 14306.02 14766.69 14306.38 14752.68 14344.85 14766.13 14344.27 14715.98 14381.23 14719.16 14419.24 14757.37 14407.65 14778.70
7 10629.16 691.76 10625.13 670.89 10624.97 670.04 10609.29 654.80 10628.20 667.95 10656.79 637.43 10653.59 661.98
15 9939.04 15407.97 9890.68 15400.62 9873.19 15409.55 9825.65 15393.60 9886.67 15367.86 9827.67 15339.86 9853.79 15305.12 9882.35 15323.64 9890.14 15318.76 9883.42 15293.37 9889.64 15300.32 9932.15 15330.83 9924.74 15344.64 9946.18 15333.44 9935.97 15358.53
10 2424.63 11929.17 2391.89 11925.65 2367.06 11935.93 2362.31 11922.32 2358.40 11922.07 2329.54 11880.70 2361.87 11858.14 2391.20 11877.11 2419.07 11866.22 2399.59 11898.31
14 4643.48 15080.40 4629.23 15114.60 4563.18 15098.78 4560.29 15101.10 4538.47 15099.03 4521.70 15056.70 4468.75 15050.23 4476.12 15025.53 4508.48 15018.83 4536.70 15039.11 4539.38 15039.44 4581.35 15027.06 4637.16 15040.79 4632.18 15058.09
12 3230.77 8333.36 3220.88 8335.67 3220.99 8347.65 3203.75 8345.23 3192.08 8352.15 3186.13 8335.02 3164.78 8324.99 3175.72 8316.13 3168.85 8309.85 3174.87 8294.12 3183.90 8291.53 3201.31 8276.57
14 12183.07 15657.85 12192.95 15671.72 12180.77 15673.13 12171.27 15679.88 12167.12 15679.28 12159.57 15663.79 12143.87 15683.39 12140.75 15661.90 12141.39 15651.42 12147.30 15651.54 12141.96 15625.17 12156.33 15642.23 12185.49 15649.76 12171.09 15651.50
12 15313.26 5446.50 15260.83 5441.44 15248.68 5451.23 15251.46 5430.29 15226.01 5492.36 15198.89 5450.56 15181.33 5375.68 15223.18 5379.72 15227.40 5378.18 15218.36 5344.11 15253.05 5381.01 15252.81 5360.72
13 9129.02 8018.89 9140.96 8029.57 9172.89 8061.76 9132.96 8084.07 9079.25 8049.28 9023.33 8025.42 9079.71 7990.66 9058.24 7961.17 9071.12 7958.36 9110.26 7975.99 9143.62 7944.14 9148.28 7947.77 9143.15 7969.88
6 7896.65 11889.49 7864.05 11902.62 7869.65 11929.28 7857.04 11912.99 7841.23 11873.73 7866.02 11856.28
11 7364.68 8840.03 7306.46 8854.68 7307.15 8816.86 7297.51 8817.67 7282.10 8817.82 7275.11 8811.62 7317.61 8742.70 7328.14 8757.70 7339.73 8764.35 7363.65 8787.24 7361.30 8797.53
10 3831.46 17473.66 3829.98 17470.94 3824.27 17507.84 3790.02 17427.29 3792.78 17412.94 3801.31 17406.07 3828.50 17437.44 3850.15 17414.89 3848.43 17437.53 3847.73 17446.62
13 16493.62 16954.55 16490.30 16964.49 16472.51 16954.50 16473.12 16964.56 16465.17 16954.63 16462.85 16971.20 16442.55 16965.41 16433.89 16948.39 16444.38 16945.23 16446.55 16940.18 16451.04 16940.45 16447.46 16932.60 16485.80 16935.46
9 17068.01 6246.15 17057.96 6250.76 17056.93 6256.59 17038.95 6232.34 17042.07 6227.89 17039.51 6220.64 17061.82 6212.69 17075.46 6209.32 17100.98 6236.41
13 9664.42 9124.22 9653.87 9128.01 9633.52 9201.30 9578.25 9145.08 9529.17 9155.12 9562.11 9085.12 9568.17 9057.40 9594.31 9072.18 9635.13 9084.17 9640.04 9101.37 9641.27 9101.67 9696.55 9094.59 9632.76 9110.03
8 569.98 2976.44 567.27 3013.86 548.48 3004.65 497.70 2961.51 520.01 2954.57 522.39 2931.99 533.04 2923.36 586.86 2958.78
13 8011.59 8617.44 8016.85 8630.15 8010.89 8632.37 8006.12 8646.91 7957.24 8603.54 7945.10 8630.11 7887.67 8603.62 7949.79 8561.95 7984.85 8549.64 8001.85 8553.12 8009.56 8564.45 8013.05 8576.58 7988.74 8586.41
10 9778.02 15337.00 9745.09 15323.99 9718.90 15317.10 9725.66 15298.68 9708.16 15287.22 9725.18 15297.36 9737.12 15280.77 9753.18 15281.12 9770.61 15304.97 9768.37 15306.75
12 14385.46 14305.60 14356.00 14300.74 14360.49 14317.78 14341.86 14302.77 14335.74 14329.69 14336.46 14312.36 14328.96 14294.45 14323.54 14293.38 14316.04 14261.44 14331.37 14270.37 14345.26 14281.60 14348.89 14279.58
9 7149.33 9519.00 7179.59 9575.01 7115.45 9522.74 7095.65 9510.32 7113.85 9498.24 7123.43 9504.03 7122.53 9486.72 7136.33 9461.20 7165.02 9507.69
5 15028.37 15385.36 15025.53 15342.36 15013.81 15301.30 15013.77 15295.86 15066.30 15316.72
6 9156.35 2660.71 9111.64 2686.34 9110.94 2657.80 9089.79 2644.79 9095.96 2643.14 9134.20 2628.21
7 6990.57 8207.76 6971.24 8242.42 6907.94 8232.43 6886.26 8202.42 6943.74 8135.76 6964.18 8141.39 6945.77 8172.54
14 6847.24 8619.11 6838.53 8621.36 6830.72 8632.87 6798.57 8644.12 6788.71 8643.58 6804.26 8623.73 6783.03 8634.58 6776.95 8624.84 6769.38 8614.41 6794.86 8599.78 6798.51 8584.62 6809.66 8570.42 6831.96 8598.68 6850.54 8612.80
10 13300.16 292.54 13296.85 292.40 13280.77 290.75 13264.93 368.90 13244.54 312.07 13219.19 274.03 13256.14 252.41 13261.36 243.03 13275.20 219.71 13339.35 281.92
11 8996.06 10437.57 9003.65 10448.50 8998.43 10456.94 8962.80 10467.17 8968.27 10445.14 8952.83 10468.58 8945.66 10452.91 8928.22 10448.53 8951.27 10417.08 8998.15 10413.33 9034.21 10397.21
8 9539.32 9557.50 9529.45 9595.25 9478.29 9567.82 9493.44 9556.98 9505.29 9550.56 9533.65 9527.44 9549.90 9518.99 9543.76 9527.21
9 17155.09 11115.88 17136.97 11109.35 17128.67 11123.09 17097.57 11096.46 17127.75 11080.82 17151.45 11078.75 17155.86 11083.64 17165.66 11084.05 17165.77 11092.61
12 2789.38 16734.23 2791.52 16770.15 2759.68 16775.45 2731.14 16735.45 2691.00 16741.12 2715.32 16729.82 2709.66 16725.88 2747.31 16709.75 2782.01 16692.68 2793.78 16690.04 2803.86 16701.55 2762.81 16717.96
11 10625.83 6015.20 10623.32 6021.86 10616.01 6028.27 10610.88 6012.60 10594.15 6021.39 10600.25 5989.58 10599.83 5971.57 10618.27 5989.64 10619.30 5989.36 10611.13 5962.01 10635.64 5995.91
10 6738.14 13552.18 6722.64 13565.34 6715.07 13591.03 6669.44 13563.48 6660.25 13523.90 6681.36 13509.35 6697.18 13528.48 6703.38 13524.02 6702.78 13528.82 6715.11 13544.58
13 14557.72 1573.78 14562.22 1606.75 14524.67 1588.69 14523.24 1584.07 14508.07 1623.97 14521.74 1574.40 14498.66 1581.53 14492.61 1541.46 14493.48 1515.82 14518.51 1537.20 14529.65 1509.11 14549.13 1513.76 14585.69 1525.87
9 11293.88 2072.03 11319.79 2124.92 11257.09 2107.02 11245.28 2119.55 11248.65 2100.32 11243.29 2068.21 11242.42 2061.72 11271.17 2024.76 11308.22 2046.38
8 12920.28 13130.64 12877.62 13156.43 12851.54 13160.88 12827.75 13109.12 12907.32 13096.33 12920.73 13079.08 12918.37 13091.20 12941.33 13056.06
15 2666.05 3848.69 2642.75 3859.01 2639.71 3891.36 2628.46 3927.92 2608.76 3876.72 2595.08 3892.94 2566.13 3926.94 2566.56 3923.43 2581.12 3878.26 2554.55 3903.76 2564.40 3892.44 2579.53 3763.21 2611.41 3815.99 2642.99 3750.32 2630.46 3838.82
9 13809.11 11554.82 13784.90 11551.20 13745.49 11582.39 13762.90 11556.95 13752.66 11565.90 13741.13 11540.33 13765.44 11531.76 13769.52 11529.11 13782.11 11548.07
6 16516.03 14811.50 16470.19 14792.91 16388.69 14798.90 16384.33 14755.24 16450.85 14751.15 16467.52 14697.78
8 11156.49 17676.09 11155.99 17681.64 11151.48 17677.63 11127.41 17672.17 11067.85 17664.42 11111.52 17645.87 11098.85 17589.48 11161.58 17623.43
7 13052.34 2554.23 12951.40 2545.41 12955.69 2517.87 12940.45 2509.63 12958.95 2490.96 12988.79 2484.35 13032.70 2516.56
12 2548.27 11696.19 2531.86 11712.64 2511.27 11715.38 2501.28 11721.18 2492.13 11692.29 2510.72 11673.63 2507.86 11649.25 2520.29 11672.27 2536.90 11669.88 2558.43 11666.99 2548.62 11679.60 2541.89 11692.31
15 5286.30 7161.27 5280.78 7168.64 5268.76 7166.73 5269.20 7182.67 5277.20 7206.43 5252.21 7175.77 5246.94 7176.63 5230.64 7209.51 5234.13 7191.91 5236.26 7177.97 5220.85 7188.07 5229.09 7157.56 5243.84 7151.98 5255.24 7111.63 5262.21 7154.88
7 11521.25 2874.05 11502.95 2857.30 11500.20 2860.99 11460.91 2855.17 11492.55 2809.40 11493.10 2808.32 11520.43 2824.48
7 4967.60 13466.28 4981.92 13491.47 4933.38 13464.59 4876.65 13522.68 4877.17 13418.58 4892.29 13417.06 4936.27 13399.11
7 15572.47 5665.10 15575.39 5683.32 15557.06 5676.94 15522.35 5601.20 15541.98 5598.04 15581.52 5590.53 15574.00 5630.21
11 9387.13 3022.38 9389.03 3026.45 9381.69 3030.40 9341.97 3045.09 9353.25 3032.18 9328.45 3050.07 9347.38 3030.47 9317.80 3027.42 9334.42 2992.38 9396.43 2986.85 9377.17 3010.06
11 7855.62 6977.50 7836.92 6958.32 7815.81 6957.16 7795.15 6968.25 7780.47 6946.36 7772.20 6942.65 7796.32 6899.34 7826.51 6879.28 7854.92 6920.34 7871.71 6917.32 7863.76 6926.60
11 4090.13 11122.83 4077.83 11110.51 4039.17 11169.50 4023.12 11100.07 4006.55 11091.10 4030.68 11054.06 4022.02 11042.16 4020.46 11024.16 4033.69 11035.60 4097.83 11026.41 4126.11 11048.34
9 16412.04 706.63 16413.72 744.04 16382.61 660.66 16361.20 627.38 16389.58 660.84 16379.88 629.44 16390.96 618.57 16468.89 640.88 16433.89 669.07
15 14557.46 10831.72 14544.43 10829.29 14531.00 10826.06 14537.07 10831.42 14540.27 10856.35 14509.88 10839.90 14499.13 10848.54 14500.40 10840.68 14493.11 10841.25 14496.14 10835.85 14488.37 10838.80 14507.34 10813.88 14555.97 10792.60 14548.45 10800.02 14564.79 10812.03
12 16156.40 3233.58 16159.66 3245.37 16172.34 3264.18 16141.92 3256.30 16123.30 3271.64 16110.65 3269.66 16113.33 3261.95 16105.67 3255.17 16116.22 3223.49 16115.96 3183.44 16172.66 3196.43 16151.20 3225.33
7 7013.52 16147.46 6971.51 16117.24 7008.91 16076.76 7004.97 16074.88 7031.53 15997.58 7059.33 16001.83 7068.13 16064.56
5 14477.17 16481.30 14468.07 16510.05 14448.51 16502.08 14418.29 16487.41 14420.50 16470.86
11 3063.56 5427.65 3045.59 5423.86 3021.51 5487.77 3011.85 5431.26 2965.00 5476.85 2991.51 5423.80 2963.06 5394.38 2994.61 5390.40 3012.42 5363.29 3046.44 5350.39 3039.36 5394.50
9 3736.91 5856.33 3681.72 5814.76 3661.77 5853.22 3661.68 5801.80 3645.63 5784.60 3657.84 5752.56 3651.74 5732.29 3695.28 5730.61 3698.96 5766.95
12 16793.16 16646.24 16776.27 16645.90 16811.05 16653.98 16761.70 16698.77 16719.26 16625.49 16743.36 16635.29 16748.37 16633.99 16749.67 16616.46 16765.83 16595.04 16771.46 16584.41 16765.93 16629.64 16788.41 16624.60
14 9303.51 14382.07 9267.26 14365.46 9272.88 14357.84 9249.89 14353.62 9271.20 14330.40 9265.08 14321.05 9287.62 14328.47 9292.19 14302.74 9291.74 14291.07 9304.80 14320.70 9308.08 14327.06 9316.08 14332.74 9346.12 14340.01 9344.84 14341.77
10 3247.22 2504.25 3237.69 2504.84 3223.67 2558.29 3220.11 2539.97 3216.21 2511.30 3207.51 2492.61 3192.05 2474.82 3241.85 2457.01 3256.26 2454.96 3252.56 2479.51
7 2985.83 8894.35 2973.77 8914.10 2927.84 8945.59 2897.52 8838.54 2931.22 8861.76 2941.57 8812.76 3016.64 8825.38
10 14999.70 5492.12 14999.56 5499.69 14971.78 5503.94 14974.90 5524.69 14966.19 5516.02 14961.68 5491.15 14933.21 5503.25 14944.37 5479.93 14941.26 5464.90 14990.67 5477.18
6 14193.38 2444.90 14168.65 2443.73 14085.12 2467.26 14080.11 2468.04 14067.49 2462.08 14108.28 2382.25
11 16126.04 2364.22 16097.08 2378.00 16096.74 2352.27 16098.85 2336.44 16102.00 2314.27 16112.14 2320.37 16118.29 2310.08 16137.96 2329.89 16148.48 2331.51 16138.94 2341.15 16148.17 2334.36
7 5588.78 15156.52 5594.26 15172.77 5563.08 15165.15 5529.28 15192.17 5536.32 15133.92 5559.29 15136.57 5566.26 15140.06
7 12127.54 5065.50 12090.72 5056.23 12073.39 5048.27 12094.71 5010.15 12113.99 5007.68 12135.64 4992.20 12144.23 5002.34
14 8833.25 9117.50 8866.14 9125.10 8833.58 9137.18 8823.84 9128.71 8820.08 9134.66 8794.91 9141.63 8780.73 9095.68 8822.90 9102.10 8827.91 9103.57 8832.43 9093.15 8843.04 9077.30 8840.16 9097.59 8833.35 9114.72 8855.24 9115.24
7 11358.88 378.96 11372.41 394.45 11345.68 421.07 11325.63 387.18 11316.73 375.80 11305.80 357.25 11363.68 360.99
12 4602.80 16994.79 4575.95 16993.39 4584.53 17010.38 4559.62 16983.96 4542.78 17009.53 4529.98 16997.64 4512.50 16938.21 4542.67 16953.66 4530.15 16921.09 4551.86 16931.70 4569.00 16941.85 4558.24 16956.87
8 8355.52 2416.41 8277.38 2447.29 8310.19 2403.71 8313.72 2384.82 8316.90 2385.58 8326.39 2361.55 8322.78 2387.90 8341.10 2374.09
6 11592.38 16392.72 11591.25 16426.19 11546.30 16425.23 11551.33 16410.48 11530.40 16339.50 11606.61 16354.06
14 4771.35 2875.91 4734.99 2870.47 4730.73 2869.67 4719.01 2872.51 4711.03 2870.29 4708.65 2869.15 4695.64 2870.38 4682.16 2910.87 4670.54 2868.74 4621.90 2878.61 4604.59 2873.49 4615.55 2844.00 4678.05 2819.39 4706.90 2813.48
15 6101.95 9156.81 6131.06 9171.45 6115.83 9168.99 6096.99 9168.55 6084.61 9206.53 6070.51 9196.33 6076.35 9168.22 6034.51 9163.52 6039.31 9154.44 6020.33 9152.86 6035.99 9143.43 6026.09 9134.39 6040.92 9123.27 6075.70 9140.46 6078.58 9114.81
11 2126.35 16605.61 2054.19 16570.17 2069.09 16537.41 2077.93 16544.27 2089.55 16556.13 2090.34 16523.83 2096.54 16511.50 2102.44 16533.22 2109.07 16542.38 2140.36 16533.74 2125.07 16551.15
12 11784.20 6010.33 11765.78 6015.69 11756.00 6021.71 11749.39 6007.13 11735.11 6023.57 11725.65 6030.62 11720.55 6008.30 11728.80 5982.78 11761.23 5966.25 11768.71 5976.63 11762.89 5988.86 11767.09 5996.71
13 12581.96 8707.61 12532.44 8709.76 12541.97 8697.70 12529.78 8704.40 12542.47 8693.46 12550.68 8676.49 12553.60 8674.57 12553.90 8668.11 12562.76 8646.33 12576.62 8652.43 12579.78 8662.54 12596.50 8657.83 12594.14 8662.56
5 14334.99 8630.65 14234.21 8657.29 14252.96 8606.80 14215.24 8518.74 14295.18 8567.30
5 9709.54 9424.25 9611.20 9457.07 9594.67 9425.03 9631.39 9350.08 9679.10 9353.18
10 348.62 8698.59 311.98 8737.87 288.32 8732.78 251.93 8678.42 303.88 8644.06 309.37 8627.39 322.51 8659.10 328.28 8620.04 350.21 8652.70 369.37 8636.19
11 7316.78 3820.51 7310.87 3810.12 7281.45 3802.86 7265.65 3805.84 7295.52 3769.04 7286.68 3737.09 7296.86 3731.99 7307.63 3735.79 7330.13 3766.08 7337.00 3769.97 7324.43 3774.27
6 16116.17 9983.03 16098.27 9972.52 16099.01 10006.01 16063.20 9984.56 16079.27 9948.17 16075.45 9927.07
12 1912.53 15023.95 1911.39 15023.63 1904.93 15021.59 1903.92 15029.99 1886.13 15041.00 1884.66 15031.84 1862.68 15027.02 1856.23 15023.98 1854.18 14991.68 1847.95 14970.22 1885.63 14991.54 1899.28 14990.63
5 4014.42 10612.55 3905.29 10619.31 3923.35 10593.64 4016.93 10571.29 4070.51 10602.98
15 7541.63 879.67 7515.07 887.75 7519.21 900.71 7516.85 900.34 7507.89 889.23 7490.42 903.61 7492.92 888.26 7491.09 889.33 7487.69 881.27 7472.64 874.00 7494.27 864.20 7506.98 830.66 7535.10 851.19 7542.57 856.19 7522.65 865.60
11 434.53 10805.35 438.71 10829.32 351.85 10838.80 338.83 10818.94 358.07 10808.13 352.08 10787.08 336.89 10770.55 378.32 10765.73 388.41 10766.76 409.99 10759.59 435.81 10775.14
8 16352.26 1401.51 16335.77 1407.80 16353.43 1434.69 16289.48 1406.70 16277.89 1419.66 16280.23 1342.61 16292.26 1344.76 16358.99 1351.05
15 6560.76 13148.52 6559.35 13172.46 6531.62 13172.30 6527.77 13170.57 6509.73 13159.69 6516.52 13125.04 6521.39 13114.82 6530.77 13104.81 6535.32 13124.80 6539.18 13098.55 6544.16 13114.28 6559.41 13112.98 6546.35 13130.07 6575.68 13121.94 6558.08 13132.51
12 1870.67 15524.55 1863.57 15529.64 1842.27 15528.61 1779.55 15579.81 1754.66 15540.11 1754.67 15539.71 1711.20 15550.39 1749.06 15527.31 1776.07 15491.86 1790.97 15484.31 1803.13 15504.19 1811.59 15517.71
12 5918.07 17284.74 5927.38 17335.83 5905.21 17284.90 5873.16 17313.30 5893.73 17283.14 5895.87 17279.82 5869.65 17299.71 5875.19 17238.26 5905.93 17196.48 5914.44 17202.06 5930.93 17234.38 5946.86 17222.85
10 10066.92 3089.93 10034.14 3088.04 10017.01 3063.04 9979.90 3081.72 9990.08 3049.06 9993.91 3032.19 9958.18 3005.10 10031.85 3027.69 10067.12 3009.24 10047.90 3030.88
5 4364.17 11320.14 4337.76 11290.51 4410.54 11267.63 4415.09 11244.94 4439.82 11288.78
10 2170.64 5504.00 2103.22 5548.76 2116.23 5497.32 2132.83 5491.52 2129.00 5483.89 2119.07 5446.75 2169.47 5467.80 2183.01 5477.51 2172.68 5486.71 2211.26 5494.95
8 5931.16 1810.77 5896.92 1833.64 5895.17 1784.10 5897.62 1780.99 5907.76 1765.11 5923.40 1724.07 5960.78 1734.98 5978.62 1774.86
6 10062.35 10332.14 10061.30 10347.16 10017.76 10313.41 9979.04 10265.90 10026.79 10255.48 10065.79 10244.07
5 11760.48 3003.00 11745.84 3018.52 11723.97 3015.44 11685.74 2979.94 11762.14 2980.68
14 2848.32 16972.22 2851.78 16980.54 2838.00 17002.48 2830.10 16998.75 2838.56 16971.94 2804.69 16981.03 2802.10 16974.57 2814.17 16939.94 2819.60 16939.93 2830.25 16944.76 2849.46 16930.99 2851.60 16948.06 2859.77 16950.94 2867.05 16961.19
5 13949.28 12725.54 13933.80 12731.80 13911.68 12748.90 13871.11 12743.66 13917.45 12699.70
14 1797.60 12908.88 1768.56 12928.60 1741.32 12917.26 1728.68 12916.95 1721.54 12930.85 1718.24 12965.16 1682.75 12925.89 1666.28 12932.48 1677.86 12872.29 1720.80 12874.11 1722.47 12881.00 1733.18 12872.52 1772.18 12855.53 1788.54 12890.92
7 1323.98 4592.69 1315.09 4592.92 1297.10 4643.33 1214.49 4601.69 1263.74 4583.17 1268.82 4578.20 1298.26 4580.63
14 16915.21 9061.58 16945.03 9083.72 16944.00 9089.56 16934.07 9088.41 16896.21 9073.21 16888.39 9095.74 16893.32 9070.91 16874.23 9105.94 16848.20 9085.79 16886.07 9059.70 16876.88 9050.14 16880.26 9028.14 16904.37 9049.78 16948.08 9040.19
7 17844.09 15124.82 17796.61 15148.97 17741.81 15163.69 17700.67 15072.03 17755.29 15055.83 17844.94 15019.56 17822.75 15041.95
5 5941.21 8456.22 5881.72 8433.68 5906.45 8416.06 5918.20 8406.13 5923.44 8411.85
14 8509.20 7564.43 8497.17 7556.83 8492.22 7555.58 8505.23 7575.68 8457.46 7550.74 8430.80 7550.61 8430.75 7545.17 8426.39 7541.79 8424.65 7512.59 8461.16 7521.17 8461.06 7511.76 8466.26 7513.11 8523.79 7522.85 8514.55 7530.50
9 9543.47 11494.01 9536.25 11495.85 9540.17 11502.96 9531.43 11529.20 9527.02 11534.68 9507.85 11550.35 9539.09 11445.07 9539.29 11469.59 9540.34 11473.11
7 9819.29 6663.11 9813.24 6650.24 9763.95 6607.83 9816.49 6588.56 9836.89 6580.46 9865.81 6524.25 9877.89 6535.32
5 3849.62 3565.74 3847.60 3572.52 3833.88 3567.17 3818.64 3533.97 3844.86 3493.13
11 579.53 2298.51 576.49 2301.80 567.43 2310.77 555.84 2326.25 556.77 2318.16 547.46 2310.89 535.04 2318.18 540.23 2307.88 559.89 2265.53 566.61 2280.70 575.43 2264.22
13 13137.61 8494.90 13122.52 8487.27 13104.45 8460.49 13057.27 8470.47 13054.75 8440.50 13081.23 8428.91 13092.00 8420.37 13095.00 8377.28 13126.73 8388.51 13156.96 8375.90 13137.75 8416.87 13167.40 8424.55 13162.46 8427.87
5 17657.21 4068.10 17596.70 4072.45 17588.29 4053.70 17572.99 4016.06 17671.31 4043.66
5 12952.67 342.23 12931.49 304.41 12910.85 269.58 12986.22 273.78 12987.36 283.34
12 8576.62 15460.76 8548.91 15476.30 8537.05 15457.09 8512.87 15472.84 8501.98 15453.40 8497.77 15443.40 8510.45 15391.24 8536.16 15409.74 8542.41 15386.84 8564.85 15401.50 8554.52 15422.55 8598.77 15424.47
15 16601.49 11395.12 16643.24 11405.53 16592.73 11402.07 16590.82 11404.31 16581.43 11436.84 16503.50 11457.88 16506.72 11416.34 16495.56 11379.78 16501.06 11377.38 16532.57 11322.55 16559.31 11353.25 16568.77 11323.26 16585.93 11382.24 16614.20 11383.02 16629.66 11385.55
9 748.24 1772.24 708.42 1770.63 700.90 1796.80 686.12 1785.11 650.48 1769.71 693.78 1687.59 694.49 1716.38 701.26 1711.94 710.55 1683.70
14 13848.23 1873.59 13839.24 1878.03 13822.76 1867.81 13827.32 1876.23 13817.98 1874.98 13812.83 1872.87 13809.27 1875.74 13797.40 1869.77 13795.54 1870.03 13777.69 1873.26 13781.92 1865.46 13816.81 1847.93 13817.92 1844.33 13839.93 1848.90
7 9141.49 16670.61 9083.98 16686.63 9099.16 16659.74 9155.80 16597.00 9153.53 16606.41 9182.07 16626.15 9192.13 16637.58
9 8810.13 9683.07 8818.29 9713.53 8715.69 9705.05 8692.82 9724.08 8720.07 9661.26 8696.35 9607.63 8728.76 9620.38 8750.92 9574.35 8762.56 9591.20
8 15816.73 10777.82 15802.28 10793.08 15784.77 10798.12 15791.85 10843.16 15718.47 10816.68 15705.14 10764.78 15714.64 10712.73 15851.18 10733.32
15 13217.57 10545.71 13253.70 10576.11 13223.51 10564.36 13220.86 10614.87 13180.66 10558.23 13183.92 10616.15 13152.94 10620.51 13117.70 10574.83 13143.00 10553.32 13122.88 10541.12 13167.42 10470.75 13181.42 10455.94 13196.98 10502.14 13213.21 10483.23 13204.68 10528.06
8 3429.25 15288.52 3418.10 15310.56 3425.51 15259.56 3379.60 15278.04 3394.28 15238.45 3389.75 15211.55 3428.50 15184.99 3469.41 15193.85
7 6351.28 8090.71 6328.89 8100.95 6294.48 8127.08 6291.70 8095.99 6278.70 8087.23 6278.63 8077.08 6254.92 8059.10
11 9773.18 1339.76 9731.48 1345.77 9736.54 1358.42 9729.57 1343.13 9700.00 1360.98 9685.86 1373.85 9696.99 1347.96 9715.72 1277.69 9715.00 1267.45 9774.03 1311.74 9790.12 1312.65
14 2248.35 11692.97 2238.77 11665.58 2236.70 11665.59 2228.92 11671.92 2209.00 11665.48 2231.13 11657.58 2229.87 11632.76 2237.49 11645.91 2242.76 11613.17 2250.35 11622.20 2250.39 11631.48 2261.56 11617.56 2265.18 11646.63 2270.42 11650.43
5 1754.49 5687.60 1697.19 5675.95 1741.98 5602.96 1752.50 5648.24 1754.55 5645.78
5 1910.82 13104.76 1896.45 13083.84 1861.50 13016.80 1916.99 13040.27 1942.35 12991.19
9 16939.59 2277.16 16884.73 2284.53 16862.10 2297.65 16872.86 2271.92 16856.07 2251.70 16850.70 2231.30 16875.86 2220.79 16930.91 2255.10 16951.83 2268.46
9 13015.84 7106.70 12989.48 7088.81 13011.25 7097.75 13009.96 7093.91 13014.41 7097.00 13010.61 7081.61 13035.86 7094.41 13035.48 7098.92 13038.68 7099.65
5 15160.69 14522.76 15108.31 14544.19 15046.42 14536.34 15126.03 14490.76 15151.73 14510.57
13 8767.98 9511.66 8763.71 9518.27 8774.35 9524.87 8732.13 9530.17 8735.90 9522.36 8738.31 9517.16 8734.83 9508.48 8734.83 9500.73 8714.65 9478.46 8735.24 9497.37 8731.86 9481.84 8750.50 9490.78 8765.08 9486.03
12 377.80 14489.51 388.85 14514.63 349.65 14500.80 337.67 14508.33 338.38 14482.51 348.31 14479.46 339.68 14467.71 353.31 14475.55 357.11 14453.74 376.49 14443.26 387.47 14470.11 406.91 14480.50
13 9581.44 6507.36 9575.84 6514.03 9587.97 6523.39 9569.56 6527.80 9558.57 6523.64 9579.83 6562.08 9493.71 6567.67 9495.24 6504.40 9471.81 6503.04 9512.91 6500.25 9470.69 6457.28 9592.31 6481.60 9583.53 6501.63
5 15773.93 3566.27 15737.57 3599.30 15737.72 3540.63 15739.59 3550.03 15755.33 3556.51
8 3547.24 16917.66 3540.02 16916.07 3555.95 16970.76 3455.49 16922.52 3424.04 16926.40 3476.72 16900.77 3533.92 16862.66 3550.94 16905.19
11 14595.03 3050.45 14629.67 3062.06 14602.01 3086.73 14583.63 3061.61 14581.89 3087.94 14567.72 3048.59 14564.65 3045.24 14544.93 3008.60 14569.49 3032.72 14566.46 3024.28 14584.28 3021.27
13 17761.49 3633.77 17744.87 3639.51 17728.96 3623.06 17722.01 3617.85 17693.10 3621.38 17702.00 3615.37 17677.28 3625.27 17691.64 3607.52 17680.27 3601.01 17671.01 3598.15 17708.70 3600.66 17733.72 3594.52 17756.86 3596.34
12 4880.25 1807.22 4849.16 1822.48 4854.80 1834.52 4834.39 1812.21 4815.28 1840.28 4815.43 1827.96 4796.34 1836.62 4818.63 1809.82 4816.40 1808.28 4819.08 1787.00 4815.85 1781.06 4824.36 1777.57
14 10621.65 7978.76 10675.03 7990.50 10615.17 8007.61 10604.88 8009.44 10569.22 8036.62 10557.64 8027.76 10583.84 7992.10 10576.97 7990.31 10566.33 7935.24 10600.99 7907.10 10606.27 7950.39 10628.03 7972.81 10659.45 7972.24 10667.74 7973.60
12 15383.74 4623.28 15326.21 4620.30 15351.34 4582.48 15299.84 4594.79 15352.30 4576.85 15311.19 4586.56 15347.26 4571.03 15344.81 4570.32 15313.78 4560.24 15365.37 4497.69 15433.65 4566.02 15409.48 4568.21
13 17828.71 6360.40 17798.40 6371.43 17787.00 6354.01 17769.18 6347.88 17767.39 6341.30 17770.98 6332.56 17784.81 6305.28 17795.08 6300.23 17810.66 6305.45 17804.12 6327.40 17814.97 6326.67 17807.89 6334.98 17822.41 6335.02
11 12126.73 2894.42 12095.97 2881.43 12103.16 2865.78 12092.24 2860.94 12067.77 2841.63 12087.69 2839.04 12121.57 2828.16 12126.77 2844.13 12124.53 2849.73 12137.66 2844.84 12131.98 2849.88
14 8903.73 14348.38 8944.01 14362.01 8931.91 14361.23 8919.67 14378.79 8887.37 14361.35 8881.57 14408.68 8876.41 14367.40 8878.99 14409.40 8863.54 14378.71 8856.99 14354.64 8822.76 14307.28 8863.23 14321.34 8876.79 14301.64 8891.54 14278.56
6 4139.40 9928.04 4105.01 9920.96 4126.24 9899.16 4152.34 9887.04 4165.52 9867.74 4165.56 9885.05
9 11253.22 668.67 11255.50 710.91 11229.45 668.43 11232.22 643.78 11198.43 634.68 11220.28 604.43 11221.55 590.11 11258.24 573.21 11321.18 606.44
7 819.91 4809.90 815.76 4838.89 771.58 4811.86 761.53 4803.96 790.30 4783.67 767.43 4772.30 818.62 4750.84
9 4479.46 1068.52 4452.46 1076.56 4455.17 1110.54 4443.60 1099.11 4442.68 1084.38 4424.06 1045.46 4442.00 1042.43 4450.24 1045.01 4488.56 1037.02
13 7586.71 16900.12 7628.76 16920.79 7591.30 16909.89 7631.34 16934.16 7594.32 16921.01 7600.03 16972.68 7565.11 16966.77 7545.12 16924.75 7543.18 16892.71 7563.37 16837.95 7590.93 16836.49 7602.39 16820.45 7621.85 16859.53
10 16467.82 7139.79 16448.80 7179.43 16442.65 7155.48 16432.56 7149.19 16425.13 7152.88 16409.53 7151.59 16445.42 7117.32 16445.34 7122.95 16446.49 7120.00 16462.80 7125.13
6 9566.09 6945.12 9524.33 6969.74 9506.40 6958.73 9523.46 6931.69 9499.18 6872.70 9550.04 6879.96
13 502.85 13551.83 499.33 13576.39 481.66 13557.69 477.12 13549.32 448.76 13561.15 452.32 13530.67 465.17 13533.48 469.90 13529.70 474.16 13531.95 471.55 13509.72 472.36 13506.24 483.07 13516.21 508.50 13536.93
5 8783.92 4080.74 8820.32 4097.57 8716.98 4066.20 8712.03 4043.04 8714.83 4021.64
14 15223.29 7677.54 15212.87 7678.54 15203.41 7672.64 15199.66 7700.55 15189.98 7687.97 15184.54 7678.17 15171.83 7665.00 15163.20 7661.44 15169.12 7659.10 15188.57 7647.55 15175.72 7635.84 15182.91 7636.66 15217.93 7650.80 15233.54 7643.38
14 14854.95 10285.50 14864.35 10303.45 14839.59 10294.42 14833.51 10306.51 14829.28 10300.87 14827.12 10299.12 14816.08 10305.29 14832.07 10280.22 14819.65 10268.06 14826.68 10268.67 14832.28 10272.84 14823.67 10260.60 14873.29 10268.29 14867.12 10281.10
11 15219.67 13305.75 15199.52 13313.16 15194.32 13309.55 15174.65 13321.72 15183.97 13292.05 15178.23 13288.61 15174.99 13276.33 15191.61 13267.75 15199.64 13280.61 15233.78 13275.23 15231.22 13277.66
11 5806.56 10644.81 5764.93 10652.26 5754.25 10629.26 5737.45 10680.89 5726.44 10681.70 5701.40 10632.04 5740.22 10564.44 5746.90 10581.55 5753.99 10553.68 5757.67 10548.72 5787.32 10581.88
5 15153.34 13770.59 15128.97 13794.18 15108.12 13764.71 15170.19 13751.49 15174.38 13756.87
5 9040.45 1270.47 8960.03 1286.17 8936.06 1180.07 8986.75 1194.30 9053.73 1195.34
9 15788.63 5727.15 15734.25 5727.30 15736.42 5706.39 15722.61 5659.40 15731.57 5643.94 15749.95 5658.37 15790.82 5667.81 15790.06 5686.52 15811.34 5684.84
14 8634.36 8066.01 8587.26 8051.12 8636.76 8076.21 8586.64 8060.07 8584.63 8072.68 8590.44 8102.29 8566.56 8075.40 8550.51 8069.45 8544.85 8066.68 8536.69 8064.53 8508.43 8061.85 8553.86 8021.42 8592.25 7979.76 8589.04 8035.17
10 1708.36 2862.94 1694.86 2858.21 1695.79 2871.46 1684.52 2855.36 1627.15 2841.68 1663.75 2829.50 1658.94 2803.60 1672.61 2807.94 1695.30 2831.23 1685.42 2836.56
8 12271.50 12514.09 12227.04 12410.95 12250.61 12409.15 12296.86 12407.12 12308.62 12431.03 12353.81 12379.67 12346.08 12404.07 12348.26 12439.31
5 6452.28 2500.56 6424.98 2515.88 6434.48 2470.72 6457.30 2477.78 6448.95 2481.18
12 525.59 16196.90 545.42 16212.48 524.84 16213.61 516.64 16215.53 498.68 16230.04 485.46 16228.47 485.76 16223.37 488.50 16201.44 477.56 16189.29 508.96 16188.31 515.46 16182.82 529.64 16182.40
6 4572.09 7960.64 4544.30 7962.93 4532.69 7922.34 4553.82 7838.46 4557.96 7850.90 4576.77 7892.61
15 1689.11 3522.09 1675.11 3521.76 1678.48 3545.29 1648.36 3548.85 1640.41 3541.51 1644.04 3526.55 1650.49 3512.59 1655.52 3504.03 1649.45 3480.86 1651.49 3472.05 1658.69 3492.94 1661.95 3502.99 1663.73 3501.53 1667.30 3501.75 1682.22 3490.65
6 12783.63 6338.80 12726.05 6362.74 12727.00 6303.13 12730.37 6258.40 12755.38 6306.68 12792.35 6310.44
14 7479.29 5896.40 7484.14 5901.63 7437.17 5972.75 7390.35 5922.33 7373.47 5901.98 7369.27 5876.69 7348.85 5860.98 7362.51 5844.97 7436.14 5804.40 7428.49 5836.37 7435.50 5837.41 7484.26 5863.29 7462.10 5884.07 7475.52 5882.88
13 7954.94 1215.58 7943.64 1206.43 7926.09 1225.66 7895.74 1197.63 7897.06 1180.49 7812.95 1156.77 7848.49 1107.97 7876.55 1128.75 7887.55 1121.49 7895.33 1116.27 7950.68 1111.51 7975.41 1117.53 7938.02 1147.04
5 17569.43 14899.22 17559.33 14872.76 17549.71 14793.52 17583.88 14815.84 17618.94 14831.02
15 13725.82 14039.19 13741.46 14054.93 13710.56 14042.94 13656.85 14056.72 13652.43 14051.35 13679.40 14034.59 13657.04 14038.37 13664.61 13993.38 13679.81 13973.18 13693.31 13974.07 13703.11 13968.10 13727.72 13974.20 13723.02 13983.65 13727.55 13992.00 13725.25 14010.65
7 17583.26 3294.82 17562.60 3251.42 17575.15 3302.40 17553.71 3289.62 17538.25 3237.02 17539.65 3147.48 17601.31 3176.05
12 11950.98 1005.47 11952.35 1039.68 11954.57 1046.57 11917.55 1035.24 11927.29 1003.47 11920.62 981.41 11945.23 973.39 11966.24 951.74 11961.84 969.06 11976.05 980.25 11986.94 993.49 11953.70 998.90
8 4757.90 13748.44 4790.59 13766.79 4754.67 13759.31 4738.29 13789.96 4731.01 13717.60 4759.25 13699.41 4745.98 13729.36 4778.02 13718.29
9 8790.82 3134.99 8815.99 3175.41 8805.83 3182.58 8788.16 3171.32 8756.57 3137.50 8719.07 3128.63 8765.77 3103.26 8773.76 3100.20 8816.75 3132.55
7 9636.84 14768.78 9641.05 14778.46 9555.36 14793.77 9535.88 14746.28 9573.70 14735.42 9610.75 14741.01 9642.42 14754.65
11 2171.96 4643.40 2187.28 4663.69 2137.59 4656.59 2121.41 4661.98 2106.51 4668.09 2125.39 4644.94 2136.48 4639.71 2120.45 4635.83 2136.46 4635.21 2125.56 4588.77 2193.72 4602.18
12 981.66 518.96 977.78 529.12 957.11 525.04 974.07 510.82 967.11 512.10 965.14 508.91 970.54 503.36 965.50 502.73 958.33 501.89 995.40 481.90 1002.84 475.23 1010.73 502.61
14 10643.00 1874.33 10653.64 1884.61 10646.55 1891.22 10644.54 1903.55 10597.24 1925.28 10592.39 1928.29 10587.28 1882.02 10561.10 1861.81 10597.97 1832.81 10599.66 1796.41 10633.73 1839.42 10662.32 1805.91 10664.90 1838.72 10674.36 1853.85
10 5241.51 3421.60 5198.54 3415.37 5172.63 3388.27 5160.73 3351.37 5202.53 3366.04 5183.59 3319.94 5208.63 3347.38 5256.86 3334.00 5271.23 3347.35 5247.18 3366.97
10 13001.10 1764.03 12973.23 1775.28 12990.68 1812.81 12935.92 1785.88 12926.06 1791.44 12909.86 1741.75 12923.32 1739.02 12953.25 1730.84 12956.24 1719.78 12967.62 1741.96
8 12903.38 3940.42 12895.51 3947.83 12866.03 3981.88 12859.98 3940.68 12831.73 3926.94 12885.66 3899.58 12896.38 3918.27 12932.37 3919.30
13 10874.02 15266.14 10861.37 15256.33 10847.41 15272.38 10840.20 15255.75 10835.76 15248.96 10830.78 15243.96 10827.90 15235.87 10821.96 15229.42 10826.14 15217.98 10826.38 15194.80 10833.22 15207.47 10835.35 15203.46 10859.64 15229.94
14 263.66 11043.19 260.12 11043.80 258.19 11042.62 257.10 11090.36 238.67 11055.05 238.91 11040.45 232.77 11040.96 183.01 11056.14 223.80 11026.44 185.51 11023.63 231.40 10967.45 259.53 11001.87 282.00 11003.38 266.57 11019.92
6 11696.32 4427.50 11632.86 4366.69 11645.78 4354.37 11674.58 4297.89 11693.44 4339.06 11719.40 4363.41
10 16958.86 1210.60 16952.75 1201.58 16924.38 1212.66 16925.73 1177.28 16930.02 1174.40 16937.83 1144.24 16983.09 1172.59 16998.91 1168.90 17000.12 1170.44 16977.10 1184.94
13 7101.05 212.53 7111.63 221.74 7087.37 218.50 7044.66 192.24 7052.15 190.19 7067.41 194.68 7066.96 159.83 7074.32 179.11 7092.81 169.83 7094.60 168.23 7093.94 177.39 7088.00 193.33 7090.07 199.21
13 16544.40 5145.92 16480.55 5146.32 16445.49 5205.51 16430.13 5169.80 16386.41 5138.02 16416.53 5107.92 16399.28 5095.10 16417.39 5101.75 16429.32 5050.17 16461.08 5096.22 16498.74 5104.39 16543.11 5106.40 16484.10 5126.66
7 4346.41 669.10 4339.36 686.78 4326.34 680.84 4316.82 672.47 4295.29 649.38 4304.13 649.43 4333.12 628.22
11 16375.18 2742.68 16390.62 2768.11 16369.78 2743.87 16355.98 2767.47 16329.00 2765.28 16333.05 2759.38 16326.37 2758.86 16324.70 2721.37 16371.96 2697.12 16386.70 2677.49 16390.20 2708.77
6 16870.53 3357.43 16876.62 3383.90 16839.85 3388.47 16834.61 3367.38 16796.04 3296.97 16876.54 3270.91
8 7839.16 3731.96 7822.88 3753.52 7808.50 3726.24 7811.87 3703.07 7839.32 3672.66 7850.80 3676.60 7864.12 3705.61 7852.75 3721.67
7 10441.29 10818.05 10446.16 10850.72 10401.64 10768.88 10420.24 10789.42 10436.39 10788.16 10433.35 10796.35 10450.67 10783.37
13 1283.17 6482.47 1279.51 6524.15 1271.35 6499.61 1251.82 6458.54 1216.22 6505.48 1245.77 6451.89 1219.23 6454.39 1239.29 6443.99 1180.06 6444.03 1269.33 6409.16 1281.46 6375.72 1288.14 6427.78 1333.52 6433.21
13 2574.86 4807.22 2561.42 4804.41 2559.59 4799.07 2553.02 4801.48 2510.90 4805.96 2507.37 4806.50 2534.68 4788.11 2549.95 4782.09 2535.83 4775.36 2568.02 4774.35 2555.45 4761.80 2556.44 4750.47 2675.16 4760.06
13 5154.90 4192.70 5149.36 4196.26 5151.10 4202.32 5147.64 4209.00 5147.08 4226.76 5144.43 4232.89 5137.64 4223.78 5131.33 4235.36 5129.74 4219.25 5111.25 4200.23 5108.50 4186.07 5148.57 4153.05 5167.37 4185.10
9 11335.91 12306.93 11299.11 12272.93 11292.07 12299.80 11272.72 12303.04 11276.14 12281.50 11271.69 12277.52 11272.33 12267.47 11248.44 12210.18 11348.64 12235.13
13 7220.14 7031.30 7198.30 7020.28 7190.50 7025.07 7180.20 7050.63 7167.52 7051.86 7172.15 7040.36 7144.74 7010.82 7151.00 7000.23 7149.76 6985.17 7163.57 6995.26 7182.25 6993.93 7183.12 6999.91 7182.50 6990.40
12 2314.73 4010.62 2293.93 4008.79 2301.67 4012.21 2298.78 4015.39 2293.62 4017.77 2282.05 4026.32 2269.16 4019.11 2265.17 3991.91 2272.16 3996.18 2269.77 3992.26 2271.90 3990.80 2318.03 3998.45
7 14156.16 3405.10 14178.82 3378.19 14171.41 3378.84 14179.86 3353.84 14169.05 3317.96 14188.29 3295.64 14240.74 3352.95
6 15900.88 3391.16 15893.22 3396.28 15905.06 3409.57 15879.00 3412.99 15862.43 3349.67 15904.27 3366.49
10 11207.57 2522.65 11223.83 2542.94 11218.95 2556.67 11191.39 2551.42 11121.97 2575.77 11093.05 2553.37 11143.88 2494.41 11162.19 2496.23 11196.97 2431.38 11205.81 2437.13
10 11476.78 5723.21 11432.31 5756.30 11411.65 5727.02 11398.80 5748.94 11395.72 5753.66 11401.06 5693.56 11395.63 5592.85 11419.69 5606.20 11454.44 5604.87 11461.63 5668.70
5 1123.90 8029.15 1082.29 8048.62 1079.07 8066.26 1067.57 8036.06 1130.49 8021.38
13 13005.39 13618.31 12976.86 13631.02 12914.84 13656.94 12914.07 13596.88 12916.32 13519.58 12941.87 13540.93 12959.38 13516.44 12958.08 13557.46 12992.21 13544.03 12961.04 13581.92 12957.86 13587.73 12955.17 13592.63 13009.51 13588.00
14 12072.32 13792.72 12074.17 13794.70 12048.44 13794.25 12059.28 13809.16 12042.66 13817.29 12038.89 13805.38 12039.11 13800.90 12024.83 13813.87 12023.80 13766.16 12036.01 13783.18 12049.21 13756.99 12049.08 13762.64 12067.99 13777.93 12057.54 13786.92
7 7775.73 7980.92 7799.22 8007.00 7745.68 7976.78 7715.60 7922.89 7731.55 7897.94 7764.11 7943.79 7778.31 7947.39
7 4018.70 7524.39 3910.78 7489.53 3907.61 7423.82 3969.32 7463.86 3995.88 7432.48 3967.72 7483.40 3974.20 7486.98
11 6285.84 8690.46 6263.51 8691.03 6257.07 8691.22 6242.58 8701.26 6228.37 8704.22 6232.30 8675.30 6239.65 8615.04 6249.09 8597.11 6285.05 8620.24 6302.61 8624.97 6314.60 8616.15
9 16868.32 2638.86 16841.25 2674.36 16803.48 2660.34 16798.10 2649.06 16776.05 2665.34 16794.17 2614.50 16813.22 2607.34 16811.71 2581.90 16895.05 2571.79
5 16897.53 4900.69 16902.26 4952.75 16896.51 4942.20 16832.10 4861.16 16965.82 4838.49
12 3044.77 16096.63 3006.87 16103.50 2943.53 16148.94 2957.74 16103.32 2913.84 16115.30 2893.49 16105.11 2900.01 16038.14 2970.72 15999.51 2978.34 16053.68 3028.01 16035.66 2995.38 16070.98 3016.01 16070.98
5 13271.13 3679.70 13279.63 3700.14 13220.91 3690.45 13230.76 3675.01 13272.94 3645.60
10 7514.58 9276.33 7531.74 9293.61 7493.20 9344.07 7459.03 9299.26 7434.23 9291.82 7429.09 9246.55 7497.55 9250.67 7513.16 9246.92 7552.52 9230.12 7538.27 9264.55
13 4742.00 3833.72 4708.98 3830.72 4660.06 3819.39 4662.70 3810.89 4667.23 3793.22 4626.27 3764.17 4637.35 3767.06 4632.64 3763.91 4657.25 3722.74 4689.20 3766.11 4718.28 3749.74 4720.29 3748.78 4732.83 3747.13
11 15149.03 7348.59 15091.49 7383.39 15076.26 7393.27 15039.78 7387.32 15030.61 7307.96 15091.09 7302.96 15104.67 7287.87 15105.82 7326.18 15119.66 7318.63 15151.59 7311.38 15155.81 7311.99
5 10736.55 6581.71 10749.92 6602.67 10729.04 6618.48 10718.03 6611.45 10728.71 6535.82
6 1164.13 4943.52 1113.36 4940.62 1067.48 4983.89 1047.42 4949.18 1110.96 4899.36 1104.34 4914.78
15 10924.63 14028.43 10914.73 14069.47 10901.54 14094.14 10885.09 14065.32 10867.02 14088.73 10835.92 14048.50 10798.09 14045.52 10798.13 13977.96 10791.85 13962.78 10836.72 13989.51 10848.99 13980.42 10857.96 13987.88 10861.58 13987.26 10883.40 14004.93 10944.60 13996.65
12 11524.54 4263.13 11542.44 4268.88 11518.37 4265.41 11509.08 4288.62 11494.91 4265.83 11486.14 4307.68 11475.56 4269.50 11455.33 4286.01 11475.19 4264.10 11434.21 4221.04 11483.73 4235.84 11507.61 4239.25
6 12928.42 609.64 12854.31 650.39 12875.81 608.25 12861.08 589.20 12847.71 547.20 12915.69 587.29
11 8857.14 7361.77 8913.49 7378.30 8827.01 7419.47 8820.81 7433.00 8819.68 7389.64 8819.16 7390.30 8771.88 7370.05 8772.84 7329.87 8804.39 7319.39 8843.42 7295.90 8849.28 7324.34
6 8581.99 16398.90 8521.33 16376.66 8499.45 16384.32 8501.70 16316.34 8498.81 16265.97 8550.28 16320.10
15 14574.10 10064.37 14578.50 10080.26 14550.67 10071.90 14530.88 10074.08 14502.59 10081.00 14532.68 10048.05 14541.21 10041.28 14545.54 10012.90 14553.93 10010.10 14567.34 10014.60 14565.60 10037.85 14562.82 10056.70 14582.84 10054.14 14574.39 10056.53 14578.09 10056.38
9 957.61 2905.06 976.19 2919.01 933.21 2921.51 826.51 2870.24 811.01 2857.88 815.53 2851.03 866.35 2880.02 902.72 2837.86 897.50 2878.73
5 15225.28 11139.38 15229.73 11132.43 15230.22 11082.50 15259.64 11092.81 15281.96 11114.86
11 2025.31 10346.61 2044.17 10390.42 1985.73 10373.96 1965.28 10406.56 1968.07 10344.08 1964.52 10325.31 1952.72 10316.65 1991.77 10297.44 2005.03 10295.47 2043.10 10286.91 2051.37 10335.98
14 6742.80 10134.70 6698.14 10132.10 6710.93 10173.41 6660.81 10165.77 6612.99 10171.98 6613.70 10164.90 6601.50 10167.90 6599.48 10135.72 6586.35 10120.82 6660.93 10066.00 6680.49 10109.60 6688.73 10106.41 6730.28 10078.52 6744.14 10108.25
11 7611.48 2128.07 7617.60 2181.05 7576.00 2153.97 7553.50 2157.75 7558.85 2129.99 7557.65 2123.89 7542.02 2112.15 7512.11 2080.49 7535.44 2084.18 7571.72 2075.25 7596.58 2100.67
11 2374.02 11197.10 2314.71 11261.85 2282.36 11199.40 2275.45 11235.03 2272.63 11213.80 2238.82 11178.17 2232.64 11174.15 2256.97 11173.26 2277.97 11111.99 2342.95 11124.93 2335.79 11140.27
14 16829.88 8191.56 16783.01 8222.66 16757.06 8189.65 16737.45 8201.81 16683.82 8195.41 16681.96 8116.93 16714.49 8075.69 16732.06 8111.39 16770.27 8075.76 16774.07 8095.38 16788.44 8101.52 16816.55 8122.73 16799.43 8136.03 16822.73 8140.61
12 13880.17 11750.57 13871.46 11768.64 13854.28 11764.80 13848.02 11754.45 13834.58 11737.77 13822.70 11736.85 13805.97 11733.09 13789.80 11729.69 13830.60 11694.88 13842.70 11696.00 13846.98 11713.48 13880.99 11731.65
12 12713.90 2709.19 12678.66 2687.17 12659.83 2694.29 12665.79 2677.03 12665.18 2676.98 12618.49 2678.89 12621.91 2644.36 12640.05 2650.72 12636.22 2623.78 12665.12 2645.84 12690.30 2641.80 12702.22 2654.10
14 6975.04 4023.98 6955.55 4073.47 6934.79 4035.81 6919.36 4047.36 6896.37 4076.20 6896.03 4028.54 6899.22 4011.02 6893.29 4003.35 6935.32 3964.65 6951.05 3965.92 6985.86 3935.98 6974.92 3972.47 6959.54 3991.95 6967.78 3993.02
9 6589.49 1579.51 6568.47 1567.61 6566.88 1567.46 6503.21 1566.97 6537.38 1548.96 6515.35 1515.22 6556.20 1532.98 6610.60 1520.70 6618.56 1551.76
5 8162.16 12741.14 8160.20 12750.48 8132.19 12750.63 8130.03 12703.68 8145.24 12701.16
6 1497.16 6754.87 1384.51 6774.12 1387.29 6760.95 1445.34 6679.51 1465.75 6704.17 1477.30 6693.09
5 4555.46 5226.49 4488.17 5177.65 4488.31 5164.57 4538.32 5103.42 4584.60 5075.02
6 361.65 3889.03 353.43 3900.53 325.69 3922.39 341.76 3891.21 333.03 3876.45 383.12 3878.77
13 6216.18 2006.07 6216.82 2029.56 6178.93 2079.61 6167.03 2074.59 6155.19 2087.12 6145.13 2053.65 6143.15 2049.72 6115.41 1976.31 6116.90 1936.93 6177.46 1940.69 6188.36 1994.58 6176.73 1997.35 6187.21 1999.69
11 12489.40 1155.06 12486.10 1156.36 12447.36 1189.49 12423.76 1145.02 12414.64 1141.23 12397.49 1124.06 12407.78 1124.75 12423.57 1084.11 12432.45 1092.97 12457.14 1108.91 12454.46 1117.65
8 6961.35 10657.27 6943.41 10643.58 6930.07 10638.16 6936.47 10618.91 6958.21 10602.93 6979.68 10581.08 6998.45 10580.13 6993.67 10627.60
6 11238.81 10754.05 11234.31 10781.69 11209.37 10795.92 11146.93 10823.26 11155.11 10776.55 11222.87 10681.37
11 8290.84 11494.56 8246.22 11505.18 8224.27 11568.28 8227.93 11540.55 8215.28 11517.92 8212.56 11500.15 8184.86 11445.64 8209.29 11453.04 8205.39 11396.35 8267.28 11416.92 8305.72 11445.43
10 9953.17 12089.63 9934.53 12093.87 9919.21 12150.84 9820.71 12091.31 9865.23 12038.35 9890.62 12069.35 9893.40 12050.20 9918.69 12076.36 9954.06 12080.45 9968.83 12086.39
6 11511.11 11945.24 11481.59 11937.18 11448.86 11954.92 11351.00 11912.90 11441.49 11893.53 11487.04 11915.80
11 13913.80 2332.36 13926.30 2364.59 13925.39 2365.05 13928.89 2379.69 13905.05 2392.59 13894.80 2351.10 13881.33 2373.89 13882.17 2348.93 13888.47 2339.15 13918.23 2294.11 13920.29 2319.86
8 13751.89 9857.24 13790.61 9871.12 13756.86 9894.41 13727.57 9875.13 13728.17 9860.72 13735.82 9834.36 13743.85 9804.31 13746.51 9814.72
12 4593.60 3829.19 4621.62 3833.38 4610.82 3844.07 4589.56 3854.66 4563.43 3869.44 4567.44 3847.54 4563.06 3834.57 4537.32 3821.39 4568.34 3807.46 4581.30 3812.98 4625.95 3818.86 4628.26 3825.84
15 3201.93 2142.28 3188.19 2153.31 3140.34 2137.31 3142.99 2174.02 3125.14 2178.91 3131.79 2134.54 3109.69 2164.33 3101.67 2162.35 3084.84 2162.45 3075.15 2100.28 3103.46 2096.34 3100.90 2091.27 3124.40 2079.04 3129.15 2068.79 3188.47 2073.86
5 1863.37 545.82 1836.76 537.02 1858.59 530.98 1884.04 516.77 1891.07 531.67
5 256.75 7517.00 248.92 7537.57 213.41 7510.92 217.98 7478.85 197.33 7436.65
5 7354.02 13242.60 7324.10 13238.51 7255.87 13195.28 7254.79 13146.14 7332.13 13144.89
8 11237.71 2741.43 11239.43 2718.53 11256.21 2708.72 11264.97 2701.46 11248.59 2685.70 11277.93 2659.45 11291.03 2660.12 11298.66 2684.63
15 7967.64 11806.34 7965.60 11823.26 7949.65 11813.68 7945.99 11841.34 7932.59 11846.20 7929.59 11809.81 7899.44 11810.70 7903.90 11804.58 7908.37 11784.13 7943.81 11789.59 7944.78 11765.56 7968.87 11792.15 7966.30 11793.64 7994.01 11788.65 7994.08 11790.81
9 5547.66 17402.80 5533.11 17437.34 5514.64 17407.55 5461.72 17363.86 5492.95 17326.27 5492.51 17324.84 5497.70 17330.76 5531.30 17338.98 5527.16 17360.83
10 11786.80 4766.42 11758.49 4803.91 11749.91 4804.12 11753.52 4785.51 11740.61 4761.92 11732.38 4750.52 11727.87 4748.28 11735.84 4732.53 11755.88 4715.20 11775.33 4724.13
12 355.87 3576.35 292.92 3596.06 311.67 3568.71 294.58 3560.46 309.47 3561.04 303.63 3554.84 296.48 3547.92 312.60 3518.40 321.66 3523.53 335.54 3537.92 350.76 3556.36 348.45 3560.42
10 15717.21 6470.69 15698.68 6469.57 15717.66 6500.27 15687.21 6519.78 15682.82 6476.75 15648.85 6443.91 15650.82 6444.62 15648.95 6429.11 15674.88 6447.39 15711.88 6427.60
11 4513.64 15826.44 4461.19 15829.18 4468.95 15882.11 4449.84 15840.43 4399.34 15849.82 4389.50 15837.41 4423.91 15808.35 4453.24 15794.01 4477.39 15753.50 4469.22 15782.96 4482.71 15794.01
14 7882.83 10494.53 7885.43 10497.62 7888.55 10506.84 7887.77 10522.60 7877.87 10524.09 7862.10 10517.48 7856.13 10508.45 7829.36 10525.41 7819.90 10514.24 7840.08 10483.69 7847.28 10483.96 7887.23 10483.92 7898.94 10481.65 7889.70 10493.60
7 13859.14 17488.62 13854.58 17489.39 13864.55 17523.80 13835.57 17534.79 13802.29 17492.55 13820.63 17441.27 13857.23 17448.25
7 16739.70 5071.86 16717.80 5058.44 16722.25 5007.82 16744.41 5027.93 16749.95 5024.91 16778.55 5022.32 16769.44 5028.77
6 784.48 8739.36 797.81 8701.77 812.30 8688.84 829.62 8677.54 823.72 8695.33 835.44 8716.65
12 1878.05 13310.18 1892.80 13318.74 1838.95 13322.12 1846.22 13342.47 1857.83 13381.78 1838.73 13360.52 1824.75 13324.97 1811.84 13382.68 1802.17 13364.03 1806.45 13343.92 1741.90 13302.08 1882.63 13272.97
6 8034.12 594.93 8059.66 637.94 8001.11 634.24 7992.95 580.91 7954.48 538.09 8040.33 511.59
8 5311.03 16698.11 5307.26 16700.77 5311.86 16724.23 5290.81 16732.51 5283.57 16716.82 5302.68 16664.08 5307.76 16657.03 5345.13 16674.55
6 16399.00 816.17 16348.16 818.10 16338.47 821.88 16347.40 787.44 16305.09 765.40 16361.48 714.52
12 14589.30 7005.17 14609.72 7037.28 14568.79 7017.30 14598.19 7047.48 14513.41 7048.89 14516.75 7021.30 14503.31 7020.01 14503.17 7010.85 14535.89 7005.76 14535.80 6970.58 14559.27 6980.51 14581.37 6970.84
10 6995.45 14574.59 6981.91 14578.27 6972.33 14525.61 6976.34 14519.35 6969.64 14522.00 6955.24 14482.53 6945.42 14447.80 6972.62 14471.11 6980.72 14454.37 6999.26 14483.30
11 1609.64 12851.91 1585.81 12815.89 1571.81 12825.82 1572.33 12821.02 1555.78 12847.84 1549.92 12791.50 1555.71 12757.71 1571.48 12752.97 1579.33 12749.84 1638.62 12799.65 1627.58 12803.03
11 11028.70 9271.77 11001.83 9295.81 10996.37 9284.68 10980.81 9297.51 10979.01 9293.65 10978.98 9261.26 10928.50 9231.35 11012.07 9207.01 11016.55 9237.28 11028.75 9220.06 11037.44 9206.81
14 11223.37 16053.72 11218.51 16052.20 11210.25 16034.42 11188.31 16039.22 11199.10 16023.64 11199.39 16020.85 11200.70 16016.17 11200.22 16010.19 11194.11 15985.90 11220.96 16000.67 11227.78 16004.41 11240.96 15989.06 11249.74 15981.51 11235.25 16012.00
6 1622.06 4632.01 1595.19 4629.82 1588.98 4631.27 1599.59 4616.49 1607.79 4582.94 1634.42 4588.48
9 5742.60 8277.59 5754.93 8320.87 5614.69 8252.59 5674.44 8221.36 5718.19 8185.86 5767.55 8194.51 5751.45 8220.24 5774.39 8249.94 5783.06 8252.36
13 17472.61 2660.03 17414.90 2668.76 17389.18 2701.86 17414.39 2654.70 17402.99 2649.11 17397.85 2615.32 17437.10 2597.43 17451.15 2593.91 17456.05 2603.83 17444.90 2621.92 17466.14 2591.65 17483.17 2626.84 17497.32 2645.87
9 11435.28 10175.38 11437.08 10189.16 11431.69 10182.27 11427.75 10194.45 11415.65 10194.50 11414.27 10174.87 11394.47 10178.26 11423.00 10129.00 11432.27 10167.22
14 567.60 11516.20 549.03 11523.63 560.05 11531.10 541.38 11526.73 491.47 11558.52 477.62 11548.55 476.42 11513.94 484.96 11478.45 510.24 11491.68 501.74 11453.93 573.24 11466.43 567.83 11496.80 594.52 11507.80 551.61 11510.78
5 9581.52 2079.92 9542.00 2081.35 9495.96 2044.03 9542.69 2000.20 9555.30 2000.94
11 17698.25 7987.35 17646.71 7993.81 17610.83 7967.24 17591.50 7940.14 17612.78 7932.34 17618.85 7935.60 17660.88 7913.51 17660.93 7948.93 17723.88 7932.68 17704.80 7946.72 17682.33 7961.24
14 5902.59 15907.77 5877.58 15903.50 5879.17 15929.42 5853.23 15906.06 5820.94 15958.03 5800.39 15921.72 5769.57 15895.35 5793.44 15882.41 5781.69 15834.56 5825.36 15854.35 5863.11 15847.70 5856.53 15868.48 5899.90 15847.47 5907.29 15882.17
5 14544.83 4010.06 14512.75 3925.49 14541.06 3881.26 14607.46 3849.98 14622.15 3843.08
11 6508.06 4889.36 6525.70 4917.86 6458.43 4942.10 6432.66 4923.56 6472.65 4882.97 6457.76 4879.12 6460.73 4874.92 6448.19 4864.81 6525.79 4843.78 6549.45 4825.43 6516.84 4871.79
12 1290.26 7430.02 1249.84 7433.79 1217.73 7443.26 1235.56 7424.75 1208.24 7427.72 1212.97 7422.83 1232.59 7388.22 1240.31 7394.99 1253.84 7406.32 1270.25 7377.53 1273.52 7402.00 1285.63 7398.37
12 16099.90 4239.40 16063.75 4232.60 16057.48 4260.96 16052.21 4267.67 16040.65 4224.64 16034.87 4218.49 16040.80 4217.69 16012.58 4198.82 16023.06 4202.36 16052.69 4185.62 16077.78 4200.95 16092.40 4201.35
6 9022.81 7262.53 8933.43 7219.82 8986.92 7227.72 9019.01 7197.40 9025.49 7208.02 9018.46 7241.16
7 12961.10 17360.55 12930.26 17378.87 12939.79 17345.13 12907.59 17354.97 12910.83 17339.20 12955.05 17326.38 12955.85 17326.56
9 12925.71 10465.32 12941.35 10483.20 12882.66 10467.57 12827.00 10489.59 12875.69 10448.68 12876.76 10425.91 12858.82 10376.61 12920.06 10406.80 12939.24 10443.55
13 17716.92 2736.17 17673.85 2788.95 17613.93 2729.58 17556.08 2716.31 17613.75 2697.48 17563.60 2658.79 17641.72 2620.85 17652.31 2691.53 17683.02 2655.37 17706.25 2670.77 17694.84 2688.56 17729.25 2692.39 17685.35 2708.02
14 17333.87 14302.33 17356.72 14349.71 17334.99 14323.46 17328.84 14319.65 17305.83 14335.67 17282.81 14347.74 17304.18 14318.86 17295.22 14311.46 17301.30 14300.12 17259.09 14286.99 17279.71 14286.69 17266.58 14274.54 17307.78 14277.61 17343.56 14245.04
14 17177.54 2854.87 17164.02 2856.55 17144.40 2872.50 17105.00 2876.48 17145.10 2841.19 17136.66 2832.13 17114.43 2803.75 17138.37 2816.02 17137.24 2815.06 17127.52 2804.15 17159.25 2821.14 17153.30 2801.99 17170.34 2820.89 17190.96 2818.15
12 12343.15 12943.49 12326.75 12973.57 12321.04 12989.10 12283.16 12973.90 12251.44 12960.51 12238.44 12972.59 12209.50 12853.05 12246.87 12893.45 12256.33 12884.53 12259.36 12860.47 12261.55 12857.79 12319.48 12905.48
11 9145.36 2950.14 9181.17 2967.10 9155.61 2975.65 9046.82 2908.60 9071.70 2915.38 9091.48 2904.92 9104.21 2870.59 9130.13 2886.67 9145.03 2895.06 9138.29 2928.94 9170.74 2919.16
7 2194.36 3850.39 2199.22 3864.79 2137.93 3879.15 2082.99 3773.39 2144.57 3741.50 2174.22 3772.94 2219.28 3826.27
6 11553.69 1968.34 11530.49 1948.54 11506.63 1922.16 11530.05 1909.57 11555.21 1873.75 11607.99 1850.65
10 9395.29 2769.34 9390.48 2804.23 9382.46 2806.94 9370.58 2804.96 9362.69 2785.60 9334.11 2765.45 9381.78 2699.06 9387.47 2724.48 9404.14 2736.99 9410.67 2740.55
12 13429.80 10463.57 13430.96 10465.04 13424.67 10468.42 13433.81 10483.13 13441.40 10491.03 13389.23 10474.42 13380.92 10501.10 13372.67 10477.59 13376.62 10451.66 13349.69 10434.40 13381.59 10414.61 13420.01 10442.08
5 1114.23 6184.77 1118.61 6194.85 1129.52 6209.43 1091.98 6208.55 1093.83 6166.45
6 13582.11 13189.32 13570.45 13206.15 13561.36 13221.84 13549.59 13224.49 13534.56 13216.04 13548.53 13149.43
13 4993.57 454.23 4964.23 483.13 4950.17 454.90 4919.75 473.23 4906.95 460.70 4905.24 411.53 4923.83 416.58 4964.01 397.15 4969.17 370.68 4970.92 418.89 4981.32 415.86 4982.57 423.84 5039.48 439.13
9 17303.84 11675.48 17264.14 11690.97 17274.71 11703.13 17229.00 11712.22 17218.71 11698.54 17189.25 11660.38 17207.89 11616.37 17238.62 11606.02 17245.96 11617.03
9 16113.60 11955.47 16106.74 11957.88 16085.59 11967.58 16067.49 11944.96 16006.31 11911.67 16061.38 11841.32 16063.00 11835.40 16078.69 11843.27 16159.14 11900.88
12 16091.19 3741.29 16037.81 3793.88 16025.87 3801.49 16022.00 3786.00 16006.97 3763.47 15960.49 3790.85 15958.16 3783.85 15985.80 3747.36 15978.24 3701.08 16032.78 3704.71 16064.15 3686.57 16027.71 3717.60
12 11490.12 10952.51 11388.53 10925.53 11384.69 10924.70 11436.92 10888.32 11410.34 10879.68 11387.98 10873.71 11413.61 10868.38 11448.27 10855.24 11487.84 10837.92 11528.21 10835.06 11487.20 10870.86 11528.82 10857.40
6 2055.69 17148.73 2010.06 17112.16 1983.50 17119.85 1967.25 17110.94 1925.70 17090.21 2001.63 17053.11
12 11602.44 4201.81 11575.79 4200.31 11559.61 4185.61 11551.13 4188.66 11565.11 4170.90 11560.76 4160.38 11566.92 4167.15 11569.42 4141.62 11577.28 4141.45 11595.82 4156.90 11582.67 4168.50 11588.16 4173.55
15 762.64 10173.48 739.42 10145.09 736.86 10140.35 731.47 10150.30 714.55 10169.08 699.12 10107.11 714.53 10106.29 727.59 10104.85 700.36 10070.08 712.37 10061.59 769.98 10049.95 755.51 10104.24 769.27 10097.15 784.68 10102.09 821.75 10118.40
9 2023.35 376.19 2001.33 347.83 1954.73 365.57 1974.01 327.60 1978.21 318.56 2006.43 328.67 1997.78 312.15 2045.79 317.03 2049.66 333.85
15 1238.42 9445.38 1223.74 9450.99 1218.01 9454.80 1225.69 9465.34 1212.21 9477.42 1203.56 9461.52 1206.40 9475.04 1174.04 9463.22 1181.35 9444.19 1164.09 9439.65 1146.13 9433.59 1192.51 9417.89 1196.34 9410.46 1205.90 9415.10 1216.29 9419.13
7 3356.06 10894.04 3360.06 10943.01 3292.51 10933.45 3277.71 10856.96 3321.62 10853.95 3319.61 10827.26 3355.32 10838.32
14 14114.12 17023.89 14117.46 17041.59 14118.39 17060.40 14097.38 17032.25 14100.33 17054.29 14075.97 17041.81 14066.09 17037.00 14067.97 17024.24 14061.37 17012.17 14059.80 16999.83 14079.75 17011.17 14070.68 16979.55 14091.84 17012.22 14136.29 17003.38
5 9796.71 8726.59 9789.32 8692.60 9734.29 8688.14 9745.12 8672.78 9794.82 8648.65
6 16777.83 4600.76 16773.89 4597.54 16786.65 4593.81 16785.30 4589.15 16796.73 4530.99 16848.59 4578.92
11 2872.89 17250.44 2858.37 17262.88 2862.31 17296.31 2825.48 17246.09 2805.00 17232.02 2828.84 17232.23 2809.05 17199.71 2853.18 17207.07 2855.53 17236.94 2856.27 17237.29 2855.55 17241.63
7 11081.32 8922.44 11079.40 8922.84 11071.17 8942.44 11061.26 8951.50 11028.52 8894.76 11074.92 8882.15 11063.18 8909.43
7 12520.18 5184.05 12522.51 5201.01 12486.48 5224.35 12484.85 5194.24 12451.68 5194.01 12480.26 5139.52 12496.38 5170.41
9 2750.92 3984.15 2736.35 3988.58 2707.39 4033.95 2638.90 3985.06 2669.73 3976.29 2672.71 3958.15 2704.22 3959.65 2710.23 3939.21 2762.03 3974.61
15 4593.26 7135.89 4617.11 7155.27 4612.29 7169.89 4570.38 7142.57 4568.26 7170.24 4529.26 7166.77 4511.94 7164.89 4541.58 7135.43 4539.89 7124.50 4553.72 7118.99 4547.80 7103.58 4543.06 7074.57 4562.02 7083.77 4573.01 7056.80 4585.52 7111.13
10 10023.78 11231.10 10026.04 11278.45 9978.69 11267.76 9958.55 11289.99 9937.96 11309.62 9945.63 11266.46 9961.83 11213.54 9953.14 11194.68 9963.16 11199.56 10025.99 11219.65
15 5391.07 8134.34 5437.74 8145.20 5372.55 8143.50 5374.84 8216.45 5300.44 8175.17 5294.18 8162.61 5305.95 8151.14 5360.33 8084.66 5375.05 8056.50 5363.32 8107.67 5371.46 8098.32 5372.96 8107.56 5408.59 8070.65 5401.20 8107.79 5384.20 8128.95
14 13631.64 15050.38 13614.38 15074.39 13599.81 15075.09 13594.05 15088.42 13574.06 15082.89 13581.28 15064.34 13588.76 15049.49 13554.91 15022.57 13582.84 15023.57 13582.56 15002.20 13601.97 15015.19 13606.29 14996.24 13633.41 14967.53 13634.51 15021.57
14 17340.92 10858.74 17319.66 10862.95 17310.02 10872.57 17300.51 10871.03 17284.33 10862.73 17271.12 10866.89 17264.20 10851.68 17234.19 10846.22 17250.70 10835.77 17250.29 10835.59 17270.45 10818.12 17277.58 10820.85 17293.82 10835.50 17310.44 10801.13
15 11066.76 6947.90 11074.65 6964.66 11066.42 6970.66 11056.87 6975.12 11031.24 6980.67 11031.64 6968.72 11028.60 6974.92 11026.53 6955.19 10999.99 6941.75 11007.79 6927.39 11012.80 6922.56 11023.05 6908.09 11021.49 6902.67 11042.04 6927.49 11075.85 6909.85
9 3632.01 5500.96 3587.65 5459.63 3527.39 5434.78 3572.74 5405.29 3580.15 5411.08 3589.59 5385.13 3601.53 5395.79 3630.01 5397.17 3630.37 5415.26
7 3768.74 2194.89 3738.99 2125.91 3755.61 2034.91 3782.04 2090.16 3795.85 2073.73 3850.03 2069.78 3851.38 2073.87
8 10190.86 12620.42 10192.48 12634.03 10163.78 12654.57 10167.56 12695.43 10147.47 12650.52 10135.99 12628.57 10105.44 12640.38 10150.64 12540.90
12 6320.63 2168.88 6309.16 2165.10 6306.94 2166.78 6320.79 2188.06 6306.36 2206.30 6268.46 2185.43 6258.38 2177.08 6275.37 2115.80 6295.95 2132.88 6304.73 2128.94 6314.06 2119.94 6317.36 2133.35
15 937.76 740.80 938.46 761.58 913.55 762.65 909.04 765.66 899.41 749.40 883.97 738.47 874.33 716.59 911.23 672.74 951.84 654.34 956.88 655.39 950.78 668.99 970.95 666.38 978.93 675.60 952.85 695.25 991.83 681.12
8 10476.35 5028.52 10454.54 5052.58 10422.37 5049.98 10385.90 4974.70 10425.95 4997.46 10414.57 4975.24 10412.83 4970.27 10485.57 4981.61
8 17815.72 12919.50 17799.56 12934.10 17778.97 12895.39 17796.58 12882.04 17821.27 12830.80 17824.03 12847.86 17869.48 12827.77 17875.34 12886.47
5 7335.93 14568.03 7288.95 14500.02 7314.41 14532.65 7314.02 14501.14 7315.06 14506.61
5 6704.08 2856.77 6685.04 2863.29 6642.50 2852.85 6632.49 2826.77 6702.48 2826.10
9 3129.25 14936.86 3112.94 14934.46 3082.84 14916.24 3114.82 14918.61 3115.59 14914.34 3134.03 14889.13 3133.25 14914.99 3162.06 14924.00 3145.58 14926.56
7 5655.39 13242.26 5610.90 13282.86 5562.66 13240.08 5563.93 13221.69 5596.93 13161.01 5630.41 13190.58 5611.73 13211.34
15 8760.39 11617.11 8742.32 11612.55 8745.04 11650.67 8705.99 11646.32 8704.50 11641.31 8655.36 11640.51 8638.90 11582.46 8636.13 11570.41 8678.25 11518.13 8711.57 11532.81 8726.38 11552.86 8752.23 11538.01 8733.95 11583.97 8739.88 11583.69 8787.27 11598.78
7 13406.20 2885.66 13423.66 2897.70 13348.85 2944.38 13305.97 2922.33 13347.24 2891.44 13317.57 2824.88 13335.26 2804.94
8 16193.06 15250.23 16162.71 15250.05 16187.20 15279.93 16127.92 15243.33 16106.86 15236.30 16144.54 15229.73 16164.41 15203.41 16190.22 15231.60
8 5756.97 7714.16 5776.65 7745.24 5750.12 7750.16 5727.08 7707.02 5705.34 7700.04 5730.69 7691.04 5747.22 7681.77 5754.62 7705.69
10 12182.41 16498.75 12179.32 16509.86 12162.54 16501.25 12147.29 16526.51 12121.88 16517.68 12119.95 16505.04 12119.91 16498.96 12153.65 16455.47 12164.91 16468.67 12161.21 16476.85
14 4338.61 15237.26 4292.85 15225.72 4264.79 15238.35 4247.74 15273.36 4217.71 15194.05 4237.49 15157.31 4266.34 15195.70 4262.13 15164.80 4265.56 15146.11 4308.91 15184.15 4299.93 15195.34 4286.10 15208.41 4288.03 15208.29 4321.80 15204.93
6 9008.12 11161.10 8989.79 11240.57 8967.99 11170.90 8896.47 11211.78 8929.01 11134.64 8987.75 11085.68
7 12726.82 5016.00 12707.27 5049.09 12706.52 5020.90 12698.55 5018.14 12714.52 4967.92 12718.59 4980.54 12735.12 4982.17
9 10316.78 16005.95 10296.00 16009.59 10288.67 16007.43 10298.38 15979.03 10310.71 15969.13 10311.33 15955.23 10312.96 15967.95 10314.01 15967.28 10322.32 15969.43
15 7201.63 12069.46 7211.36 12072.02 7165.40 12093.70 7147.75 12100.49 7121.51 12117.01 7143.41 12082.15 7092.44 12070.36 7125.46 12054.87 7106.75 12040.25 7135.47 12034.02 7132.06 12016.00 7172.00 12032.49 7189.72 12038.81 7198.71 12036.35 7216.93 12029.46
8 10480.31 13813.91 10485.52 13830.44 10459.05 13833.89 10462.09 13751.14 10475.00 13748.89 10481.64 13769.14 10499.18 13778.76 10482.64 13785.43
6 17432.23 3836.10 17358.27 3771.85 17400.79 3781.55 17409.20 3777.26 17420.09 3786.10 17447.55 3800.46
13 8671.36 7547.74 8692.85 7555.63 8688.33 7561.30 8675.43 7556.71 8675.50 7579.95 8650.90 7582.36 8648.61 7580.62 8650.57 7571.98 8648.58 7574.39 8635.95 7543.81 8658.20 7535.41 8663.61 7533.86 8668.68 7525.73
9 4531.74 15601.03 4512.96 15623.38 4513.36 15613.02 4491.98 15643.87 4503.21 15621.91 4499.33 15585.67 4492.49 15561.05 4514.85 15578.58 4533.55 15588.82
5 8316.25 9451.59 8316.06 9490.82 8240.50 9439.33 8281.31 9403.30 8304.35 9393.56
12 11603.26 17843.83 11520.75 17917.34 11458.90 17896.12 11465.38 17866.29 11446.60 17834.50 11430.85 17821.28 11460.69 17828.81 11458.60 17824.68 11445.59 17784.97 11520.08 17827.18 11587.62 17832.28 11575.29 17841.21
9 8697.66 10245.87 8672.26 10252.60 8590.96 10308.02 8591.82 10257.99 8603.22 10235.72 8577.52 10221.48 8580.74 10195.67 8597.85 10200.85 8703.54 10214.81
6 9414.82 14812.06 9396.39 14844.16 9395.13 14843.24 9371.08 14820.99 9399.24 14776.08 9428.37 14803.85
10 17645.90 12077.50 17640.71 12079.62 17614.59 12091.89 17616.45 12070.35 17581.56 12049.51 17592.69 12053.90 17616.75 12066.29 17592.89 12035.57 17601.45 12044.90 17622.06 12035.02
11 7976.12 10637.61 7960.33 10646.65 7940.58 10651.93 7934.26 10665.25 7926.07 10651.76 7927.62 10649.56 7904.21 10630.97 7930.97 10602.40 7942.33 10618.23 7952.29 10624.45 7970.01 10629.27
14 4571.70 8452.30 4542.67 8453.85 4537.57 8458.78 4534.90 8455.40 4517.78 8476.70 4528.52 8459.81 4527.12 8460.88 4532.84 8451.16 4512.09 8453.28 4514.78 8452.04 4550.09 8425.31 4561.37 8417.66 4551.27 8443.56 4580.43 8443.83
7 15989.29 11687.69 16026.01 11709.92 15899.87 11712.17 15947.69 11609.80 15976.60 11651.73 15993.79 11653.45 16019.07 11626.97
6 9941.66 13006.55 9970.28 12965.52 9929.57 12922.89 9942.99 12865.90 9989.45 12868.78 10054.73 12934.21
8 2853.23 13273.17 2848.19 13263.85 2822.12 13277.36 2836.46 13253.15 2829.23 13249.69 2841.31 13237.93 2851.52 13237.31 2864.29 13245.04
12 1981.70 9299.75 1990.09 9306.02 1982.02 9316.60 1925.18 9301.51 1920.69 9278.19 1918.15 9275.42 1911.10 9251.23 1944.05 9257.70 1977.95 9238.65 1960.79 9276.06 1990.85 9279.94 1962.08 9288.67
7 3603.39 8598.66 3597.68 8605.49 3573.22 8616.34 3557.12 8624.75 3552.18 8621.71 3559.76 8513.14 3585.04 8524.27
13 4995.03 798.05 5012.88 828.24 4975.34 856.88 4954.02 817.34 4948.87 827.55 4942.58 817.87 4935.00 831.50 4969.83 755.45 4979.20 732.12 4978.25 757.48 4981.12 774.31 5003.85 764.32 4970.65 792.07
9 11938.61 1769.74 11901.72 1767.99 11891.23 1708.88 11876.18 1725.41 11839.28 1750.58 11866.01 1719.61 11843.14 1692.43 11847.64 1652.27 11896.43 1647.61
6 15970.06 12007.44 15962.02 12002.30 15928.18 12013.01 15882.14 11996.67 15913.09 11897.38 15947.79 11962.51
12 10636.04 6658.55 10661.23 6677.36 10661.64 6698.86 10620.73 6690.06 10615.15 6710.99 10614.96 6703.30 10610.77 6681.96 10597.11 6691.33 10595.62 6691.96 10582.08 6682.88 10581.72 6681.48 10640.76 6653.78
5 2137.99 9008.10 2114.39 9023.38 2107.69 9018.37 2118.68 8966.74 2151.40 8996.37
15 6930.00 2333.19 6929.69 2339.58 6966.91 2379.88 6924.48 2377.77 6902.00 2355.69 6893.51 2330.85 6869.88 2341.56 6891.69 2322.29 6853.68 2306.66 6854.27 2277.87 6934.66 2256.71 6937.28 2301.72 6975.31 2275.92 6963.02 2292.17 6935.97 2312.71
8 10492.32 1582.27 10444.38 1632.30 10440.85 1602.08 10435.24 1581.96 10452.33 1569.60 10463.54 1552.68 10485.11 1560.02 10500.72 1543.50
5 8353.64 4615.95 8337.66 4609.96 8237.73 4629.96 8289.81 4606.31 8341.14 4530.56
5 17783.34 9657.70 17782.23 9636.42 17771.46 9615.05 17793.48 9603.12 17809.50 9619.49
5 6828.75 3954.38 6811.57 3915.58 6776.81 3862.10 6830.19 3856.78 6865.82 3875.57
7 410.37 17208.60 427.90 17179.84 440.80 17173.12 470.77 17182.83 497.72 17163.09 497.98 17188.45 516.28 17198.11
15 17379.30 3317.72 17344.46 3323.77 17330.46 3350.59 17322.35 3331.31 17320.08 3356.67 17317.23 3327.43 17312.81 3332.48 17292.50 3350.53 17299.72 3334.70 17279.98 3352.24 17262.75 3294.13 17303.94 3284.96 17298.83 3266.29 17317.72 3292.88 17318.83 3285.69
5 7577.32 12776.27 7573.21 12780.87 7512.03 12726.99 7486.17 12645.52 7574.13 12680.09
10 12521.90 16052.27 12526.37 16043.75 12524.25 16029.46 12540.02 16001.37 12528.41 15978.93 12538.86 15975.03 12548.88 15989.39 12568.83 15961.47 12567.91 15983.51 12595.04 16010.83
12 12431.82 16703.27 12404.20 16683.97 12408.01 16692.83 12407.96 16696.40 12402.94 16690.05 12387.05 16671.65 12365.76 16660.79 12388.91 16660.95 12385.54 16650.74 12432.01 16638.69 12426.44 16645.05 12443.31 16664.77
9 5463.38 16113.18 5392.26 16122.94 5423.25 16095.41 5405.01 16096.19 5362.76 16075.02 5374.92 16030.57 5380.19 16034.02 5413.52 16052.60 5428.01 16037.18
9 7282.50 1705.35 7291.11 1683.07 7251.49 1693.61 7282.93 1684.54 7279.06 1639.92 7311.18 1660.10 7326.94 1648.46 7330.75 1648.91 7345.40 1659.11
8 7711.75 7420.70 7711.68 7422.77 7708.16 7423.32 7694.38 7413.60 7691.52 7411.95 7730.86 7392.47 7733.31 7401.82 7748.46 7400.03
15 6432.21 7080.68 6452.38 7101.33 6442.61 7097.48 6422.78 7103.38 6397.52 7107.21 6394.13 7104.48 6400.33 7080.74 6394.91 7069.32 6400.50 7059.70 6414.52 7065.89 6418.20 7055.00 6424.76 7055.78 6439.06 7045.38 6443.16 7046.01 6428.98 7074.04
10 7377.74 10111.70 7322.38 10150.50 7313.56 10142.08 7275.14 10119.42 7302.64 10102.76 7297.65 10053.57 7315.00 10072.90 7325.78 10081.20 7334.61 10078.90 7368.63 10091.27
11 13972.78 4748.51 13991.34 4771.57 13959.34 4769.91 13949.48 4788.02 13911.38 4758.44 13922.53 4732.39 13928.90 4730.72 13934.12 4719.71 13924.70 4695.47 13948.16 4677.36 13984.90 4705.80
8 4666.63 13022.98 4639.93 13014.80 4612.44 13015.88 4624.89 13000.16 4625.52 12978.04 4652.03 12995.28 4686.18 12984.56 4672.71 12994.29
13 9740.40 17039.48 9733.62 17055.41 9732.17 17066.85 9727.00 17074.87 9699.03 17056.91 9683.09 17042.54 9697.29 17005.67 9687.52 16983.27 9741.00 16985.10 9747.89 16991.32 9729.69 17019.22 9750.22 17008.11 9762.19 17019.20
11 6143.61 14218.95 6146.64 14225.09 6156.17 14253.17 6125.45 14273.23 6089.32 14216.52 6070.50 14233.93 6074.11 14210.47 6020.39 14170.97 6078.71 14141.87 6094.52 14155.99 6116.20 14155.61
5 6823.04 12538.96 6805.58 12477.34 6826.43 12491.11 6843.87 12491.20 6827.02 12497.30
13 6741.53 683.25 6740.16 689.67 6754.41 760.12 6717.87 698.69 6702.34 745.80 6703.38 690.71 6675.40 690.16 6660.72 677.30 6703.95 644.65 6706.17 609.19 6732.82 602.79 6745.70 603.34 6799.65 659.69
5 5390.45 2616.09 5367.99 2670.17 5363.05 2646.66 5348.04 2675.01 5345.58 2572.82
6 11323.06 8844.23 11277.57 8828.85 11314.78 8813.58 11363.39 8780.44 11337.02 8804.54 11374.10 8808.43
14 5166.88 2205.68 5154.99 2208.89 5168.38 2242.97 5148.35 2223.05 5161.24 2261.23 5129.09 2238.91 5107.16 2229.16 5092.97 2209.62 5132.84 2192.03 5132.32 2190.01 5115.49 2148.79 5127.94 2167.99 5151.72 2168.14 5180.08 2169.84
12 8477.46 7845.37 8404.82 7849.23 8375.04 7850.56 8390.31 7840.64 8384.18 7839.50 8404.10 7808.83 8417.93 7805.67 8423.22 7815.76 8427.30 7810.92 8430.77 7795.15 8427.78 7824.01 8433.73 7824.21
12 4891.80 15682.33 4864.41 15671.27 4855.80 15695.75 4847.72 15699.18 4846.26 15668.64 4830.45 15660.46 4804.29 15622.48 4821.45 15605.00 4837.68 15613.76 4847.49 15638.67 4854.76 15603.05 4853.70 15612.46
15 15139.30 9191.43 15165.59 9209.97 15121.18 9224.47 15116.78 9202.99 15093.68 9227.73 15097.55 9214.70 15089.51 9223.87 15103.89 9185.31 15097.77 9180.54 15101.79 9167.67 15116.41 9150.87 15119.14 9153.34 15131.16 9130.51 15133.89 9129.07 15132.70 9164.25
14 3585.79 7436.94 3586.55 7439.50 3589.22 7466.12 3585.35 7463.77 3568.05 7443.52 3570.99 7434.02 3559.48 7396.75 3560.46 7386.68 3571.86 7407.30 3580.77 7396.68 3594.10 7391.15 3607.82 7403.05 3618.75 7423.26 3618.89 7425.98
14 14063.18 14891.13 14059.22 14913.46 14034.45 14956.17 14024.40 14930.16 13976.81 14913.25 13938.10 14868.21 13980.74 14802.73 13996.10 14804.80 13991.87 14782.11 14014.88 14782.13 14040.17 14778.13 14034.98 14847.31 14082.85 14809.16 14064.73 14853.36
10 17090.86 9638.13 17086.40 9644.30 17082.97 9646.68 17070.77 9655.71 17055.59 9629.70 17054.01 9602.44 17069.46 9605.78 17113.77 9613.25 17104.03 9617.77 17099.09 9621.71
9 13540.33 17569.12 13468.00 17601.50 13468.93 17613.27 13405.46 17617.19 13419.40 17594.02 13433.44 17569.85 13418.38 17549.91 13409.30 17545.34 13448.59 17509.36
14 6556.32 10861.11 6563.29 10879.57 6451.12 10911.12 6461.59 10860.33 6428.09 10859.05 6403.08 10833.36 6413.23 10820.57 6459.33 10832.95 6418.41 10798.07 6493.77 10797.54 6505.48 10762.26 6514.76 10772.43 6494.19 10826.83 6534.54 10778.38
13 13809.02 10061.70 13776.16 10067.79 13765.71 10068.30 13766.20 10091.26 13740.69 10068.65 13739.86 10044.26 13707.68 10030.27 13739.19 10017.53 13737.78 9987.33 13759.38 9992.98 13771.43 10008.47 13794.16 10014.25 13784.71 10028.46
5 17842.90 7778.28 17810.99 7746.83 17803.21 7711.80 17840.25 7723.53 17867.72 7758.60
7 13103.81 11129.92 13050.35 11129.19 13039.79 11119.83 13051.70 11095.10 13058.68 11089.98 13110.32 11086.49 13100.96 11113.81
15 9585.10 17693.18 9570.61 17690.99 9555.80 17718.03 9537.79 17711.13 9531.17 17701.66 9530.18 17701.13 9526.51 17672.03 9531.37 17669.73 9532.88 17655.92 9544.15 17643.03 9548.50 17667.66 9551.55 17666.02 9579.76 17660.76 9560.76 17677.82 9575.27 17680.86
14 11892.69 7662.02 11890.91 7680.58 11877.05 7677.32 11870.48 7683.35 11865.95 7691.90 11868.26 7722.74 11851.03 7716.37 11852.15 7677.21 11843.19 7666.72 11807.27 7678.20 11799.84 7680.00 11858.38 7639.06 11865.09 7640.32 11874.92 7620.22
13 10299.44 421.52 10315.42 436.79 10287.28 456.38 10280.55 468.07 10269.92 460.62 10235.99 409.28 10190.79 414.75 10206.29 391.18 10237.56 385.66 10234.59 381.43 10240.34 378.98 10286.60 370.84 10274.78 385.04
11 7632.81 3482.78 7609.22 3521.81 7567.72 3497.05 7575.16 3484.02 7584.76 3480.74 7583.94 3478.17 7594.56 3479.98 7575.86 3459.26 7589.65 3442.68 7612.13 3475.52 7629.43 3462.52
10 5002.01 17063.29 4987.29 17107.30 4968.67 17118.18 4955.75 17082.04 4916.24 17110.56 4933.73 17073.38 4909.14 17077.87 4899.28 17014.85 4914.33 16969.01 5016.02 17046.53
12 6351.06 9586.84 6337.49 9565.28 6335.87 9567.87 6313.38 9591.20 6286.94 9572.32 6303.90 9543.30 6318.56 9538.02 6313.97 9527.28 6326.24 9541.18 6333.11 9532.64 6342.91 9516.47 6365.72 9532.02
13 6736.17 6437.66 6718.78 6437.15 6722.86 6467.22 6692.48 6483.20 6678.68 6450.20 6664.44 6461.43 6640.09 6418.72 6684.75 6410.14 6686.43 6385.25 6697.48 6355.93 6696.30 6377.87 6710.00 6371.71 6693.25 6413.19
5 7817.24 4006.57 7778.03 4023.15 7773.10 4030.14 7762.80 4030.80 7785.41 3944.07
9 1295.91 12415.14 1296.27 12440.73 1256.85 12411.80 1263.28 12418.59 1199.36 12394.25 1239.47 12347.01 1248.05 12331.47 1255.68 12335.51 1269.76 12377.92
8 5987.87 13948.48 5921.67 13909.48 5902.21 13899.04 5926.17 13902.83 5912.73 13887.13 5933.57 13890.05 5983.72 13896.15 5968.89 13912.38
15 13218.36 13297.13 13198.72 13296.41 13194.14 13293.79 13182.59 13298.87 13177.28 13301.17 13179.67 13322.40 13158.67 13295.62 13133.59 13300.03 13149.23 13281.93 13125.11 13255.63 13158.44 13265.83 13174.88 13225.02 13180.83 13250.05 13191.79 13233.27 13214.44 13259.44
10 4170.03 2795.26 4162.60 2816.79 4143.02 2806.26 4116.21 2800.97 4108.18 2786.81 4095.72 2775.60 4097.78 2759.82 4097.73 2756.99 4131.01 2733.60 4183.30 2764.37
7 7406.36 4246.99 7340.39 4230.63 7337.25 4225.93 7341.08 4224.71 7325.08 4215.62 7313.27 4207.27 7374.24 4213.54
9 1856.50 14584.71 1852.25 14615.68 1838.50 14609.65 1828.23 14598.60 1811.54 14607.52 1782.93 14592.81 1847.82 14542.38 1842.92 14565.45 1844.67 14572.00
10 17149.73 6684.22 17065.18 6662.69 17054.01 6618.39 17080.09 6605.30 17094.54 6615.36 17100.92 6579.51 17135.79 6614.60 17183.93 6605.28 17177.45 6612.54 17134.13 6638.33
9 17090.69 10652.99 17041.24 10692.11 17008.61 10678.19 17039.61 10646.76 17036.35 10627.17 17045.00 10628.90 17051.85 10622.59 17058.07 10615.85 17063.27 10624.85
8 16207.36 5904.98 16199.04 5893.83 16194.75 5890.32 16157.38 5872.40 16124.64 5830.19 16132.36 5821.38 16154.24 5824.31 16224.75 5840.72
7 9966.99 16718.02 9970.32 16718.75 9956.40 16733.95 9851.37 16712.53 9917.49 16640.92 9941.87 16661.84 9937.62 16698.13
6 12319.99 775.76 12293.70 827.76 12267.60 790.64 12269.05 781.61 12260.96 786.73 12245.79 769.89
5 12321.26 5401.10 12290.22 5414.86 12285.07 5406.26 12280.35 5395.22 12367.53 5357.27
6 1589.41 16878.95 1563.02 16881.32 1560.28 16883.85 1538.41 16863.30 1559.59 16865.33 1618.48 16832.42
12 5260.40 14051.78 5256.18 14078.47 5218.51 14082.74 5185.95 14074.34 5174.83 14031.31 5215.63 14031.76 5209.06 14011.49 5226.07 13980.06 5256.56 13997.83 5246.16 14021.69 5268.53 13989.70 5267.72 14005.64
10 17565.29 5038.23 17568.05 5038.84 17529.39 5083.26 17515.43 5073.45 17508.13 5053.04 17507.76 5049.64 17470.73 5006.92 17497.91 5019.52 17514.93 4982.70 17551.07 4999.51
14 212.91 6524.67 155.62 6516.41 162.05 6506.84 167.32 6479.48 175.84 6462.42 134.54 6473.81 154.70 6446.24 131.39 6435.71 167.07 6444.10 132.26 6434.15 212.39 6415.08 212.40 6435.52 256.24 6406.84 224.11 6439.59
13 7466.59 9742.01 7452.03 9760.35 7424.96 9779.89 7424.62 9745.20 7394.40 9723.01 7407.78 9719.23 7409.32 9699.31 7413.05 9685.32 7430.31 9704.63 7442.45 9662.65 7445.97 9706.96 7490.17 9683.96 7504.63 9674.80
5 2734.40 12700.86 2717.76 12718.95 2680.93 12731.50 2712.40 12654.68 2786.52 12646.03
12 9865.37 15244.31 9848.67 15265.49 9829.96 15244.55 9810.83 15272.49 9807.13 15276.49 9786.76 15279.96 9796.43 15239.73 9766.11 15229.00 9775.32 15217.74 9860.70 15208.96 9838.08 15223.97 9846.99 15224.44
9 12094.46 4995.98 12044.21 5040.59 12052.80 5024.61 12032.62 5000.69 12039.49 4982.10 12047.84 4976.35 12048.98 4920.13 12117.63 4943.18 12127.13 4977.10
10 2572.84 13444.51 2560.27 13479.30 2550.50 13487.56 2518.05 13501.43 2485.56 13452.75 2532.86 13420.14 2544.57 13420.72 2547.55 13419.49 2608.68 13426.25 2577.93 13439.11
5 9947.38 14930.79 9936.68 14884.07 9935.59 14878.12 9956.47 14854.32 9960.23 14853.92
6 3645.83 14748.13 3675.76 14726.67 3655.88 14747.40 3673.39 14734.23 3668.34 14743.24 3684.46 14747.91
5 14479.72 7089.84 14461.71 7081.35 14439.58 7036.65 14470.49 7045.52 14483.90 7064.60
9 14483.39 2849.85 14483.41 2860.55 14472.27 2901.47 14433.60 2877.01 14437.29 2822.20 14439.73 2796.56 14507.67 2800.25 14524.54 2794.67 14496.75 2838.98
13 2327.97 8376.61 2305.03 8418.75 2267.51 8376.57 2229.34 8335.87 2269.05 8348.38 2287.94 8285.55 2309.38 8295.32 2315.78 8310.36 2302.75 8349.90 2345.53 8304.40 2320.16 8348.92 2371.94 8343.76 2379.31 8353.50
13 10390.32 8248.15 10335.05 8216.83 10348.24 8238.64 10321.72 8261.01 10308.67 8259.48 10278.79 8161.07 10290.81 8161.32 10286.21 8134.54 10307.89 8176.99 10319.40 8122.31 10357.67 8165.74 10344.21 8182.84 10358.50 8196.47
6 11107.79 15861.89 11081.16 15900.07 11053.28 15874.32 11058.30 15869.25 11075.91 15810.57 11082.17 15842.01
9 10053.48 12473.43 10054.62 12497.76 10027.74 12489.06 9969.45 12439.90 9990.74 12436.73 9993.06 12401.59 10023.09 12392.02 10051.47 12395.34 10067.74 12418.47
15 5410.37 8553.20 5379.80 8548.27 5394.97 8558.31 5388.41 8578.39 5365.38 8567.29 5362.78 8559.58 5338.68 8549.98 5327.60 8543.10 5352.35 8536.64 5341.05 8526.07 5346.45 8505.09 5361.53 8519.78 5377.11 8503.68 5372.96 8521.49 5376.09 8538.67
9 10718.93 8515.03 10678.40 8537.43 10639.06 8513.29 10659.02 8502.27 10658.21 8497.03 10669.16 8451.55 10666.24 8438.92 10724.80 8467.51 10713.20 8482.51
7 1416.38 11142.77 1418.79 11147.18 1423.70 11165.70 1342.66 11141.26 1347.88 11132.63 1381.93 11118.55 1414.94 11121.96
5 6986.91 13998.02 6971.51 13998.50 6968.51 13995.05 6940.26 14008.82 6982.02 13978.90
15 10055.35 17571.77 10057.39 17575.37 10073.82 17590.27 10049.37 17590.92 10033.83 17579.89 10029.50 17604.77 10011.53 17606.00 9987.43 17593.91 9996.40 17579.77 9990.91 17579.94 10022.85 17541.05 10035.73 17517.14 10032.26 17544.63 10037.60 17549.14 10049.87 17550.12
11 2938.90 4477.50 2937.17 4489.47 2940.29 4500.16 2931.25 4486.12 2927.70 4485.87 2922.11 4492.77 2917.57 4481.66 2915.98 4461.02 2924.47 4445.14 2947.39 4431.79 2949.75 4454.70
14 6187.60 6604.36 6134.11 6624.80 6135.27 6641.66 6132.28 6669.06 6122.20 6632.28 6124.81 6644.02 6114.73 6636.60 6111.34 6622.14 6097.80 6632.61 6086.41 6640.63 6074.99 6541.48 6128.92 6586.59 6159.99 6558.71 6171.33 6577.52
11 5523.43 16300.57 5512.02 16289.75 5510.37 16285.62 5505.91 16285.90 5489.78 16304.80 5491.91 16284.80 5502.37 16270.75 5497.91 16257.86 5518.33 16256.60 5534.36 16262.77 5540.33 16265.91
9 10294.30 2439.21 10293.15 2427.46 10274.63 2420.14 10291.78 2372.75 10300.85 2378.12 10319.66 2342.32 10317.09 2360.79 10341.86 2357.38 10349.08 2380.41
9 6172.87 5504.16 6169.96 5516.65 6162.48 5528.68 6150.21 5527.79 6121.05 5519.44 6108.66 5517.31 6103.02 5477.75 6136.83 5488.56 6144.95 5480.75
13 3118.73 4403.37 3117.00 4408.47 3122.54 4415.48 3088.42 4433.03 3088.40 4435.74 3067.34 4455.28 3056.95 4428.57 3071.61 4408.67 3061.30 4395.29 3043.81 4387.58 3058.12 4341.60 3074.67 4351.48 3098.62 4355.70
9 12070.53 12836.14 12022.65 12875.60 12007.27 12899.22 12027.61 12833.24 11992.07 12849.14 11988.33 12812.31 11988.55 12780.48 12017.00 12777.30 12038.59 12741.63
15 16169.26 2779.96 16121.24 2762.31 16111.68 2741.07 16090.05 2786.46 16089.23 2740.91 16082.85 2748.49 16064.67 2734.85 16072.74 2723.53 16048.52 2702.09 16090.07 2635.60 16105.33 2661.57 16113.69 2701.98 16137.30 2671.44 16124.48 2705.31 16120.23 2713.10
14 14885.85 12613.55 14919.63 12617.49 14905.92 12624.54 14887.97 12669.75 14844.62 12668.18 14847.24 12685.11 14808.76 12614.19 14813.05 12607.13 14765.82 12572.56 14809.11 12559.41 14822.76 12569.98 14837.92 12560.77 14868.29 12549.68 14868.46 12590.18
6 10786.64 15229.31 10699.74 15237.37 10733.01 15182.94 10752.87 15154.87 10771.14 15163.95 10806.42 15140.53
9 10480.75 7916.29 10481.67 7943.95 10462.92 7906.00 10452.84 7900.13 10435.84 7899.62 10434.55 7889.74 10447.16 7867.23 10456.52 7860.31 10507.37 7895.21
11 5091.24 3465.47 5047.77 3473.60 5006.12 3498.95 4997.98 3473.71 5040.43 3452.11 4996.10 3414.61 5027.35 3410.46 5038.41 3411.80 5057.56 3438.10 5044.11 3398.15 5119.72 3408.83
14 9319.44 6907.42 9309.79 6923.20 9300.69 6932.91 9286.11 6939.48 9282.75 6914.72 9282.77 6908.50 9275.09 6900.72 9268.59 6888.61 9274.25 6887.69 9272.06 6857.54 9284.79 6870.10 9281.50 6849.88 9322.78 6855.83 9325.35 6863.06
14 2799.71 3311.62 2712.66 3300.78 2700.47 3298.08 2690.27 3267.55 2715.75 3277.89 2713.77 3276.73 2733.74 3257.28 2746.04 3268.11 2747.58 3278.69 2761.12 3262.22 2760.21 3273.03 2765.28 3266.09 2776.38 3251.23 2765.63 3274.95
11 4810.96 9443.27 4835.61 9465.20 4810.18 9517.80 4790.79 9452.63 4736.38 9473.29 4712.14 9453.22 4768.81 9409.13 4745.99 9380.07 4783.54 9374.19 4805.74 9414.90 4843.23 9421.10
12 8625.19 2531.44 8633.65 2564.05 8603.29 2558.42 8594.21 2550.58 8579.38 2550.24 8559.96 2587.03 8557.30 2569.56 8541.06 2553.16 8556.63 2527.43 8585.06 2507.13 8597.51 2472.95 8593.26 2506.00
9 10221.76 15075.02 10224.00 15108.28 10175.06 15062.92 10163.30 15065.41 10177.37 15050.28 10165.96 15011.78 10190.39 15005.13 10198.39 14996.92 10230.24 15010.06
7 11138.64 330.87 11123.50 342.73 11128.50 354.05 11118.83 346.79 11106.33 335.86 11096.00 331.11 11121.26 299.86
6 5167.12 1182.03 5160.29 1173.00 5139.19 1185.13 5143.23 1166.59 5153.01 1144.05 5178.67 1129.02
11 6613.39 15903.90 6648.55 15939.31 6645.53 15952.04 6621.59 15949.43 6550.88 15963.16 6540.24 15950.21 6527.69 15952.15 6561.84 15900.70 6562.25 15857.83 6595.93 15855.72 6602.87 15867.23
10 2891.48 5451.43 2874.97 5453.85 2845.93 5455.17 2847.82 5434.60 2823.26 5435.01 2837.00 5418.33 2879.87 5388.06 2880.79 5389.27 2882.30 5403.03 2872.92 5410.17
9 3880.79 11165.32 3860.15 11175.19 3866.27 11192.57 3809.82 11164.99 3784.68 11119.53 3810.10 11095.65 3846.70 11064.20 3824.08 11113.83 3843.69 11078.96
14 9140.68 7413.53 9131.07 7416.60 9137.50 7422.80 9126.71 7462.24 9089.70 7421.77 9071.88 7424.96 9057.04 7413.36 9034.87 7392.42 9051.38 7387.22 9077.21 7371.67 9055.67 7334.94 9115.15 7364.38 9113.67 7383.21 9155.43 7362.36
8 12978.23 14117.90 12984.82 14055.11 12969.34 14062.00 12966.44 14060.95 12911.63 14017.71 12918.85 14000.07 13025.07 13985.52 13076.80 13991.54
15 4562.26 12303.76 4519.60 12336.93 4507.29 12337.00 4518.79 12295.28 4520.54 12290.92 4509.56 12296.53 4472.89 12247.69 4510.45 12250.87 4541.69 12242.40 4548.00 12197.38 4547.20 12235.72 4552.29 12223.50 4563.23 12193.05 4568.64 12256.66 4596.22 12261.89
12 14794.38 16010.13 14788.23 16045.46 14748.86 16043.81 14738.10 16046.35 14726.21 16003.22 14709.34 15984.17 14733.01 15985.33 14725.07 15967.47 14756.16 15972.06 14773.32 15959.81 14771.41 15977.22 14783.26 15988.44
14 1302.92 8159.68 1285.26 8157.40 1280.36 8161.54 1269.54 8180.29 1252.98 8155.07 1254.61 8131.90 1252.82 8122.48 1266.86 8136.05 1277.88 8126.56 1280.83 8122.51 1281.70 8132.41 1296.92 8132.21 1293.87 8142.48 1299.30 8145.68
5 16986.45 14417.91 16987.98 14431.89 16974.63 14438.06 16953.51 14402.12 16991.01 14378.73
9 12285.30 8641.95 12232.87 8655.40 12251.29 8625.38 12204.39 8570.49 12311.36 8540.40 12314.05 8540.52 12295.85 8568.60 12316.46 8567.86 12310.54 8582.91
9 16523.70 13370.75 16464.50 13392.43 16477.60 13365.12 16439.73 13357.84 16456.52 13346.93 16470.63 13341.23 16465.85 13327.09 16480.45 13312.41 16513.39 13345.75
6 10778.63 1806.32 10750.04 1785.68 10747.01 1785.26 10714.81 1745.97 10725.72 1751.31 10793.51 1758.58
10 14401.36 1512.16 14373.08 1510.96 14367.52 1471.49 14326.75 1495.24 14318.82 1441.62 14314.45 1414.47 14355.96 1436.19 14348.69 1422.43 14347.73 1390.52 14409.08 1449.77
9 9748.32 4459.45 9724.55 4464.33 9724.69 4460.35 9739.85 4450.85 9718.18 4422.75 9771.90 4409.03 9786.41 4420.53 9775.01 4434.78 9764.60 4440.50
13 4032.37 3816.56 4019.68 3814.81 4014.43 3830.34 4030.09 3860.36 4008.73 3828.57 4001.19 3814.86 3965.47 3798.64 3980.25 3784.03 4007.85 3776.09 4027.42 3771.29 4036.58 3767.24 4046.40 3771.73 4062.60 3786.52
9 11038.62 9151.10 11039.70 9168.70 10992.84 9188.40 10985.51 9155.30 10991.29 9143.96 10964.44 9162.18 10946.96 9119.55 11020.03 9103.27 11057.93 9113.02
5 15806.37 1390.98 15775.35 1412.51 15674.04 1412.33 15698.66 1317.32 15728.81 1360.81
5 12732.93 17604.21 12646.61 17572.86 12651.26 17570.24 12725.51 17521.70 12740.77 17554.21
15 5878.79 6387.08 5845.06 6373.99 5839.17 6371.77 5842.40 6424.56 5838.26 6411.43 5828.81 6413.82 5813.37 6420.32 5811.10 6418.73 5820.92 6381.35 5813.00 6395.01 5800.35 6383.67 5821.61 6350.94 5845.58 6315.87 5851.78 6329.49 5857.91 6323.07
7 12331.82 5885.52 12275.15 5880.55 12268.09 5868.58 12299.62 5828.59 12340.86 5850.09 12341.63 5850.69 12405.77 5829.00
14 5043.04 7287.21 5015.68 7278.06 5022.36 7281.72 5027.90 7285.49 5012.90 7280.04 5002.64 7287.85 4995.17 7289.90 4986.96 7275.84 4974.81 7271.67 4987.71 7252.13 4990.45 7256.14 4990.78 7253.62 4997.03 7258.48 5045.19 7256.93
8 7075.26 2462.40 7062.16 2476.77 7066.69 2456.56 7084.32 2441.45 7090.58 2437.78 7110.32 2422.05 7103.55 2434.12 7104.70 2447.87
10 13990.60 14709.19 13956.40 14747.19 13957.80 14759.82 13937.47 14779.71 13919.61 14729.42 13911.35 14735.35 13875.98 14690.79 13919.97 14610.74 13943.83 14658.21 13954.87 14695.74
15 15931.74 17146.50 15902.76 17180.23 15821.88 17203.71 15840.85 17157.04 15811.62 17163.67 15815.17 17091.78 15837.33 17101.11 15873.03 17128.62 15936.68 17078.78 15919.99 17099.11 15933.70 17099.72 15936.13 17125.60 15908.90 17135.34 15935.39 17134.84 15943.08 17139.91
10 11008.36 679.96 10975.36 732.57 10965.07 712.20 10954.30 706.75 10955.63 684.30 10940.68 671.19 10940.57 641.19 10947.60 633.12 10958.99 640.62 10963.12 625.46
7 6237.86 4212.68 6216.13 4220.59 6220.06 4264.69 6135.18 4215.93 6157.06 4211.93 6154.10 4144.79 6236.91 4176.72
14 13010.87 13400.10 12956.67 13398.63 12964.69 13443.98 12918.00 13423.80 12908.00 13403.39 12897.66 13393.20 12916.86 13379.19 12885.54 13376.90 12883.21 13358.58 12866.92 13332.72 12904.27 13296.96 12942.08 13311.18 12969.53 13311.04 12973.98 13319.82
13 1503.14 17168.42 1478.02 17183.06 1469.49 17186.63 1466.67 17203.21 1461.73 17213.80 1443.36 17184.84 1437.07 17201.86 1429.00 17196.70 1434.24 17179.44 1443.32 17129.73 1502.20 17124.21 1469.03 17154.88 1504.63 17159.74
15 9723.67 12093.01 9722.38 12102.48 9726.80 12110.71 9722.19 12114.66 9716.94 12115.76 9710.43 12108.51 9691.53 12125.07 9671.87 12097.38 9650.17 12095.65 9678.07 12059.90 9672.39 12042.45 9701.56 12054.20 9698.95 12064.20 9704.47 12069.56 9707.82 12071.05
9 8639.03 7701.54 8637.80 7703.85 8652.31 7715.68 8642.35 7745.77 8616.12 7746.17 8571.66 7677.19 8564.44 7666.86 8543.99 7628.11 8605.82 7653.10
9 15680.03 16052.82 15639.61 16062.96 15619.16 16045.00 15601.26 16056.38 15652.32 15998.40 15686.01 15969.78 15685.72 15998.71 15657.28 16022.23 15680.64 16029.04
8 13243.73 5535.47 13146.74 5446.53 13174.03 5414.49 13220.35 5443.95 13255.10 5435.25 13255.97 5456.95 13255.77 5468.04 13299.06 5471.50
15 5596.70 7826.46 5557.92 7782.53 5536.46 7817.82 5548.44 7772.77 5517.12 7778.88 5538.10 7761.68 5538.89 7745.63 5534.87 7731.73 5547.33 7711.92 5547.66 7687.99 5563.34 7672.99 5592.35 7673.03 5603.28 7697.85 5577.08 7738.42 5637.68 7718.94
12 5619.28 5565.42 5583.34 5570.57 5569.59 5556.73 5530.64 5577.84 5525.99 5559.92 5556.89 5546.17 5514.12 5548.36 5531.01 5506.65 5564.98 5511.93 5583.30 5524.72 5588.82 5541.89 5627.16 5542.57
5 13523.16 3986.27 13492.00 3987.29 13441.94 3918.35 13524.24 3904.86 13586.78 3940.53
15 16984.86 7324.50 16979.98 7328.16 16966.25 7293.67 16933.83 7320.58 16947.85 7277.20 16928.80 7308.55 16933.06 7284.88 16937.42 7270.35 16897.56 7253.33 16914.49 7244.06 16896.09 7227.21 16937.19 7245.58 16966.58 7240.81 16991.97 7226.15 16980.50 7254.23
9 13505.65 17244.63 13468.66 17232.79 13476.32 17256.28 13466.26 17288.82 13404.78 17253.44 13365.06 17226.57 13353.18 17208.21 13379.47 17203.83 13419.31 17139.63
7 13435.34 1722.16 13385.97 1737.09 13386.93 1744.91 13358.08 1690.78 13388.19 1666.29 13388.75 1699.87 13399.97 1699.10
14 13279.34 14420.47 13283.75 14422.45 13268.06 14478.58 13233.28 14496.93 13226.29 14459.68 13205.85 14425.94 13175.55 14403.10 13202.90 14400.68 13199.73 14377.05 13203.57 14348.10 13230.01 14317.93 13237.37 14381.60 13270.96 14373.55 13262.85 14411.53
9 7474.45 12082.84 7444.98 12085.31 7445.83 12068.26 7458.32 12049.62 7442.14 12064.22 7434.92 12016.84 7421.05 11958.77 7434.76 11971.47 7527.30 11979.22
15 13069.24 6164.75 13069.02 6164.65 13065.07 6224.03 13010.63 6159.10 13014.96 6153.52 12995.06 6150.08 12972.39 6138.76 13002.86 6116.25 13009.10 6120.75 13002.92 6104.42 13014.04 6101.95 13031.29 6124.47 13041.69 6082.38 13064.35 6127.22 13088.86 6122.97
12 7529.95 9579.23 7510.17 9548.37 7499.42 9564.94 7495.16 9535.04 7493.31 9533.82 7479.49 9519.20 7484.61 9500.74 7475.06 9478.37 7518.56 9454.45 7531.95 9512.96 7536.36 9519.53 7539.05 9522.99
14 17750.41 14012.61 17734.10 13986.73 17705.71 14007.52 17704.97 13924.38 17701.11 13916.46 17704.25 13918.92 17690.67 13897.07 17694.15 13897.14 17715.83 13919.54 17717.66 13902.64 17723.73 13887.58 17726.60 13896.41 17731.66 13926.58 17747.91 13943.03
7 1995.19 11350.32 1950.31 11394.69 1937.65 11387.99 1928.07 11347.22 1921.09 11296.95 1952.72 11283.92 1988.89 11277.36
9 8422.93 2013.72 8424.81 2027.38 8395.77 2020.97 8366.22 2042.85 8362.71 2019.82 8363.54 1991.32 8369.95 1982.75 8396.81 1995.62 8427.30 2001.63
14 721.67 6305.64 777.15 6310.08 736.83 6323.15 750.30 6348.73 729.68 6335.85 732.84 6368.75 706.00 6335.54 692.10 6325.72 662.86 6333.46 657.49 6299.48 671.41 6292.62 680.86 6295.51 686.77 6271.92 726.47 6297.49
13 5566.80 8827.71 5564.05 8836.98 5567.68 8855.04 5551.47 8844.57 5517.44 8837.49 5516.18 8837.39 5516.85 8793.56 5522.54 8804.87 5525.62 8808.29 5566.33 8795.80 5558.09 8804.64 5558.69 8804.35 5551.75 8821.86
12 13546.87 4137.38 13550.13 4176.14 13500.72 4157.74 13492.91 4149.19 13471.85 4149.86 13479.45 4120.16 13479.20 4115.30 13526.68 4066.91 13538.00 4083.55 13537.58 4105.82 13517.56 4121.85 13552.53 4111.28
12 4819.28 10365.06 4805.63 10374.45 4815.07 10398.50 4785.54 10391.35 4776.21 10380.57 4778.98 10353.23 4772.75 10340.40 4774.70 10335.30 4792.05 10328.13 4792.09 10332.77 4805.01 10333.91 4804.71 10349.59
13 2135.94 15334.77 2132.79 15386.14 2128.06 15350.99 2120.80 15370.75 2070.31 15317.40 2128.61 15310.64 2136.65 15290.95 2139.45 15306.18 2167.73 15287.63 2182.48 15291.37 2181.66 15294.69 2169.97 15307.19 2142.38 15321.33
14 8283.19 14284.92 8210.17 14305.42 8215.79 14276.22 8218.10 14265.03 8213.76 14259.86 8202.31 14248.89 8152.22 14209.95 8168.70 14203.16 8217.60 14216.38 8224.52 14210.81 8229.73 14148.56 8254.13 14146.90 8251.06 14203.77 8285.88 14181.17
12 1685.61 16687.40 1679.67 16689.56 1688.55 16696.74 1680.41 16706.43 1675.78 16722.64 1660.08 16717.60 1660.62 16713.07 1628.49 16682.77 1636.60 16675.96 1660.62 16673.72 1653.57 16652.83 1696.32 16655.51
15 3068.98 9299.58 3073.92 9303.56 3095.74 9307.09 3113.91 9322.57 3082.93 9320.91 3011.42 9357.90 3020.60 9275.63 3013.99 9239.49 3031.86 9241.21 3033.79 9272.19 3063.30 9241.40 3058.07 9267.83 3088.29 9240.14 3097.40 9248.18 3060.86 9292.91
6 7808.48 15476.24 7746.76 15512.45 7721.22 15534.18 7732.21 15468.10 7715.20 15424.94 7777.53 15474.66
5 16459.54 7883.51 16381.11 7870.08 16360.87 7879.97 16371.48 7842.59 16420.66 7775.59
15 17211.27 8353.26 17226.44 8368.29 17215.25 8383.23 17198.21 8371.12 17193.77 8365.07 17181.67 8375.94 17178.52 8361.29 17152.99 8374.31 17171.45 8362.77 17157.53 8318.20 17186.86 8331.98 17201.28 8311.85 17200.13 8325.19 17209.95 8321.38 17204.13 8343.86
6 5386.57 14567.09 5380.74 14582.53 5351.78 14588.61 5362.29 14543.34 5368.84 14518.84 5430.27 14532.26
15 2687.72 13745.14 2700.45 13763.28 2691.59 13751.78 2677.53 13767.43 2671.28 13771.15 2666.00 13758.81 2670.95 13748.25 2662.07 13742.63 2671.40 13718.65 2662.79 13693.33 2683.79 13701.02 2694.31 13710.65 2694.75 13719.81 2698.47 13717.76 2715.41 13725.58
13 4428.67 6953.49 4407.53 6979.45 4394.92 6951.27 4378.59 6945.31 4371.15 6896.90 4388.95 6887.92 4396.86 6852.21 4418.53 6890.68 4429.17 6865.91 4452.68 6866.91 4461.71 6865.08 4483.80 6884.33 4487.24 6895.07
10 3530.08 1498.39 3494.26 1483.79 3464.74 1499.83 3449.73 1486.56 3437.27 1539.51 3438.74 1508.34 3408.58 1465.56 3488.78 1417.47 3493.90 1427.55 3473.75 1452.25
15 4635.52 4452.26 4626.22 4438.19 4586.50 4423.35 4623.12 4395.65 4589.82 4399.44 4587.82 4396.95 4608.20 4382.97 4607.00 4368.09 4604.92 4332.96 4628.21 4327.51 4630.28 4329.26 4661.81 4359.79 4680.75 4344.24 4680.03 4348.51 4678.95 4379.16
15 1269.66 16252.68 1255.78 16252.26 1268.98 16257.19 1264.27 16260.18 1243.21 16260.07 1243.05 16285.57 1233.13 16267.96 1226.04 16268.70 1218.88 16275.43 1217.52 16213.88 1241.31 16217.48 1246.93 16221.18 1262.14 16219.98 1257.20 16235.33 1263.79 16239.19
9 15128.56 6625.46 15098.18 6645.75 15034.96 6613.58 15030.88 6599.78 15055.51 6565.20 15063.33 6538.64 15069.31 6515.82 15074.92 6539.45 15092.77 6566.95
10 5684.64 16828.20 5707.59 16836.90 5687.84 16837.04 5690.72 16852.81 5682.99 16841.42 5681.34 16849.62 5663.25 16847.16 5651.33 16832.45 5654.39 16821.03 5649.76 16815.30
15 8941.52 2122.68 8932.86 2138.99 8876.95 2140.67 8868.60 2133.29 8858.23 2142.29 8882.86 2081.58 8877.87 2060.08 8890.29 2068.77 8892.17 2081.53 8913.41 2062.67 8917.65 2087.12 8924.29 2085.65 8934.77 2083.57 8940.03 2087.68 8930.19 2098.31
9 16497.88 13816.05 16504.82 13825.16 16467.46 13855.25 16458.53 13840.34 16459.67 13804.60 16416.61 13797.62 16489.29 13760.08 16489.98 13775.27 16488.99 13782.76
14 8482.85 12365.93 8476.22 12365.48 8469.24 12377.09 8447.19 12376.78 8437.45 12384.26 8443.73 12366.19 8446.91 12351.12 8417.64 12354.28 8436.53 12335.23 8439.78 12336.52 8462.65 12335.73 8489.17 12321.21 8494.92 12321.57 8484.17 12335.47
6 15834.77 11078.68 15784.83 11085.83 15715.07 10986.85 15751.48 11032.99 15777.36 11046.16 15809.50 11026.78
11 9139.72 5185.19 9122.78 5193.35 9101.87 5209.94 9062.34 5214.56 9095.15 5179.01 9060.46 5158.74 9050.71 5154.35 9092.30 5163.40 9085.63 5159.05 9079.38 5150.21 9119.32 5121.70
5 645.55 5157.18 637.55 5136.29 623.07 5118.99 661.26 5127.71 685.27 5108.79
9 3112.13 5108.71 3083.83 5095.78 3071.86 5082.36 3012.31 5064.71 3034.13 5037.45 3042.38 5042.04 3031.97 5004.93 3068.29 5027.12 3108.14 4991.53
7 8852.11 16376.87 8823.81 16398.73 8807.03 16397.67 8804.18 16362.32 8796.53 16332.24 8843.06 16334.17 8856.98 16369.73
6 2585.84 16287.27 2595.07 16342.21 2583.72 16315.77 2548.21 16276.36 2561.93 16256.08 2613.06 16237.53
5 8222.35 17418.65 8190.90 17413.53 8166.03 17439.73 8164.26 17424.28 8205.09 17338.11
14 922.07 16021.94 915.56 16022.85 908.21 16024.37 905.67 16032.63 899.15 16056.16 891.31 16026.65 882.90 16037.69 892.48 16019.63 875.89 16018.50 888.56 16001.13 895.68 15991.83 900.46 16004.60 901.63 15992.90 907.16 15997.99
9 14638.85 11319.78 14648.93 11326.44 14645.18 11332.74 14606.34 11362.29 14602.91 11338.20 14587.69 11291.93 14591.68 11288.00 14615.21 11293.47 14638.61 11282.08
8 16698.90 8303.82 16685.75 8281.02 16680.28 8247.11 16673.66 8230.79 16701.51 8243.84 16706.58 8259.54 16741.73 8250.75 16725.80 8281.03
8 14303.55 8312.95 14275.89 8322.83 14275.51 8300.99 14262.52 8292.01 14269.80 8291.35 14287.23 8269.63 14301.08 8288.46 14296.95 8303.98
12 11651.73 7296.86 11625.07 7290.14 11607.21 7301.61 11596.52 7325.71 11588.63 7295.27 11570.56 7306.92 11556.76 7271.58 11520.23 7267.73 11528.79 7264.15 11554.09 7262.56 11568.91 7237.06 11590.00 7250.12
11 1577.84 17727.29 1559.77 17696.77 1540.98 17726.07 1520.46 17674.07 1533.75 17672.20 1534.13 17636.24 1548.78 17647.89 1544.69 17633.44 1552.77 17641.72 1565.03 17654.84 1588.89 17638.96
10 16781.60 13431.97 16634.74 13451.60 16674.74 13426.02 16629.02 13435.93 16642.39 13402.27 16689.20 13392.81 16719.64 13351.90 16740.20 13331.42 16749.32 13324.76 16793.61 13365.57
8 9840.41 12358.08 9754.60 12327.38 9691.85 12336.25 9710.73 12278.71 9735.01 12258.46 9757.15 12272.37 9767.04 12273.22 9791.81 12288.98
5 1301.24 9972.18 1274.44 9986.90 1244.68 9955.74 1276.41 9940.73 1286.48 9963.96
5 15778.27 12687.57 15738.46 12712.47 15723.87 12647.55 15717.75 12640.97 15766.00 12646.04
7 4534.18 13254.65 4504.19 13255.05 4499.15 13268.64 4503.75 13294.41 4497.17 13322.23 4394.56 13281.86 4515.92 13210.14
12 5249.52 4802.21 5265.20 4819.67 5263.02 4830.74 5239.53 4822.66 5239.50 4834.83 5217.83 4802.46 5206.62 4770.98 5227.34 4780.42 5227.11 4777.05 5242.69 4765.61 5284.12 4786.93 5273.09 4793.93
9 6022.97 4367.01 6007.73 4384.85 5987.76 4381.77 5952.17 4397.03 5951.56 4393.18 5920.72 4341.29 5942.34 4328.97 5975.95 4297.47 6002.39 4299.23
14 7262.24 15044.69 7259.13 15051.76 7233.71 15043.80 7242.32 15064.24 7232.57 15056.99 7219.99 15088.81 7192.65 15056.57 7178.66 15049.13 7147.28 15018.20 7213.05 15009.85 7216.58 15019.71 7258.81 14998.80 7267.04 15023.82 7255.29 15029.25
14 3902.01 17330.63 3894.15 17357.39 3869.15 17337.71 3868.41 17360.60 3854.00 17339.54 3850.14 17349.50 3839.52 17364.81 3848.95 17344.96 3828.56 17343.00 3807.35 17319.18 3831.69 17297.99 3851.81 17285.11 3879.52 17308.40 3897.56 17320.36
13 321.47 928.18 333.22 953.63 297.65 965.03 299.26 929.46 295.82 923.78 274.72 897.46 295.03 907.60 293.84 899.69 299.98 908.45 307.21 875.68 328.10 887.03 345.36 906.94 319.07 923.18
14 9083.84 7474.31 9082.24 7474.16 9106.03 7489.54 9073.81 7488.46 9070.66 7485.31 9065.85 7484.84 9059.89 7482.27 9050.32 7483.40 9026.23 7479.40 9040.87 7472.08 9049.22 7470.04 9060.91 7441.40 9076.88 7439.78 9075.91 7459.27
10 9646.56 4703.59 9641.29 4726.82 9594.68 4699.39 9608.34 4683.15 9628.41 4692.93 9626.15 4689.29 9643.87 4678.74 9652.45 4685.38 9654.86 4691.43 9651.40 4698.37
8 15354.31 11507.67 15375.16 11539.27 15310.00 11556.86 15292.57 11546.69 15285.35 11462.05 15335.67 11492.28 15348.08 11493.89 15347.70 11505.17
11 17160.97 9443.25 17169.39 9475.20 17154.05 9486.64 17093.32 9473.19 17095.83 9455.50 17102.69 9427.04 17104.67 9419.50 17114.10 9403.33 17106.61 9390.94 17144.20 9401.56 17152.47 9387.49
6 13953.62 6991.35 13906.45 6988.50 13909.11 6981.57 13883.16 6990.15 13910.85 6967.36 13954.20 6973.54
11 456.73 11948.56 388.21 11938.42 392.44 11952.22 409.41 12007.35 353.96 12005.03 358.29 11967.54 296.08 11947.20 315.61 11924.92 343.76 11904.48 342.26 11902.83 473.01 11896.55
14 4919.22 14849.41 4918.16 14851.12 4888.08 14853.02 4899.53 14880.49 4879.88 14883.48 4868.74 14874.92 4866.99 14865.60 4861.38 14858.69 4847.31 14878.61 4822.40 14819.71 4881.44 14805.41 4912.89 14799.50 4905.09 14826.23 4892.19 14835.73
7 1949.67 2652.57 1981.62 2675.20 1975.20 2686.26 1885.00 2671.13 1902.61 2618.85 1926.40 2555.46 1958.47 2610.63
12 6740.54 8296.96 6751.19 8312.43 6747.76 8318.13 6732.31 8331.32 6727.58 8317.23 6714.02 8323.99 6696.93 8322.84 6698.88 8310.04 6701.30 8274.79 6690.83 8252.28 6725.27 8273.21 6746.97 8269.66
15 557.94 3235.40 540.25 3239.82 544.43 3251.54 538.70 3254.00 536.48 3272.11 531.47 3249.11 524.36 3256.76 495.04 3247.96 509.78 3230.85 519.60 3212.34 526.14 3208.77 530.63 3202.57 557.86 3210.10 557.78 3216.11 541.64 3229.19
12 11656.59 9653.27 11616.34 9676.52 11612.05 9676.44 11605.42 9662.13 11584.48 9650.00 11591.71 9638.09 11603.08 9637.71 11604.21 9615.66 11618.85 9625.38 11621.76 9624.13 11626.00 9627.94 11637.42 9642.75
10 16111.29 12943.22 16104.86 12939.12 16103.93 12944.67 16099.09 12939.71 16086.96 12925.68 16076.24 12901.87 16083.10 12891.18 16099.33 12912.59 16102.82 12906.20 16136.11 12903.36
8 9960.49 8323.72 9914.93 8335.84 9848.73 8374.85 9880.91 8305.02 9943.59 8264.60 9963.43 8272.52 9930.12 8307.92 9985.20 8297.99
9 10697.79 17331.69 10695.27 17331.94 10688.70 17346.83 10676.61 17360.65 10663.64 17302.77 10685.76 17295.69 10735.80 17277.56 10709.18 17301.93 10699.52 17307.81
8 17735.15 9711.55 17699.25 9722.42 17727.70 9767.22 17582.98 9682.23 17631.15 9674.76 17624.39 9644.31 17721.05 9645.81 17725.73 9645.17
13 4749.65 2235.26 4749.21 2241.95 4722.08 2266.39 4688.58 2225.70 4683.52 2220.44 4703.97 2216.98 4706.47 2200.10 4725.68 2206.66 4725.96 2169.83 4745.54 2180.24 4745.36 2197.38 4750.61 2209.50 4757.24 2207.16
15 3651.41 9582.82 3649.13 9588.13 3656.31 9600.23 3627.52 9606.19 3624.30 9588.44 3604.23 9625.33 3610.78 9599.17 3596.43 9603.12 3606.16 9560.39 3609.16 9546.93 3599.33 9538.37 3599.26 9527.95 3616.36 9532.47 3692.49 9555.09 3672.64 9560.12
12 4337.10 17880.69 4324.87 17872.93 4256.05 17847.37 4218.96 17846.28 4252.25 17810.78 4225.50 17799.69 4204.38 17789.65 4261.37 17801.53 4234.11 17753.72 4264.91 17782.04 4290.71 17777.50 4313.26 17730.00
12 7425.55 14736.86 7450.53 14747.79 7437.12 14748.82 7435.88 14748.93 7444.90 14759.35 7422.26 14748.86 7413.46 14748.40 7384.43 14739.13 7383.50 14701.05 7399.98 14704.19 7401.22 14696.43 7441.15 14700.40
9 15957.81 3608.20 15953.92 3633.24 15924.80 3634.24 15889.33 3651.31 15879.82 3621.93 15839.81 3590.83 15905.47 3561.74 15946.67 3555.45 15974.79 3547.06
15 13062.59 2969.94 13050.18 2954.70 13050.30 2961.30 13032.58 2975.90 12983.99 2969.16 12989.79 2941.83 13007.06 2930.86 12954.48 2924.32 12993.33 2891.53 13019.79 2892.08 13012.31 2844.51 13016.60 2841.08 13016.87 2839.67 13056.37 2892.87 13047.41 2901.37
9 8054.79 12119.85 8052.32 12171.34 8017.35 12153.23 8017.11 12185.28 7985.40 12138.22 7975.69 12123.23 7958.44 12092.75 7977.71 12092.06 7999.04 12055.40
13 8932.78 6857.46 8928.29 6867.45 8928.10 6870.54 8872.38 6868.36 8860.81 6867.66 8859.32 6836.47 8907.64 6826.07 8890.87 6785.61 8937.38 6782.35 8952.64 6780.13 8940.02 6830.07 8954.34 6828.20 8965.81 6830.03
12 7726.20 10609.04 7760.21 10619.98 7728.01 10636.71 7719.14 10651.44 7699.36 10613.22 7656.46 10606.45 7690.27 10597.31 7694.15 10596.81 7672.33 10578.40 7702.51 10565.98 7717.25 10564.91 7742.60 10582.65
9 17808.11 4899.36 17707.47 4844.69 17707.05 4781.38 17749.76 4778.56 17765.58 4789.90 17741.02 4764.06 17755.51 4747.87 17781.08 4786.77 17875.21 4778.47
5 6800.00 4180.67 6777.26 4227.97 6758.41 4110.53 6775.10 4151.69 6827.29 4163.35
14 13296.25 3383.96 13289.44 3394.71 13264.28 3425.53 13225.13 3437.47 13172.72 3374.85 13222.56 3337.57 13232.56 3340.58 13269.96 3315.60 13260.72 3342.35 13262.34 3354.43 13266.87 3360.06 13299.83 3339.75 13312.19 3370.37 13269.01 3380.94
13 6177.76 3616.34 6181.73 3629.04 6162.37 3617.18 6157.19 3614.62 6138.00 3641.85 6131.97 3609.16 6144.85 3601.32 6159.15 3564.11 6159.34 3567.35 6175.50 3555.44 6172.06 3580.38 6181.21 3567.66 6172.76 3585.95
9 2266.46 1216.32 2218.95 1232.16 2221.94 1200.11 2183.15 1175.68 2180.60 1150.53 2212.66 1138.94 2230.75 1123.52 2235.21 1109.77 2244.17 1086.55
6 17522.92 1560.44 17488.27 1553.66 17465.68 1511.01 17474.89 1501.26 17492.13 1503.50 17489.80 1515.58
12 17872.40 2650.35 17847.67 2680.76 17842.04 2664.96 17840.17 2674.50 17801.43 2619.00 17774.08 2608.69 17800.35 2602.18 17802.54 2600.29 17815.14 2572.07 17861.53 2584.92 17890.98 2603.20 17922.25 2602.02
14 7250.67 9748.46 7220.77 9756.00 7225.91 9762.62 7209.74 9754.74 7213.81 9773.20 7203.65 9754.92 7192.06 9756.94 7156.53 9766.57 7176.62 9749.49 7152.20 9750.82 7165.58 9742.88 7177.83 9711.90 7193.84 9719.55 7226.02 9714.02
12 10996.78 10193.28 10957.26 10215.97 10909.14 10223.06 10890.81 10209.08 10890.51 10165.63 10908.41 10131.47 10928.96 10170.11 10947.02 10139.47 10948.92 10161.14 10970.27 10145.81 10958.88 10181.20 10948.97 10187.80
7 7469.92 7322.16 7494.05 7336.66 7454.44 7338.33 7438.77 7333.67 7437.59 7305.03 7439.56 7306.25 7423.81 7291.58
12 12706.42 7298.28 12740.27 7311.84 12723.21 7318.49 12697.15 7313.37 12695.21 7355.95 12649.69 7296.68 12608.97 7275.39 12625.62 7275.47 12703.22 7254.27 12718.84 7265.39 12736.58 7270.91 12690.69 7287.43
9 11355.13 13746.17 11387.25 13761.23 11355.43 13756.44 11336.89 13755.48 11324.96 13801.23 11296.75 13732.11 11295.14 13710.10 11275.14 13691.99 11300.67 13656.79
7 7676.99 10085.11 7649.58 10069.71 7613.55 10048.30 7615.15 10031.16 7629.79 10034.09 7661.64 10045.66 7655.40 10057.19
9 6522.40 16502.73 6506.15 16526.35 6460.28 16537.06 6465.17 16529.18 6441.76 16516.09 6483.03 16504.91 6457.37 16454.02 6474.90 16443.26 6527.99 16467.17
8 16183.48 15642.66 16149.59 15594.06 16122.81 15584.42 16145.98 15562.00 16175.76 15563.22 16189.24 15557.01 16185.11 15564.69 16221.34 15551.07
13 5692.13 14955.50 5667.50 14963.17 5662.64 14976.48 5659.41 14963.11 5607.54 14944.40 5629.96 14937.64 5633.88 14919.23 5654.05 14923.07 5652.99 14905.17 5672.29 14915.61 5671.82 14926.68 5698.46 14903.10 5711.92 14937.19
12 15156.17 16151.95 15165.36 16156.94 15177.23 16197.53 15138.64 16224.62 15126.40 16179.58 15125.87 16178.40 15076.31 16169.25 15146.52 16089.87 15150.95 16068.94 15145.09 16119.78 15182.67 16131.97 15202.32 16129.49
9 6992.54 10089.79 6975.05 10093.11 6942.24 10063.39 6953.01 10050.81 6952.42 10031.90 6993.30 10033.12 7001.72 10034.02 6986.83 10048.63 6990.23 10049.31
13 4640.98 13195.70 4644.83 13204.84 4609.93 13206.46 4595.24 13222.77 4556.89 13200.18 4590.30 13190.26 4589.81 13154.59 4598.72 13166.82 4605.52 13161.97 4610.47 13168.19 4620.59 13171.87 4635.32 13169.86 4630.28 13189.12
7 12902.51 4379.85 12889.86 4378.67 12846.98 4400.96 12841.29 4339.12 12890.01 4333.36 12875.16 4285.72 12947.80 4305.94
5 7323.72 1364.57 7307.40 1349.39 7279.49 1359.77 7294.29 1319.71 7317.46 1328.51
11 6859.61 14375.72 6880.47 14395.32 6882.25 14400.55 6844.00 14386.28 6842.34 14407.53 6794.94 14360.47 6797.38 14359.86 6820.75 14362.95 6827.55 14348.50 6842.36 14346.29 6873.10 14362.39
5 16426.40 10641.73 16410.89 10644.05 16410.69 10569.88 16469.93 10574.36 16474.39 10605.88
6 1552.80 8206.12 1541.81 8189.45 1564.96 8190.76 1594.28 8204.75 1601.64 8208.33 1595.96 8221.91
9 3348.29 9241.06 3335.46 9262.82 3262.09 9272.76 3296.98 9248.97 3304.59 9236.47 3290.04 9194.36 3314.29 9211.00 3304.30 9191.44 3402.19 9214.84
11 649.93 1288.28 636.60 1320.25 633.61 1317.86 570.73 1258.09 582.30 1242.52 584.04 1200.31 592.77 1201.15 631.87 1191.51 644.76 1244.58 677.30 1239.95 656.09 1254.70
11 12064.87 17717.22 12013.95 17716.61 11982.24 17705.24 12019.43 17670.98 12021.88 17666.69 11976.69 17656.03 12002.90 17625.29 12058.92 17627.75 12063.46 17625.20 12063.96 17651.54 12093.61 17660.62
5 8949.47 1082.76 8932.54 1121.85 8898.20 1101.88 8935.46 1006.18 8953.61 1025.88
7 17811.17 10025.34 17809.44 10025.21 17819.11 10066.19 17742.79 10037.90 17743.21 10036.34 17755.93 9973.39 17803.67 9996.85
12 2928.95 15149.98 2934.73 15159.20 2924.86 15208.00 2892.65 15140.92 2843.49 15116.16 2877.19 15085.06 2895.51 15072.22 2919.95 15080.82 2922.58 15124.16 2951.95 15119.73 2949.97 15123.93 2990.87 15126.69
15 17268.30 3203.38 17277.08 3212.40 17253.78 3196.15 17251.28 3197.37 17226.76 3207.13 17215.35 3199.06 17236.29 3183.14 17211.13 3165.60 17230.02 3168.19 17242.39 3174.11 17243.78 3175.79 17237.86 3153.67 17244.46 3166.75 17259.11 3171.46 17256.69 3181.91
14 3786.61 9096.06 3850.84 9119.78 3825.90 9132.59 3787.61 9112.03 3768.24 9166.01 3740.05 9119.36 3691.27 9144.37 3713.77 9119.66 3693.84 9101.62 3708.28 9087.00 3704.94 9058.32 3691.40 9039.56 3752.68 9040.26 3791.36 9057.82
9 10449.22 16889.97 10401.58 16885.22 10403.51 16940.79 10327.98 16960.49 10345.27 16922.19 10306.41 16926.04 10380.14 16835.81 10393.39 16819.50 10390.39 16867.51
6 2960.41 2780.84 2956.11 2799.90 2925.80 2771.83 2907.96 2771.09 2945.18 2726.98 2954.89 2747.77
15 6491.30 712.53 6508.12 750.99 6489.12 725.80 6496.76 743.54 6496.11 747.04 6497.44 756.78 6473.31 737.95 6465.90 747.72 6475.66 721.06 6474.69 720.20 6453.67 742.98 6468.76 723.65 6437.98 723.98 6491.39 683.18 6521.78 704.65
11 558.71 7434.68 573.47 7458.53 560.36 7454.44 541.27 7440.20 512.26 7457.01 509.27 7430.44 523.64 7406.18 571.04 7408.42 566.46 7414.63 554.00 7422.18 584.49 7405.96
15 3669.39 9889.27 3667.69 9908.98 3663.02 9907.43 3622.83 9948.69 3621.38 9923.49 3627.97 9903.81 3597.09 9919.65 3576.59 9912.75 3583.11 9836.81 3582.07 9835.19 3585.34 9825.73 3611.24 9815.11 3634.63 9850.99 3645.70 9820.68 3656.85 9847.11
7 255.56 2300.92 164.76 2254.16 218.60 2265.04 215.70 2226.71 235.04 2257.90 281.33 2266.56 274.09 2269.98
8 7596.77 4661.16 7548.24 4713.73 7505.01 4635.49 7496.26 4605.65 7534.21 4598.53 7595.77 4609.66 7632.28 4624.74 7608.11 4632.74
7 11584.17 4115.41 11544.61 4096.75 11515.20 4095.02 11521.56 4067.78 11516.89 4031.51 11562.46 4026.74 11590.84 4034.54
11 14922.63 6642.95 14924.71 6650.35 14923.91 6663.87 14919.27 6682.45 14896.07 6656.35 14873.72 6643.20 14875.23 6642.13 14886.53 6618.62 14862.22 6585.66 14868.18 6590.67 14956.82 6621.33
8 5371.46 2847.95 5338.27 2888.77 5320.94 2819.49 5366.36 2807.56 5360.08 2831.08 5378.91 2819.89 5393.41 2823.02 5376.33 2835.67
14 1868.11 1839.86 1837.11 1835.05 1784.52 1838.45 1786.06 1827.62 1768.79 1835.22 1753.21 1845.84 1747.20 1803.59 1763.32 1790.27 1765.34 1764.05 1782.40 1768.17 1792.89 1787.27 1785.43 1740.10 1830.72 1758.06 1830.51 1769.55
10 2926.59 9893.45 2912.75 9925.88 2898.88 9932.65 2905.32 9892.33 2875.59 9897.41 2873.20 9893.31 2893.30 9869.53 2856.77 9832.62 2904.88 9862.16 2932.39 9825.90
8 7710.01 13607.46 7682.98 13630.25 7679.91 13641.54 7652.34 13603.45 7663.83 13596.04 7651.94 13596.96 7661.68 13569.41 7715.90 13578.97
5 4613.89 4249.22 4583.64 4252.75 4584.02 4242.04 4580.73 4208.85 4620.13 4192.38
6 9472.07 7877.42 9424.83 7900.81 9415.75 7785.82 9471.15 7782.75 9501.96 7814.31 9520.31 7826.83
7 5925.31 12578.84 5885.91 12524.14 5821.35 12512.76 5863.52 12500.95 5942.47 12493.58 5938.07 12500.22 5927.23 12512.54
11 15016.93 8463.10 15009.24 8471.07 14943.92 8441.52 14918.03 8429.59 14930.08 8427.91 14957.66 8396.08 14970.29 8368.43 14972.39 8412.03 14985.63 8410.26 15022.19 8405.46 15016.50 8410.92
12 9978.51 5412.03 9974.60 5424.35 9971.24 5434.86 9968.68 5429.66 9942.90 5417.86 9919.94 5407.00 9944.98 5361.12 9956.84 5380.78 9957.59 5368.03 9976.33 5396.22 9981.97 5396.19 10007.70 5397.59
9 12280.19 9081.23 12303.39 9098.81 12268.97 9092.81 12257.35 9090.30 12228.43 9107.48 12215.73 9080.12 12284.73 9035.05 12277.36 9051.83 12275.58 9065.77
15 7529.66 11071.24 7550.54 11074.94 7549.78 11084.21 7529.40 11086.47 7525.01 11137.33 7448.31 11127.98 7459.09 11079.41 7438.98 11077.68 7479.92 11067.17 7441.54 11013.52 7479.51 11001.88 7495.84 10994.77 7530.91 11053.35 7564.38 11038.28 7551.96 11053.97
5 10029.46 15051.30 10039.96 15040.95 10084.98 15021.52 10131.65 14991.31 10141.05 15019.59
10 11104.66 8107.89 11100.79 8115.56 11014.95 8127.54 11051.10 8110.57 11028.26 8101.34 11024.61 8099.82 11029.77 8095.61 11077.68 8080.70 11069.15 8042.05 11162.35 8067.99
14 9258.37 5426.30 9220.32 5394.66 9194.07 5423.34 9196.32 5390.26 9171.35 5373.46 9188.16 5372.26 9174.45 5367.89 9167.33 5345.41 9221.61 5323.53 9234.76 5333.98 9237.38 5364.11 9240.52 5365.34 9232.97 5370.16 9232.70 5371.09
5 2077.22 3212.76 2008.37 3209.00 1994.92 3200.65 2058.75 3160.25 2068.71 3170.91
9 10443.24 10511.94 10437.37 10554.33 10378.26 10540.55 10375.37 10577.70 10316.35 10564.85 10304.95 10551.34 10343.70 10452.79 10430.07 10478.17 10418.79 10497.83
10 14047.80 2525.06 14047.21 2558.36 14037.20 2549.03 14046.37 2563.24 14003.62 2530.07 13999.43 2521.74 14008.64 2504.90 14027.17 2508.02 14045.55 2484.09 14024.11 2516.66
7 9254.22 13557.36 9270.42 13573.25 9218.69 13638.12 9213.78 13592.03 9192.23 13588.68 9197.70 13582.46 9273.49 13512.40
5 15973.39 3235.39 15903.62 3131.67 15933.69 3148.05 15962.89 3158.44 15969.05 3155.02
12 15410.47 16516.58 15404.54 16518.41 15359.43 16535.79 15341.20 16552.54 15329.58 16499.40 15298.32 16491.18 15312.65 16487.79 15294.43 16440.70 15323.93 16465.89 15327.64 16469.30 15352.43 16478.23 15405.34 16480.16
11 5904.59 14678.15 5881.90 14731.68 5818.53 14694.95 5810.83 14666.04 5816.37 14658.74 5811.48 14643.57 5821.86 14588.66 5834.07 14595.97 5869.74 14626.24 5905.84 14637.56 5879.24 14662.63
7 14864.23 12317.62 14878.46 12341.76 14840.13 12315.71 14826.76 12306.43 14811.92 12290.66 14814.53 12284.83 14838.92 12295.99
9 10242.82 10070.97 10255.06 10086.85 10233.26 10101.16 10231.80 10077.16 10220.34 10078.51 10206.36 10089.83 10202.82 10052.84 10215.13 10038.18 10250.54 10054.37
9 5270.38 14623.96 5281.78 14630.78 5258.87 14639.53 5240.22 14631.89 5240.08 14630.28 5235.01 14624.93 5239.95 14580.94 5274.90 14595.12 5281.78 14611.93
9 2646.31 16139.33 2647.43 16146.61 2598.56 16184.71 2600.19 16132.69 2586.81 16151.54 2581.95 16095.95 2585.19 16053.06 2626.82 16072.09 2627.76 16111.64
14 7359.62 13358.45 7365.77 13364.62 7360.05 13404.52 7323.87 13392.26 7329.37 13376.25 7319.30 13377.20 7331.07 13367.39 7332.37 13363.71 7301.52 13333.67 7323.69 13344.56 7329.83 13305.45 7348.82 13327.23 7363.15 13343.96 7368.18 13348.43
11 6888.14 7567.61 6858.33 7626.52 6806.66 7534.87 6833.15 7536.28 6869.02 7510.79 6877.44 7471.24 6910.78 7488.96 6909.94 7513.37 6935.64 7498.70 6940.53 7524.37 6908.63 7543.30
10 7940.85 4946.49 7911.17 4910.34 7911.20 4913.62 7896.83 4874.27 7891.33 4846.65 7922.23 4828.59 7912.36 4872.66 7932.75 4847.43 7933.36 4857.80 7919.30 4882.45
12 6900.86 4595.81 6884.74 4596.12 6874.39 4583.16 6852.02 4589.41 6887.90 4545.40 6894.61 4561.90 6889.20 4545.23 6888.79 4539.38 6894.99 4549.87 6893.16 4532.92 6907.53 4557.90 6938.59 4559.75
5 12144.84 11935.90 12118.79 11909.74 12062.34 11892.97 12114.40 11884.45 12179.13 11810.68
6 6783.72 17634.69 6722.60 17645.24 6697.49 17656.20 6714.05 17626.16 6766.33 17607.83 6776.94 17627.59
8 5811.69 14239.83 5809.24 14269.25 5808.36 14271.67 5737.37 14167.15 5735.66 14163.52 5749.70 14165.43 5788.83 14178.26 5808.90 14184.90
7 9230.42 5090.83 9110.16 5063.85 9121.41 5053.47 9135.74 5016.58 9173.76 5033.45 9196.07 5051.40 9211.33 5054.02
5 11790.26 7816.52 11774.77 7759.47 11774.64 7746.27 11768.32 7737.87 11806.25 7716.55
14 9643.26 8321.01 9583.67 8313.03 9559.72 8320.87 9554.09 8360.39 9514.97 8326.15 9498.02 8323.21 9497.97 8316.95 9467.27 8320.71 9481.51 8240.26 9527.50 8263.45 9540.63 8253.67 9622.45 8262.69 9581.03 8292.96 9639.15 8291.10
6 7619.83 9769.07 7562.89 9749.20 7550.13 9738.74 7614.13 9750.14 7653.63 9756.04 7632.33 9767.29
13 6131.23 7660.21 6139.03 7681.63 6110.39 7661.32 6117.48 7717.18 6101.00 7664.24 6091.86 7658.13 6066.66 7709.08 6052.66 7710.36 6044.89 7707.04 6028.58 7671.26 6063.74 7653.87 6022.63 7620.05 6047.58 7621.42
12 11461.57 14935.61 11457.11 14949.53 11435.96 14999.23 11372.15 14962.97 11371.96 14932.88 11342.69 14927.46 11370.10 14865.52 11404.65 14892.95 11437.24 14860.92 11423.11 14909.86 11448.84 14924.73 11435.01 14929.65
6 1500.30 7700.21 1466.68 7757.14 1405.40 7725.90 1434.08 7701.71 1481.73 7646.96 1470.57 7694.26
12 12965.36 3745.24 12894.24 3772.66 12854.77 3777.03 12869.40 3735.11 12877.93 3733.76 12884.66 3698.54 12882.26 3690.00 12904.42 3699.43 12909.48 3719.63 12932.93 3685.50 12966.62 3716.37 12977.55 3735.31
6 12177.72 633.29 12184.46 640.78 12142.60 669.80 12142.09 670.75 12074.28 625.96 12116.06 590.52
13 8954.57 6455.46 8912.37 6454.38 8931.83 6484.82 8878.26 6484.28 8836.17 6473.54 8835.25 6459.14 8844.81 6395.67 8871.75 6416.31 8878.06 6416.39 8880.48 6408.08 8885.17 6369.36 8902.53 6374.05 8906.16 6412.66
5 15829.12 10354.05 15817.68 10348.04 15804.47 10336.94 15809.69 10317.73 15842.55 10293.18
5 3194.51 9747.56 3149.11 9762.09 3113.73 9695.67 3155.93 9718.97 3196.74 9678.53
15 16828.06 1530.04 16819.02 1562.70 16806.19 1532.90 16772.57 1555.29 16790.59 1529.79 16752.59 1533.64 16789.02 1523.34 16762.87 1503.74 16778.74 1499.91 16790.11 1472.16 16802.01 1503.27 16795.13 1470.48 16814.02 1503.54 16836.68 1473.72 16841.50 1479.31
13 4611.64 8285.83 4551.39 8274.46 4541.92 8279.33 4511.31 8276.33 4491.61 8273.98 4486.37 8244.42 4503.07 8229.31 4471.87 8171.36 4520.18 8157.06 4547.82 8177.57 4594.77 8174.47 4596.46 8184.01 4611.33 8173.89
13 15856.01 17004.81 15841.12 17012.37 15844.56 17054.32 15825.88 17024.90 15779.89 17032.27 15783.35 17022.87 15793.19 17013.30 15756.12 16976.55 15770.13 16979.23 15799.40 16987.10 15787.75 16962.20 15800.55 16958.38 15864.83 16964.54
10 3780.71 4277.48 3802.94 4282.74 3807.11 4313.09 3785.38 4300.39 3789.82 4319.81 3748.10 4287.57 3735.80 4249.85 3738.50 4245.04 3774.11 4236.73 3777.58 4248.40
7 449.63 5585.91 451.95 5589.66 412.48 5577.94 424.02 5564.66 414.62 5515.14 447.51 5556.95 453.42 5582.44
14 7231.85 847.51 7234.29 870.23 7210.78 856.22 7234.77 893.98 7232.14 904.95 7202.83 900.89 7180.87 883.28 7176.57 882.16 7162.76 873.47 7151.56 789.82 7194.49 772.32 7218.55 809.65 7225.24 814.13 7228.78 821.38
8 247.40 1129.14 265.76 1164.81 237.12 1144.34 236.19 1162.27 233.68 1181.47 191.72 1126.45 178.19 1110.59 257.26 1110.18
10 8989.01 16003.08 8975.00 16007.34 8938.54 16022.20 8905.85 15981.96 8904.60 15979.19 8927.78 15979.16 8946.04 15955.76 8963.35 15933.05 8972.94 15945.31 8979.83 15986.91
12 5954.97 16862.33 5941.28 16887.43 5932.63 16892.20 5903.06 16891.74 5922.29 16864.65 5903.38 16866.57 5899.90 16851.54 5890.20 16847.98 5911.81 16822.01 5941.49 16844.67 5954.11 16834.69 5948.68 16861.08
11 5019.22 8882.99 5001.32 8903.64 4990.53 8891.59 4991.56 8909.04 4966.16 8894.10 4946.12 8891.58 4963.97 8880.38 4947.08 8884.26 4947.68 8882.62 4982.05 8860.46 5007.04 8844.56
11 13754.39 7638.84 13739.86 7617.63 13708.87 7623.17 13657.88 7630.54 13661.28 7589.16 13691.44 7582.00 13690.81 7506.93 13715.98 7534.65 13742.00 7502.82 13753.69 7548.23 13783.26 7547.12
10 10629.60 17603.12 10672.98 17622.51 10609.70 17641.69 10585.41 17629.06 10582.37 17626.65 10568.25 17587.63 10640.65 17546.50 10630.62 17579.89 10644.78 17566.51 10626.40 17593.35
12 10785.59 9011.41 10787.47 9025.35 10763.92 9032.49 10749.13 9041.39 10763.85 9019.45 10747.62 9029.86 10735.51 9020.67 10753.55 9003.86 10748.22 9000.02 10749.34 8975.54 10780.01 8974.17 10794.41 8990.69
15 5221.91 17169.76 5212.52 17182.48 5200.76 17177.47 5175.23 17167.22 5151.41 17216.23 5151.91 17206.44 5154.33 17179.07 5123.75 17201.66 5120.15 17197.46 5102.51 17165.88 5132.21 17130.06 5124.68 17120.46 5134.37 17117.80 5185.29 17126.57 5215.66 17158.15
5 5920.44 2715.26 5928.32 2696.06 5957.08 2631.75 5956.60 2663.60 5963.38 2667.10
9 4138.73 820.74 4085.10 853.59 4080.45 912.66 4060.10 846.90 4017.69 870.34 4027.32 825.69 4057.86 759.75 4064.44 761.85 4098.87 746.49
15 4649.35 5643.08 4657.23 5655.33 4649.74 5661.17 4637.65 5666.03 4606.66 5665.69 4614.09 5654.45 4597.88 5657.81 4603.18 5652.53 4552.40 5680.20 4607.52 5647.98 4555.38 5607.86 4589.49 5617.16 4638.21 5608.84 4645.15 5625.65 4656.44 5623.59
8 819.67 1119.69 794.79 1108.02 777.49 1107.59 762.68 1119.75 742.72 1100.73 749.41 1099.28 747.19 1092.80 817.84 1035.64
7 9362.32 2265.32 9336.17 2278.44 9301.74 2242.90 9303.98 2234.01 9265.86 2217.57 9295.35 2201.72 9345.22 2165.82
8 7666.44 12444.68 7604.03 12440.69 7594.81 12440.33 7615.74 12431.22 7604.27 12422.46 7627.46 12416.80 7634.45 12430.56 7650.21 12421.73
13 11452.56 11096.31 11446.67 11123.32 11417.40 11098.98 11391.52 11098.41 11388.26 11095.98 11391.11 11086.05 11417.87 11084.73 11394.50 11066.93 11434.74 11063.73 11453.95 11055.45 11470.92 11073.01 11472.04 11085.22 11473.72 11088.82
5 17251.77 10095.98 17207.73 10104.38 17170.08 10071.06 17234.50 10046.09 17241.45 10068.58
13 6540.53 2240.18 6555.99 2253.43 6536.76 2253.98 6436.05 2288.70 6439.07 2256.18 6456.08 2205.00 6438.99 2148.55 6484.67 2192.11 6508.75 2140.13 6536.76 2157.23 6525.11 2185.22 6503.38 2217.83 6565.22 2215.49
5 15021.37 17184.29 15033.87 17144.03 15095.88 17129.06 15104.95 17130.18 15180.62 17125.84
11 11311.68 3849.68 11249.43 3848.13 11221.89 3899.61 11209.57 3882.59 11210.08 3800.09 11193.11 3785.78 11229.19 3802.00 11240.26 3783.38 11243.74 3797.65 11276.48 3781.28 11313.69 3824.23
6 15620.43 2343.53 15560.21 2368.96 15538.52 2314.70 15583.83 2309.85 15601.45 2305.91 15628.80 2273.07
12 17569.00 3806.15 17549.16 3809.08 17499.97 3782.72 17487.45 3783.73 17529.85 3759.97 17540.75 3748.66 17512.78 3718.02 17524.63 3712.17 17556.67 3701.65 17558.45 3710.75 17567.04 3732.28 17579.03 3750.41
12 14160.18 16290.10 14190.55 16300.66 14112.30 16320.26 14089.25 16355.53 14089.71 16342.26 14087.12 16318.54 14032.36 16310.91 14029.95 16260.14 14057.56 16238.30 14086.06 16223.68 14110.78 16257.90 14149.88 16253.06
11 4216.58 8361.54 4186.43 8359.70 4170.78 8373.53 4136.92 8385.76 4150.40 8361.44 4138.91 8334.34 4137.15 8327.20 4161.67 8343.61 4153.48 8326.13 4172.94 8314.22 4210.56 8339.39
9 11325.99 3712.87 11211.68 3693.68 11208.19 3693.81 11187.77 3693.61 11228.73 3680.99 11216.18 3652.20 11232.21 3633.69 11296.55 3653.18 11328.03 3659.13
7 4947.44 5046.76 4902.01 5061.82 4843.25 5010.57 4892.74 4984.13 4895.15 4982.49 4921.28 4934.75 4955.13 4962.93
6 11797.48 8010.78 11787.64 8016.12 11755.10 7981.57 11735.98 7955.79 11780.86 7968.03 11804.96 7979.95
12 6911.79 1518.81 6946.10 1582.89 6887.33 1550.15 6812.03 1561.85 6808.26 1564.27 6794.95 1567.22 6787.18 1506.79 6811.48 1487.11 6899.59 1490.52 6932.21 1457.11 6912.73 1479.23 6953.36 1507.24
6 7804.12 10570.06 7791.87 10569.16 7789.71 10595.23 7774.80 10597.39 7775.65 10571.51 7793.81 10542.69
9 12822.28 2576.69 12808.81 2582.71 12807.22 2636.41 12745.69 2608.10 12709.00 2555.94 12712.54 2516.74 12766.28 2529.88 12811.95 2536.50 12817.67 2544.19
7 6574.79 11326.34 6561.60 11344.87 6560.58 11347.47 6554.29 11320.82 6558.55 11313.97 6557.12 11305.14 6557.33 11305.02
14 6132.70 11892.61 6117.61 11905.60 6121.98 11934.86 6094.44 11941.45 6087.83 11946.72 6052.54 11908.19 6068.07 11884.47 6069.32 11881.13 6081.17 11878.82 6074.97 11868.65 6091.66 11865.85 6090.67 11838.98 6095.80 11875.82 6129.30 11883.54
14 2573.39 11523.73 2566.36 11535.52 2548.50 11544.07 2542.23 11530.01 2520.73 11530.31 2493.23 11503.34 2522.39 11503.86 2512.51 11490.75 2516.87 11487.62 2538.84 11492.61 2555.73 11471.81 2548.48 11496.87 2563.91 11501.19 2561.75 11502.81
14 16775.64 5292.60 16757.28 5303.05 16753.42 5293.27 16747.28 5262.46 16734.93 5306.30 16744.18 5260.27 16744.47 5259.46 16718.98 5289.06 16706.83 5261.06 16692.84 5264.27 16725.08 5235.96 16719.62 5221.32 16745.86 5216.33 16768.74 5243.96
6 299.98 12653.17 281.36 12653.87 276.63 12642.80 223.24 12656.19 244.47 12622.19 282.42 12592.96
11 5024.91 12684.21 5021.94 12702.15 5015.37 12713.57 5003.10 12737.22 4992.83 12743.66 4970.00 12722.56 4979.71 12696.71 4928.24 12700.27 4970.53 12649.17 4986.67 12628.74 5051.62 12655.41
15 13007.00 2060.78 13010.03 2065.04 12996.03 2058.44 13002.06 2061.79 12983.96 2058.82 12984.26 2080.98 12971.66 2062.83 12977.80 2110.34 12901.52 2062.92 12915.00 2046.47 12900.44 2031.56 12940.46 2035.28 12973.59 1988.11 13003.06 1995.96 13025.87 2005.30
14 2129.00 7208.17 2116.98 7209.62 2109.85 7217.68 2099.89 7218.71 2052.93 7229.88 2062.80 7177.95 2061.50 7174.41 2060.08 7169.94 2077.37 7183.02 2070.19 7162.72 2078.25 7152.68 2115.61 7164.55 2105.82 7184.24 2097.72 7192.76
10 1149.23 7141.09 1122.76 7137.96 1112.06 7146.07 1096.74 7186.15 1088.92 7152.57 1056.60 7153.48 1075.69 7112.05 1111.28 7116.05 1122.06 7127.65 1135.43 7128.38
10 2603.48 5453.60 2543.91 5497.99 2545.73 5480.79 2536.52 5461.40 2550.51 5436.58 2567.97 5409.49 2576.15 5414.92 2578.50 5409.38 2583.28 5427.20 2584.90 5439.67
15 2713.97 2957.11 2718.70 3015.08 2692.98 3018.78 2682.30 2987.53 2676.87 2945.89 2657.80 2974.22 2636.52 2988.90 2660.87 2957.24 2622.04 2892.12 2638.79 2872.99 2662.99 2900.45 2686.99 2884.71 2696.43 2903.41 2720.88 2895.62 2720.03 2913.08
9 6661.74 8426.52 6628.94 8385.20 6650.52 8386.12 6665.55 8384.59 6679.40 8374.60 6687.81 8398.22 6709.29 8397.64 6759.67 8411.09 6756.23 8431.63
8 15921.24 4739.08 15902.49 4738.76 15882.33 4764.90 15857.57 4720.77 15869.77 4711.22 15888.92 4710.24 15901.41 4698.48 15905.74 4689.23
15 10504.96 8688.65 10471.62 8662.18 10442.43 8693.18 10444.54 8644.00 10428.57 8632.19 10400.77 8612.63 10414.50 8603.27 10450.46 8557.49 10487.23 8595.27 10522.05 8566.00 10508.45 8588.56 10507.69 8608.79 10559.99 8585.37 10503.47 8624.13 10550.91 8623.71
9 11085.26 7358.99 11070.14 7378.76 11063.37 7385.59 11019.88 7343.16 11035.83 7336.32 11060.74 7312.66 11072.17 7310.28 11084.78 7332.75 11095.88 7349.14
14 5756.20 1508.01 5728.82 1514.23 5719.50 1572.69 5712.07 1577.23 5658.51 1560.14 5680.55 1514.17 5648.97 1485.48 5693.16 1472.72 5703.56 1454.50 5714.89 1437.99 5713.21 1460.98 5735.35 1444.03 5742.48 1453.21 5751.12 1480.39
7 2207.24 17456.75 2166.05 17485.95 2139.78 17462.03 2057.76 17424.81 2115.02 17414.76 2121.85 17358.40 2159.94 17432.28
10 15766.17 4912.34 15693.35 4912.99 15654.01 4944.97 15659.66 4919.07 15632.33 4919.42 15617.95 4898.55 15658.64 4892.90 15727.57 4825.25 15759.22 4855.48 15729.77 4878.21
10 13696.88 3073.59 13621.00 3051.83 13591.36 3037.53 13624.59 3039.81 13635.05 3039.32 13611.62 3015.68 13628.39 2996.32 13650.97 3012.29 13654.06 3025.44 13659.87 3025.98
7 17504.80 13564.40 17486.24 13552.76 17448.59 13544.94 17471.82 13469.79 17478.50 13471.87 17488.82 13454.93 17539.71 13423.82
15 13282.78 4846.29 13277.89 4863.69 13250.86 4849.87 13273.14 4870.72 13253.45 4859.05 13244.25 4848.86 13229.89 4863.62 13222.76 4860.46 13230.60 4847.14 13218.36 4846.37 13204.99 4850.02 13213.94 4837.45 13198.89 4820.07 13258.99 4807.67 13263.04 4834.87
7 17086.85 7438.40 17072.74 7447.99 17029.24 7445.22 17013.56 7427.84 17040.31 7421.04 17043.20 7410.28 17065.05 7416.90
14 8706.68 4606.23 8689.61 4632.81 8632.95 4655.59 8604.66 4601.16 8616.60 4594.81 8630.94 4598.20 8597.81 4578.16 8614.59 4569.18 8635.67 4580.83 8660.00 4590.25 8673.09 4588.89 8715.67 4565.95 8672.55 4596.82 8695.52 4602.88
9 17843.79 14043.82 17766.83 14125.95 17736.41 14091.97 17770.64 14025.01 17786.62 13958.57 17807.08 14021.04 17865.45 13994.93 17807.42 14033.55 17829.98 14029.28
14 15370.88 6545.40 15327.36 6551.29 15323.37 6549.03 15348.77 6532.74 15312.56 6543.21 15342.66 6512.63 15330.67 6480.43 15322.29 6463.37 15359.51 6500.30 15358.96 6460.77 15364.81 6476.60 15395.73 6493.42 15416.64 6478.98 15419.24 6522.98
5 6324.63 4136.66 6317.86 4112.16 6340.76 4095.15 6382.52 4110.73 6412.51 4139.72
10 2253.80 3954.12 2246.93 3979.18 2204.38 3975.14 2196.36 3946.61 2187.72 3921.02 2192.01 3924.69 2210.61 3933.67 2219.63 3933.70 2231.25 3941.36 2244.06 3946.72
10 6400.91 1685.11 6382.84 1713.68 6353.12 1749.58 6330.75 1713.26 6289.55 1671.40 6298.92 1646.06 6396.70 1637.97 6416.31 1655.40 6441.16 1659.35 6396.34 1665.23
13 11415.12 8200.15 11433.01 8222.47 11428.51 8224.37 11407.92 8231.61 11361.62 8207.82 11373.88 8152.36 11400.94 8184.03 11400.42 8180.67 11397.42 8154.05 11409.18 8184.47 11449.05 8168.32 11441.55 8177.46 11417.09 8195.36
6 8002.89 7891.68 8016.21 7901.43 7972.76 7906.41 7921.57 7854.47 7959.87 7806.48 7998.16 7827.87
6 7843.58 12453.42 7766.46 12474.77 7749.97 12436.97 7774.43 12436.66 7826.39 12411.65 7809.35 12444.55
9 5837.18 3979.37 5779.61 4008.60 5791.88 3979.26 5802.38 3938.29 5755.54 3921.89 5819.35 3914.28 5819.52 3895.05 5831.82 3926.85 5886.60 3940.72
8 13320.67 6793.44 13296.44 6789.98 13287.71 6795.88 13285.18 6816.87 13274.57 6734.27 13279.97 6749.61 13283.54 6756.94 13308.69 6741.35
8 8169.59 3553.74 8176.84 3581.81 8127.10 3569.18 8111.56 3559.83 8099.42 3554.45 8108.94 3546.35 8138.43 3541.01 8177.74 3529.06
13 9707.72 10247.46 9713.90 10252.04 9633.23 10233.09 9595.62 10239.26 9585.95 10207.55 9573.86 10204.12 9615.09 10204.89 9564.74 10182.96 9561.82 10174.17 9615.32 10190.27 9629.44 10134.94 9656.68 10165.42 9694.29 10192.39
14 3100.75 16756.69 3061.65 16760.23 3077.37 16770.43 3073.49 16808.47 3033.45 16795.33 3027.22 16785.03 3007.11 16759.11 3018.36 16753.69 3026.51 16750.77 3002.33 16735.36 2988.71 16725.43 3048.32 16689.51 3074.37 16726.26 3093.46 16752.03
14 4325.07 4419.93 4324.23 4429.22 4311.68 4412.13 4316.33 4434.73 4301.87 4415.62 4279.52 4458.37 4274.00 4421.72 4257.90 4421.75 4266.06 4371.98 4252.26 4358.04 4275.04 4368.32 4281.14 4371.80 4295.78 4381.94 4326.35 4377.50
6 17119.18 5002.91 17074.83 5008.67 17062.14 5025.53 17013.70 5056.13 17038.29 4915.06 17050.61 4911.57
13 14519.37 8415.53 14489.75 8386.99 14473.66 8403.65 14433.01 8394.27 14429.24 8376.87 14460.84 8360.62 14464.97 8359.83 14455.42 8332.47 14463.61 8339.76 14460.92 8333.43 14530.01 8337.68 14532.56 8351.97 14519.04 8364.20
12 4187.19 17185.17 4203.16 17197.24 4185.91 17209.32 4177.23 17216.94 4158.74 17215.87 4142.30 17222.47 4127.49 17168.82 4139.11 17139.20 4141.53 17134.39 4167.10 17146.73 4183.59 17164.09 4184.95 17169.71
14 3890.91 4062.38 3881.03 4085.87 3847.05 4072.02 3791.18 4108.31 3810.59 4062.10 3790.68 4069.20 3801.19 4047.15 3746.14 4022.23 3791.87 4012.44 3785.51 3968.45 3799.32 3997.11 3810.85 3998.10 3826.26 4003.93 3849.94 3974.78
11 15266.38 12381.58 15273.17 12386.57 15253.94 12392.26 15246.53 12417.44 15237.07 12405.33 15236.82 12406.90 15204.36 12368.57 15200.76 12353.21 15218.92 12354.93 15261.95 12368.75 15241.87 12377.51
11 1002.28 14398.17 980.43 14373.89 972.46 14380.20 954.26 14409.54 953.96 14336.72 965.00 14339.54 964.88 14305.22 972.13 14302.71 999.90 14317.95 994.69 14336.85 1006.33 14344.83
8 332.66 6354.07 338.82 6376.48 301.33 6374.88 210.78 6330.05 242.74 6310.80 250.97 6267.43 287.16 6299.03 358.90 6304.78
6 5676.58 12417.17 5585.70 12389.70 5619.26 12376.56 5654.68 12397.92 5665.89 12392.74 5676.31 12384.48
12 450.18 17375.49 421.46 17446.54 411.91 17414.97 410.23 17398.65 395.94 17385.54 385.88 17372.11 386.69 17345.03 390.98 17328.69 422.02 17355.11 438.77 17304.95 443.53 17317.78 469.12 17338.47
14 228.25 8010.68 238.51 8029.78 206.35 8028.27 184.91 8014.44 200.42 7998.15 199.83 7989.28 195.06 7985.41 171.93 7978.49 192.96 7976.59 183.95 7968.54 173.22 7956.57 194.44 7973.57 191.02 7952.34 201.10 7968.30
13 12393.93 13576.08 12427.54 13603.52 12389.98 13598.07 12390.49 13623.78 12365.26 13639.06 12363.78 13590.29 12341.04 13613.26 12347.26 13578.20 12310.34 13578.58 12372.83 13548.95 12385.08 13545.16 12427.70 13539.26 12398.16 13562.82
12 17410.63 14547.85 17380.74 14542.93 17378.00 14542.54 17371.55 14540.28 17379.85 14579.74 17368.40 14567.25 17342.12 14577.45 17343.22 14536.24 17301.49 14509.96 17329.39 14516.24 17337.05 14502.81 17343.30 14499.56
13 12839.85 3298.64 12840.09 3316.93 12814.12 3314.64 12801.92 3302.28 12802.07 3288.04 12795.53 3292.26 12787.43 3295.42 12795.60 3290.74 12798.43 3287.07 12800.84 3246.56 12803.74 3253.75 12844.88 3251.41 12845.26 3257.08
7 9816.11 13642.29 9842.61 13644.08 9827.58 13643.84 9775.52 13676.22 9751.73 13674.46 9749.46 13652.24 9758.37 13634.98
14 15268.34 4626.83 15234.21 4650.61 15206.10 4619.80 15180.10 4659.37 15171.89 4649.82 15164.79 4634.97 15156.29 4602.90 15118.34 4568.47 15131.06 4569.04 15185.80 4556.86 15190.44 4578.62 15217.12 4531.08 15211.16 4591.05 15241.62 4585.76
9 7800.13 13214.64 7766.23 13201.37 7765.22 13209.51 7735.50 13229.70 7731.44 13151.50 7751.64 13165.35 7773.74 13166.94 7791.51 13144.59 7794.23 13181.57
7 11711.08 11916.75 11695.04 11908.98 11683.41 11905.07 11759.53 11853.63 11763.56 11870.82 11759.48 11874.11 11746.15 11877.90
14 13496.17 5765.13 13500.57 5778.80 13493.85 5797.86 13480.78 5788.07 13466.39 5771.17 13455.31 5770.49 13459.74 5768.36 13471.59 5757.29 13460.94 5737.62 13469.77 5742.31 13481.38 5754.36 13494.87 5742.53 13509.23 5750.52 13502.18 5762.42
13 4049.57 17582.76 4015.21 17595.01 3994.14 17593.30 3993.27 17590.69 3990.53 17585.66 3956.41 17569.76 3975.82 17565.79 3992.85 17532.70 4014.49 17564.14 4051.15 17545.76 4057.31 17552.43 4030.70 17564.85 4054.22 17577.02
11 6404.82 9461.15 6417.95 9487.73 6385.16 9478.63 6372.30 9470.89 6373.55 9457.47 6355.27 9453.20 6397.65 9437.54 6410.41 9432.19 6420.71 9435.55 6429.25 9441.36 6422.11 9444.26
15 3899.66 11382.26 3890.16 11383.75 3884.57 11386.32 3903.03 11430.34 3897.31 11424.72 3879.03 11404.01 3870.30 11419.92 3854.17 11390.81 3854.43 11381.02 3823.79 11368.21 3831.55 11354.44 3849.39 11360.19 3840.16 11326.93 3853.79 11342.12 3913.48 11361.83
13 5750.10 13922.67 5699.15 13955.89 5702.97 13937.32 5695.60 13942.03 5699.90 13929.30 5701.22 13921.45 5653.95 13930.14 5702.72 13899.98 5684.40 13870.40 5759.13 13846.47 5759.71 13876.41 5792.44 13857.55 5797.46 13859.31
8 9654.73 3070.48 9622.48 3066.18 9592.49 3076.04 9615.65 3030.05 9681.05 2953.87 9646.81 2999.83 9656.63 2998.94 9690.23 2999.93
5 2174.35 14468.63 2176.26 14439.63 2171.63 14410.74 2190.85 14370.02 2250.29 14386.14
11 13053.96 7033.78 13028.78 7039.10 13018.38 7042.37 12973.32 7015.76 12988.52 6999.64 12952.54 6979.02 12969.64 6979.36 13013.33 6952.77 13029.98 6971.31 13062.02 6965.27 13056.47 6984.16
11 16302.43 4393.78 16279.24 4434.16 16289.08 4414.59 16266.30 4403.71 16221.97 4380.39 16267.15 4301.07 16289.79 4333.41 16315.50 4352.00 16325.88 4362.05 16357.20 4353.89 16387.62 4366.66
14 8109.56 14729.37 8110.72 14751.90 8087.55 14750.44 8065.61 14727.90 8065.26 14769.80 8049.32 14732.91 8034.97 14757.57 7973.08 14687.57 8076.27 14619.22 8058.21 14675.65 8108.21 14645.48 8086.60 14665.76 8126.53 14664.03 8137.52 14682.16
13 6599.11 5139.54 6605.91 5113.76 6568.77 5072.06 6581.66 5052.46 6585.51 5051.13 6610.06 5076.20 6621.67 5086.43 6599.26 5051.65 6624.85 5031.93 6646.87 5068.64 6666.57 5072.41 6672.70 5082.25 6687.68 5086.67
12 5396.27 17170.94 5386.42 17191.60 5370.78 17200.06 5344.97 17185.97 5340.80 17197.15 5325.46 17190.67 5327.45 17187.72 5309.77 17198.66 5314.50 17179.89 5287.20 17160.08 5308.14 17134.43 5337.40 17152.46
9 16403.55 4424.70 16396.39 4422.08 16363.36 4434.34 16343.81 4437.54 16378.34 4393.66 16401.86 4393.87 16415.36 4381.18 16424.89 4386.18 16411.77 4406.54
13 2136.26 15674.44 2118.97 15678.66 2112.25 15692.90 2095.91 15711.12 2086.48 15666.86 2114.36 15649.91 2098.82 15589.43 2095.83 15583.26 2124.64 15616.57 2135.59 15607.73 2158.60 15608.86 2185.62 15601.18 2158.33 15628.02
14 2481.18 14123.91 2484.95 14143.64 2441.41 14157.38 2431.47 14101.72 2424.54 14098.74 2420.94 14093.30 2434.08 14095.44 2453.89 14056.03 2456.49 14074.63 2460.89 14088.16 2465.55 14078.85 2469.56 14077.89 2469.22 14084.39 2491.93 14097.63
10 13820.79 6312.50 13795.11 6334.44 13771.37 6333.85 13735.93 6358.89 13742.17 6309.95 13720.91 6308.15 13773.26 6279.90 13781.12 6274.09 13804.60 6284.26 13785.26 6297.03
13 12944.20 17888.33 12895.31 17909.02 12893.23 17915.32 12889.09 17894.68 12876.60 17883.00 12890.37 17854.67 12848.26 17898.73 12881.31 17861.14 12866.45 17854.80 12845.91 17839.67 12881.17 17835.22 12911.50 17805.24 12905.89 17827.46
13 15945.17 5476.40 15915.97 5492.84 15906.26 5508.26 15900.14 5492.69 15895.75 5508.29 15894.30 5490.63 15887.43 5480.04 15863.37 5471.90 15860.11 5461.46 15873.83 5437.09 15890.10 5461.90 15902.79 5420.39 15921.05 5460.86
15 5926.44 3346.52 5910.94 3356.35 5885.50 3390.88 5881.10 3407.41 5873.75 3403.16 5858.67 3365.95 5832.14 3367.78 5836.60 3356.41 5826.88 3349.21 5814.16 3347.18 5847.65 3327.27 5888.17 3320.80 5900.98 3284.18 5934.20 3334.11 5905.66 3341.82
13 14217.56 777.81 14183.71 777.31 14175.88 776.44 14172.70 779.38 14160.40 776.55 14157.50 771.66 14157.35 761.59 14128.40 737.23 14162.71 739.64 14155.09 712.49 14182.77 736.15 14210.33 733.63 14201.66 747.65
10 14254.58 1778.72 14244.22 1770.62 14239.57 1768.38 14251.35 1792.15 14223.79 1785.60 14221.28 1794.83 14182.90 1775.72 14220.06 1746.84 14245.00 1711.99 14272.78 1716.81
10 6038.14 2409.17 6008.00 2401.69 6011.67 2432.20 5999.49 2416.46 5992.15 2409.45 5961.74 2422.49 5952.09 2349.04 5993.13 2323.19 6001.06 2347.79 6019.22 2353.11
11 16338.45 16594.67 16341.33 16612.44 16337.24 16610.22 16326.99 16616.06 16309.75 16627.14 16283.07 16589.43 16265.89 16587.65 16293.60 16578.90 16301.20 16576.06 16326.50 16583.91 16324.69 16588.76
8 10286.39 3498.74 10272.17 3487.92 10254.53 3480.35 10226.75 3476.07 10244.36 3469.71 10240.14 3461.35 10225.85 3446.84 10255.64 3449.64
6 15979.11 17449.56 15912.58 17432.11 15887.68 17389.21 15862.40 17318.69 15912.81 17370.83 15919.50 17372.66
9 8101.21 12857.93 8080.17 12863.31 8033.98 12865.57 8055.96 12844.56 8054.64 12842.97 8043.47 12822.65 8069.41 12827.57 8085.83 12788.90 8098.96 12801.96
7 2077.09 6781.36 2012.93 6822.29 1982.61 6813.17 1978.36 6808.05 2022.08 6773.93 2030.44 6744.54 2018.01 6680.85
12 3993.25 8091.77 3999.96 8095.94 3978.87 8098.11 3973.80 8118.73 3970.28 8106.71 3946.70 8100.54 3934.54 8110.92 3938.63 8084.35 3917.30 8068.65 3940.07 8051.10 3990.41 8047.16 3977.12 8069.31
9 5828.84 4351.07 5809.39 4363.12 5781.96 4334.18 5771.97 4344.06 5724.73 4303.57 5799.23 4254.51 5821.10 4279.66 5801.65 4306.80 5843.11 4302.95
7 2457.09 4221.44 2440.33 4215.97 2461.81 4186.37 2451.37 4159.10 2481.17 4180.05 2480.14 4187.25 2491.24 4190.26
15 15117.83 15123.40 15106.46 15130.05 15109.01 15155.67 15098.60 15133.41 15097.16 15138.11 15074.97 15132.93 15066.69 15131.09 15059.01 15112.04 15073.89 15110.54 15068.53 15103.56 15089.25 15115.85 15071.90 15097.28 15089.51 15108.37 15087.86 15092.06 15130.07 15099.50
6 2932.84 6989.12 2908.97 6991.26 2881.86 6992.41 2878.49 6901.71 2918.83 6945.29 2957.44 6945.63
12 10764.71 15547.80 10761.18 15563.52 10742.68 15583.57 10725.95 15567.57 10702.88 15569.14 10688.64 15542.06 10684.80 15531.00 10715.37 15530.69 10708.56 15500.15 10727.14 15523.50 10776.21 15514.40 10748.06 15536.37
10 13352.11 16087.25 13357.95 16098.93 13326.75 16093.07 13324.70 16115.97 13293.63 16026.39 13297.83 16011.87 13329.44 15977.25 13331.43 16029.25 13347.78 16023.85 13390.21 16015.76
13 6079.43 16196.97 6055.93 16200.43 6051.36 16182.03 6036.50 16177.99 6029.75 16172.12 6013.35 16153.40 5987.94 16149.39 6024.02 16145.42 6034.70 16128.41 6047.71 16127.93 6082.19 16105.24 6090.44 16099.40 6094.67 16104.34
9 8301.02 7473.89 8251.49 7471.55 8260.43 7489.87 8210.66 7504.95 8170.45 7519.09 8209.15 7410.43 8259.15 7396.02 8254.80 7438.98 8251.87 7454.34
13 12432.71 7023.20 12410.39 7084.14 12411.90 7059.67 12407.93 7054.98 12392.07 7071.26 12365.27 7003.32 12368.92 6996.34 12392.35 7003.78 12403.39 6995.01 12385.61 6952.44 12410.10 6959.39 12416.41 6977.90 12461.16 6988.71
10 1216.13 7827.51 1200.90 7850.70 1194.89 7858.00 1177.48 7863.72 1169.73 7884.52 1168.52 7838.91 1120.35 7860.19 1112.21 7788.43 1134.76 7768.26 1199.83 7813.20
7 15148.85 13906.91 15141.21 13913.67 15134.52 13922.27 15101.60 13890.48 15117.45 13826.11 15133.10 13857.29 15148.02 13864.39
6 15967.04 10072.02 15950.03 10085.00 15940.47 10070.03 15900.66 10036.89 15906.15 10004.30 15944.64 9990.83
12 4498.80 17005.32 4503.56 17010.45 4512.62 17016.49 4477.93 17019.74 4461.80 17030.54 4442.81 17027.91 4456.48 17010.92 4444.27 16999.92 4463.63 16989.66 4462.09 16986.08 4472.90 16991.56 4496.61 16985.65
8 3275.01 2834.49 3252.00 2813.98 3231.06 2789.52 3209.59 2793.00 3191.05 2759.81 3215.98 2736.92 3272.20 2711.29 3333.19 2773.83
8 11438.48 13466.89 11418.11 13493.62 11381.18 13497.56 11328.72 13485.93 11355.80 13465.14 11344.74 13418.60 11370.84 13445.88 11379.70 13443.72
15 8166.25 6734.20 8151.78 6732.47 8157.17 6744.81 8144.64 6760.85 8131.95 6716.84 8112.02 6743.99 8110.88 6721.71 8111.68 6720.98 8112.00 6712.57 8115.22 6708.44 8097.32 6679.30 8130.69 6654.51 8133.47 6691.43 8172.74 6674.89 8156.62 6696.18
9 10351.57 6031.58 10331.42 6033.35 10320.75 6067.41 10304.83 6042.28 10293.68 6063.12 10303.48 6028.25 10274.40 6037.39 10303.89 6004.32 10335.21 5984.46
13 8913.13 1176.40 8910.04 1188.87 8887.89 1191.34 8861.48 1200.09 8866.99 1185.27 8851.20 1173.54 8834.15 1174.99 8856.51 1157.82 8835.17 1151.76 8842.99 1145.71 8874.20 1146.35 8915.93 1133.31 8905.08 1156.73
15 3525.91 17062.21 3520.72 17071.80 3556.14 17105.92 3510.47 17084.91 3438.02 17098.15 3473.99 17060.61 3453.84 17058.55 3424.93 17058.92 3430.32 17014.48 3455.72 16999.88 3479.43 16997.27 3495.58 17009.24 3502.30 16989.45 3550.46 17021.54 3580.76 17019.17
7 15179.63 7225.53 15105.92 7258.35 15082.41 7219.23 15127.88 7156.33 15146.53 7133.83 15168.61 7194.44 15191.16 7219.23
11 6985.90 13869.24 7001.49 13898.95 6983.22 13897.80 6944.46 13881.34 6953.27 13858.29 6950.67 13855.72 6961.70 13855.23 6932.09 13842.55 6969.13 13834.81 6975.90 13821.21 7009.70 13837.42
12 903.42 9873.57 896.40 9891.77 899.26 9914.45 877.14 9918.47 874.27 9891.55 869.87 9896.59 835.95 9860.06 840.67 9861.11 868.28 9861.70 864.81 9855.88 895.43 9857.24 937.33 9849.24
12 12190.62 17664.13 12175.63 17673.84 12161.42 17645.87 12148.83 17653.50 12151.51 17638.10 12144.11 17626.10 12165.17 17611.77 12171.10 17606.66 12175.21 17597.29 12206.49 17608.74 12185.33 17627.77 12209.87 17625.97
8 3680.86 15792.20 3662.18 15817.54 3609.31 15799.09 3614.60 15783.92 3640.90 15739.30 3645.59 15748.57 3646.26 15732.94 3675.22 15767.89
8 2800.59 6435.06 2799.98 6435.01 2776.12 6422.27 2771.77 6420.74 2773.14 6382.37 2774.22 6381.03 2813.18 6397.60 2797.12 6408.57
7 5826.14 2184.38 5792.07 2165.18 5742.92 2163.37 5716.20 2150.14 5710.07 2141.17 5766.68 2114.43 5816.18 2088.75
15 3474.19 16092.50 3415.24 16092.15 3434.82 16111.38 3392.36 16114.67 3351.73 16146.36 3373.59 16110.13 3344.25 16142.92 3372.95 16103.82 3356.58 16058.45 3337.91 16015.18 3368.13 16016.06 3386.17 16008.81 3430.48 16061.12 3449.97 16049.37 3459.02 16054.70
7 8034.65 10629.84 8044.03 10654.29 8006.56 10667.82 8003.01 10650.31 7984.58 10578.23 8045.45 10586.06 8058.94 10582.17
8 4710.28 6980.65 4695.22 7030.40 4630.00 7002.42 4604.77 6952.71 4606.20 6913.49 4656.90 6926.99 4681.27 6928.59 4720.16 6931.97
10 15475.17 1121.20 15470.62 1121.12 15437.49 1111.01 15422.35 1111.76 15447.74 1100.87 15446.72 1083.25 15467.16 1071.66 15465.95 1091.40 15469.95 1087.61 15480.74 1102.37
12 6709.73 10691.44 6691.52 10698.78 6690.56 10724.13 6648.68 10702.82 6651.61 10749.90 6641.63 10704.01 6639.60 10714.70 6625.27 10703.80 6614.70 10698.74 6621.57 10684.37 6592.78 10643.05 6678.90 10648.20
10 3898.22 1020.69 3866.10 1068.79 3855.49 1049.35 3854.33 1024.86 3839.58 1032.84 3821.54 1022.11 3806.87 1004.07 3902.27 950.62 3900.75 960.90 3898.15 991.76
8 11604.90 2278.72 11616.13 2300.46 11504.16 2322.20 11541.92 2256.12 11581.40 2205.57 11588.97 2191.05 11587.20 2250.25 11582.47 2257.19
6 9072.20 13928.48 9056.19 13925.83 9009.17 13912.67 8952.72 13888.62 9027.85 13877.61 9038.64 13877.12
9 6978.99 7407.56 6961.27 7423.66 7000.66 7380.70 6962.82 7393.21 6947.37 7357.00 6984.08 7359.65 6968.08 7346.67 6951.52 7321.68 7099.51 7352.59
11 8280.27 7192.60 8240.01 7209.90 8229.33 7194.48 8231.73 7186.05 8224.75 7172.46 8204.17 7155.28 8213.32 7142.45 8223.94 7148.13 8223.66 7127.87 8243.77 7115.65 8279.49 7165.44
7 961.00 1867.47 963.01 1880.22 945.95 1888.81 940.23 1876.00 926.29 1870.53 918.24 1865.84 929.97 1817.23
8 16408.33 13100.12 16384.30 13102.10 16370.56 13100.69 16369.60 13099.16 16369.42 13092.92 16329.85 13094.48 16385.42 13068.37 16427.55 13075.40
10 10610.54 15085.99 10637.06 15122.04 10555.99 15086.53 10497.57 15105.49 10517.36 15013.89 10545.86 15015.75 10591.09 14993.35 10655.19 15002.51 10629.66 15027.98 10632.94 15028.89
9 10656.35 6355.78 10665.89 6357.85 10633.02 6371.88 10630.54 6377.33 10604.82 6371.85 10611.42 6347.43 10618.94 6340.11 10645.63 6345.39 10673.37 6339.59
7 12360.67 8385.90 12335.51 8356.03 12352.90 8354.19 12334.37 8340.91 12336.60 8325.87 12380.36 8312.80 12379.46 8352.19
15 8533.55 4651.62 8511.78 4602.36 8499.88 4592.84 8457.61 4626.72 8474.45 4555.90 8499.83 4546.74 8505.60 4548.78 8515.13 4505.85 8518.38 4487.99 8538.18 4544.93 8553.20 4538.65 8560.24 4537.16 8548.75 4556.57 8590.63 4546.62 8529.95 4565.69
7 9797.17 17829.90 9797.55 17798.93 9766.21 17754.12 9768.01 17751.36 9774.36 17746.28 9805.53 17746.47 9832.44 17728.17
10 9354.92 1654.48 9339.87 1657.11 9338.28 1646.86 9321.54 1632.04 9325.64 1626.57 9322.19 1623.67 9338.01 1625.71 9356.92 1612.68 9361.89 1619.70 9363.46 1625.58
5 679.05 10024.42 652.82 9966.80 613.68 9952.77 615.66 9950.88 714.90 9941.25
6 13998.07 12841.55 13987.52 12838.48 13955.96 12841.67 13939.13 12853.61 13934.23 12776.51 13977.40 12775.92
5 9273.34 10880.63 9221.75 10925.34 9129.65 10906.31 9134.44 10867.29 9244.01 10874.37
9 12721.97 10283.75 12736.52 10327.79 12718.40 10287.70 12723.83 10315.21 12687.32 10261.09 12694.32 10262.74 12693.84 10256.69 12712.73 10223.47 12760.51 10261.12
12 9722.96 6568.91 9700.46 6564.68 9685.21 6576.62 9676.44 6571.50 9644.41 6558.13 9637.73 6547.20 9650.87 6507.00 9650.72 6476.99 9667.37 6512.18 9706.56 6484.69 9717.86 6500.50 9700.69 6532.78
14 6294.02 6691.82 6278.60 6708.05 6251.08 6703.81 6248.76 6677.17 6218.19 6692.81 6242.49 6675.96 6219.63 6660.40 6250.36 6657.72 6247.39 6650.89 6253.50 6632.22 6270.00 6638.99 6299.48 6639.35 6304.33 6655.07 6292.49 6664.67
10 12509.45 1648.11 12483.63 1648.42 12471.30 1660.90 12451.99 1639.99 12469.49 1634.54 12478.79 1589.29 12495.90 1610.60 12514.48 1598.71 12502.20 1624.07 12507.41 1628.73
12 8867.04 17050.71 8868.95 17053.64 8858.90 17082.40 8856.75 17088.17 8836.25 17047.73 8814.42 17039.16 8810.94 17037.93 8802.81 17028.16 8820.52 16994.92 8849.67 17025.81 8876.00 17024.54 8891.73 17039.45
12 11412.07 5513.42 11383.36 5511.53 11351.34 5495.51 11336.57 5492.19 11351.23 5484.79 11383.05 5423.19 11392.16 5446.16 11389.01 5468.02 11393.10 5466.59 11419.64 5437.65 11423.90 5458.72 11423.50 5458.96
11 11079.72 11082.74 11073.50 11112.18 11032.28 11100.14 11036.44 11095.28 11028.21 11085.60 11036.43 11077.81 11029.46 11051.97 11034.00 11044.31 11055.80 11068.37 11080.05 11045.45 11067.58 11065.03
5 7380.70 10537.29 7303.32 10518.20 7322.66 10502.99 7354.57 10461.66 7361.93 10465.86
10 2090.27 12145.39 2102.30 12161.75 2044.60 12173.14 2042.08 12114.69 2015.90 12099.82 2027.11 12101.95 2028.34 12067.29 2067.04 12083.09 2072.18 12052.62 2093.31 12076.64
10 4116.75 17270.01 4102.43 17279.26 4107.25 17261.29 4102.18 17262.79 4092.95 17277.59 4083.85 17221.80 4098.89 17217.07 4102.88 17218.27 4097.11 17203.36 4128.02 17210.38
14 4854.41 3926.54 4847.83 3924.89 4830.86 3930.54 4820.67 3936.71 4817.12 3936.68 4793.61 3922.66 4810.60 3914.13 4824.50 3892.16 4803.62 3846.30 4825.81 3863.21 4833.20 3892.01 4848.31 3898.98 4865.25 3880.96 4859.93 3909.08
11 4781.12 16044.87 4769.41 16045.00 4718.90 16068.20 4711.52 16110.47 4624.56 16028.02 4666.05 16009.91 4690.80 16011.73 4717.13 16004.74 4792.93 15976.12 4741.37 16021.96 4790.64 16026.18
15 10663.72 10688.06 10648.35 10691.90 10640.65 10681.42 10639.60 10679.24 10619.68 10681.48 10623.91 10674.46 10617.84 10669.48 10613.21 10668.91 10597.76 10660.55 10600.87 10648.94 10612.35 10644.99 10618.34 10643.07 10639.65 10626.30 10648.57 10634.84 10646.28 10656.04
5 6769.80 6350.51 6747.59 6352.87 6752.58 6348.56 6769.97 6308.38 6783.12 6310.25
15 5464.02 228.69 5434.41 250.35 5426.68 257.12 5404.96 265.27 5397.63 213.84 5394.80 211.46 5374.68 224.52 5355.08 210.95 5337.93 210.94 5352.47 178.53 5391.03 170.26 5405.42 176.88 5409.89 148.92 5443.77 148.03 5466.11 155.41
5 7366.49 831.37 7348.46 857.35 7303.32 792.95 7307.78 788.16 7318.87 774.72
10 14865.76 4522.07 14880.89 4530.65 14865.14 4550.06 14844.35 4570.58 14792.31 4532.21 14836.42 4504.30 14833.11 4472.31 14838.27 4474.24 14862.30 4467.76 14895.21 4507.05
8 11885.88 13892.96 11901.53 13913.01 11851.01 13905.26 11825.46 13880.90 11873.91 13866.37 11879.98 13854.48 11875.93 13869.63 11889.92 13868.10
13 3728.97 11353.57 3722.46 11352.44 3717.46 11352.49 3711.73 11369.86 3695.41 11383.11 3689.04 11346.41 3680.05 11351.36 3658.55 11356.77 3677.04 11326.82 3703.36 11303.17 3711.02 11319.39 3721.96 11324.86 3711.76 11338.16
12 228.21 4583.04 194.08 4595.37 164.65 4608.34 152.76 4596.76 173.63 4577.38 160.60 4571.49 157.18 4567.67 158.33 4564.54 182.90 4568.09 198.61 4559.71 210.01 4561.06 219.37 4567.05
6 14306.29 9752.09 14257.73 9728.88 14257.57 9712.93 14224.82 9696.52 14285.26 9693.85 14290.37 9716.27
5 7340.41 15315.71 7319.19 15364.86 7310.85 15356.61 7290.67 15284.07 7339.83 15306.79
9 4525.08 15513.68 4529.50 15517.64 4469.89 15530.49 4426.48 15565.80 4438.26 15519.12 4407.89 15494.83 4439.64 15481.79 4507.77 15469.93 4500.78 15495.56
14 12120.59 4508.49 12126.35 4527.35 12137.19 4552.83 12127.93 4560.79 12109.22 4532.13 12102.70 4535.27 12099.18 4515.12 12076.03 4509.96 12070.76 4504.66 12065.34 4503.54 12086.78 4463.06 12099.03 4475.55 12114.01 4450.53 12154.93 4448.08
9 2565.16 2848.03 2557.85 2851.85 2552.21 2864.36 2544.83 2868.75 2528.92 2856.18 2550.89 2821.74 2558.07 2822.64 2563.77 2827.92 2590.54 2821.97
5 7449.80 13011.43 7399.52 13015.23 7394.41 13005.40 7379.10 12990.98 7408.17 12983.55
12 5308.70 3145.48 5315.71 3159.32 5303.31 3173.74 5273.52 3170.05 5275.63 3157.39 5266.34 3140.56 5284.10 3140.94 5282.76 3137.90 5293.95 3132.47 5297.49 3102.59 5304.33 3129.83 5330.41 3138.55
11 6771.82 2208.11 6770.37 2226.95 6749.40 2234.76 6734.65 2224.10 6724.74 2201.81 6747.16 2200.18 6723.00 2196.33 6714.55 2185.25 6744.60 2155.33 6776.40 2149.18 6790.12 2198.73
14 6525.98 5673.76 6493.09 5670.00 6513.78 5675.20 6500.97 5679.74 6481.67 5677.33 6482.37 5685.73 6478.24 5703.10 6461.78 5688.19 6444.41 5684.16 6448.79 5680.18 6457.72 5658.56 6481.03 5656.11 6519.63 5652.79 6513.59 5660.28
13 7824.78 10747.18 7838.30 10749.00 7808.32 10750.70 7833.72 10786.14 7803.99 10770.38 7773.25 10777.27 7762.60 10812.85 7712.55 10758.45 7720.78 10747.10 7677.74 10753.27 7752.73 10709.76 7759.86 10709.71 7803.12 10684.91
14 5786.66 16541.72 5785.00 16546.95 5788.90 16563.04 5772.56 16591.14 5771.26 16559.13 5751.36 16592.21 5765.35 16549.59 5749.44 16555.64 5741.17 16536.14 5724.83 16529.64 5730.05 16514.20 5797.61 16494.81 5816.55 16498.85 5796.36 16529.67
8 10668.59 7328.44 10587.36 7360.87 10546.79 7309.29 10521.31 7297.45 10552.92 7308.79 10566.10 7290.80 10555.47 7274.68 10579.61 7269.78
7 13324.63 12154.02 13303.32 12151.55 13291.65 12129.01 13273.54 12097.00 13296.12 12071.75 13309.80 12101.93 13328.74 12089.21
11 6373.31 13736.64 6409.86 13759.66 6366.34 13759.14 6344.66 13754.15 6331.39 13747.51 6263.83 13709.48 6322.95 13696.98 6336.73 13676.65 6375.07 13641.69 6372.88 13657.24 6395.28 13660.97
10 14402.12 6113.40 14402.47 6086.13 14374.79 6092.67 14401.67 6070.03 14404.36 6044.79 14376.14 6008.33 14409.77 6041.38 14395.19 6020.95 14459.81 6027.97 14490.07 6053.28
11 10087.61 13367.39 10051.18 13356.24 9999.20 13354.74 9981.66 13355.34 9963.47 13321.68 9986.78 13330.01 10013.66 13327.11 10020.00 13279.00 10023.69 13302.75 10051.31 13281.89 10074.17 13315.76
6 3306.08 14558.81 3252.60 14604.17 3234.79 14602.23 3213.24 14587.39 3230.25 14577.04 3249.30 14563.80
9 16624.69 2488.79 16633.06 2519.25 16598.75 2514.84 16592.66 2504.57 16510.69 2492.86 16566.33 2466.13 16524.49 2441.97 16578.29 2446.66 16639.25 2451.23
14 3018.78 12695.63 3019.33 12717.43 2977.30 12704.01 2967.49 12705.35 2982.40 12738.34 2961.65 12751.52 2957.04 12752.09 2940.37 12709.06 2902.91 12718.02 2923.93 12699.76 2938.19 12657.81 2951.00 12628.33 2996.46 12657.68 3022.52 12667.85
13 13384.05 4580.23 13390.63 4593.19 13373.97 4577.49 13367.20 4587.11 13348.65 4594.59 13345.65 4581.97 13337.71 4579.98 13317.72 4577.56 13318.30 4566.94 13331.98 4563.07 13337.45 4549.05 13335.57 4547.52 13369.55 4551.89
5 15425.65 11142.62 15371.45 11116.20 15370.69 11098.17 15373.47 11060.18 15434.17 11068.09
5 13279.41 7098.93 13246.10 7111.76 13227.28 7098.44 13232.89 7084.88 13223.59 7079.91
12 3457.17 16235.69 3441.99 16237.66 3428.20 16268.66 3412.10 16256.66 3391.92 16294.66 3366.68 16246.01 3330.02 16237.08 3340.57 16212.24 3353.98 16194.38 3396.56 16207.02 3401.81 16192.73 3441.95 16180.45
8 7740.20 6636.56 7694.95 6657.99 7697.11 6626.63 7674.19 6656.04 7645.26 6603.60 7656.59 6504.77 7681.09 6534.79 7688.21 6543.72
7 11018.60 12023.38 10993.48 12088.01 10955.43 12023.31 10915.21 11959.51 10962.85 11991.57 10945.14 11955.06 10992.28 11969.20
12 7236.31 4732.51 7196.60 4725.64 7220.23 4746.95 7167.06 4758.35 7170.28 4742.30 7131.23 4738.88 7132.61 4709.65 7118.33 4688.29 7129.20 4672.22 7162.31 4699.09 7207.37 4651.45 7199.40 4706.48
14 4341.00 16856.41 4327.41 16902.39 4272.35 16880.14 4264.24 16891.62 4242.20 16874.80 4210.36 16885.48 4236.21 16866.69 4263.50 16764.40 4309.65 16821.53 4327.45 16796.30 4355.04 16797.20 4379.03 16813.17 4328.05 16833.23 4376.95 16838.76
9 12950.60 8514.10 12907.23 8527.28 12858.34 8548.22 12866.31 8500.32 12858.41 8468.06 12825.82 8449.45 12915.56 8406.33 12916.67 8457.09 12971.09 8468.14
7 14730.66 2490.60 14719.51 2517.68 14717.81 2516.92 14702.41 2522.18 14688.32 2499.22 14700.44 2450.76 14750.60 2456.89
6 8606.73 12914.04 8577.28 12931.00 8561.59 12892.86 8586.39 12868.91 8593.36 12863.36 8612.30 12836.56
11 8684.25 13581.59 8660.45 13572.79 8623.86 13574.68 8605.88 13564.99 8633.41 13550.75 8612.16 13547.41 8646.47 13532.78 8656.77 13514.16 8667.50 13531.10 8660.93 13543.00 8668.43 13551.59
10 11614.06 770.00 11621.60 777.33 11602.63 779.35 11583.36 776.95 11580.62 767.04 11560.48 760.46 11566.64 749.06 11585.72 751.84 11580.28 742.07 11606.75 735.04
13 13423.39 14153.27 13425.20 14190.72 13374.20 14168.84 13352.05 14232.80 13332.93 14174.90 13336.47 14165.26 13267.33 14124.63 13290.02 14108.34 13337.32 14134.87 13327.87 14126.05 13331.18 14126.56 13353.86 14109.04 13383.73 14144.91
15 2166.84 17206.25 2149.10 17206.11 2113.33 17234.03 2101.80 17194.15 2063.18 17226.62 2044.89 17216.31 2075.38 17169.01 2083.19 17158.95 2057.44 17124.05 2084.31 17145.40 2077.67 17135.11 2127.29 17113.74 2131.05 17119.73 2148.19 17140.09 2153.90 17149.67
8 17512.56 10629.60 17508.07 10634.10 17478.60 10640.82 17476.22 10668.73 17435.61 10676.53 17422.73 10627.41 17486.20 10604.93 17488.51 10608.64
10 8567.26 14438.37 8492.84 14463.77 8495.15 14439.33 8504.81 14434.31 8505.38 14430.88 8511.74 14424.86 8515.94 14419.61 8537.33 14393.23 8544.56 14412.32 8559.43 14421.62
14 16302.39 14828.54 16282.73 14850.38 16271.45 14838.87 16270.61 14847.86 16260.36 14857.01 16241.17 14847.12 16229.32 14782.40 16255.09 14777.17 16271.93 14796.82 16276.45 14798.90 16320.92 14777.20 16316.98 14783.30 16286.83 14810.46 16311.84 14811.99
11 9588.13 12147.45 9589.52 12152.33 9543.45 12148.16 9538.62 12134.77 9562.15 12129.18 9539.16 12108.27 9566.23 12118.48 9565.56 12101.06 9569.49 12104.94 9573.56 12112.53 9577.72 12093.38
12 14487.57 12406.12 14466.58 12412.41 14462.29 12407.64 14455.98 12399.70 14443.01 12399.32 14440.43 12374.12 14459.13 12368.76 14468.80 12351.76 14470.57 12371.79 14468.92 12342.41 14478.54 12356.62 14520.51 12393.00
15 1998.54 6076.95 2035.97 6085.60 1987.00 6105.09 1971.36 6081.61 1948.96 6065.76 1968.22 6069.28 1954.57 6060.06 1964.68 6044.99 1963.09 6041.68 1976.33 6048.82 1977.41 6039.83 1984.52 6034.22 1989.78 6062.12 1998.60 6054.98 2024.03 6057.27
14 4437.57 17167.74 4408.30 17186.82 4383.69 17174.22 4365.13 17216.80 4364.25 17165.13 4344.80 17198.48 4314.50 17208.35 4345.82 17146.07 4382.92 17108.40 4396.53 17102.94 4413.13 17102.35 4395.45 17121.18 4389.41 17132.22 4388.35 17133.47
10 6418.15 17628.79 6369.13 17641.76 6357.48 17640.66 6346.92 17668.48 6352.78 17637.63 6316.85 17626.86 6302.26 17614.32 6319.10 17582.67 6356.27 17598.49 6381.47 17563.95
10 16486.84 15449.82 16460.30 15482.62 16452.99 15473.19 16448.13 15518.19 16392.53 15488.99 16396.44 15410.47 16403.66 15358.96 16440.95 15391.21 16477.12 15394.48 16492.41 15393.66
6 5972.02 5899.00 5913.65 5864.94 5933.47 5820.41 5963.28 5829.48 5979.75 5840.03 6008.72 5846.08
5 8046.67 15743.99 7972.34 15758.11 8043.15 15692.50 8049.19 15709.92 8052.84 15710.94
7 232.02 16349.07 215.99 16327.16 216.88 16241.59 217.06 16254.81 259.45 16276.89 268.22 16284.06 259.49 16295.20
8 11174.64 17236.05 11154.81 17277.18 11109.80 17284.72 11106.39 17240.57 11129.24 17211.27 11099.12 17166.24 11165.93 17184.61 11179.15 17170.11
5 6861.53 15413.76 6862.19 15437.45 6786.79 15389.28 6816.59 15389.33 6887.16 15401.86
15 4470.25 2639.24 4490.47 2660.82 4470.09 2643.86 4444.60 2634.89 4430.81 2650.26 4403.19 2647.38 4417.40 2632.55 4425.58 2618.11 4409.34 2587.50 4453.40 2601.10 4459.09 2595.24 4462.89 2582.76 4464.53 2590.54 4471.62 2605.55 4474.41 2603.13
12 17503.76 4167.55 17513.93 4191.30 17491.53 4209.74 17481.35 4166.99 17479.49 4164.34 17468.04 4179.31 17440.29 4156.32 17472.22 4145.26 17481.14 4092.75 17487.54 4116.31 17491.80 4103.59 17491.03 4129.23
13 17664.96 12193.43 17614.62 12221.65 17593.81 12233.76 17577.96 12208.53 17560.73 12230.65 17555.52 12175.31 17540.67 12163.74 17568.42 12165.99 17561.57 12130.95 17569.82 12111.37 17580.89 12125.54 17629.16 12114.97 17636.37 12106.13
13 12648.77 6051.09 12636.79 6053.85 12636.73 6054.48 12649.39 6072.10 12636.43 6090.81 12615.50 6074.18 12601.75 6065.94 12602.06 6065.40 12598.61 6039.85 12600.20 6032.28 12588.88 6011.86 12597.86 6017.83 12628.78 6006.05
5 13870.26 3100.64 13845.58 3075.96 13832.93 3063.80 13873.16 3027.06 13878.91 3030.58
5 9777.13 6411.69 9761.24 6419.83 9726.76 6407.44 9720.74 6399.52 9743.49 6371.14
15 17608.68 690.00 17610.36 712.35 17600.33 696.79 17596.78 695.01 17595.52 718.12 17586.15 717.74 17588.52 700.95 17574.66 688.93 17579.67 678.51 17584.59 650.00 17594.02 639.04 17598.31 667.95 17608.85 664.88 17630.13 665.15 17627.75 673.19
9 5216.61 16702.36 5240.20 16739.72 5156.54 16679.22 5122.70 16655.36 5161.67 16670.62 5199.06 16678.51 5210.97 16659.82 5222.83 16658.37 5267.89 16674.00
10 201.69 11252.06 195.74 11243.89 177.08 11238.16 159.74 11241.23 157.54 11222.24 159.27 11203.02 184.52 11182.09 231.48 11171.04 219.47 11192.79 241.52 11201.39
9 13635.74 17226.15 13628.44 17231.25 13588.97 17249.91 13547.73 17230.98 13564.92 17225.71 13570.86 17213.83 13578.99 17210.25 13591.54 17191.46 13618.13 17200.76
9 13461.54 8421.12 13436.96 8492.98 13398.66 8488.71 13364.62 8495.83 13389.62 8431.22 13388.33 8395.12 13365.87 8356.40 13458.34 8397.57 13488.70 8403.88
9 11900.11 16811.65 11885.18 16831.28 11892.42 16802.66 11867.95 16804.85 11886.21 16786.25 11893.64 16790.37 11905.90 16773.40 11922.55 16788.18 11933.14 16789.38
9 16612.85 7929.25 16582.67 7983.99 16580.50 7916.64 16566.45 7873.41 16584.73 7891.45 16617.18 7893.79 16657.30 7890.54 16669.28 7904.70 16654.70 7913.28
12 10985.05 6190.80 10962.02 6178.07 10933.23 6189.10 10909.90 6182.54 10887.82 6163.56 10892.38 6161.96 10891.26 6143.60 10879.73 6087.48 10911.30 6134.46 10911.94 6097.08 10934.82 6123.21 10957.51 6098.58
8 10619.09 7257.71 10583.46 7255.31 10583.20 7250.10 10570.59 7253.97 10579.16 7203.17 10559.91 7192.35 10566.24 7164.51 10629.17 7160.04
13 10969.96 10374.85 10998.74 10390.17 10974.11 10380.01 10960.89 10389.86 10957.00 10408.70 10953.90 10384.83 10945.17 10409.71 10892.43 10387.53 10921.52 10367.57 10911.94 10359.48 10940.95 10363.23 10934.04 10342.62 10965.18 10346.36
5 11807.52 6890.04 11774.70 6887.69 11720.04 6899.15 11775.25 6861.61 11790.68 6863.05
10 15959.10 8317.42 15860.29 8350.48 15840.29 8296.31 15804.67 8274.40 15849.85 8262.35 15881.09 8221.60 15895.53 8258.73 15929.04 8231.48 15923.06 8243.30 15920.34 8267.68
9 319.34 8113.52 320.05 8118.80 325.63 8130.93 266.99 8097.47 230.20 8078.51 232.17 8076.86 247.17 8037.42 251.35 8035.04 298.24 8029.47
6 7613.32 7040.88 7560.15 7063.39 7528.67 7049.04 7524.27 7035.68 7495.05 7038.74 7546.07 7002.36
7 7881.28 11367.71 7873.65 11367.23 7873.16 11373.98 7867.42 11389.43 7799.28 11362.93 7831.70 11295.44 7864.71 11316.87
14 13107.92 1573.31 13071.61 1551.24 13070.57 1578.10 13050.16 1551.29 13043.39 1559.22 13033.79 1560.57 13030.50 1531.43 13036.16 1528.88 12991.45 1529.18 13036.36 1496.68 13047.22 1468.95 13054.84 1501.18 13064.34 1513.01 13087.57 1500.32
14 12289.38 15894.26 12268.41 15871.89 12239.63 15860.04 12227.17 15814.23 12246.51 15801.27 12243.37 15776.89 12295.27 15793.82 12311.09 15784.19 12310.22 15793.44 12322.08 15779.34 12338.67 15774.82 12317.20 15803.31 12352.15 15772.70 12347.16 15819.85
5 16070.64 15059.76 16062.62 15078.00 16037.69 15057.16 16024.03 15018.71 16044.16 15020.52
6 3564.20 13319.75 3565.24 13349.90 3522.53 13345.33 3452.57 13295.23 3515.90 13286.76 3545.62 13309.22
12 13251.57 6357.30 13250.26 6364.42 13232.63 6378.50 13220.87 6386.81 13212.06 6364.86 13207.38 6367.07 13201.77 6368.85 13195.48 6351.44 13196.07 6344.73 13201.62 6341.15 13219.30 6335.25 13233.07 6348.28
14 14062.59 12336.24 14045.12 12324.35 14036.90 12323.60 14034.74 12323.07 14007.62 12347.19 14025.49 12308.37 14004.10 12293.99 14038.37 12232.18 14067.72 12243.26 14072.13 12263.31 14055.20 12275.32 14101.13 12248.95 14108.32 12252.66 14074.53 12277.14
12 12995.44 5279.81 12994.10 5281.09 13003.10 5325.17 12990.60 5328.42 12969.18 5289.99 12957.25 5316.02 12941.10 5330.48 12954.41 5299.23 12957.24 5290.91 12970.12 5243.22 13012.51 5242.85 13019.61 5268.51
9 12584.00 6689.92 12550.86 6699.96 12530.85 6709.48 12526.12 6727.80 12491.08 6695.97 12518.27 6675.43 12524.92 6669.04 12521.15 6662.43 12556.33 6628.57
9 8637.65 7951.04 8624.33 7950.58 8603.50 7962.88 8610.13 7950.10 8586.56 7927.93 8608.36 7910.47 8626.47 7916.03 8628.59 7922.71 8635.29 7920.35
9 6237.16 15258.28 6259.19 15273.11 6216.54 15294.64 6206.97 15272.22 6227.45 15195.26 6229.48 15228.38 6248.90 15228.17 6253.25 15232.52 6268.18 15233.43
12 6839.71 8028.27 6859.68 8036.20 6856.11 8054.09 6824.54 8033.71 6777.84 8067.75 6781.02 8058.61 6783.50 8048.90 6783.74 8045.09 6794.50 8013.14 6801.80 8002.05 6812.58 7971.31 6835.16 7957.29
12 5049.29 5613.57 4999.77 5634.23 4974.22 5640.89 4984.21 5688.98 4976.71 5688.84 4895.79 5637.93 4906.80 5609.91 4952.56 5572.63 4970.24 5571.30 5011.91 5530.37 5009.84 5538.24 4989.03 5571.35
11 15749.50 9622.02 15729.95 9622.47 15670.49 9574.93 15728.65 9572.98 15725.12 9517.12 15741.83 9531.97 15750.75 9512.70 15751.91 9527.34 15779.36 9552.53 15772.51 9582.39 15762.29 9588.64
5 15459.68 11806.47 15495.69 11691.92 15489.61 11719.62 15503.43 11741.46 15524.84 11748.88
7 6186.96 12296.09 6186.60 12272.89 6198.42 12268.55 6201.38 12263.17 6221.68 12276.82 6248.47 12269.38 6215.12 12283.01
15 8198.01 10718.55 8166.09 10718.59 8178.04 10752.28 8160.90 10742.93 8143.92 10766.03 8140.23 10728.46 8116.45 10724.06 8125.64 10715.96 8118.85 10712.34 8138.97 10709.02 8163.10 10690.24 8164.89 10688.61 8181.87 10678.59 8167.92 10704.15 8175.92 10703.33
14 7510.19 2011.20 7429.97 2042.02 7449.46 2007.36 7416.02 1982.68 7448.57 1986.19 7437.80 1947.11 7454.43 1946.40 7470.84 1941.66 7496.89 1970.77 7477.19 1983.78 7517.75 1976.82 7476.25 1991.02 7520.91 1983.22 7483.61 1991.08
6 2593.30 6623.35 2507.92 6627.40 2491.73 6591.94 2532.66 6590.47 2520.17 6575.91 2587.11 6575.01
12 1738.04 8111.27 1707.11 8106.53 1694.85 8139.69 1678.84 8091.79 1684.22 8083.41 1656.55 8064.12 1695.85 8079.37 1698.04 8059.20 1706.13 8075.36 1705.38 8049.35 1709.09 8040.89 1723.78 8061.85
9 6948.40 6312.44 6936.22 6286.52 6922.38 6282.76 6889.19 6270.59 6898.27 6246.98 6909.96 6236.16 6941.74 6217.56 6972.64 6246.19 6972.96 6254.73
12 13724.22 15560.93 13744.58 15582.49 13735.36 15594.97 13715.25 15567.32 13714.67 15573.84 13710.10 15566.02 13698.97 15566.63 13693.43 15583.53 13672.08 15543.00 13646.98 15514.54 13735.01 15509.10 13744.22 15512.07
13 16957.68 10301.36 16959.33 10319.76 16919.05 10305.47 16923.29 10316.97 16856.62 10303.62 16835.51 10294.01 16818.93 10257.16 16872.05 10273.72 16890.13 10256.67 16938.37 10237.27 16916.50 10270.82 16951.42 10276.53 16931.23 10293.93
5 4597.34 8137.39 4594.98 8140.75 4574.19 8129.73 4622.20 8093.76 4634.46 8120.90
13 11066.74 10347.80 11054.43 10352.22 11035.63 10340.54 11027.30 10346.78 11013.96 10371.29 11007.80 10362.91 11015.48 10331.78 11009.79 10305.85 11002.56 10285.96 11016.14 10261.26 11025.85 10299.79 11064.25 10288.54 11079.30 10294.63
7 7469.50 11278.05 7392.39 11253.92 7407.98 11241.86 7425.71 11240.77 7416.88 11219.92 7459.45 11213.02 7465.37 11240.47
15 4009.28 9849.48 4030.55 9882.78 3980.42 9897.48 3981.31 9857.26 3956.10 9911.56 3964.88 9860.97 3901.52 9791.89 3963.92 9803.83 3903.57 9760.74 3932.30 9758.82 4020.95 9758.39 4052.46 9746.51 4053.67 9764.10 4053.06 9808.64 4040.44 9814.26
14 17582.72 11813.27 17550.37 11845.19 17544.49 11821.05 17495.21 11806.86 17521.21 11798.05 17521.49 11796.95 17522.14 11792.48 17494.63 11784.96 17516.59 11770.48 17542.44 11724.55 17558.29 11770.27 17584.07 11731.97 17582.08 11742.68 17583.32 11778.40
14 5944.51 7598.44 5940.96 7623.84 5936.38 7637.14 5833.79 7557.54 5853.71 7543.08 5866.87 7545.83 5871.33 7532.36 5900.12 7496.80 5911.38 7515.31 5938.93 7500.35 5929.70 7523.84 5978.77 7523.03 5965.10 7549.87 5941.81 7562.04
10 1211.98 7364.16 1174.76 7349.07 1171.17 7363.89 1152.66 7353.65 1142.07 7351.01 1124.44 7321.65 1098.22 7274.49 1132.68 7307.63 1147.27 7305.66 1158.08 7264.73
13 405.69 715.89 423.42 733.70 398.30 729.29 380.06 726.36 363.18 724.78 349.21 714.28 367.66 706.68 353.88 690.27 361.17 692.81 381.72 696.02 369.22 666.87 394.67 691.90 419.71 703.12
8 16927.38 1559.03 16911.19 1544.54 16904.68 1542.14 16853.61 1541.36 16889.01 1529.81 16861.77 1534.10 16902.20 1514.22 16909.05 1519.41
7 12333.55 2210.66 12332.25 2230.80 12288.91 2251.67 12267.54 2219.88 12255.70 2224.21 12299.21 2168.87 12347.95 2161.09
7 16905.19 7075.59 16890.39 7072.71 16847.32 7074.46 16881.41 7032.48 16895.42 6986.21 16892.93 7022.14 16910.52 6983.83
5 12168.92 5903.57 12179.16 5835.46 12197.75 5798.70 12205.13 5811.73 12249.83 5796.52
11 9870.28 5283.32 9869.59 5319.82 9858.72 5289.70 9846.61 5294.41 9844.89 5273.00 9838.74 5260.82 9851.05 5269.16 9850.27 5258.26 9874.84 5255.92 9876.41 5259.26 9886.26 5251.77
5 8924.04 13423.36 8894.07 13427.66 8816.59 13406.07 8833.07 13386.77 8852.46 13364.64
11 7182.42 16189.61 7183.90 16203.53 7198.10 16247.84 7161.65 16215.03 7105.35 16203.20 7146.33 16140.55 7203.38 16145.04 7236.96 16146.28 7217.15 16157.61 7234.87 16157.46 7211.88 16163.09
9 5122.58 12886.08 5128.83 12891.40 5185.47 12916.82 5177.19 12916.28 5138.68 12950.08 5128.22 12955.57 5070.51 12896.48 5012.17 12900.97 5039.00 12883.60
7 6934.83 11969.24 6944.81 11990.78 6874.52 11953.63 6894.44 11921.37 6922.55 11914.33 6952.87 11926.05 6945.90 11934.61
13 414.59 5390.22 419.15 5406.59 377.95 5411.10 363.07 5403.91 366.13 5389.19 348.99 5408.93 350.26 5388.16 326.72 5351.42 333.74 5344.32 353.38 5336.93 367.04 5316.61 387.34 5310.05 392.45 5360.62
5 9510.83 5556.12 9477.60 5549.70 9465.95 5513.78 9458.60 5501.28 9504.07 5523.72
13 17402.25 643.11 17404.79 652.62 17377.23 642.94 17386.25 666.92 17369.49 654.79 17355.51 645.87 17334.53 669.28 17330.68 655.54 17339.94 635.44 17350.27 613.05 17348.18 608.33 17362.41 613.97 17380.31 633.76
13 6751.72 15799.45 6696.52 15804.73 6685.35 15815.56 6667.88 15808.59 6653.57 15782.44 6678.98 15764.98 6698.71 15772.11 6712.56 15744.65 6704.53 15779.00 6708.64 15770.47 6724.84 15777.03 6716.28 15785.59 6723.51 15788.32
9 5318.02 13465.09 5311.32 13482.85 5297.99 13469.59 5277.42 13493.29 5309.57 13439.01 5331.01 13426.16 5313.04 13453.65 5330.67 13449.85 5347.13 13455.84
11 16098.64 6279.69 16092.79 6309.50 16084.81 6316.95 16046.23 6287.83 16054.32 6279.38 16067.78 6261.24 16082.72 6234.02 16089.97 6228.52 16123.14 6212.91 16109.82 6234.94 16126.38 6231.17
14 12139.54 11279.72 12175.75 11295.95 12151.88 11301.93 12098.11 11306.16 12078.27 11310.61 12102.07 11277.71 12086.14 11276.68 12066.16 11255.73 12096.69 11265.37 12104.43 11255.97 12113.79 11244.23 12114.64 11251.48 12139.28 11232.83 12135.00 11260.23
7 5631.84 8570.91 5626.00 8539.25 5576.46 8506.20 5607.51 8507.40 5618.45 8498.80 5598.88 8453.80 5658.15 8495.78
5 16192.60 16348.89 16187.64 16340.83 16210.28 16333.16 16219.51 16337.43 16242.02 16343.99
12 15934.59 6301.15 15930.80 6305.20 15927.44 6322.41 15919.07 6303.45 15913.89 6299.90 15898.94 6303.57 15917.67 6274.16 15913.75 6242.00 15946.43 6262.41 15951.07 6258.19 15947.93 6262.18 15934.98 6280.66
11 13164.24 16430.59 13148.71 16437.03 13154.83 16470.21 13137.27 16424.39 13130.18 16424.40 13101.42 16421.87 13083.67 16384.15 13083.15 16369.91 13112.75 16361.57 13150.56 16359.20 13190.13 16384.91
10 10833.29 14567.70 10793.72 14577.45 10789.72 14576.04 10741.53 14574.68 10746.52 14533.62 10739.31 14518.04 10754.31 14537.04 10775.42 14516.13 10811.86 14509.36 10821.53 14559.65
5 1455.64 11698.42 1438.91 11717.06 1358.16 11626.20 1382.92 11627.98 1441.00 11642.25
11 12891.51 6318.84 12879.97 6350.52 12862.74 6324.73 12851.67 6311.60 12850.33 6288.44 12849.82 6275.41 12860.00 6289.65 12861.41 6285.01 12873.79 6276.10 12903.62 6302.79 12886.97 6311.24
8 11358.12 9943.60 11351.13 9943.39 11343.95 9952.99 11321.20 9914.84 11342.25 9904.79 11365.48 9898.45 11373.77 9890.83 11374.66 9908.91
12 7180.57 12919.15 7156.40 12915.75 7131.11 12936.26 7129.02 12894.95 7131.70 12894.06 7153.19 12897.23 7150.51 12887.55 7136.96 12868.97 7166.88 12876.60 7185.74 12862.53 7172.53 12889.58 7176.46 12900.09
5 6850.08 11694.22 6780.80 11666.25 6871.43 11623.52 6933.03 11632.66 6879.08 11660.18
15 5005.51 17337.91 4977.07 17354.57 4964.97 17371.00 4956.98 17366.61 4963.29 17354.16 4961.50 17342.01 4962.58 17326.14 4950.78 17316.50 4968.32 17307.01 4967.02 17292.72 5003.56 17294.12 5011.30 17302.59 5014.74 17302.00 4995.46 17323.54 5002.91 17317.74
14 3054.72 1796.37 3035.89 1785.65 3036.06 1788.44 3036.53 1804.83 3010.37 1773.76 3001.80 1786.00 2952.16 1821.25 2957.70 1772.50 2955.46 1716.55 2960.32 1666.36 2992.57 1725.20 3007.76 1732.05 3037.70 1727.19 3030.62 1740.76
10 2366.79 15342.92 2365.47 15349.36 2351.04 15357.70 2343.45 15369.17 2332.44 15382.05 2336.37 15373.52 2357.38 15313.62 2369.12 15312.21 2385.85 15340.07 2364.90 15341.76
13 14838.17 8399.43 14807.72 8415.71 14799.87 8419.86 14792.46 8407.53 14785.79 8403.39 14766.16 8410.42 14759.08 8396.62 14784.63 8388.50 14778.50 8372.68 14790.96 8364.80 14792.70 8369.05 14819.30 8379.22 14813.99 8391.18
10 3799.62 10916.45 3769.86 10949.52 3726.60 10928.59 3716.03 10897.30 3724.15 10875.74 3714.02 10859.74 3764.26 10848.32 3772.10 10828.10 3800.60 10822.34 3799.56 10865.06
11 12075.79 1225.24 12069.86 1219.85 12056.61 1212.05 12007.63 1189.38 12020.05 1189.75 12025.87 1169.26 12045.30 1184.46 12054.54 1171.98 12059.99 1183.87 12086.13 1176.93 12068.12 1197.74
7 9258.92 2561.03 9286.00 2564.42 9260.84 2580.27 9252.28 2576.70 9240.70 2592.24 9213.86 2516.36 9278.55 2558.41
10 2798.58 10757.34 2765.48 10758.68 2703.04 10799.32 2723.54 10769.23 2687.96 10773.08 2707.84 10708.99 2729.77 10729.44 2768.43 10702.90 2784.73 10723.65 2807.06 10738.59
5 2379.83 6838.84 2343.07 6857.34 2317.10 6836.53 2303.32 6828.93 2416.96 6792.50
9 8512.42 9389.07 8497.69 9383.06 8491.42 9379.40 8443.71 9400.95 8452.71 9367.31 8455.71 9352.05 8456.29 9330.14 8479.16 9344.03 8499.91 9349.98
10 5914.68 8342.52 5902.93 8367.94 5894.12 8362.80 5890.70 8351.58 5894.10 8404.30 5839.05 8361.95 5890.59 8275.49 5942.45 8298.09 5960.36 8315.64 5918.52 8326.98
9 7446.29 4368.61 7409.95 4395.66 7385.72 4380.90 7369.98 4373.11 7384.19 4350.88 7350.80 4325.95 7374.74 4313.82 7392.33 4326.39 7398.24 4321.04
9 7576.29 9343.53 7573.05 9376.12 7554.56 9318.99 7547.93 9305.80 7555.42 9306.61 7576.09 9299.99 7578.88 9309.85 7593.20 9309.59 7588.33 9316.44
9 10587.31 13347.91 10568.28 13341.67 10569.73 13338.24 10572.03 13306.31 10578.85 13311.09 10585.06 13306.83 10603.45 13310.76 10621.77 13312.24 10616.23 13331.30
13 8464.90 858.40 8425.08 857.11 8441.34 883.86 8423.12 858.98 8419.48 876.01 8413.61 885.67 8397.71 873.31 8372.52 867.79 8400.72 847.83 8407.69 828.54 8428.02 799.89 8452.69 818.19 8466.13 831.34
11 6858.01 9279.76 6821.16 9269.98 6785.66 9298.85 6786.31 9261.23 6775.75 9262.71 6768.27 9255.88 6784.49 9205.24 6812.00 9216.66 6825.15 9214.03 6824.76 9246.99 6858.72 9236.11
8 198.56 14890.49 191.10 14902.25 188.22 14912.56 167.87 14922.31 153.93 14884.86 130.04 14900.61 136.17 14871.36 145.05 14811.04
8 10866.59 1586.71 10834.17 1557.73 10827.30 1561.36 10790.85 1525.47 10830.19 1504.84 10823.35 1473.23 10863.40 1477.89 10871.41 1516.39
10 2434.90 4493.38 2426.96 4494.11 2389.73 4490.08 2330.85 4528.31 2337.28 4445.37 2340.54 4438.99 2370.25 4424.92 2386.63 4412.93 2418.08 4459.01 2402.79 4466.01
10 6021.17 9810.07 6046.54 9834.94 6019.66 9842.52 5997.61 9815.96 5961.58 9829.48 5967.74 9784.63 5993.72 9769.42 5995.74 9758.75 6032.06 9793.69 6043.24 9801.86
11 9199.61 11144.16 9160.48 11122.09 9094.61 11105.21 9073.53 11088.32 9111.39 11019.81 9114.23 11001.83 9127.92 10983.88 9162.90 10989.23 9201.87 11019.50 9185.09 11042.10 9233.00 11055.31
13 5841.68 12714.26 5815.67 12714.30 5802.45 12704.35 5798.11 12719.10 5773.59 12735.30 5754.48 12673.55 5731.85 12660.75 5770.63 12674.38 5772.57 12657.64 5770.00 12639.89 5780.34 12614.36 5809.38 12627.31 5809.14 12656.18
9 11774.04 9565.05 11757.66 9561.62 11773.34 9579.34 11756.89 9578.93 11707.68 9600.06 11718.19 9556.29 11708.10 9534.53 11747.79 9473.17 11749.08 9527.85
13 16930.98 7721.31 16911.52 7749.31 16913.81 7775.65 16896.71 7731.08 16879.48 7771.40 16843.20 7730.88 16866.95 7718.58 16843.71 7694.61 16898.59 7638.39 16930.83 7696.84 16959.31 7697.31 16950.63 7702.56 16955.51 7706.80
14 11396.20 14113.53 11400.01 14115.52 11393.21 14114.43 11387.59 14117.98 11380.30 14165.74 11349.82 14136.12 11343.46 14136.77 11323.16 14100.73 11363.81 14094.13 11363.85 14069.77 11388.61 14088.66 11407.42 14056.45 11421.61 14072.77 11421.39 14105.71
15 14784.50 3194.60 14784.49 3195.97 14754.24 3187.72 14735.20 3234.81 14691.95 3207.79 14708.11 3156.96 14707.21 3130.61 14723.75 3122.47 14725.09 3110.02 14732.64 3108.20 14735.30 3116.15 14730.09 3083.75 14741.15 3110.01 14758.93 3076.05 14773.57 3129.82
6 12206.58 8974.03 12188.06 9008.41 12144.51 8999.47 12150.02 8952.40 12175.81 8918.87 12198.16 8913.80
11 5727.47 14064.47 5724.13 14065.46 5662.84 14107.52 5659.51 14106.18 5635.34 14120.16 5637.16 14052.89 5605.32 14056.00 5632.89 14025.38 5616.54 13990.51 5620.02 13982.13 5717.96 14000.67
7 10041.02 7336.47 10022.30 7358.87 10006.59 7265.61 10047.22 7254.12 10035.01 7287.59 10033.40 7302.99 10089.19 7292.23
15 11299.78 4292.61 11329.67 4317.13 11282.79 4299.21 11298.72 4321.08 11248.55 4313.75 11236.50 4294.28 11186.13 4288.63 11241.50 4269.44 11249.61 4263.63 11254.06 4236.30 11255.04 4212.79 11286.17 4239.86 11279.59 4261.39 11318.56 4235.68 11279.21 4271.21
8 15861.53 16660.10 15879.89 16661.91 15822.59 16683.12 15819.83 16674.01 15802.30 16667.27 15824.02 16658.43 15826.61 16632.31 15842.52 16625.20
13 392.08 8452.05 391.04 8457.34 420.07 8501.99 404.05 8485.85 382.87 8490.26 280.66 8452.20 293.71 8408.92 336.38 8418.33 365.66 8416.89 403.42 8406.99 388.94 8435.25 428.90 8439.64 423.53 8447.16
13 17254.32 16971.41 17232.76 16980.87 17219.64 17000.22 17214.29 17011.84 17209.22 16963.70 17192.59 16967.08 17205.39 16943.71 17195.28 16926.05 17210.88 16917.66 17222.22 16946.82 17220.63 16909.46 17248.38 16929.31 17254.55 16924.77
13 3510.89 7388.01 3507.58 7336.44 3473.72 7387.66 3491.05 7343.31 3450.04 7341.37 3430.18 7304.92 3471.87 7297.79 3487.40 7301.90 3489.10 7299.28 3501.61 7225.23 3525.98 7234.15 3520.54 7275.24 3544.89 7304.81
13 4412.56 6490.92 4390.03 6484.46 4387.96 6491.14 4382.30 6515.19 4378.50 6506.79 4370.72 6482.50 4370.08 6469.91 4340.96 6456.83 4356.65 6442.02 4364.98 6446.83 4383.41 6439.43 4390.47 6447.71 4413.74 6472.90
15 11422.86 683.74 11401.16 695.22 11383.32 675.18 11356.16 657.49 11358.02 625.06 11360.75 625.99 11374.32 613.54 11388.78 632.02 11392.80 650.04 11422.76 616.77 11429.57 620.04 11405.11 653.99 11446.26 637.02 11416.65 656.26 11441.71 659.09
8 1441.98 1012.34 1382.61 1008.33 1320.89 1016.05 1321.63 1005.90 1298.60 979.00 1310.42 912.83 1349.72 966.09 1345.11 905.76
7 17158.02 17078.43 17091.93 17092.05 17045.63 17082.04 17012.34 17055.94 17113.42 17034.91 17145.97 17013.41 17135.57 17053.02
14 17634.63 12761.57 17655.23 12780.78 17601.71 12771.06 17586.52 12783.14 17603.42 12767.71 17599.96 12755.08 17613.09 12750.31 17626.27 12736.60 17636.22 12722.34 17655.86 12725.34 17630.73 12747.24 17634.70 12747.08 17646.66 12746.47 17637.18 12753.59
11 12825.14 15714.83 12738.29 15743.33 12747.01 15722.52 12724.14 15650.77 12771.05 15660.22 12771.32 15627.24 12774.39 15685.04 12806.00 15633.59 12808.30 15676.43 12845.18 15683.16 12808.57 15696.99
11 2633.33 17297.17 2619.13 17299.29 2563.82 17346.39 2550.29 17291.61 2526.58 17278.84 2561.36 17283.82 2554.25 17251.07 2557.45 17248.29 2606.70 17240.72 2591.28 17273.98 2601.97 17288.07
8 13642.65 1610.19 13622.35 1627.63 13606.69 1655.38 13596.14 1631.67 13554.36 1666.93 13530.41 1623.79 13566.85 1573.52 13660.68 1590.73
9 4877.15 10950.90 4845.59 10971.85 4839.22 10957.84 4828.70 10965.28 4809.77 10969.09 4793.04 10947.31 4798.71 10937.82 4877.56 10918.94 4892.16 10926.55
8 6663.33 16199.33 6630.01 16169.66 6642.94 16176.99 6656.01 16175.78 6660.02 16153.52 6668.47 16176.50 6672.63 16178.89 6669.21 16183.82
13 8368.97 6927.61 8358.54 6943.60 8322.26 6932.27 8313.79 6953.43 8289.07 6946.55 8288.84 6928.61 8275.34 6930.64 8264.51 6928.16 8263.56 6897.80 8268.86 6898.13 8302.33 6892.87 8312.33 6889.39 8357.15 6905.85
7 3517.98 2011.16 3514.65 2009.10 3478.06 2019.87 3465.25 2021.49 3510.64 1908.76 3522.79 1925.32 3539.82 1942.40
15 10538.82 15765.21 10511.90 15812.28 10488.47 15853.31 10443.03 15799.01 10462.13 15769.57 10423.21 15755.90 10410.09 15738.93 10476.08 15750.12 10474.70 15742.77 10478.81 15737.09 10483.43 15722.70 10481.20 15670.53 10511.71 15706.01 10515.78 15729.60 10516.84 15730.43
8 3337.40 1453.08 3340.55 1488.59 3329.33 1477.55 3299.41 1467.72 3240.86 1447.30 3326.32 1422.23 3329.62 1428.92 3349.95 1426.02
9 11329.06 12829.06 11302.12 12879.04 11278.01 12832.90 11258.22 12811.83 11256.97 12795.83 11262.29 12783.48 11277.50 12780.69 11296.35 12779.22 11300.59 12798.84
7 1803.11 12453.98 1757.73 12480.63 1714.00 12473.27 1746.18 12412.45 1783.42 12386.53 1832.53 12420.21 1768.84 12442.87
15 9848.47 8061.77 9819.39 8063.64 9826.44 8077.12 9815.45 8105.37 9796.57 8080.26 9742.85 8070.99 9746.39 8034.53 9768.03 8030.51 9745.59 7998.81 9784.06 8017.50 9793.05 8017.82 9817.02 8001.64 9826.28 8011.98 9855.56 8024.16 9808.39 8036.50
15 12989.73 1611.57 12968.19 1592.00 12954.43 1602.42 12955.93 1595.24 12952.09 1583.86 12928.07 1572.31 12924.48 1570.25 12949.88 1579.24 12934.53 1568.66 12937.15 1556.09 12978.54 1544.51 12975.07 1563.99 12980.89 1554.61 12981.88 1554.59 12996.19 1566.22
8 7723.56 12808.48 7719.50 12804.75 7689.79 12803.38 7690.09 12855.27 7651.81 12786.31 7657.62 12777.94 7613.48 12731.76 7680.39 12697.45
9 13576.00 10560.80 13548.84 10532.66 13528.89 10523.34 13512.55 10533.23 13496.59 10551.36 13504.58 10516.49 13447.71 10517.86 13459.23 10464.67 13540.37 10501.04
14 10485.64 7387.86 10475.58 7440.24 10460.56 7428.59 10453.48 7428.55 10447.34 7401.06 10419.08 7440.76 10417.85 7426.05 10393.78 7403.53 10378.09 7393.53 10381.24 7383.21 10439.42 7324.48 10470.78 7363.21 10485.70 7377.63 10514.92 7380.34
10 2108.10 6423.15 2093.38 6423.34 2073.46 6422.52 2076.70 6360.87 2088.91 6377.91 2086.21 6367.42 2094.99 6383.58 2127.19 6363.95 2161.97 6391.70 2151.13 6403.47
12 5535.80 10066.81 5526.74 10067.27 5525.18 10069.82 5495.45 10070.96 5491.20 10067.16 5492.04 10058.22 5492.93 10057.09 5484.13 10058.47 5468.17 10050.38 5477.82 10019.47 5512.24 10029.16 5521.52 10038.00
9 12471.99 12185.68 12446.90 12201.55 12435.59 12199.59 12417.21 12200.64 12401.02 12194.33 12390.61 12192.14 12412.17 12148.22 12433.58 12168.87 12465.54 12137.78
15 4844.96 11345.05 4895.17 11358.41 4877.51 11359.18 4831.04 11412.43 4821.27 11375.41 4775.48 11377.65 4798.92 11359.44 4789.32 11351.76 4787.27 11344.40 4760.00 11343.02 4806.56 11342.11 4771.83 11307.34 4800.86 11316.77 4793.24 11308.27 4864.41 11314.75
9 4832.99 5226.71 4863.33 5167.24 4867.16 5136.90 4878.67 5155.06 4931.78 5157.11 4925.84 5170.77 4954.20 5175.64 4944.76 5186.99 4911.75 5189.03
9 2864.38 4712.22 2843.23 4727.74 2817.88 4728.77 2822.38 4711.87 2800.30 4714.98 2779.89 4702.49 2815.46 4674.55 2829.18 4665.51 2842.14 4670.83
11 1073.34 7454.82 1038.73 7456.96 1042.88 7501.20 1020.00 7469.17 1017.62 7478.74 969.62 7492.50 983.56 7446.23 998.80 7427.29 1017.11 7409.04 1030.92 7413.30 1049.28 7415.04
5 12046.83 8785.03 12012.39 8810.50 11974.26 8821.04 11964.40 8785.02 11939.41 8769.72
15 2501.74 2253.29 2508.11 2255.38 2477.65 2265.84 2484.40 2308.41 2463.67 2308.31 2461.16 2297.08 2421.79 2322.38 2426.92 2263.75 2426.07 2238.98 2443.75 2233.56 2431.23 2186.32 2458.25 2225.97 2470.17 2228.56 2496.49 2204.02 2526.83 2243.25
11 5127.94 8804.46 5125.65 8804.08 5118.07 8805.09 5103.46 8808.58 5099.61 8812.44 5073.78 8802.80 5075.48 8796.82 5093.55 8784.86 5112.35 8767.02 5149.43 8780.87 5122.23 8791.13
14 15652.45 8753.10 15653.68 8758.74 15674.99 8773.25 15629.79 8769.18 15623.34 8788.12 15621.24 8794.24 15590.98 8782.49 15615.67 8754.56 15586.83 8750.56 15614.15 8747.00 15623.43 8733.15 15627.34 8728.06 15638.47 8711.42 15669.94 8725.82
6 10203.21 8910.75 10074.98 8921.74 10093.47 8894.26 10074.93 8868.83 10114.03 8848.92 10121.85 8873.91
12 5565.04 15990.73 5545.96 16003.08 5552.77 16031.59 5535.59 16039.87 5533.27 16014.48 5486.10 16029.46 5496.09 16018.57 5494.93 16018.11 5512.53 15967.53 5512.13 15906.33 5533.68 15920.66 5556.71 15937.80
14 1074.85 14268.82 1059.48 14265.96 1057.94 14271.94 1074.10 14295.09 1060.24 14289.41 1049.50 14277.35 1042.22 14287.18 1025.50 14276.68 1013.27 14275.78 1035.61 14236.42 1045.02 14238.62 1043.89 14225.13 1056.96 14229.45 1068.34 14260.84
15 15075.61 8940.25 15098.97 8954.74 15056.02 8945.15 15059.20 8965.33 15020.95 9001.70 14965.05 8951.57 14992.13 8942.12 15007.65 8938.72 14997.57 8919.90 14977.88 8907.08 14956.06 8876.61 15008.20 8860.56 15056.16 8917.31 15107.26 8906.98 15103.36 8920.20
15 11887.80 3463.60 11840.07 3515.90 11853.37 3483.08 11833.03 3502.43 11818.71 3446.57 11850.05 3453.58 11853.78 3449.43 11816.72 3430.78 11854.47 3445.66 11853.60 3438.10 11863.35 3404.02 11869.33 3407.01 11902.01 3428.58 11901.19 3432.43 11936.21 3438.49
7 10183.15 6196.49 10200.33 6218.92 10186.61 6208.54 10144.64 6197.77 10109.78 6228.53 10129.97 6178.21 10196.42 6163.80
9 6171.41 8583.52 6151.51 8569.89 6104.70 8611.58 6108.66 8604.46 6082.86 8583.69 6090.73 8571.13 6091.62 8502.52 6180.65 8535.34 6187.26 8549.25
14 2713.89 10900.14 2725.61 10919.94 2707.01 10896.48 2702.65 10916.16 2699.34 10908.54 2680.05 10892.90 2648.33 10877.51 2683.44 10861.36 2701.96 10838.84 2706.98 10851.41 2709.07 10863.65 2727.87 10860.90 2734.55 10871.31 2747.44 10884.35
15 12140.40 1518.18 12109.36 1517.20 12098.98 1532.85 12089.75 1531.96 12077.82 1545.10 12072.06 1564.49 12046.73 1565.31 12030.77 1538.96 12040.31 1509.69 12029.22 1497.10 12035.93 1495.89 12083.77 1480.26 12104.50 1506.27 12141.48 1505.24 12130.77 1508.24
10 13726.50 14443.09 13674.37 14517.53 13673.13 14479.68 13665.68 14493.31 13666.29 14483.11 13635.77 14496.73 13659.43 14441.96 13628.64 14392.18 13653.25 14403.23 13729.65 14399.98
15 16320.68 13987.88 16288.76 13992.78 16283.62 14025.04 16260.23 14020.96 16214.56 14015.45 16182.73 13991.91 16213.18 13967.29 16206.09 13957.33 16239.52 13967.90 16247.64 13954.79 16253.20 13962.27 16270.41 13903.14 16289.39 13934.02 16284.49 13946.71 16288.87 13944.92
6 288.66 2156.50 270.56 2163.43 235.98 2191.68 232.50 2158.91 203.83 2109.02 246.03 2079.74
15 8041.03 11959.79 8025.93 11991.27 7988.21 11972.72 7962.44 11987.07 7955.54 11942.52 7974.59 11934.44 7976.98 11934.39 7956.60 11916.91 8009.05 11908.43 8030.54 11886.12 8037.72 11902.97 8055.80 11902.51 8047.36 11910.95 8027.18 11933.77 8073.69 11928.20
6 6249.56 10718.29 6201.70 10720.98 6195.62 10680.66 6250.41 10607.37 6257.39 10653.82 6305.07 10657.45
14 587.59 10170.17 612.49 10213.27 572.73 10186.00 559.56 10189.22 559.19 10190.03 550.82 10179.95 521.17 10209.12 548.74 10149.05 536.36 10124.47 552.38 10127.22 581.07 10114.72 606.04 10081.92 597.23 10100.73 603.73 10136.53
6 11062.82 17478.75 11069.94 17499.10 11043.80 17470.91 11014.42 17470.01 11002.62 17468.03 11022.28 17414.09
6 15273.37 17858.07 15234.88 17835.40 15200.04 17849.93 15207.78 17814.15 15260.62 17775.88 15275.20 17820.63
13 439.35 3850.06 429.36 3834.65 435.37 3859.97 426.67 3867.48 422.44 3846.51 399.85 3826.01 364.39 3821.10 368.71 3799.59 387.35 3800.29 448.68 3767.48 445.85 3775.45 441.13 3800.98 469.37 3817.68
14 12775.32 4453.81 12740.79 4480.62 12732.45 4486.51 12669.17 4469.04 12699.59 4455.77 12664.15 4452.47 12694.42 4449.46 12671.48 4421.77 12718.57 4428.36 12720.53 4400.74 12722.33 4431.87 12749.05 4402.18 12742.50 4413.14 12766.19 4448.68
9 2492.23 17694.78 2475.64 17719.80 2459.96 17703.38 2451.92 17704.20 2451.66 17704.71 2410.61 17664.75 2464.79 17633.36 2484.94 17648.33 2478.65 17684.11
9 13320.89 12591.57 13349.35 12603.07 13325.18 12599.41 13263.53 12595.16 13287.41 12585.45 13270.69 12578.75 13289.01 12553.75 13312.54 12579.47 13321.74 12578.43
12 3250.14 11015.07 3228.04 10998.47 3220.32 11012.06 3214.01 11022.66 3220.05 10997.24 3217.62 10984.65 3214.90 10983.45 3199.33 10954.46 3214.38 10971.42 3221.54 10964.75 3224.51 10958.34 3251.83 10981.89
8 5130.50 14530.75 5091.81 14544.00 5089.25 14440.06 5111.92 14408.14 5131.74 14449.53 5163.02 14431.50 5135.89 14479.73 5157.93 14487.03
7 5820.42 6806.64 5739.55 6742.44 5804.34 6715.25 5807.00 6712.08 5824.04 6651.21 5817.69 6710.15 5839.86 6714.31
9 9219.65 7810.76 9164.94 7803.88 9134.09 7793.78 9063.66 7747.96 9111.81 7744.10 9148.16 7737.92 9184.40 7740.71 9177.63 7749.17 9210.39 7759.10
11 7059.46 5958.02 7042.10 5965.56 7033.87 5961.41 7020.28 5962.80 7015.82 5974.84 6989.78 5975.25 6979.06 5945.70 7005.42 5941.81 7015.79 5938.85 7031.44 5907.13 7044.98 5914.49
6 4374.83 1837.12 4343.09 1825.96 4316.29 1845.38 4342.20 1764.28 4365.24 1799.53 4373.91 1801.77
13 7380.71 227.70 7393.38 241.63 7376.13 239.51 7363.22 232.46 7379.27 255.30 7337.77 229.25 7323.26 196.12 7317.50 188.45 7344.54 206.52 7340.06 197.78 7349.05 202.08 7386.94 217.34 7394.85 224.42
10 15638.84 3808.24 15627.11 3821.84 15593.90 3810.92 15568.87 3799.67 15560.80 3856.08 15533.62 3846.25 15503.94 3786.25 15495.66 3761.04 15549.55 3768.87 15600.49 3782.46
11 13121.51 14700.35 13113.49 14701.85 13099.97 14691.56 13099.20 14692.40 13091.31 14699.30 13054.43 14678.47 13066.47 14655.33 13089.68 14666.92 13090.34 14671.67 13095.39 14650.32 13102.24 14668.82
10 12117.68 11011.93 12108.05 10980.96 12096.34 10985.61 12085.79 10955.39 12095.80 10941.04 12093.57 10937.68 12112.94 10951.47 12140.56 10939.49 12138.24 10945.96 12158.78 10940.93
15 2270.87 185.51 2281.20 191.98 2258.57 183.06 2245.71 212.95 2234.99 212.99 2200.32 188.54 2206.47 170.83 2222.70 158.12 2217.36 146.67 2267.15 148.47 2259.68 163.84 2258.89 165.45 2257.72 166.91 2271.72 168.81 2271.01 173.71
15 8740.29 2790.56 8736.87 2814.38 8721.83 2797.93 8722.85 2804.53 8712.09 2798.98 8682.56 2798.54 8694.80 2781.14 8711.20 2772.19 8709.12 2758.38 8717.09 2770.90 8718.64 2772.00 8725.18 2772.63 8724.44 2777.08 8729.58 2774.56 8742.79 2778.69
12 15685.59 11327.15 15671.26 11321.64 15667.48 11326.68 15653.09 11318.34 15609.07 11318.21 15611.61 11294.91 15629.00 11262.83 15639.84 11237.19 15650.31 11284.32 15668.78 11291.58 15716.72 11269.95 15704.48 11294.17
7 13234.72 17021.76 13220.79 17005.12 13219.99 16994.46 13203.54 16956.77 13244.98 16971.49 13257.72 16983.69 13270.77 16995.13
6 13240.63 7450.35 13210.19 7459.53 13198.78 7463.54 13195.84 7467.56 13150.92 7458.01 13155.60 7432.14
13 11775.04 10928.26 11771.20 10945.61 11743.65 10928.16 11750.86 10939.08 11718.77 10947.33 11715.70 10939.49 11706.46 10882.99 11720.23 10898.81 11734.43 10891.70 11756.06 10871.05 11739.65 10903.71 11740.72 10904.66 11774.46 10898.80
9 4923.89 16006.37 4943.27 16034.91 4866.80 15994.66 4879.03 15985.34 4850.35 15969.53 4886.91 15960.00 4895.92 15945.65 4920.55 15934.34 4932.48 15952.90
12 10778.30 5783.96 10803.04 5809.14 10764.59 5828.25 10748.07 5817.53 10739.11 5796.58 10737.88 5782.09 10727.92 5780.05 10742.96 5740.82 10745.53 5742.61 10768.43 5764.62 10795.37 5768.31 10806.92 5767.40
10 15937.82 6915.53 15927.93 6921.46 15905.62 6917.66 15907.03 6907.58 15923.28 6899.02 15930.23 6897.56 15933.99 6884.73 15935.87 6891.90 15964.13 6906.48 15956.41 6908.63
14 11291.60 10194.05 11233.17 10270.78 11232.25 10219.95 11215.70 10249.29 11191.60 10270.54 11143.47 10203.91 11176.16 10142.00 11228.80 10116.31 11232.07 10165.55 11252.77 10105.95 11258.92 10139.52 11274.98 10133.42 11278.19 10159.33 11305.31 10153.14
10 13985.77 15807.33 14002.61 15841.77 13990.38 15895.81 13909.14 15860.97 13921.85 15827.57 13880.32 15810.52 13908.12 15805.47 13897.59 15739.64 13982.96 15710.02 14022.77 15748.70
5 6221.07 16923.43 6254.95 16883.17 6267.79 16889.14 6304.65 16879.41 6295.30 16903.03
7 14170.88 14666.47 14179.86 14685.46 14144.42 14701.90 14116.65 14708.14 14122.28 14656.73 14144.53 14616.20 14156.11 14629.57
11 5440.10 7542.30 5446.63 7548.72 5433.16 7545.81 5437.37 7552.87 5423.78 7543.71 5409.22 7542.52 5398.13 7521.17 5392.26 7495.10 5401.41 7506.26 5416.96 7514.09 5436.62 7527.13
12 7272.03 13914.21 7236.74 13917.82 7270.99 13937.55 7268.24 13941.98 7229.16 13941.22 7251.48 13987.34 7221.53 13962.90 7215.04 13959.86 7209.44 13972.11 7193.02 13874.19 7234.36 13874.13 7269.24 13888.62
15 11781.41 1954.22 11766.18 1996.09 11733.15 1985.80 11732.34 2017.23 11690.49 1989.76 11692.83 1981.23 11684.24 1951.90 11646.05 1942.70 11668.52 1928.55 11686.65 1918.77 11674.66 1857.22 11691.08 1864.83 11741.45 1840.45 11759.63 1867.65 11740.56 1920.63
8 11058.43 5455.68 11031.28 5496.81 10961.40 5475.86 10977.61 5449.36 10970.84 5441.30 10997.18 5449.13 10970.67 5432.54 11037.67 5423.53
5 8602.93 11191.13 8591.23 11170.41 8572.40 11177.79 8641.26 11134.91 8690.94 11131.66
14 15643.38 12900.13 15643.85 12914.35 15664.85 12952.08 15629.62 12975.76 15609.05 12933.39 15592.20 12968.04 15585.49 12964.24 15535.56 12930.09 15571.38 12888.39 15540.19 12819.84 15593.10 12836.06 15609.78 12817.82 15603.88 12875.28 15623.28 12892.96
15 16446.57 10400.49 16461.22 10424.15 16462.95 10455.12 16435.88 10419.42 16414.82 10468.81 16424.23 10422.51 16401.40 10427.23 16381.35 10441.17 16366.45 10428.72 16372.88 10355.17 16426.89 10348.27 16448.67 10351.44 16453.01 10353.20 16447.27 10371.14 16475.91 10375.02
5 11654.38 3825.67 11646.58 3847.34 11602.26 3836.52 11636.71 3802.35 11642.36 3804.25
12 15395.36 16252.51 15368.47 16258.57 15366.43 16267.91 15358.61 16244.69 15352.80 16290.26 15335.25 16277.95 15331.16 16287.90 15309.53 16242.00 15292.27 16191.45 15292.33 16188.08 15420.30 16197.52 15387.76 16216.71
9 17363.84 15236.60 17393.27 15257.28 17340.08 15247.58 17334.06 15265.15 17332.35 15284.98 17316.85 15242.39 17311.95 15239.88 17366.07 15201.40 17368.95 15205.43
11 7089.83 11607.91 7052.91 11607.47 7057.22 11637.40 7036.77 11623.99 6956.86 11615.65 7006.20 11588.09 6962.90 11571.81 6979.49 11569.12 6994.19 11563.68 6972.50 11526.75 7000.54 11550.32
12 13465.56 15583.07 13430.75 15546.25 13409.94 15575.91 13368.13 15555.33 13352.71 15552.94 13362.19 15524.57 13358.21 15507.92 13370.14 15501.96 13364.02 15496.05 13365.35 15468.46 13456.34 15478.69 13438.35 15508.59
13 16634.07 7409.91 16640.66 7414.62 16645.29 7415.98 16649.20 7418.69 16651.57 7438.12 16627.76 7415.64 16607.99 7421.46 16598.61 7427.34 16598.24 7424.91 16593.11 7413.63 16596.23 7406.95 16618.56 7388.66 16629.34 7403.88
8 7817.65 14352.92 7795.20 14355.92 7784.57 14355.36 7769.32 14373.72 7754.35 14373.18 7677.88 14335.94 7759.59 14326.85 7792.75 14315.77
14 12423.96 9559.41 12437.90 9574.96 12431.68 9579.92 12432.90 9590.35 12404.24 9557.03 12413.45 9606.10 12321.10 9543.17 12314.18 9528.96 12324.28 9511.11 12353.17 9512.84 12407.80 9458.65 12394.53 9511.88 12410.40 9516.61 12406.93 9520.61
5 13468.38 16223.47 13414.11 16221.75 13452.69 16168.54 13464.09 16150.58 13497.66 16158.45
10 11501.06 17247.71 11488.54 17274.89 11469.72 17287.09 11412.62 17195.94 11443.45 17171.31 11511.27 17183.88 11506.37 17190.50 11513.72 17184.70 11514.22 17200.18 11489.01 17214.97
9 15407.27 10563.32 15394.83 10570.82 15391.80 10578.17 15392.21 10564.88 15378.03 10558.26 15372.88 10539.25 15369.37 10533.49 15412.81 10547.78 15417.90 10554.69
9 9009.56 4444.31 8961.76 4434.96 8966.75 4437.16 8933.98 4494.93 8933.19 4452.98 8889.16 4431.87 8907.60 4407.59 8893.66 4379.71 8900.44 4370.14
5 10863.76 6646.03 10776.14 6694.05 10768.63 6686.24 10786.39 6633.23 10818.16 6620.56
12 9343.10 2649.48 9319.79 2647.37 9319.40 2649.65 9318.69 2661.98 9300.76 2657.34 9303.64 2645.91 9277.45 2657.45 9298.53 2638.65 9307.94 2607.32 9317.70 2613.71 9346.29 2624.46 9325.98 2632.53
10 12141.70 17040.00 12125.61 17045.93 12123.32 17037.04 12110.90 17026.09 12105.50 17024.88 12100.40 17024.98 12119.78 16985.50 12130.68 16971.93 12127.44 17000.99 12128.39 17010.73
9 17235.58 8009.91 17171.67 8074.52 17177.02 8023.70 17122.84 8044.59 17140.71 7991.76 17123.91 7939.98 17179.38 7985.28 17200.15 7931.91 17236.74 7960.56
15 10008.54 2728.92 9990.37 2738.01 9978.88 2737.41 9977.55 2740.58 9954.60 2751.47 9935.33 2748.40 9900.17 2786.79 9885.78 2711.76 9872.98 2696.42 9941.87 2677.15 9968.11 2660.02 9985.88 2681.69 9972.70 2696.22 10015.08 2685.65 9997.31 2717.68
9 5092.74 15401.57 5090.10 15417.09 5045.71 15443.61 5046.57 15427.83 5045.83 15396.17 5046.48 15381.98 5054.26 15344.41 5113.35 15348.34 5132.35 15369.36
8 17676.22 14169.61 17633.62 14139.38 17595.66 14119.60 17576.29 14120.24 17622.27 14098.26 17628.68 14053.14 17645.07 14051.85 17693.12 14093.85
11 17350.47 10730.10 17334.48 10743.46 17297.71 10740.63 17268.85 10738.83 17243.01 10701.82 17274.91 10679.87 17289.63 10672.35 17291.83 10671.42 17326.23 10650.29 17318.40 10666.67 17341.93 10681.86
8 5905.01 5566.08 5835.76 5596.72 5824.63 5587.83 5818.79 5569.89 5806.11 5557.64 5801.11 5553.84 5896.62 5532.04 5907.05 5534.49
7 14661.15 5107.47 14611.35 5121.88 14535.91 5075.91 14547.69 5068.49 14523.03 5024.25 14567.33 5040.85 14605.01 5090.42
14 11666.09 17681.05 11622.75 17677.87 11593.23 17665.26 11600.25 17642.21 11619.91 17617.88 11607.80 17594.49 11614.55 17597.93 11614.37 17559.01 11627.10 17591.20 11633.67 17563.07 11639.00 17580.73 11658.82 17583.26 11648.74 17610.25 11677.87 17596.17
12 2338.20 858.01 2336.02 869.77 2316.64 884.95 2304.04 867.41 2291.37 865.62 2286.20 858.19 2259.07 836.79 2269.25 819.14 2293.67 839.75 2299.23 834.85 2303.22 820.40 2328.44 836.13
7 10853.18 7896.77 10812.43 7921.33 10802.07 7908.04 10732.69 7898.60 10766.53 7861.54 10802.79 7848.56 10829.60 7843.47
14 7768.70 2383.96 7791.61 2415.54 7790.55 2417.00 7787.45 2419.69 7782.08 2426.02 7760.28 2430.19 7713.69 2440.19 7710.78 2394.14 7706.24 2382.70 7734.07 2357.45 7740.54 2324.73 7745.75 2328.33 7755.42 2342.69 7777.66 2344.80
10 10478.46 2805.38 10466.10 2826.96 10421.51 2819.91 10427.41 2802.78 10417.79 2799.68 10414.18 2800.16 10436.12 2777.05 10438.78 2762.65 10452.94 2770.18 10462.60 2785.01
6 6992.38 8597.27 6937.44 8580.43 6981.22 8521.72 6992.04 8521.83 6986.10 8536.34 6993.30 8538.46
7 14714.13 11218.82 14708.48 11246.64 14698.21 11268.80 14676.13 11221.54 14691.70 11210.54 14655.19 11223.24 14679.32 11139.25
14 6888.37 14664.00 6859.49 14665.19 6845.13 14694.96 6763.94 14689.86 6796.15 14658.10 6752.26 14665.62 6806.26 14641.26 6772.53 14623.12 6776.45 14620.14 6759.82 14600.37 6805.76 14578.40 6825.99 14603.82 6844.03 14622.00 6885.50 14604.01
10 11358.05 16215.83 11354.13 16233.28 11334.80 16239.37 11368.56 16268.74 11249.91 16247.97 11261.05 16196.19 11249.64 16175.00 11256.81 16154.22 11303.86 16183.64 11365.93 16190.53
11 5232.11 9052.21 5235.82 9056.51 5225.35 9060.68 5234.65 9080.57 5236.70 9101.92 5225.73 9090.63 5219.28 9090.17 5171.65 9072.67 5182.03 9009.95 5182.20 9009.43 5207.16 8982.47
9 7169.95 13672.78 7168.35 13690.27 7141.77 13703.02 7139.08 13687.57 7111.26 13686.04 7126.77 13666.33 7117.29 13662.15 7114.66 13645.97 7179.15 13638.89
12 10802.78 7204.11 10741.70 7243.47 10758.24 7206.44 10729.24 7213.89 10741.70 7197.25 10735.22 7184.75 10757.53 7191.11 10784.85 7152.54 10817.05 7162.75 10806.26 7172.53 10805.08 7180.47 10782.85 7193.35
15 7110.12 1435.67 7112.05 1438.38 7079.72 1462.47 7077.07 1467.66 7056.96 1475.80 7060.27 1516.62 6963.57 1451.21 7020.86 1437.95 6985.32 1423.06 7025.77 1410.84 7015.22 1359.36 7037.35 1367.62 7041.04 1362.95 7074.90 1353.92 7081.52 1381.76
7 10785.73 3586.13 10770.69 3597.43 10747.43 3590.63 10730.67 3604.02 10721.33 3579.60 10742.65 3535.99 10775.61 3538.93
9 2517.37 3391.50 2453.81 3392.82 2455.37 3430.23 2438.16 3394.56 2403.94 3419.73 2405.50 3270.98 2430.42 3337.18 2456.59 3263.26 2492.97 3315.13
10 13114.35 9785.21 13105.45 9797.32 13046.94 9785.95 13083.37 9844.01 13029.14 9800.66 13015.96 9750.73 13006.53 9708.08 13039.98 9730.06 13052.31 9741.28 13073.87 9738.31
8 3080.99 14136.37 3030.18 14145.48 3025.31 14142.00 3038.79 14196.13 3013.19 14149.44 2985.26 14164.68 2975.07 14161.89 3020.87 14081.21
10 688.88 9418.04 673.36 9426.40 657.45 9431.86 633.96 9447.32 660.06 9416.23 653.34 9410.31 641.57 9385.82 666.31 9402.27 683.11 9395.63 701.00 9389.57
10 11527.16 4612.27 11490.88 4627.26 11468.33 4661.80 11465.15 4630.39 11459.85 4614.81 11427.28 4584.47 11469.17 4575.48 11496.91 4572.97 11524.30 4582.14 11513.58 4605.18
6 8080.10 6211.61 8028.54 6197.85 7999.78 6177.18 7956.97 6169.08 7966.59 6138.68 8002.21 6131.28
14 13377.72 735.34 13376.85 762.32 13331.07 732.55 13338.71 730.13 13332.61 722.28 13333.35 720.78 13345.29 727.08 13349.54 702.81 13351.64 717.76 13353.71 723.85 13356.88 723.71 13388.46 722.29 13390.77 728.64 13377.18 730.40
6 2800.07 17516.66 2763.06 17511.32 2725.71 17526.81 2744.07 17463.90 2763.61 17466.39 2819.80 17488.69
10 16596.73 10966.39 16570.99 10959.13 16594.28 10972.56 16529.99 10972.55 16519.13 10976.77 16502.13 10964.66 16483.60 10946.00 16526.96 10929.52 16573.87 10922.09 16595.35 10929.66
12 4630.35 1445.54 4608.61 1452.36 4615.19 1476.61 4572.44 1453.63 4569.71 1448.03 4582.54 1439.37 4578.05 1428.85 4569.27 1410.02 4581.58 1417.56 4626.97 1431.19 4631.46 1435.96 4623.24 1438.69
12 6464.48 17120.37 6442.53 17148.78 6415.61 17132.31 6399.09 17147.43 6394.46 17158.18 6379.73 17158.35 6398.48 17114.11 6380.46 17088.00 6372.12 17072.45 6427.46 17046.27 6450.18 17067.16 6481.37 17084.88
13 12580.36 6867.15 12564.98 6874.61 12527.79 6881.57 12498.63 6905.49 12506.87 6864.04 12502.57 6862.57 12491.33 6852.72 12507.73 6837.52 12503.87 6823.94 12502.63 6811.58 12509.74 6823.53 12535.50 6829.20 12568.86 6828.02
13 4482.27 4828.96 4481.41 4830.94 4406.09 4837.75 4370.77 4855.89 4360.08 4849.15 4385.56 4815.75 4345.17 4823.08 4377.51 4779.01 4379.16 4744.61 4408.75 4719.19 4423.18 4766.64 4464.52 4747.21 4460.53 4762.91
6 9463.92 9944.75 9438.69 9965.04 9431.85 9898.25 9464.26 9911.51 9462.85 9870.85 9505.76 9874.56
14 2041.05 2853.37 2031.91 2854.23 2027.64 2869.95 2023.14 2874.48 2022.94 2865.39 2019.81 2855.52 2006.68 2906.33 1960.68 2865.29 1950.96 2862.02 2006.17 2835.24 1964.63 2804.06 1957.55 2795.84 2016.26 2817.57 2039.59 2817.14
6 15013.53 1735.68 15023.87 1742.28 15032.67 1749.01 15019.38 1752.42 14982.08 1758.48 14984.20 1696.60
13 17628.14 15178.26 17599.90 15195.08 17581.43 15185.13 17560.12 15226.83 17527.99 15227.24 17520.95 15205.30 17517.08 15188.91 17539.00 15165.47 17521.07 15157.62 17554.48 15144.01 17576.16 15140.75 17586.07 15174.01 17597.59 15173.85
15 9994.63 6291.71 9980.72 6295.90 9973.67 6297.15 9979.94 6305.72 9976.07 6323.52 9965.53 6298.56 9952.58 6311.82 9957.02 6299.55 9935.35 6279.74 9959.11 6276.07 9961.76 6258.45 9963.60 6262.26 9969.30 6275.20 9970.81 6273.37 9977.49 6272.75
13 16869.35 4330.04 16879.94 4365.00 16868.46 4385.95 16826.46 4358.25 16794.86 4357.79 16780.15 4350.13 16816.84 4332.87 16786.49 4325.63 16820.35 4325.60 16816.22 4319.44 16839.96 4270.86 16839.94 4308.60 16869.43 4278.68
5 416.21 5460.32 384.77 5499.04 361.10 5444.22 370.18 5429.68 391.29 5421.37
13 11629.13 6053.59 11634.90 6058.74 11643.49 6099.63 11598.65 6119.68 11592.83 6096.28 11556.46 6020.96 11602.89 6000.53 11608.83 6015.52 11618.87 6000.12 11631.86 5962.10 11636.90 6014.92 11666.25 5989.87 11649.81 6036.72
14 14988.35 16541.60 14971.30 16538.49 14966.05 16547.44 14963.76 16570.09 14949.29 16565.59 14948.89 16552.83 14919.75 16568.21 14923.06 16551.93 14896.23 16568.11 14888.44 16552.80 14901.29 16511.13 14931.77 16516.48 14938.55 16510.57 14951.06 16499.23
14 3177.65 14821.55 3155.95 14816.03 3147.59 14850.76 3131.76 14795.90 3132.93 14808.30 3095.27 14843.03 3066.98 14746.59 3064.26 14736.40 3117.65 14757.63 3131.38 14727.72 3156.36 14724.67 3160.24 14743.57 3148.88 14767.35 3184.40 14752.33
8 7899.24 17820.70 7872.80 17852.87 7844.79 17877.98 7822.47 17843.71 7820.88 17794.43 7851.95 17764.75 7869.82 17791.12 7901.91 17771.35
9 3890.54 15929.14 3860.88 15931.61 3856.10 15922.12 3851.58 15858.29 3860.90 15873.60 3871.36 15870.46 3869.97 15884.02 3878.33 15877.02 3880.39 15879.45
8 8135.04 8631.82 8139.96 8657.88 8042.30 8583.52 8053.53 8557.76 8123.87 8573.24 8168.22 8553.89 8132.39 8581.60 8167.02 8582.44
8 16354.00 8268.38 16314.35 8297.77 16278.38 8248.88 16330.72 8185.39 16351.35 8178.05 16382.21 8204.27 16403.70 8201.09 16390.94 8244.14
13 16176.56 7249.64 16178.34 7264.75 16164.69 7267.91 16152.87 7258.42 16143.62 7248.25 16101.64 7223.02 16105.17 7214.40 16144.73 7213.72 16143.48 7206.44 16134.13 7186.90 16149.66 7167.46 16156.01 7199.50 16187.86 7218.45
9 10182.31 9919.26 10125.14 9927.16 10112.93 9941.15 10098.78 9906.13 10085.19 9888.73 10098.14 9902.07 10080.80 9873.92 10072.23 9859.23 10178.05 9915.02
11 14375.10 2804.14 14398.10 2812.68 14338.89 2841.73 14323.59 2828.28 14328.04 2812.12 14296.07 2801.25 14318.00 2783.31 14351.37 2754.43 14358.56 2779.58 14382.44 2757.20 14388.37 2797.95
10 14823.33 4704.71 14788.29 4726.65 14750.48 4718.81 14746.19 4725.04 14732.02 4740.54 14693.87 4715.76 14764.96 4638.32 14770.91 4650.60 14770.02 4653.18 14807.28 4696.00
6 16485.31 5789.25 16485.42 5775.05 16463.73 5780.68 16475.02 5764.86 16452.83 5750.69 16486.60 5741.19
10 3608.81 14720.47 3558.27 14711.84 3546.26 14718.96 3528.64 14669.78 3566.25 14661.74 3559.95 14641.74 3575.51 14624.78 3595.01 14622.48 3634.28 14639.30 3645.17 14648.81
6 9712.57 15642.55 9691.49 15659.16 9654.75 15654.45 9669.83 15598.54 9679.01 15634.30 9710.90 15618.90
5 13039.27 4172.96 13032.58 4181.91 13027.49 4157.91 13001.42 4150.36 13055.15 4147.32
14 9349.28 4838.55 9335.59 4849.31 9296.48 4839.14 9311.81 4866.39 9252.57 4857.71 9247.92 4843.05 9240.93 4843.30 9213.47 4841.83 9201.05 4801.04 9195.82 4797.15 9212.31 4794.13 9275.50 4793.90 9289.28 4762.76 9300.39 4775.44
12 15441.02 16102.50 15407.88 16109.47 15424.36 16162.25 15363.32 16098.57 15352.73 16091.10 15314.19 16042.21 15403.02 16023.06 15391.02 16069.44 15423.19 16046.77 15421.01 16064.29 15411.23 16077.97 15406.79 16086.62
5 3860.99 837.31 3834.52 850.71 3825.79 820.78 3814.49 794.35 3869.00 778.34
15 15427.77 5236.56 15392.93 5253.78 15371.88 5269.13 15362.99 5212.13 15345.42 5256.64 15338.88 5256.10 15341.78 5221.84 15312.36 5255.58 15320.30 5231.05 15324.34 5139.43 15394.06 5139.11 15405.71 5141.54 15421.22 5137.72 15404.61 5178.33 15436.32 5169.84
13 13372.85 3099.90 13334.84 3128.49 13318.27 3116.78 13296.00 3153.90 13285.98 3130.61 13279.14 3110.26 13261.82 3082.58 13273.58 3079.16 13283.26 3065.77 13301.23 3052.82 13311.45 3074.82 13330.59 3044.78 13319.09 3073.64
13 7839.21 5089.96 7805.51 5134.11 7797.69 5131.28 7795.50 5112.57 7770.27 5105.79 7763.70 5053.02 7781.82 5066.69 7793.74 5064.62 7825.74 5033.71 7809.84 5062.23 7829.89 5043.76 7820.14 5074.55 7829.69 5081.52
8 15808.73 4876.54 15807.25 4867.73 15780.78 4875.46 15775.98 4841.71 15753.86 4829.15 15789.47 4835.77 15812.71 4809.85 15818.55 4841.51
14 267.52 10318.89 239.19 10325.39 194.03 10333.64 149.24 10354.67 136.17 10329.39 130.74 10291.54 125.13 10266.82 129.73 10259.70 185.00 10291.26 174.95 10264.39 175.62 10253.86 190.66 10260.75 233.52 10251.33 215.56 10306.46
10 14305.37 3551.31 14302.59 3565.00 14333.72 3589.31 14295.36 3571.57 14297.58 3586.57 14293.61 3582.61 14242.91 3554.27 14260.38 3550.46 14253.06 3542.62 14303.94 3545.17
8 13436.12 4699.81 13401.53 4705.14 13400.24 4708.05 13388.93 4735.41 13328.71 4711.58 13353.82 4626.83 13407.87 4633.46 13419.06 4634.71
5 12730.85 12500.38 12718.89 12509.17 12654.88 12465.32 12697.15 12452.75 12725.40 12486.77
7 16461.98 1659.91 16429.76 1669.46 16391.59 1723.54 16393.64 1640.50 16401.37 1629.63 16475.70 1600.31 16489.51 1639.62
8 6908.46 16497.52 6811.88 16453.46 6784.86 16438.51 6845.39 16459.17 6827.20 16416.41 6839.27 16419.35 6882.98 16428.09 6898.22 16441.43
13 14723.90 16491.90 14698.95 16529.40 14653.01 16474.90 14638.11 16479.66 14610.38 16468.88 14661.28 16430.41 14684.04 16390.35 14695.51 16440.50 14697.07 16443.42 14718.45 16436.36 14696.40 16452.14 14727.17 16453.26 14701.87 16459.09
9 2374.45 1804.28 2372.24 1806.69 2392.93 1833.40 2328.85 1821.10 2298.48 1784.79 2367.36 1757.05 2364.66 1771.77 2367.31 1771.19 2360.86 1799.93
6 11434.34 17046.03 11395.73 17002.48 11370.59 17045.62 11362.39 16995.87 11344.90 16950.61 11463.14 16934.31
5 11169.27 7689.03 11114.53 7692.67 11161.50 7664.10 11181.64 7668.21 11141.95 7680.17
10 3299.08 4739.00 3277.31 4759.26 3214.02 4737.13 3216.46 4735.65 3240.73 4725.57 3210.69 4723.14 3201.15 4721.68 3246.69 4705.71 3236.71 4681.76 3263.68 4706.44
6 10325.50 648.89 10233.20 636.67 10259.02 611.58 10269.49 604.31 10290.45 617.24 10303.06 615.26
6 8155.81 9166.69 8135.71 9174.31 8093.30 9159.88 8063.56 9149.49 8060.73 9140.85 8141.78 9094.21
15 10319.21 5141.21 10325.90 5173.92 10304.91 5144.34 10293.55 5171.92 10297.03 5155.88 10266.87 5124.97 10268.92 5120.92 10272.92 5115.53 10254.57 5114.73 10276.69 5114.02 10278.67 5113.44 10271.90 5071.72 10304.92 5088.93 10297.76 5051.07 10327.54 5101.23
9 3215.15 1519.64 3209.05 1515.35 3204.22 1506.74 3192.44 1513.20 3180.27 1482.87 3179.41 1458.12 3194.84 1463.39 3209.62 1451.87 3215.83 1464.26
5 2963.73 5420.38 2949.31 5442.77 2942.85 5427.08 2941.26 5426.22 2924.18 5342.68
5 547.01 9455.87 492.19 9465.88 494.22 9434.62 493.11 9433.69 499.76 9424.48
12 16920.30 1621.08 16916.77 1640.37 16881.48 1682.37 16883.25 1647.11 16874.94 1665.81 16872.76 1650.37 16877.11 1640.29 16847.87 1668.32 16842.63 1661.13 16847.49 1612.78 16872.77 1601.46 16940.90 1602.28
9 12816.83 14433.70 12735.01 14505.93 12733.25 14450.65 12668.92 14456.42 12682.49 14437.38 12661.99 14437.37 12709.13 14417.37 12733.36 14365.60 12761.47 14413.16
7 15226.85 2300.25 15183.58 2310.36 15146.68 2288.61 15176.33 2259.65 15155.24 2242.08 15162.59 2219.61 15195.92 2247.30
10 7594.91 16803.35 7546.13 16822.23 7534.48 16815.45 7535.63 16790.66 7495.51 16789.24 7520.28 16776.69 7526.88 16769.80 7547.39 16753.87 7562.19 16733.43 7559.87 16769.41
14 16531.03 2702.99 16533.09 2714.11 16522.42 2726.22 16511.35 2731.18 16485.76 2706.71 16483.73 2704.94 16465.83 2678.32 16478.85 2637.28 16504.08 2659.61 16494.53 2639.71 16531.08 2637.75 16531.79 2642.63 16528.74 2665.99 16540.82 2672.03
12 12553.49 7088.89 12507.43 7103.76 12501.69 7116.62 12500.07 7121.70 12484.94 7123.91 12490.07 7086.93 12489.21 7082.42 12492.42 7068.78 12495.02 7069.48 12488.25 7050.95 12497.53 7064.97 12510.71 7048.57
10 9412.22 7383.16 9423.24 7397.18 9423.10 7403.04 9416.45 7408.00 9391.15 7402.41 9367.18 7387.58 9349.51 7339.67 9399.29 7341.61 9398.33 7345.91 9413.78 7352.63
9 2921.45 16192.91 2908.71 16205.50 2913.11 16227.97 2903.69 16211.98 2903.43 16220.36 2891.59 16182.60 2913.26 16181.86 2922.47 16175.44 2933.93 16174.30
14 6381.86 3157.08 6359.80 3148.12 6344.60 3178.53 6344.48 3165.18 6325.62 3172.98 6319.58 3162.76 6319.91 3155.38 6324.06 3111.38 6327.83 3114.23 6349.71 3104.29 6352.21 3114.38 6355.11 3109.77 6364.51 3108.38 6388.95 3117.45
15 6280.68 7084.09 6286.01 7102.03 6268.16 7091.17 6259.72 7105.90 6258.71 7097.11 6239.91 7090.32 6247.95 7084.31 6260.68 7082.38 6236.78 7075.20 6239.31 7066.06 6240.77 7056.68 6261.53 7063.15 6271.11 7062.82 6280.43 7071.75 6294.63 7082.01
15 17462.33 5508.38 17453.45 5501.34 17448.38 5490.11 17445.50 5489.89 17422.03 5495.29 17416.78 5478.70 17431.16 5474.04 17446.28 5474.58 17440.08 5459.32 17452.06 5465.68 17451.09 5451.61 17459.30 5455.86 17487.46 5456.84 17485.21 5478.25 17482.19 5481.46
14 16051.69 3887.47 16038.82 3888.92 16031.93 3905.15 16043.30 3930.29 16032.55 3932.87 15998.84 3898.09 15943.04 3917.89 15981.16 3896.85 16003.52 3889.11 15980.38 3879.77 16046.75 3818.21 16032.62 3871.33 16077.09 3827.92 16095.85 3882.94
14 14481.77 2022.58 14466.83 2045.52 14447.64 2037.87 14437.86 2020.42 14420.25 2036.83 14408.54 2012.69 14400.27 2008.18 14394.72 2006.63 14378.39 1993.60 14397.39 1979.12 14424.97 1985.01 14431.22 1971.85 14438.72 1982.73 14471.96 1979.46
11 14932.03 13558.58 14954.17 13602.66 14898.11 13581.78 14899.18 13570.04 14852.10 13557.00 14906.54 13524.54 14944.91 13524.16 14961.53 13521.16 14930.59 13546.70 14942.97 13540.05 14975.19 13548.69
10 5629.02 5425.31 5608.14 5414.64 5602.98 5396.24 5594.78 5386.10 5603.11 5388.70 5588.13 5372.99 5619.34 5386.24 5629.65 5364.80 5624.68 5385.33 5641.85 5401.29
5 4286.87 3806.02 4287.19 3846.68 4211.18 3771.35 4252.60 3745.27 4261.47 3787.82
11 16863.64 16956.59 16844.17 16982.38 16816.87 16973.91 16839.30 16948.62 16823.49 16949.03 16826.92 16943.93 16814.47 16935.62 16812.65 16924.08 16847.21 16921.22 16863.74 16938.95 16882.57 16944.28
5 10249.52 1872.74 10245.58 1882.43 10169.06 1897.68 10239.85 1805.79 10305.50 1844.57
12 5851.75 13045.65 5832.29 13050.18 5834.73 13058.35 5823.87 13048.63 5816.09 13076.65 5816.85 13064.61 5792.74 13053.27 5783.17 13034.17 5787.71 13027.99 5793.36 13025.69 5806.40 13029.31 5834.45 13036.37
14 9376.57 854.40 9390.56 886.62 9350.13 863.90 9346.55 872.39 9351.58 916.61 9322.67 886.01 9313.32 903.60 9314.18 894.30 9313.18 857.91 9279.60 851.22 9312.26 822.14 9305.14 794.98 9345.61 818.29 9364.32 836.94
11 9453.12 16128.17 9460.58 16136.12 9438.73 16124.62 9428.30 16136.91 9424.77 16141.44 9407.63 16110.99 9430.85 16102.62 9439.20 16085.77 9437.18 16097.16 9441.12 16100.38 9456.42 16089.55
7 7476.46 1354.81 7466.50 1308.77 7486.00 1302.76 7505.55 1294.56 7500.82 1304.01 7536.38 1272.90 7508.21 1303.69
9 2911.55 8520.62 2898.08 8517.61 2892.00 8522.04 2882.41 8526.45 2883.77 8507.33 2865.42 8506.06 2872.97 8477.38 2884.05 8478.24 2942.31 8475.50
8 17128.78 5250.80 17058.98 5238.49 17067.41 5232.52 17064.42 5221.32 17075.12 5213.11 17125.75 5218.50 17107.53 5231.59 17106.82 5237.98
6 2013.46 8169.19 2009.24 8174.44 1965.32 8184.44 1984.95 8167.14 1960.79 8163.68 1973.21 8144.29
14 7880.54 713.12 7869.12 717.82 7883.29 737.46 7848.42 714.42 7866.28 742.55 7849.95 760.17 7841.85 735.71 7808.60 745.68 7780.52 718.82 7801.64 703.00 7793.61 690.56 7815.23 661.34 7853.51 655.15 7890.57 697.98
9 15684.34 14730.09 15633.01 14740.38 15661.78 14723.79 15645.68 14715.66 15678.17 14676.26 15681.38 14703.25 15685.83 14704.96 15715.01 14696.55 15718.17 14716.23
6 4011.36 13265.96 3983.46 13268.50 3973.61 13270.45 3967.21 13257.11 3973.35 13213.97 4025.31 13199.06
15 4138.60 12533.09 4093.44 12543.22 4065.43 12545.99 4036.43 12528.57 4048.51 12525.34 4045.76 12521.09 4049.75 12517.83 4078.05 12493.38 4071.10 12471.32 4104.55 12485.27 4106.58 12443.37 4123.06 12430.34 4143.32 12461.02 4141.19 12482.86 4192.31 12498.35
7 826.70 12290.50 792.81 12343.39 781.82 12323.32 768.87 12274.27 816.31 12206.81 800.00 12261.71 873.64 12252.22
8 16037.64 4171.05 15992.84 4159.87 15965.98 4171.69 15961.15 4169.44 16000.30 4111.75 16022.20 4121.74 16026.57 4122.46 16030.71 4137.02
5 559.99 6411.05 538.41 6403.55 512.53 6391.74 525.73 6347.75 597.81 6355.67
8 11488.68 16538.31 11433.51 16563.61 11434.69 16525.51 11456.05 16501.75 11452.72 16476.83 11473.71 16513.74 11495.87 16493.82 11502.58 16523.09
9 8113.39 7201.02 8100.96 7209.72 8058.27 7234.34 8066.68 7162.97 8063.94 7097.73 8078.38 7127.17 8094.78 7111.74 8108.36 7155.99 8152.28 7156.36
10 16708.13 11015.63 16686.74 11035.35 16675.48 11024.71 16661.70 11024.58 16656.62 11000.87 16660.02 10997.47 16665.28 11005.96 16659.05 10984.72 16678.61 10990.50 16690.77 11002.25
14 7477.00 14413.44 7511.05 14424.50 7488.87 14431.90 7461.26 14415.63 7489.45 14463.12 7460.02 14451.53 7423.56 14436.64 7397.46 14380.59 7423.01 14392.07 7437.81 14361.87 7463.74 14370.20 7464.68 14375.16 7515.60 14380.61 7505.31 14390.89
14 16550.53 6485.01 16529.21 6494.61 16548.67 6522.83 16542.53 6515.66 16529.02 6501.46 16515.29 6501.58 16506.26 6525.45 16506.20 6503.75 16483.51 6495.11 16465.98 6488.32 16495.26 6456.14 16488.61 6446.41 16568.24 6465.02 16533.13 6475.49
6 16858.72 3057.54 16843.45 3080.21 16815.07 3067.56 16831.05 3059.71 16843.11 3043.59 16847.04 3027.03
12 12842.55 12620.20 12849.27 12625.94 12841.02 12646.13 12743.17 12606.91 12735.29 12598.99 12732.37 12592.49 12685.31 12566.73 12739.99 12566.88 12751.13 12512.77 12779.74 12542.78 12790.06 12540.23 12794.47 12580.82
9 17211.74 16614.75 17194.09 16605.29 17175.97 16611.42 17172.76 16599.34 17155.00 16600.17 17167.94 16597.83 17154.36 16577.64 17184.77 16585.83 17190.27 16573.56
9 9545.02 927.32 9529.18 926.46 9507.25 906.00 9521.93 890.73 9546.24 889.15 9564.94 898.04 9529.91 916.45 9550.32 915.81 9565.21 917.03
9 13087.11 6533.84 13082.29 6526.86 13071.97 6525.98 13064.13 6523.11 13065.14 6513.90 13037.03 6510.77 13066.94 6501.89 13077.87 6495.03 13099.08 6512.07
14 9935.18 5888.90 9914.51 5930.59 9883.32 5946.91 9878.67 5936.30 9843.42 5897.66 9844.06 5884.38 9774.81 5897.61 9816.97 5862.69 9793.62 5836.58 9828.72 5833.10 9851.51 5850.81 9886.25 5820.60 9881.50 5846.54 9888.49 5866.84
13 14608.05 14871.62 14588.07 14914.67 14571.31 14912.13 14555.71 14853.13 14522.97 14866.45 14549.00 14850.15 14550.11 14848.91 14553.05 14844.55 14521.13 14842.12 14524.67 14797.07 14525.93 14787.60 14541.23 14800.25 14534.53 14785.47
14 5434.07 15708.37 5423.34 15706.40 5377.33 15726.56 5361.29 15718.52 5352.04 15731.63 5366.25 15696.73 5329.58 15702.58 5331.47 15696.25 5361.16 15665.12 5376.21 15669.29 5395.64 15661.21 5412.64 15636.57 5400.11 15667.00 5416.38 15672.72
13 7808.47 12384.43 7776.27 12349.80 7743.82 12347.67 7743.25 12341.91 7755.88 12337.29 7747.22 12336.94 7727.05 12328.80 7726.06 12322.05 7740.20 12323.76 7755.75 12325.32 7808.46 12302.15 7819.67 12298.13 7834.46 12334.55
12 16807.57 14198.69 16782.76 14216.04 16776.72 14225.79 16769.69 14211.93 16748.95 14224.80 16735.74 14205.14 16768.64 14165.07 16797.91 14137.41 16788.84 14155.92 16808.84 14162.36 16821.95 14165.64 16811.15 14172.93
13 4928.16 6578.15 4927.44 6599.16 4910.38 6586.49 4901.60 6620.83 4874.46 6601.72 4894.10 6579.44 4900.32 6576.68 4874.09 6544.55 4902.90 6559.76 4905.98 6556.15 4915.33 6560.50 4922.15 6567.81 4933.12 6568.31
14 9558.99 14518.64 9558.65 14533.91 9529.21 14527.50 9526.72 14534.75 9529.79 14517.75 9528.66 14511.27 9506.19 14506.01 9522.91 14493.71 9516.78 14460.67 9546.19 14472.08 9545.86 14481.67 9554.72 14482.00 9549.51 14488.40 9551.58 14498.63
12 17405.29 9321.33 17395.98 9344.29 17391.07 9342.58 17384.27 9362.00 17379.01 9342.11 17367.22 9319.13 17344.67 9299.78 17387.45 9305.20 17403.03 9296.00 17412.64 9298.01 17398.01 9313.08 17416.27 9318.10
8 651.37 6284.19 581.68 6275.30 618.59 6237.81 629.11 6229.06 645.00 6230.60 663.65 6190.69 676.10 6216.55 672.02 6256.22
9 4424.09 9856.15 4438.43 9846.04 4459.54 9792.63 4484.71 9850.01 4524.41 9834.19 4523.43 9849.01 4531.54 9855.50 4549.25 9859.25 4582.23 9866.04
13 16773.90 8506.62 16783.54 8519.99 16788.10 8526.01 16756.24 8529.89 16757.18 8527.14 16735.85 8520.34 16750.24 8509.40 16766.24 8488.74 16778.21 8480.39 16783.36 8485.90 16797.15 8482.37 16801.28 8494.43 16808.93 8495.41
5 10246.98 17811.28 10232.15 17801.20 10210.04 17790.37 10215.87 17780.34 10236.08 17755.01
13 14936.06 13316.77 14940.46 13319.03 14899.34 13308.22 14895.59 13318.67 14887.03 13330.92 14876.58 13360.64 14873.53 13365.47 14834.84 13333.85 14837.80 13300.07 14820.36 13279.88 14849.75 13280.85 14902.37 13246.59 14933.30 13282.45
14 9639.32 12426.93 9645.75 12438.45 9652.75 12449.62 9641.84 12452.37 9636.90 12448.51 9616.41 12437.55 9599.65 12461.18 9610.49 12426.38 9579.15 12432.57 9607.67 12423.65 9596.05 12400.22 9593.88 12394.48 9623.11 12397.63 9651.65 12416.05
6 4818.00 346.07 4792.94 363.13 4748.44 395.59 4746.40 287.34 4797.42 314.53 4812.96 326.68
15 12354.28 3695.69 12361.13 3699.96 12334.73 3704.92 12342.20 3735.10 12308.38 3723.73 12303.13 3704.48 12310.57 3692.96 12261.19 3676.79 12324.13 3658.99 12336.99 3662.53 12333.90 3672.63 12339.09 3661.42 12346.83 3643.38 12353.45 3672.45 12357.78 3678.61
7 16046.14 7060.87 15970.64 7046.36 15967.67 7027.92 15966.31 7021.48 16027.28 6985.23 16030.22 6987.01 16074.67 7006.85
12 11644.18 2527.82 11621.04 2548.46 11558.61 2535.93 11558.35 2506.28 11501.13 2526.22 11512.18 2446.25 11547.85 2425.28 11599.85 2423.03 11586.22 2472.09 11595.02 2462.87 11633.51 2418.46 11601.91 2492.03
8 7524.21 8130.12 7477.16 8148.89 7466.85 8152.11 7463.90 8064.22 7489.88 8080.90 7532.89 8090.06 7540.62 8087.49 7527.92 8107.84
9 2266.48 14197.40 2265.72 14219.70 2233.09 14211.72 2238.14 14191.03 2233.87 14184.57 2241.52 14183.63 2254.68 14172.41 2263.71 14192.59 2281.64 14191.82
6 10193.60 3220.19 10199.45 3229.10 10167.88 3226.14 10170.07 3219.95 10184.70 3178.71 10191.61 3194.84
12 14508.94 8147.80 14510.05 8163.98 14504.21 8166.36 14491.82 8146.67 14475.17 8155.43 14467.72 8155.49 14460.96 8141.92 14474.43 8117.39 14491.31 8128.14 14495.93 8111.69 14519.92 8108.68 14531.37 8130.31
10 9688.65 2031.60 9669.58 2017.02 9658.17 1993.81 9620.79 1967.04 9643.71 1962.16 9641.66 1955.87 9627.26 1945.06 9635.04 1930.62 9705.11 1953.31 9740.09 1956.87
9 15996.07 7968.49 16014.45 7992.58 15998.14 8002.16 15936.70 7997.21 15930.57 8014.63 15892.59 7939.88 15919.67 7909.37 15970.40 7867.01 15986.01 7926.46
14 1524.42 10538.82 1517.43 10487.66 1514.13 10500.47 1509.70 10522.95 1504.75 10492.28 1505.15 10483.16 1460.13 10534.19 1424.14 10483.29 1466.07 10468.94 1462.66 10453.11 1450.60 10408.48 1492.51 10375.79 1531.22 10433.88 1534.29 10463.96
5 2618.24 10732.08 2600.42 10713.09 2609.23 10684.55 2608.96 10680.07 2614.17 10688.65
10 14477.66 4972.15 14495.35 4993.10 14455.87 5006.02 14451.23 4997.77 14428.47 4893.86 14484.45 4908.15 14499.89 4891.15 14510.57 4906.78 14519.81 4943.39 14503.64 4951.26
8 8243.26 17701.60 8166.32 17692.88 8130.62 17710.47 8124.97 17687.43 8104.77 17633.25 8151.98 17654.27 8142.64 17632.95 8186.48 17610.19
5 12556.24 5380.66 12558.13 5393.36 12516.19 5398.36 12516.00 5356.72 12519.00 5333.76
13 17369.43 11617.81 17349.44 11630.08 17343.46 11649.23 17329.42 11651.33 17310.64 11624.50 17304.52 11611.61 17335.53 11612.95 17321.37 11602.19 17337.32 11604.59 17339.79 11592.30 17347.59 11601.59 17362.55 11599.02 17353.44 11613.63
6 15475.59 998.39 15408.38 926.28 15377.82 886.59 15404.72 878.59 15420.07 889.34 15430.59 903.34
12 14403.72 3648.04 14434.31 3655.15 14429.91 3660.37 14371.93 3667.89 14361.09 3725.82 14349.16 3676.50 14347.92 3660.21 14350.87 3654.33 14326.78 3650.19 14366.34 3594.63 14385.67 3621.95 14428.93 3594.13
7 13913.63 8784.59 13901.65 8818.53 13873.56 8817.68 13862.35 8831.80 13926.92 8729.99 13950.14 8762.47 13908.29 8772.47
5 3197.94 5709.56 3197.37 5718.43 3185.05 5714.74 3161.64 5669.42 3187.30 5691.02
14 3403.08 15901.52 3437.52 15920.29 3379.23 15926.64 3371.95 15917.72 3351.98 15963.73 3309.07 15938.63 3322.26 15919.47 3283.24 15914.29 3342.07 15890.60 3298.26 15852.37 3347.52 15870.39 3330.00 15848.29 3369.13 15864.31 3377.52 15831.94
12 8421.92 17820.56 8439.03 17822.35 8433.83 17867.62 8380.66 17838.27 8371.42 17867.87 8369.05 17843.56 8365.25 17841.94 8368.23 17831.54 8311.98 17840.42 8320.55 17809.68 8331.76 17810.69 8366.61 17805.77
9 17673.67 1091.13 17666.35 1088.75 17701.79 1117.45 17671.55 1097.75 17657.02 1141.40 17648.71 1099.43 17634.61 1022.32 17667.68 1029.99 17659.78 1050.24
12 17038.20 11904.56 17037.84 11906.19 17043.97 11938.41 16989.10 11915.82 16947.39 11953.47 16972.59 11922.66 16945.11 11929.09 16981.84 11901.46 17000.07 11828.29 17004.88 11868.55 17010.63 11891.32 17024.01 11878.04
5 9205.92 13750.60 9230.64 13670.77 9241.14 13674.66 9242.33 13662.07 9259.71 13684.05
9 6729.42 3694.26 6711.57 3706.45 6742.66 3582.76 6769.42 3560.39 6766.68 3591.58 6761.75 3614.93 6758.06 3625.56 6824.06 3600.48 6765.88 3628.86
11 10562.38 4051.31 10558.25 4022.85 10552.36 4043.68 10547.54 4015.74 10537.80 4000.87 10550.72 3999.68 10585.43 3990.67 10578.93 3999.62 10587.30 3998.72 10587.07 3999.92 10584.98 4005.56
15 7529.11 14563.64 7529.21 14568.08 7537.90 14594.07 7527.03 14585.40 7497.66 14582.42 7499.04 14569.36 7503.90 14563.31 7492.71 14567.60 7483.70 14565.49 7498.73 14526.61 7501.97 14520.85 7520.69 14512.78 7521.27 14549.57 7558.35 14543.44 7545.89 14552.67
9 5227.19 5024.00 5230.98 5045.33 5222.09 5038.42 5217.33 5047.56 5186.59 5035.68 5187.04 5022.25 5179.47 5018.08 5182.41 5003.67 5209.50 4996.16
13 917.74 12518.85 913.50 12526.21 897.94 12514.30 901.75 12540.71 890.17 12523.03 859.31 12522.98 868.37 12503.90 850.55 12501.42 872.10 12491.99 873.54 12482.54 883.76 12495.15 882.69 12480.05 916.80 12465.78
13 14031.48 11034.63 14038.96 11064.79 14030.64 11065.75 14019.09 11046.91 13986.66 11066.96 14005.43 11012.56 13987.39 10985.11 14019.59 10984.88 14060.17 10966.57 14050.55 10990.08 14085.97 11001.65 14061.96 11011.02 14080.01 11012.37
8 5836.29 7376.87 5776.74 7384.54 5748.13 7366.20 5757.76 7296.54 5751.61 7253.18 5786.41 7250.65 5788.83 7286.97 5852.42 7301.59
9 10408.60 1549.92 10394.82 1556.67 10392.21 1556.18 10388.90 1537.57 10401.32 1518.61 10430.57 1480.59 10438.99 1504.73 10465.56 1501.58 10431.76 1524.29
8 14571.61 11804.37 14606.46 11817.18 14554.67 11810.62 14552.02 11833.97 14534.33 11818.55 14482.78 11830.87 14508.74 11776.07 14528.87 11751.57
7 8908.57 10500.64 8893.90 10521.65 8857.40 10507.38 8877.49 10467.56 8891.86 10470.45 8893.04 10458.75 8901.70 10472.08
14 14528.03 14268.43 14538.15 14271.31 14521.13 14273.28 14539.19 14292.01 14537.57 14301.19 14506.27 14279.66 14477.74 14284.95 14465.19 14263.62 14484.75 14250.49 14525.60 14219.93 14522.66 14247.00 14535.28 14225.35 14528.17 14249.74 14550.14 14256.72
14 4497.07 12156.73 4459.46 12141.01 4429.32 12156.32 4413.42 12177.24 4390.62 12176.79 4390.27 12132.02 4379.39 12122.28 4371.75 12121.53 4379.07 12100.94 4381.44 12067.11 4402.31 12062.47 4433.80 12089.48 4440.38 12093.08 4493.87 12076.18
10 14166.09 4054.23 14164.41 4057.91 14158.79 4070.07 14138.89 4040.53 14112.96 4032.47 14151.51 4024.47 14153.01 3994.40 14160.94 4031.93 14169.48 4009.68 14181.60 4013.23
10 820.84 13258.22 833.90 13215.40 831.68 13202.14 822.00 13197.24 799.77 13191.21 826.81 13164.83 824.32 13159.01 832.27 13149.68 849.74 13137.88 913.40 13191.10
14 4830.50 17603.86 4845.83 17638.31 4790.07 17682.53 4771.25 17653.09 4713.98 17653.25 4722.60 17621.78 4703.78 17613.46 4755.41 17576.61 4774.75 17529.30 4776.09 17554.62 4792.16 17533.79 4797.06 17532.08 4784.09 17564.42 4800.37 17564.40
14 1569.62 15140.58 1549.83 15136.86 1536.40 15140.57 1537.94 15126.77 1523.93 15149.57 1520.07 15142.70 1528.66 15123.81 1505.77 15127.49 1505.04 15095.95 1533.28 15074.03 1540.48 15091.84 1551.65 15096.53 1550.85 15101.67 1565.55 15105.85
6 15922.13 15264.08 15955.56 15302.90 15826.18 15273.43 15838.06 15239.01 15860.42 15233.60 15913.38 15186.18
12 17501.46 8458.28 17495.05 8483.30 17478.66 8490.52 17462.09 8512.05 17460.12 8478.62 17439.10 8405.82 17469.98 8437.68 17456.86 8417.54 17474.54 8422.44 17515.79 8410.58 17515.56 8428.54 17495.18 8453.06
12 17474.76 11041.14 17474.65 11049.80 17434.51 11082.29 17414.56 11079.56 17407.36 11068.18 17397.66 11031.87 17359.11 11012.12 17377.73 11009.31 17404.29 10967.42 17434.53 11012.54 17437.61 11006.74 17458.08 11029.22
7 10612.57 11045.30 10614.16 11055.53 10593.22 11057.09 10598.86 11085.54 10579.28 11031.61 10607.18 11027.30 10596.52 11036.45
12 5888.51 4425.91 5902.31 4437.60 5888.37 4435.66 5874.62 4437.76 5868.14 4468.97 5865.22 4440.54 5863.65 4436.71 5838.12 4428.60 5846.24 4422.42 5828.19 4407.28 5897.17 4385.57 5887.08 4421.72
6 4856.95 497.04 4818.28 523.17 4815.91 527.28 4800.91 450.02 4815.85 446.32 4856.37 462.06
5 4001.57 14930.31 3919.92 14884.03 3970.34 14835.41 3994.05 14808.74 4046.45 14851.63
10 9265.70 9534.78 9233.85 9531.70 9264.33 9553.61 9198.05 9577.70 9189.25 9585.06 9177.41 9556.77 9172.14 9539.51 9179.11 9490.22 9195.27 9504.75 9199.58 9462.66
7 16845.46 3742.90 16800.46 3701.22 16892.03 3640.86 16891.43 3654.55 16931.85 3662.92 16955.69 3671.46 16904.65 3697.64
8 16846.03 10173.92 16861.94 10206.74 16856.73 10207.78 16834.32 10200.15 16836.39 10232.45 16787.19 10139.62 16804.16 10110.52 16845.46 10171.13
8 14490.45 12035.96 14488.15 12039.26 14457.44 12031.64 14457.30 12017.38 14457.14 11995.48 14464.08 12006.25 14466.46 12004.06 14490.51 11987.03
12 17350.17 13118.87 17335.66 13125.77 17337.73 13143.32 17314.44 13134.12 17293.05 13105.00 17311.43 13085.21 17327.22 13094.44 17335.43 13073.44 17336.82 13099.89 17351.45 13080.29 17352.08 13092.01 17349.03 13098.60
7 15850.99 12903.54 15813.59 12914.33 15799.99 12896.39 15788.31 12880.98 15780.10 12896.19 15769.82 12872.17 15769.49 12819.16
8 16207.95 3143.87 16225.33 3163.07 16154.34 3149.43 16155.45 3139.78 16155.61 3122.57 16191.82 3109.38 16194.07 3105.86 16200.19 3084.77
14 6581.00 10249.88 6601.07 10254.06 6544.46 10272.66 6549.13 10304.12 6492.20 10270.96 6497.86 10260.46 6499.79 10209.94 6525.10 10188.92 6537.71 10224.20 6545.45 10219.55 6575.90 10189.15 6552.81 10224.51 6562.35 10219.43 6603.57 10225.92
7 17090.64 3698.80 17071.14 3682.87 17037.70 3661.73 17065.71 3614.07 17085.06 3605.73 17091.42 3637.40 17105.69 3624.01
8 4915.40 15321.67 4917.28 15330.01 4902.34 15311.96 4887.58 15339.23 4882.82 15300.30 4887.38 15281.57 4891.89 15278.81 4904.91 15281.75
6 8306.73 10637.59 8254.82 10645.40 8249.31 10713.12 8228.45 10712.58 8163.12 10643.31 8240.62 10602.82
13 5925.03 1136.88 5901.61 1149.07 5890.05 1157.79 5902.77 1210.61 5850.72 1156.12 5822.83 1149.90 5814.77 1098.03 5840.89 1107.34 5839.27 1062.77 5866.58 1100.81 5940.65 1078.73 5918.44 1112.98 5907.61 1125.09
12 13103.34 13606.39 13071.81 13594.20 13068.17 13583.03 13089.45 13576.41 13104.53 13560.18 13110.06 13555.72 13105.80 13567.21 13110.52 13572.99 13101.92 13583.32 13098.75 13585.41 13098.13 13587.51 13129.85 13587.21
11 10620.73 857.21 10611.05 859.18 10600.34 859.78 10622.91 881.36 10606.41 875.32 10607.96 889.62 10570.33 851.46 10572.65 840.36 10583.61 828.73 10592.05 817.36 10592.91 813.74
8 5091.98 13970.09 5083.92 13997.92 5061.00 13997.40 5060.28 13961.95 5053.71 13987.98 5010.42 13974.42 5027.00 13934.87 5075.33 13921.86
5 15959.80 5313.28 15937.41 5331.85 15890.53 5334.72 15885.53 5320.02 15892.46 5303.36
5 8178.77 10468.26 8141.14 10469.53 8153.85 10451.93 8140.88 10445.18 8157.96 10446.93
14 3166.23 8224.49 3166.19 8224.57 3176.96 8227.94 3156.93 8236.45 3153.91 8238.62 3150.04 8281.40 3136.10 8250.69 3118.83 8253.09 3119.38 8200.32 3146.65 8206.51 3170.18 8194.09 3186.36 8191.54 3176.09 8205.79 3181.99 8217.00
10 6881.18 11023.81 6876.77 11024.42 6854.02 11005.90 6856.30 10986.53 6848.07 10980.49 6854.34 10971.30 6924.53 10963.71 6953.04 10953.36 6931.00 10977.57 6921.24 10985.93
14 5886.91 3611.00 5851.53 3615.90 5835.73 3626.93 5831.05 3610.93 5822.08 3643.16 5816.92 3593.15 5796.08 3591.21 5770.82 3589.46 5804.13 3571.26 5783.71 3555.42 5843.35 3546.16 5844.85 3545.04 5859.16 3549.41 5842.93 3579.67
5 5941.47 14166.57 5911.60 14178.57 5907.45 14196.51 5833.01 14181.59 5914.36 14108.88
11 9750.62 14969.54 9746.05 14972.90 9722.90 14990.05 9700.33 14989.30 9698.08 15002.52 9690.44 14985.42 9666.34 14983.33 9653.43 14979.98 9648.58 14946.88 9713.50 14934.62 9721.21 14955.89
10 4188.40 14629.10 4215.51 14681.54 4208.70 14682.88 4183.21 14693.66 4178.93 14707.21 4173.80 14683.25 4098.35 14690.80 4132.92 14654.54 4120.59 14619.88 4102.23 14571.93
13 15723.25 3290.65 15684.29 3281.60 15678.73 3280.59 15653.94 3185.39 15657.64 3186.64 15668.62 3185.15 15684.62 3197.88 15666.32 3168.14 15694.03 3208.56 15708.84 3208.76 15732.55 3175.84 15746.36 3177.49 15771.68 3208.50
14 15734.24 10413.43 15734.92 10432.95 15725.68 10422.62 15734.39 10441.70 15730.58 10459.62 15683.11 10383.39 15714.36 10398.21 15713.20 10389.99 15715.58 10391.35 15739.31 10392.76 15741.95 10389.97 15743.65 10401.30 15754.32 10397.03 15749.70 10411.62
9 9802.98 15800.83 9791.73 15866.95 9753.22 15823.94 9743.18 15830.02 9709.59 15825.45 9687.86 15807.33 9776.20 15755.82 9796.85 15764.87 9795.86 15799.12
10 9639.18 17294.85 9579.83 17321.81 9527.91 17272.49 9583.30 17246.60 9557.84 17224.10 9625.63 17204.07 9656.37 17161.86 9629.01 17208.84 9653.19 17219.05 9656.10 17232.81
15 12927.11 5610.06 12886.70 5642.66 12880.96 5652.38 12834.31 5606.73 12854.75 5604.32 12851.04 5590.52 12858.17 5587.45 12886.07 5593.70 12879.14 5539.66 12894.23 5580.50 12894.08 5569.37 12933.21 5547.29 12929.18 5553.65 12915.87 5595.57 12952.98 5599.31
10 7887.26 5611.85 7910.67 5594.18 7890.39 5579.59 7909.84 5569.23 7922.39 5585.23 7927.67 5559.57 7939.38 5572.83 7965.02 5555.53 7967.33 5590.00 7984.26 5591.94
7 667.02 12285.57 605.47 12278.14 621.05 12237.19 640.05 12149.33 681.64 12203.76 695.74 12210.37 708.92 12224.55
5 16161.20 1279.54 16083.92 1195.94 16083.21 1177.32 16130.83 1133.10 16150.83 1173.07
6 16486.96 8817.62 16480.32 8818.05 16422.70 8822.47 16416.92 8806.47 16416.61 8797.18 16466.35 8793.67
7 5126.79 3878.02 5008.00 3885.58 4978.06 3892.51 4945.60 3841.14 5018.82 3842.03 5022.28 3833.00 5056.31 3842.60
9 7707.77 13982.98 7697.19 13987.32 7662.15 13946.80 7643.06 13970.66 7635.42 13949.41 7622.51 13927.44 7603.23 13888.40 7626.88 13898.21 7643.78 13884.57
6 8268.69 17456.11 8264.73 17454.86 8247.34 17444.26 8214.47 17441.26 8261.43 17422.57 8290.18 17431.79
15 6180.84 9659.86 6167.65 9656.65 6168.95 9670.56 6147.89 9654.43 6148.06 9656.48 6170.68 9721.79 6139.72 9674.73 6092.76 9633.12 6097.49 9626.12 6101.94 9620.91 6112.89 9622.67 6107.25 9609.35 6086.29 9558.87 6117.29 9595.47 6147.10 9551.60
7 13560.90 16831.49 13550.88 16842.54 13528.24 16837.64 13505.69 16849.32 13508.15 16803.06 13531.02 16802.99 13564.99 16799.21
15 5494.18 17226.99 5505.53 17228.78 5509.04 17257.62 5497.35 17262.74 5485.23 17272.05 5469.32 17242.78 5456.76 17282.61 5427.06 17239.61 5443.34 17226.48 5406.93 17195.15 5428.03 17190.87 5467.62 17205.51 5526.75 17192.27 5492.39 17212.55 5486.63 17222.00
12 14507.41 1110.77 14520.65 1149.27 14428.71 1097.19 14432.32 1065.20 14481.87 1090.33 14473.73 1045.97 14487.07 1073.30 14489.99 1052.83 14493.66 1080.44 14495.22 1094.28 14532.18 1077.57 14541.07 1088.57
9 8232.21 7658.60 8229.80 7662.00 8219.02 7669.36 8211.31 7687.12 8189.02 7672.69 8204.42 7635.41 8245.48 7626.13 8248.52 7628.90 8240.10 7629.43
8 10641.84 9785.25 10621.19 9757.63 10578.56 9742.51 10600.91 9736.04 10574.78 9686.98 10591.86 9677.87 10602.07 9704.71 10657.88 9739.94
5 9386.20 17002.57 9271.50 16967.30 9355.19 16864.65 9430.45 16923.97 9418.21 16937.93
8 14610.58 4537.58 14610.43 4563.88 14581.72 4531.60 14583.58 4508.99 14590.03 4507.16 14594.35 4505.17 14620.50 4510.08 14623.44 4509.33
9 11147.91 11728.49 11150.03 11765.09 11063.94 11772.01 11078.39 11748.03 11093.36 11672.80 11129.56 11672.00 11139.30 11670.67 11156.10 11687.97 11173.24 11686.17
15 14391.92 4652.96 14451.64 4674.16 14434.59 4701.40 14377.18 4682.47 14340.94 4705.19 14339.94 4701.77 14333.03 4656.14 14327.13 4597.79 14340.40 4611.13 14350.87 4603.65 14379.63 4581.52 14384.11 4625.29 14447.22 4610.97 14410.45 4629.47 14431.61 4637.82
13 654.38 821.96 668.33 847.80 621.06 833.56 596.54 826.55 604.42 884.38 598.31 864.88 574.24 835.14 553.10 866.84 561.18 817.21 523.50 806.76 549.87 806.60 560.94 791.16 660.50 802.80
10 13622.51 9440.77 13613.96 9451.65 13611.37 9462.59 13580.71 9421.89 13590.64 9411.56 13580.86 9381.18 13610.61 9384.01 13614.36 9407.80 13632.65 9384.05 13629.80 9429.03
7 16838.54 1806.58 16829.64 1820.58 16794.81 1795.11 16788.22 1789.03 16822.81 1756.84 16847.55 1761.51 16834.51 1786.86
10 1993.24 8889.55 1979.00 8901.16 1970.37 8911.58 1964.81 8881.06 1932.82 8866.70 1930.54 8865.58 1924.91 8858.24 1942.31 8859.48 1941.25 8856.57 1979.58 8833.37
10 13314.65 10053.83 13292.39 10087.42 13239.81 10064.82 13199.54 10052.66 13199.46 10011.71 13235.96 9988.34 13234.69 9983.28 13256.96 10020.42 13281.33 10003.67 13267.24 10034.93
7 12732.65 13820.71 12709.95 13822.96 12728.40 13794.75 12733.31 13790.81 12745.03 13760.77 12766.04 13798.51 12785.85 13801.44
15 3895.52 3241.24 3876.45 3241.90 3859.16 3237.87 3878.81 3258.55 3844.11 3252.93 3825.39 3265.34 3818.77 3257.71 3832.28 3228.88 3818.33 3219.48 3818.29 3206.53 3827.39 3204.59 3864.39 3189.00 3863.57 3197.95 3866.28 3214.64 3876.86 3231.19
10 3488.76 9305.20 3507.89 9322.55 3461.70 9321.78 3425.37 9311.95 3434.70 9266.98 3448.76 9257.83 3483.41 9240.39 3477.42 9263.77 3494.73 9262.67 3498.83 9261.17
11 14952.18 5531.51 14955.42 5543.94 14919.77 5548.66 14919.31 5537.91 14895.66 5554.13 14898.02 5536.55 14904.72 5523.53 14912.31 5509.75 14916.50 5509.90 14918.81 5516.75 14946.29 5523.13
8 4216.90 15484.76 4197.68 15476.30 4165.51 15501.07 4116.45 15462.25 4134.19 15420.82 4181.83 15434.37 4214.78 15443.22 4233.12 15457.27
14 13407.58 6884.70 13409.63 6914.57 13380.53 6905.12 13368.98 6908.27 13371.25 6897.07 13362.55 6902.74 13345.46 6911.44 13348.91 6904.83 13357.18 6883.20 13352.10 6872.92 13344.30 6849.94 13372.08 6866.67 13387.28 6840.91 13388.25 6873.64
10 5402.01 14430.98 5392.70 14452.69 5396.81 14461.20 5348.96 14455.59 5363.90 14412.52 5369.61 14372.65 5377.99 14375.97 5400.74 14380.14 5424.63 14385.92 5397.04 14422.15
5 3909.73 16712.56 3907.88 16706.18 3911.57 16692.15 3923.40 16661.54 3951.30 16669.01
9 3365.19 17258.94 3356.86 17297.61 3328.36 17273.25 3278.67 17258.25 3278.08 17225.59 3281.22 17161.09 3345.00 17177.52 3329.49 17203.52 3371.70 17218.49
7 433.19 7862.29 389.20 7842.85 417.90 7822.73 424.53 7788.89 435.02 7803.13 469.87 7772.25 447.85 7803.63
11 11941.34 9326.44 11935.91 9359.51 11930.43 9339.85 11930.10 9338.31 11916.68 9337.27 11903.96 9291.64 11916.19 9282.74 11932.36 9278.12 11937.94 9304.21 11952.76 9304.96 11954.53 9311.11
12 9809.77 16164.90 9813.74 16192.05 9770.67 16203.68 9768.07 16201.62 9784.22 16177.51 9781.28 16170.34 9756.65 16141.30 9774.68 16142.44 9790.00 16142.89 9807.64 16151.16 9813.01 16155.87 9811.66 16157.55
6 9081.10 16090.58 9049.03 16105.61 9021.68 16104.19 9013.76 16089.04 9032.74 16060.95 9042.40 16035.10
9 15516.94 15096.14 15496.51 15142.69 15440.53 15128.22 15467.43 15086.12 15470.30 15054.58 15481.57 15062.40 15494.45 15082.66 15508.99 15082.00 15531.20 15062.19
10 4602.06 1917.92 4621.67 1940.13 4573.58 1953.86 4559.94 1915.43 4526.99 1899.66 4570.86 1889.87 4589.55 1858.85 4614.00 1870.73 4606.62 1912.99 4618.71 1912.49
14 13835.81 5149.25 13831.71 5156.93 13835.73 5178.66 13809.95 5166.54 13798.59 5131.60 13757.97 5145.77 13787.00 5122.77 13793.47 5119.22 13776.64 5109.89 13773.97 5098.44 13805.10 5108.32 13830.22 5095.16 13857.58 5094.88 13864.63 5105.73
11 7249.20 3994.85 7230.93 3994.66 7189.36 4015.83 7200.51 3975.18 7186.12 3947.51 7164.77 3909.70 7184.60 3915.89 7198.15 3907.31 7194.77 3887.12 7210.82 3905.97 7230.02 3926.95
13 6856.05 7693.80 6849.77 7718.02 6843.67 7699.35 6843.55 7706.22 6831.42 7688.14 6831.45 7687.13 6816.11 7699.42 6831.68 7677.67 6802.31 7673.58 6823.81 7661.54 6828.86 7662.73 6850.98 7656.86 6859.39 7666.32
11 12888.50 7422.44 12861.81 7409.43 12791.85 7451.04 12762.55 7436.54 12733.16 7406.39 12770.20 7389.11 12782.29 7369.11 12789.75 7318.63 12864.02 7332.69 12847.88 7369.82 12831.55 7382.81
10 5693.65 16192.24 5698.04 16208.41 5664.45 16198.09 5634.29 16205.24 5629.47 16180.11 5643.64 16179.62 5655.83 16177.38 5683.21 16153.97 5701.14 16176.86 5699.91 16180.20
5 17535.97 4916.69 17417.51 4867.57 17455.79 4831.48 17509.71 4798.19 17534.19 4855.90
7 6772.60 16426.26 6745.98 16427.66 6756.33 16417.86 6780.92 16392.68 6796.86 16381.60 6801.04 16401.53 6842.27 16386.81
11 6296.46 1318.32 6279.63 1287.52 6274.66 1320.65 6267.03 1254.02 6204.28 1237.46 6215.24 1234.92 6254.51 1168.38 6278.75 1181.52 6288.19 1214.40 6294.65 1229.28 6324.41 1234.01
8 11403.65 16041.22 11423.75 16075.08 11393.10 16055.69 11361.36 16055.27 11372.04 16003.83 11398.23 16010.07 11434.34 16003.52 11410.94 16014.81
11 6593.66 11088.34 6571.18 11065.34 6551.17 11084.35 6562.91 11064.46 6557.90 11063.17 6556.03 11046.92 6563.89 11051.41 6565.61 11046.42 6581.00 11018.96 6595.05 11027.81 6601.31 11052.15
9 3757.69 12581.66 3695.60 12620.38 3689.53 12608.28 3661.28 12573.21 3689.35 12567.21 3704.41 12548.99 3715.96 12547.32 3736.10 12529.80 3736.02 12548.15
10 13210.73 14044.48 13210.62 14044.80 13162.59 14044.41 13149.57 14034.33 13135.89 14020.67 13137.67 14000.37 13155.08 13997.50 13164.62 13974.60 13193.43 13988.56 13227.31 13980.85
7 3911.76 12278.57 3879.42 12270.23 3869.69 12280.23 3815.26 12227.16 3853.41 12200.51 3865.71 12238.69 3882.41 12233.11
12 9543.44 758.67 9545.36 774.17 9533.36 762.15 9524.20 814.63 9511.29 777.73 9504.72 777.78 9451.95 729.21 9518.14 692.06 9528.36 692.25 9536.32 723.06 9565.86 722.28 9601.29 729.49
6 15880.20 8429.16 15869.80 8445.52 15855.52 8414.59 15883.60 8401.32 15886.25 8401.51 15889.37 8406.71
12 2759.03 10554.36 2787.04 10572.24 2763.73 10564.04 2766.24 10585.97 2764.14 10585.27 2753.08 10577.13 2732.51 10564.78 2718.92 10583.40 2695.33 10526.34 2720.62 10516.83 2739.04 10503.09 2788.63 10531.35
15 7354.52 2553.57 7312.17 2575.59 7267.98 2581.44 7263.65 2561.38 7238.28 2597.44 7248.56 2572.91 7210.44 2603.31 7235.61 2578.14 7237.29 2570.82 7240.61 2565.92 7253.16 2543.27 7283.32 2508.60 7340.24 2494.09 7324.30 2515.37 7349.54 2501.93
7 14162.06 17660.85 14134.64 17687.70 14123.65 17683.43 14108.68 17643.68 14097.42 17639.29 14114.23 17639.09 14140.93 17623.92
12 11667.63 6735.38 11661.73 6733.91 11653.29 6750.62 11651.27 6731.46 11642.62 6746.48 11649.46 6732.85 11649.84 6729.57 11638.57 6693.97 11650.46 6701.96 11663.00 6713.03 11688.90 6714.57 11684.76 6715.61
5 15527.64 15932.08 15486.30 15950.07 15507.82 15921.64 15518.52 15916.75 15584.90 15881.60
5 10753.47 4368.90 10736.62 4376.80 10726.54 4378.28 10708.25 4369.26 10702.83 4333.70
5 1751.45 15203.72 1699.08 15203.79 1697.64 15153.42 1780.30 15157.96 1819.32 15153.07
12 10086.22 12739.75 10093.66 12786.98 10031.13 12790.73 10037.58 12756.85 9998.51 12779.64 9977.45 12737.55 10012.16 12713.78 9982.87 12695.95 10002.27 12703.66 10003.66 12674.56 10040.49 12702.63 10071.15 12719.97
12 12242.47 6994.33 12237.67 7013.65 12223.70 7005.68 12189.19 6978.96 12172.71 6961.37 12199.72 6972.11 12195.97 6959.17 12202.24 6935.50 12213.02 6936.93 12232.51 6956.35 12247.46 6943.81 12248.44 6958.95
11 16633.98 4779.03 16637.30 4789.38 16612.89 4784.91 16630.88 4829.21 16592.44 4778.54 16598.83 4813.18 16558.52 4842.15 16514.68 4811.85 16515.53 4764.61 16525.28 4756.37 16566.21 4752.59
11 8187.43 12624.33 8160.64 12624.45 8187.38 12639.66 8169.86 12651.18 8100.87 12639.56 8119.74 12626.36 8111.40 12609.05 8125.19 12604.93 8130.12 12601.20 8120.42 12568.36 8152.21 12557.30
9 10680.95 5623.23 10684.45 5654.24 10670.39 5639.11 10606.07 5624.55 10615.32 5577.99 10651.92 5587.23 10654.41 5549.20 10665.65 5561.17 10678.28 5597.01
6 13895.35 17710.46 13833.34 17660.73 13834.39 17648.52 13876.87 17634.08 13877.65 17640.35 13877.84 17663.51
12 17494.47 7559.29 17530.22 7616.08 17485.10 7575.40 17476.98 7574.55 17465.41 7628.09 17432.84 7625.82 17383.64 7568.94 17408.60 7551.37 17426.95 7543.85 17432.93 7485.18 17432.66 7482.12 17565.90 7537.45
12 6398.05 5042.62 6444.46 5071.19 6342.66 5127.60 6330.05 5097.58 6330.88 5058.46 6292.82 5048.38 6275.41 4993.69 6336.35 4957.81 6361.52 4995.03 6386.28 4992.91 6422.00 4985.79 6425.92 5021.74
13 10424.36 4092.08 10395.75 4083.82 10386.92 4089.60 10374.81 4100.98 10356.38 4102.91 10347.85 4101.46 10364.53 4067.24 10336.76 4050.88 10369.80 4065.62 10356.09 4038.02 10377.04 4050.34 10377.83 4050.27 10399.46 4033.93
10 14773.31 11542.17 14758.90 11557.08 14755.18 11567.68 14736.68 11567.83 14674.34 11569.35 14691.27 11506.97 14705.23 11510.16 14711.17 11484.11 14757.66 11501.48 14763.82 11530.15
15 5623.74 4809.52 5609.30 4812.06 5606.24 4836.05 5595.91 4821.22 5575.85 4839.23 5584.40 4814.31 5554.35 4809.94 5567.25 4799.10 5543.67 4798.09 5554.95 4786.26 5543.06 4777.29 5556.91 4774.96 5567.97 4780.97 5627.96 4773.41 5624.43 4793.95
10 3112.12 10172.21 3096.85 10180.11 3085.29 10206.83 3080.66 10188.93 3061.52 10153.38 3078.29 10117.48 3091.04 10132.15 3085.06 10151.51 3103.77 10140.99 3111.37 10136.76
13 1660.38 3224.94 1662.36 3243.51 1647.38 3258.22 1602.74 3251.50 1629.66 3220.41 1621.43 3218.90 1592.36 3209.89 1593.63 3196.38 1640.53 3168.58 1652.70 3158.17 1658.96 3189.06 1705.72 3201.60 1662.19 3215.63
14 11101.41 9665.72 11093.99 9679.27 11074.10 9693.78 11067.34 9674.11 11036.43 9681.40 11025.33 9670.30 11028.12 9665.93 11012.18 9632.81 11058.34 9629.22 11061.90 9627.70 11068.38 9631.38 11050.20 9595.07 11094.21 9622.31 11108.82 9624.66
14 15649.92 2098.54 15605.61 2101.47 15605.36 2132.20 15532.13 2113.12 15526.48 2111.67 15516.18 2101.82 15528.48 2095.76 15550.21 2089.33 15506.12 2052.02 15523.78 2056.18 15545.21 2067.15 15540.13 2016.65 15553.91 2030.06 15570.84 2075.07
14 5264.51 15035.47 5207.71 15028.29 5249.55 15057.83 5203.39 15042.25 5210.58 15076.64 5191.23 15043.01 5170.78 15041.41 5157.83 15040.37 5146.11 15035.57 5138.88 15019.21 5154.99 15019.10 5142.84 15007.48 5245.30 14968.27 5237.17 14992.51
7 298.28 3076.90 288.86 3078.63 273.26 3065.25 290.23 3099.33 238.24 3059.25 213.91 3063.73 307.92 3040.88
6 11284.74 1704.36 11200.24 1752.24 11236.08 1616.49 11243.81 1593.47 11253.28 1652.27 11332.04 1643.90
9 13439.19 11156.12 13445.49 11182.13 13365.64 11175.79 13346.01 11169.69 13344.71 11132.25 13285.76 11086.93 13313.48 11081.13 13326.93 11067.19 13420.33 11117.87
13 3894.24 2412.17 3886.63 2411.78 3872.58 2413.63 3872.92 2429.25 3854.16 2419.30 3855.12 2413.85 3831.59 2432.18 3827.01 2425.88 3820.50 2413.45 3813.49 2403.33 3829.26 2400.09 3848.81 2391.54 3844.40 2372.24
9 4035.20 5538.67 4051.06 5566.58 4025.08 5547.87 3983.99 5544.66 4005.55 5525.70 4009.27 5521.57 3983.06 5493.85 4020.73 5476.98 4044.67 5496.79
13 17403.01 16845.58 17385.77 16845.28 17392.51 16890.39 17364.54 16861.21 17328.85 16849.21 17284.13 16839.22 17297.04 16833.80 17333.65 16807.99 17344.88 16823.18 17340.39 16793.59 17368.04 16818.95 17379.05 16819.24 17389.15 16835.41
9 2683.61 16030.73 2699.01 16060.08 2656.60 16023.91 2648.30 16016.02 2632.45 16020.01 2643.55 16008.31 2613.37 15991.94 2603.41 15975.22 2706.20 15937.87
10 493.68 13402.82 477.93 13441.69 448.76 13388.15 407.99 13405.38 382.68 13369.73 372.07 13365.05 417.86 13356.85 397.86 13349.48 426.91 13333.06 491.59 13345.79
5 9088.04 15048.39 9031.33 14994.82 9049.95 14983.36 9077.95 14996.83 9066.52 15012.91
15 14202.14 6153.96 14191.64 6118.31 14180.45 6109.95 14140.80 6086.78 14111.19 6002.72 14131.90 5997.79 14165.95 6031.61 14178.17 6034.36 14181.37 6031.60 14185.20 6018.36 14189.18 6035.24 14206.17 5989.43 14254.32 6036.08 14218.48 6057.38 14278.11 6064.49
8 4933.94 13019.65 4902.62 13036.08 4896.66 13018.81 4898.18 13011.47 4871.77 13018.54 4880.75 12991.89 4929.03 12949.08 4965.83 12962.99
12 3636.27 6390.70 3604.27 6429.50 3564.14 6407.55 3539.29 6399.63 3541.37 6366.87 3574.03 6342.77 3597.48 6338.32 3601.14 6355.86 3622.70 6350.28 3638.31 6343.39 3607.30 6372.64 3605.94 6378.39
6 16765.67 8733.80 16718.45 8752.95 16665.37 8766.63 16723.18 8671.79 16749.58 8688.18 16796.27 8701.69
5 4919.06 15652.43 4904.88 15628.26 4889.51 15617.27 4887.23 15604.64 4925.11 15616.55
5 5387.19 11636.59 5385.42 11645.81 5381.57 11651.75 5344.58 11635.09 5388.24 11588.68
13 4119.29 1649.33 4129.73 1666.92 4134.98 1688.51 4114.42 1668.45 4121.92 1691.97 4101.87 1662.39 4098.85 1687.23 4093.44 1657.06 4093.20 1615.42 4110.03 1603.93 4112.03 1640.05 4146.51 1623.15 4131.73 1643.16
8 814.93 6905.55 800.88 6889.85 800.83 6905.09 771.22 6912.90 771.83 6871.25 757.66 6825.54 781.21 6824.15 824.12 6839.34
14 10251.93 15278.48 10249.49 15289.39 10247.11 15280.08 10215.94 15287.81 10218.82 15276.18 10224.01 15266.85 10215.42 15275.15 10218.59 15256.19 10225.48 15248.28 10219.38 15227.99 10217.72 15222.24 10252.18 15194.88 10269.21 15224.62 10269.26 15229.10
15 10836.98 4813.47 10846.32 4853.89 10824.85 4830.90 10824.30 4841.18 10810.02 4851.27 10736.66 4834.00 10736.58 4822.26 10733.44 4758.54 10722.54 4737.07 10762.93 4760.19 10778.48 4706.25 10786.41 4738.34 10801.86 4708.49 10816.07 4757.82 10874.21 4759.99
11 16942.27 13015.47 16944.23 13047.69 16907.16 13058.58 16905.04 13050.39 16886.28 13063.77 16850.36 13045.74 16871.92 12976.60 16921.61 12958.99 16935.48 12946.64 16927.42 12973.85 16929.41 12988.96
14 8957.06 16704.88 8979.94 16746.47 8942.46 16708.94 8883.06 16728.55 8903.59 16683.86 8887.29 16668.85 8858.72 16637.43 8901.20 16645.34 8892.45 16632.92 8902.76 16629.32 8928.58 16631.62 8980.13 16606.79 8955.55 16660.32 8977.06 16653.17
5 7012.01 12168.21 6971.66 12180.41 6963.66 12126.43 6980.53 12103.83 7018.20 12127.26
6 13707.57 13778.15 13701.18 13804.73 13658.22 13772.50 13668.58 13763.26 13691.10 13744.70 13704.19 13721.10
8 8153.23 10618.02 8147.38 10613.06 8140.43 10609.08 8105.02 10600.77 8099.79 10606.51 8111.12 10527.72 8123.91 10511.69 8164.77 10564.04
5 13932.76 5551.80 13831.14 5476.42 13913.26 5446.27 13896.98 5496.16 13904.04 5485.34
9 5162.90 10278.82 5175.88 10320.31 5134.47 10311.90 5109.31 10303.51 5098.65 10275.36 5091.11 10250.89 5162.03 10182.11 5164.91 10198.94 5205.05 10234.47
14 3673.45 9212.64 3629.79 9190.06 3628.94 9196.89 3594.01 9233.04 3598.34 9177.17 3575.27 9171.63 3576.03 9149.13 3579.31 9148.81 3566.51 9130.36 3595.62 9141.20 3582.69 9097.69 3602.68 9116.07 3610.47 9122.07 3649.04 9118.57
13 5677.02 3741.98 5664.25 3754.53 5660.87 3750.58 5668.43 3785.26 5644.19 3772.94 5646.03 3755.08 5649.01 3750.93 5640.12 3734.13 5635.28 3724.55 5637.08 3706.01 5654.56 3718.48 5670.20 3722.53 5683.69 3738.88
13 5663.85 2371.32 5674.60 2383.05 5669.54 2393.65 5666.10 2401.47 5639.87 2392.02 5640.82 2400.00 5647.61 2415.50 5642.14 2407.73 5614.48 2409.16 5610.36 2364.03 5597.92 2351.47 5603.81 2328.17 5622.29 2359.53
12 12354.59 1400.38 12330.09 1392.37 12362.48 1417.67 12316.99 1402.37 12299.26 1419.51 12299.55 1378.75 12312.79 1371.19 12326.19 1361.12 12324.78 1368.52 12329.43 1362.49 12370.03 1371.70 12340.14 1384.04
6 2652.70 12409.06 2603.40 12397.79 2598.12 12397.22 2607.17 12312.41 2621.10 12359.06 2633.80 12362.29
8 485.08 12433.09 431.46 12400.05 407.04 12380.93 439.02 12379.52 451.27 12361.68 455.94 12356.19 471.12 12388.06 502.35 12393.26
5 2183.99 4334.76 2150.60 4340.63 2122.22 4353.75 2067.51 4287.43 2166.19 4259.94
6 3959.56 5076.62 3957.19 5116.48 3939.10 5087.75 3897.82 5081.53 3956.87 4991.39 3994.17 5029.88
12 4384.97 6299.81 4404.50 6318.75 4350.57 6291.85 4338.66 6302.60 4333.19 6289.59 4320.40 6292.20 4315.34 6264.09 4345.69 6266.48 4314.07 6238.26 4356.92 6256.24 4363.68 6263.15 4404.89 6272.54
10 5376.56 7432.21 5410.20 7474.32 5369.31 7451.35 5345.71 7442.60 5341.61 7421.82 5330.36 7383.58 5348.14 7396.17 5346.23 7374.01 5350.30 7387.41 5356.48 7389.18
10 15272.85 7170.16 15254.27 7168.56 15252.31 7175.96 15248.15 7181.91 15215.79 7180.06 15216.09 7173.10 15197.64 7153.65 15217.13 7123.69 15260.66 7130.46 15277.56 7150.19
7 14353.52 4238.19 14324.80 4246.12 14336.84 4231.26 14318.98 4229.54 14302.34 4221.62 14330.61 4171.37 14363.29 4172.03
5 9649.83 14273.86 9626.57 14303.40 9632.99 14252.75 9629.76 14219.66 9688.45 14190.28
13 996.67 5327.94 1001.50 5340.52 976.58 5327.93 987.67 5354.11 981.16 5345.50 953.37 5335.34 934.68 5340.92 950.39 5330.74 935.34 5311.32 949.33 5312.90 950.09 5294.54 993.04 5305.30 1000.06 5308.81
8 4681.52 13861.12 4698.70 13892.23 4682.07 13892.17 4676.63 13892.13 4664.26 13870.13 4660.19 13857.76 4667.94 13820.85 4683.15 13828.24
11 12932.74 16960.52 12925.22 16975.71 12916.10 16978.33 12895.00 17005.07 12825.79 16970.13 12845.52 16922.13 12912.39 16925.48 12939.16 16922.83 12924.32 16942.43 12952.65 16940.59 12929.48 16944.37
6 2108.02 597.84 2088.84 621.32 2047.39 560.79 2081.94 535.19 2082.93 550.33 2115.49 557.90
12 15385.59 15278.03 15365.72 15285.21 15338.86 15289.47 15338.54 15283.58 15330.63 15281.06 15312.80 15299.52 15293.67 15287.42 15323.21 15269.01 15325.11 15237.08 15337.39 15251.85 15335.52 15225.03 15373.54 15230.98
9 976.24 2550.60 967.06 2555.14 950.15 2525.05 958.19 2500.25 976.97 2475.31 989.56 2463.80 1004.84 2501.37 1012.30 2509.02 1048.52 2500.85
10 17074.35 14590.92 17065.23 14630.69 17057.67 14627.49 17031.75 14655.95 16994.05 14607.24 16972.35 14610.46 17019.31 14577.76 17033.24 14571.50 17085.48 14557.61 17087.01 14568.51
14 9653.21 11929.80 9659.69 11934.81 9641.85 11951.40 9624.88 11936.58 9619.35 11941.78 9615.65 11944.80 9599.37 11947.61 9610.19 11932.52 9606.21 11932.43 9610.67 11930.40 9599.46 11899.54 9651.39 11898.98 9647.20 11912.39 9660.64 11906.39
9 12970.91 10909.95 12950.98 10899.52 12951.54 10902.93 12959.98 10946.42 12940.57 10938.97 12926.67 10906.32 12913.56 10905.22 12909.19 10861.11 12904.29 10826.75
9 4577.31 2349.21 4537.67 2334.51 4525.07 2363.77 4527.64 2329.87 4528.82 2317.64 4505.29 2290.24 4551.36 2304.84 4567.91 2313.95 4563.18 2324.00
8 10400.55 13721.08 10392.46 13722.75 10397.53 13737.04 10389.63 13742.23 10370.29 13729.06 10338.73 13715.45 10330.44 13685.47 10390.25 13687.74
5 8093.16 4490.04 8089.12 4508.81 8104.30 4434.51 8105.55 4450.08 8110.62 4441.72
15 11150.15 541.27 11159.73 549.29 11161.91 575.25 11139.80 546.78 11086.99 603.23 11086.67 590.80 11047.28 536.23 11067.93 533.02 11068.16 496.25 11106.49 515.80 11075.72 492.98 11081.27 487.18 11098.67 499.42 11144.30 465.60 11158.37 483.53
9 17404.92 17491.44 17341.53 17513.28 17328.97 17520.02 17303.63 17491.94 17289.44 17463.46 17328.13 17420.15 17364.80 17411.56 17374.20 17404.01 17389.09 17439.96
7 3724.07 14068.58 3763.77 14116.22 3695.92 14125.15 3681.48 14104.43 3690.78 14075.22 3669.06 14032.43 3795.06 14029.60
13 6887.28 7003.04 6869.08 7018.89 6862.66 7036.93 6863.59 7005.18 6848.20 7010.57 6857.14 6990.26 6864.96 6987.09 6875.38 6986.92 6887.10 6967.95 6887.52 6986.74 6890.00 6990.60 6900.73 6993.44 6882.87 6997.42
11 8380.58 10792.59 8374.29 10810.69 8357.27 10820.97 8358.99 10795.98 8345.60 10792.09 8331.19 10792.98 8355.94 10777.15 8382.54 10765.83 8378.81 10784.36 8384.60 10784.11 8391.56 10787.76
14 14499.90 17261.14 14490.06 17284.74 14472.87 17222.14 14427.66 17190.12 14427.55 17176.12 14463.53 17180.50 14472.62 17181.22 14478.08 17179.63 14487.54 17185.89 14500.64 17165.38 14514.49 17161.36 14502.18 17196.09 14549.60 17173.48 14561.84 17178.15
6 16091.40 9617.25 16062.11 9632.84 16014.15 9553.90 16067.92 9561.07 16075.86 9562.42 16091.52 9564.78
15 17263.56 12100.79 17272.77 12106.86 17247.87 12117.07 17249.71 12118.41 17231.01 12114.80 17223.97 12142.37 17222.82 12143.53 17213.70 12134.03 17188.88 12101.72 17195.01 12075.99 17215.87 12036.55 17220.04 12040.40 17255.52 12082.06 17276.80 12083.61 17246.24 12098.79
14 6012.59 17811.25 6019.33 17836.16 6020.19 17844.42 6010.49 17826.06 5995.51 17812.58 5965.27 17796.43 5992.53 17802.79 5994.31 17765.15 6001.78 17784.56 6001.75 17779.92 6009.24 17774.82 6007.92 17788.26 6014.78 17787.08 6014.34 17793.74
8 17316.44 11197.83 17253.50 11127.54 17194.55 11102.99 17245.54 11032.58 17280.05 11057.97 17333.21 11077.84 17318.92 11087.10 17354.60 11110.50
6 1167.33 6029.81 1163.73 6048.99 1128.01 6032.99 1085.69 5991.13 1115.92 5979.49 1146.60 5995.20
8 13570.05 16353.27 13532.12 16339.99 13509.56 16367.79 13506.96 16361.55 13503.82 16324.76 13497.30 16314.50 13542.31 16262.52 13548.68 16298.45
13 2776.90 11559.31 2774.87 11611.71 2708.39 11568.26 2680.24 11543.23 2676.34 11487.99 2734.49 11482.67 2730.37 11442.30 2739.99 11486.73 2746.17 11476.58 2757.65 11499.83 2792.65 11469.55 2800.87 11460.17 2815.12 11468.04
7 8693.12 1969.08 8684.43 1986.98 8660.22 1980.45 8632.89 1961.69 8677.10 1942.91 8682.55 1949.17 8703.85 1943.16
14 2701.95 7616.21 2696.26 7619.19 2689.81 7622.56 2691.79 7644.81 2670.87 7654.28 2677.75 7630.24 2656.13 7634.13 2672.66 7618.34 2668.65 7619.35 2646.07 7612.75 2687.24 7583.26 2698.00 7588.72 2702.61 7584.85 2712.66 7601.06
15 8195.05 813.17 8198.40 815.00 8183.16 830.73 8178.18 834.55 8167.04 828.78 8152.60 823.02 8144.40 837.95 8138.66 819.52 8137.22 813.07 8101.35 807.36 8094.42 794.87 8131.19 787.42 8114.32 768.90 8153.80 781.65 8151.59 752.07
9 15986.76 13739.71 15995.90 13772.51 15978.02 13776.64 15965.10 13788.74 15884.99 13776.38 15865.31 13693.60 15915.89 13676.83 15957.21 13702.40 15970.71 13709.49
8 12670.14 1504.31 12652.54 1495.53 12643.39 1531.90 12642.29 1538.14 12630.73 1478.90 12597.16 1461.61 12620.67 1442.59 12639.15 1454.68
13 857.65 5639.05 854.38 5645.27 837.51 5636.79 809.15 5650.65 799.22 5652.00 818.56 5629.13 811.66 5630.92 832.57 5596.88 843.21 5595.51 844.44 5604.12 867.75 5610.70 863.07 5613.54 864.49 5618.67
5 349.91 9292.20 365.75 9322.53 273.28 9314.84 289.66 9299.20 335.69 9223.39
13 17216.19 17486.62 17193.33 17496.98 17179.00 17557.68 17137.00 17555.15 17132.06 17447.62 17119.47 17416.42 17144.47 17453.69 17143.47 17440.11 17138.68 17426.02 17157.47 17399.79 17166.23 17463.97 17208.82 17438.80 17222.51 17453.36
10 1996.34 14929.40 1999.09 14969.83 1932.61 14939.61 1928.08 14902.02 1953.35 14887.96 1966.97 14885.94 1992.25 14859.82 2000.66 14871.06 2006.92 14865.88 2021.88 14850.01
11 5398.31 6258.73 5372.36 6295.97 5377.30 6235.92 5374.34 6239.90 5343.16 6226.13 5365.34 6180.26 5382.12 6192.64 5398.93 6186.72 5417.52 6185.11 5426.40 6179.04 5433.65 6192.76
10 4016.52 16918.28 3986.84 16898.93 3957.30 16897.34 3930.39 16890.17 3929.07 16885.03 3928.43 16883.92 3925.21 16866.47 3963.54 16842.37 3986.15 16868.84 3996.99 16877.77
10 8827.00 2370.06 8799.14 2337.07 8802.98 2382.20 8710.92 2331.84 8741.71 2309.96 8733.87 2278.75 8755.57 2272.94 8773.25 2252.46 8840.15 2291.49 8844.52 2302.69
14 2603.61 15650.27 2581.79 15642.62 2570.95 15657.41 2566.57 15642.94 2566.25 15631.67 2553.44 15632.37 2550.47 15613.64 2572.61 15598.76 2577.84 15600.46 2578.65 15599.51 2607.88 15591.85 2607.09 15598.18 2607.97 15601.50 2594.32 15619.18
7 13604.09 6506.96 13579.39 6499.31 13552.72 6502.19 13555.24 6495.88 13547.54 6459.32 13568.98 6458.91 13583.88 6455.91
12 5460.93 4321.90 5463.96 4344.58 5469.67 4361.40 5425.66 4358.42 5422.38 4315.56 5402.92 4311.52 5397.63 4289.99 5415.76 4301.38 5425.24 4272.90 5425.61 4273.09 5442.64 4305.59 5467.75 4307.15
9 17845.44 6153.62 17815.15 6187.23 17780.89 6182.71 17760.82 6168.64 17764.66 6165.34 17749.02 6172.83 17750.45 6123.55 17800.98 6110.47 17865.51 6121.03
9 1502.59 12983.46 1461.94 12991.93 1450.57 13012.11 1399.97 12998.86 1337.85 12983.49 1420.67 12935.91 1440.34 12902.51 1483.91 12940.89 1491.18 12956.53
8 13203.06 10791.92 13174.01 10803.66 13205.02 10851.10 13153.03 10845.31 13143.90 10732.05 13194.18 10749.48 13228.57 10740.70 13215.61 10766.05
5 12725.58 10088.92 12717.44 10090.25 12716.87 10107.07 12714.61 10090.29 12681.20 10068.41
15 15035.91 10418.40 15018.51 10442.81 15012.63 10443.58 15001.29 10446.79 14948.32 10443.83 14944.16 10432.10 14958.61 10424.31 14959.42 10401.14 14948.31 10388.18 14972.89 10377.85 14982.40 10370.13 14990.50 10387.51 15000.97 10399.01 15011.02 10396.27 15029.02 10406.08
6 347.04 1765.54 285.62 1845.42 291.02 1699.05 296.19 1706.08 304.37 1677.40 334.32 1761.71
14 1796.34 2950.94 1817.44 2975.52 1783.22 2963.46 1773.61 2980.02 1773.61 2992.11 1665.65 2978.09 1725.11 2927.03 1749.14 2910.35 1766.33 2849.98 1761.06 2896.39 1798.67 2883.16 1804.84 2880.61 1831.04 2912.10 1791.65 2925.96
13 3143.39 17392.42 3119.86 17407.26 3105.08 17422.23 3081.34 17374.99 3078.22 17338.92 3057.83 17300.21 3063.35 17287.73 3088.34 17295.99 3118.17 17330.25 3128.48 17328.35 3154.69 17315.23 3115.96 17344.71 3177.99 17352.05
5 4153.72 2368.54 4137.02 2367.37 4125.59 2360.68 4111.26 2354.19 4075.26 2307.26
11 6275.98 15516.53 6263.27 15531.58 6262.44 15526.75 6250.47 15538.28 6225.74 15517.22 6245.13 15501.55 6259.34 15483.77 6273.81 15471.83 6289.75 15497.36 6272.29 15509.64 6307.57 15515.49
11 8154.40 11269.08 8091.30 11217.71 8082.01 11184.75 8097.13 11148.89 8121.48 11131.00 8136.15 11148.69 8161.12 11134.95 8151.14 11166.78 8189.52 11144.25 8193.67 11148.98 8176.05 11181.39
11 13002.47 15757.44 12959.95 15759.78 12931.11 15772.47 12912.34 15769.40 12928.50 15758.59 12914.78 15700.94 12965.75 15720.21 12957.66 15707.23 12953.70 15685.09 12979.18 15699.59 13029.09 15717.73
7 8603.61 15556.56 8648.47 15577.73 8636.93 15595.67 8589.62 15571.87 8554.69 15612.54 8554.95 15568.90 8587.02 15529.01
13 15080.26 963.44 15081.78 974.55 15069.37 961.23 15078.04 989.37 15049.20 992.77 15053.03 963.99 15036.09 961.14 15032.76 940.27 15035.91 920.81 15049.03 934.49 15089.48 927.86 15091.08 931.43 15083.55 946.24
11 699.17 9030.11 683.00 9043.54 684.58 9048.99 713.58 9096.93 713.55 9107.62 668.93 9066.96 599.03 9095.91 603.60 9027.67 582.29 8988.61 624.50 8995.18 696.20 8960.87
9 15563.76 9964.24 15558.97 9966.87 15526.41 10005.67 15517.92 9966.87 15489.67 9984.80 15488.46 9951.11 15521.05 9919.79 15542.34 9938.28 15560.94 9943.24
5 16706.15 8519.03 16703.52 8516.48 16641.05 8463.19 16642.38 8458.24 16739.23 8478.69
5 249.97 4466.38 252.34 4480.04 204.95 4503.75 178.32 4433.26 225.05 4438.25
5 2031.95 12908.35 2034.47 12957.52 1994.95 12911.88 1990.75 12863.61 2040.21 12896.18
9 5538.92 14177.04 5558.93 14198.97 5524.07 14176.73 5483.84 14136.37 5505.52 14146.65 5489.66 14130.52 5517.67 14145.42 5574.46 14138.32 5566.96 14142.41
14 16439.67 7361.40 16418.02 7346.60 16420.18 7354.16 16406.88 7353.21 16392.56 7365.55 16387.44 7362.71 16383.83 7361.99 16383.70 7353.50 16403.75 7334.65 16424.15 7309.08 16431.95 7307.25 16420.59 7334.82 16427.09 7336.10 16433.74 7337.98
10 14092.07 15259.76 14068.42 15289.19 14066.92 15259.93 14042.36 15274.98 14062.47 15252.36 14028.57 15254.16 14058.91 15250.48 14057.74 15233.72 14083.50 15230.38 14097.45 15213.07
15 16616.51 6609.43 16604.15 6612.23 16601.13 6618.17 16570.39 6604.30 16606.13 6642.26 16474.99 6630.16 16528.31 6600.14 16516.83 6578.12 16523.43 6523.60 16531.50 6537.38 16572.26 6527.80 16559.09 6568.02 16598.21 6549.02 16574.34 6577.48 16600.78 6572.15
6 17803.32 12338.81 17753.61 12339.36 17643.93 12351.26 17701.34 12304.46 17735.26 12273.70 17767.03 12318.96
6 13799.39 432.51 13759.35 483.71 13693.17 429.65 13674.36 421.30 13786.38 384.13 13772.96 401.58
15 1874.56 2833.11 1877.69 2839.03 1872.41 2875.57 1860.15 2872.55 1846.74 2884.30 1842.81 2881.58 1839.59 2848.37 1827.14 2842.73 1814.86 2829.48 1822.81 2826.52 1838.78 2813.86 1872.38 2804.58 1890.85 2805.96 1871.01 2828.22 1878.96 2829.50
7 12636.78 4492.45 12619.98 4500.19 12622.04 4485.46 12621.30 4422.40 12631.15 4446.15 12631.97 4434.33 12638.66 4449.63
10 16686.64 13684.78 16667.82 13689.86 16683.28 13677.66 16664.60 13664.25 16683.91 13636.09 16690.81 13651.76 16700.90 13650.55 16709.30 13621.23 16732.79 13641.62 16728.11 13648.28
9 14700.08 1511.77 14686.97 1546.06 14692.57 1559.40 14659.76 1584.85 14636.09 1534.57 14610.74 1518.45 14598.80 1487.51 14642.77 1440.02 14647.91 1445.45
6 12141.78 12191.08 12126.30 12219.65 12108.75 12185.49 12115.09 12151.15 12167.65 12149.67 12152.36 12169.44
6 13289.37 8673.36 13223.10 8581.36 13262.42 8590.88 13256.04 8565.68 13274.90 8602.64 13307.62 8589.45
10 17440.49 13890.09 17436.72 13897.73 17470.07 13926.04 17442.80 13947.79 17399.63 13915.33 17336.38 13939.41 17314.61 13845.39 17442.76 13844.66 17454.35 13851.62 17477.66 13847.58
7 15635.34 13542.17 15609.43 13554.39 15568.17 13515.78 15518.32 13482.95 15578.30 13455.56 15587.03 13484.20 15622.86 13501.11
7 4162.97 5771.16 4167.22 5806.11 4153.03 5783.76 4144.71 5754.13 4134.77 5744.98 4131.07 5734.22 4171.43 5754.69
10 8781.12 8843.57 8760.56 8847.92 8782.51 8857.52 8776.22 8862.79 8740.55 8899.89 8709.95 8869.72 8695.78 8881.21 8670.68 8856.43 8697.35 8824.88 8734.14 8807.51
6 13599.27 12620.87 13596.43 12647.91 13482.02 12598.68 13514.10 12563.53 13588.80 12542.66 13574.83 12581.58
10 6052.41 16587.57 6047.51 16600.16 6040.46 16621.45 6038.17 16615.58 6033.39 16565.19 6034.67 16559.90 6027.30 16555.63 6000.30 16527.32 6031.08 16494.17 6075.42 16541.45
8 15633.49 16159.88 15543.37 16179.26 15515.25 16218.42 15524.65 16184.90 15473.17 16184.74 15481.44 16126.22 15486.24 16118.91 15567.26 16139.24
8 449.53 3117.43 418.64 3076.34 377.39 3050.28 361.57 3020.70 362.33 2992.59 408.93 3000.32 412.19 2978.21 483.41 3026.50
12 15688.86 662.57 15667.64 665.29 15662.56 670.81 15641.19 698.31 15637.27 669.93 15623.22 676.82 15654.30 655.63 15622.64 653.38 15675.32 630.24 15704.96 599.25 15691.56 629.87 15695.89 626.63
11 17862.05 5837.81 17839.44 5830.92 17847.58 5854.97 17834.93 5844.86 17832.66 5852.65 17814.41 5843.90 17814.21 5843.60 17810.52 5821.43 17812.74 5814.64 17841.14 5785.59 17868.12 5816.25
7 11542.76 14079.99 11521.95 14121.28 11516.23 14093.62 11505.24 14135.46 11488.46 14116.33 11465.61 14077.97 11551.20 14039.55
7 2826.78 8882.39 2811.47 8919.12 2807.70 8898.16 2832.39 8768.98 2824.24 8836.48 2849.45 8812.57 2832.28 8852.60
7 12545.31 1799.07 12532.25 1817.24 12515.21 1808.25 12535.48 1750.85 12539.99 1744.54 12591.91 1746.75 12597.88 1773.68
9 1190.32 3795.97 1203.53 3803.92 1199.68 3803.78 1172.44 3835.87 1158.37 3785.26 1158.73 3781.10 1167.41 3775.46 1191.81 3774.04 1214.14 3772.63
15 15102.59 13471.23 15068.07 13469.33 15069.68 13474.28 15096.45 13498.81 15059.36 13476.99 15064.19 13483.19 15059.16 13503.64 15011.10 13497.65 15016.59 13456.61 15031.07 13457.40 15018.90 13448.11 15020.31 13426.18 15032.77 13405.38 15045.88 13450.02 15044.71 13425.21
11 13013.01 10347.12 12982.37 10358.55 12967.71 10341.01 12964.94 10347.71 12951.29 10333.70 12946.71 10339.50 12926.30 10353.13 12917.43 10324.62 12921.88 10321.10 12973.95 10273.76 12985.32 10300.42
11 16273.17 17246.85 16243.96 17244.88 16248.83 17268.29 16230.97 17261.53 16220.64 17241.43 16208.63 17246.48 16217.20 17231.79 16218.16 17200.39 16224.82 17212.76 16253.89 17212.47 16259.79 17228.60
11 10686.35 5756.56 10687.06 5784.43 10651.28 5780.32 10630.25 5754.73 10616.19 5757.19 10647.90 5735.48 10671.63 5727.75 10692.70 5723.24 10681.84 5732.55 10672.85 5738.64 10672.72 5741.18
10 7981.80 9943.19 7933.76 9973.12 7933.84 9887.84 7930.43 9858.31 7941.56 9892.72 7948.67 9868.58 7965.11 9881.41 7956.67 9897.97 7987.46 9887.04 7958.75 9907.22
14 10129.27 11940.92 10104.55 11946.67 10086.19 11961.65 10043.20 11976.92 10056.62 11961.73 10038.18 11970.21 10044.50 11951.09 10046.64 11937.04 10051.71 11917.69 10037.66 11903.18 10068.10 11912.97 10081.68 11908.33 10088.13 11919.33 10119.08 11888.82
13 12993.97 17529.34 12986.79 17535.77 12962.69 17540.74 12938.87 17541.91 12924.12 17568.62 12886.00 17545.96 12858.94 17545.54 12894.01 17521.05 12893.38 17517.19 12929.79 17495.41 12939.48 17485.78 12956.38 17495.57 12960.98 17494.27
11 1946.84 7808.61 1938.69 7810.71 1926.89 7816.11 1930.11 7822.78 1917.14 7817.10 1905.79 7835.07 1886.06 7788.77 1906.84 7773.82 1918.19 7774.93 1924.00 7789.65 1952.94 7776.75
5 11494.47 8595.11 11391.09 8571.73 11384.59 8554.07 11393.12 8550.74 11389.77 8528.19
12 3382.66 3755.16 3338.88 3748.02 3304.66 3778.53 3302.74 3759.07 3301.29 3772.99 3299.66 3777.47 3248.87 3712.23 3272.66 3715.69 3358.51 3674.85 3382.44 3701.28 3347.53 3729.39 3373.04 3738.21
10 5539.60 14834.16 5488.51 14831.12 5509.87 14847.80 5448.41 14860.63 5439.90 14857.51 5430.87 14866.99 5448.95 14844.25 5408.94 14854.27 5494.76 14764.62 5511.81 14822.41
14 15640.79 10951.45 15634.64 10950.62 15627.91 10961.39 15616.32 10979.06 15586.82 10951.94 15584.28 10952.24 15612.53 10930.32 15615.53 10923.79 15624.63 10912.52 15635.23 10897.93 15647.13 10882.33 15645.17 10918.05 15651.37 10919.99 15678.77 10921.21
12 4780.21 9321.92 4770.94 9321.95 4741.12 9292.11 4754.34 9290.23 4766.87 9286.08 4774.31 9286.96 4760.67 9269.45 4770.46 9275.94 4776.23 9264.96 4791.32 9252.52 4803.03 9257.17 4803.69 9266.96
5 14758.58 15346.70 14736.05 15319.52 14740.20 15301.99 14729.96 15267.92 14779.59 15282.61
8 15868.75 13038.61 15900.97 13058.54 15868.04 13042.83 15846.70 13060.63 15828.28 13069.47 15832.82 13028.86 15856.24 13015.81 15887.49 12987.55
14 13256.46 1335.52 13203.06 1305.08 13209.81 1291.22 13170.60 1307.21 13133.67 1290.68 13184.84 1206.24 13212.07 1190.03 13214.73 1195.64 13231.03 1251.69 13240.01 1240.37 13252.54 1214.24 13254.93 1216.19 13279.31 1215.98 13274.90 1232.18
10 2841.14 5848.69 2853.01 5852.60 2873.33 5863.66 2819.52 5862.20 2807.28 5859.08 2780.49 5866.73 2776.29 5863.48 2774.16 5852.42 2847.84 5822.19 2844.80 5825.80
14 17412.87 9488.39 17381.19 9481.66 17381.24 9452.39 17376.05 9452.96 17364.25 9449.55 17360.84 9451.42 17350.07 9436.64 17372.45 9431.59 17358.05 9422.36 17391.02 9393.71 17387.53 9420.53 17404.34 9406.41 17430.40 9426.64 17433.95 9426.19
14 9440.28 2034.51 9426.87 2051.12 9405.99 2068.22 9404.49 2042.45 9400.57 2032.23 9400.43 2028.43 9404.82 2019.35 9391.14 2010.66 9422.64 2021.17 9433.12 2005.62 9438.75 2005.98 9434.22 2017.39 9451.10 1998.37 9450.79 2024.80
7 7191.97 13208.07 7164.14 13238.71 7111.38 13196.53 7087.96 13197.15 7086.22 13140.86 7080.22 13130.25 7134.55 13119.90
13 8975.53 9986.34 8977.51 9992.58 9001.45 10034.08 8952.51 10048.75 8927.53 10053.46 8935.39 10017.55 8909.73 10035.24 8935.11 9943.75 8931.76 9926.47 8941.99 9959.20 8937.84 9923.08 8945.06 9936.08 8956.34 9960.37
10 10022.11 5585.61 10002.65 5595.96 9990.43 5625.49 9970.68 5627.79 9957.02 5610.90 9977.09 5539.41 9996.68 5553.58 10003.71 5551.15 9989.45 5574.43 9994.92 5574.36
7 8410.41 728.21 8422.36 758.60 8364.13 683.20 8369.30 686.65 8387.11 666.27 8418.49 644.89 8409.41 682.67
7 16332.16 5988.38 16312.94 6024.43 16278.94 5996.59 16235.39 5992.44 16272.80 5955.31 16279.74 5951.93 16297.70 5976.97
11 14793.43 12807.24 14758.44 12799.45 14792.63 12810.99 14771.56 12824.13 14755.85 12848.43 14745.47 12865.56 14720.69 12810.24 14694.20 12786.60 14696.78 12762.55 14741.10 12741.18 14743.13 12786.64
10 9204.29 9682.99 9200.33 9697.51 9194.05 9697.67 9160.01 9648.32 9129.76 9622.31 9154.38 9635.63 9196.98 9600.11 9208.39 9647.15 9215.91 9648.55 9205.58 9657.72
10 7068.59 9933.75 7052.79 9923.76 7027.02 9923.28 6989.91 9944.37 6977.09 9940.79 6978.53 9927.10 6975.42 9898.71 7046.94 9859.71 7077.54 9850.98 7113.58 9893.18
11 7146.58 16368.62 7171.03 16395.88 7115.84 16408.22 7094.54 16421.71 7057.53 16412.67 7060.44 16382.24 7028.38 16392.77 7089.90 16324.14 7129.17 16337.00 7133.50 16351.46 7151.44 16351.06
6 9162.64 7019.85 9163.54 7026.92 9130.16 6982.03 9158.09 6976.89 9165.44 6960.67 9166.53 6995.72
7 1595.30 7952.65 1510.57 7956.60 1509.87 7863.45 1514.90 7868.89 1521.69 7883.18 1543.88 7915.85 1557.08 7913.44
14 11197.43 7311.53 11181.67 7325.74 11173.97 7346.01 11143.70 7325.63 11148.18 7314.81 11142.56 7320.00 11144.76 7279.99 11148.78 7273.84 11137.92 7260.10 11133.75 7222.14 11154.32 7212.08 11196.89 7237.82 11198.32 7256.89 11202.87 7259.98
5 3971.12 4931.82 3964.58 4876.10 3996.87 4915.34 4012.94 4876.50 4027.84 4898.09
7 6515.86 13512.32 6496.67 13516.05 6476.98 13526.18 6455.63 13492.73 6475.51 13491.62 6481.92 13484.51 6530.25 13476.17
9 14759.86 9807.77 14721.67 9812.07 14715.03 9819.87 14710.13 9806.25 14690.71 9795.05 14723.45 9761.07 14724.89 9784.14 14730.10 9789.71 14764.14 9795.97
15 10981.38 3955.73 10969.25 3961.43 10957.39 3962.70 10949.09 4001.94 10939.83 3973.38 10916.39 4001.33 10891.34 3953.67 10909.63 3924.43 10938.17 3931.55 10917.79 3893.05 10932.48 3879.49 10959.81 3924.90 10986.05 3905.93 11016.81 3914.12 10981.75 3934.69
7 11488.86 4105.76 11432.90 4089.67 11418.52 4081.75 11401.09 4074.44 11422.15 4061.48 11434.46 4062.05 11477.33 4045.76
10 1310.29 3164.42 1309.25 3178.83 1280.22 3166.42 1285.94 3146.04 1297.93 3132.81 1276.28 3123.35 1305.43 3113.71 1333.72 3103.14 1347.50 3125.44 1336.62 3132.59
14 17484.36 5658.04 17510.19 5685.40 17476.43 5673.77 17462.67 5664.90 17431.39 5681.26 17438.56 5656.92 17399.77 5687.55 17405.90 5674.96 17433.60 5649.22 17418.37 5622.48 17422.08 5597.99 17414.20 5581.19 17460.19 5621.59 17476.44 5623.07
5 16299.49 7204.45 16263.79 7192.39 16259.63 7203.80 16183.09 7169.59 16279.21 7161.18
11 16780.62 11555.26 16751.70 11585.67 16772.68 11551.40 16761.84 11561.76 16741.55 11566.37 16721.56 11519.90 16769.32 11525.62 16777.58 11515.49 16803.46 11501.07 16850.26 11514.98 16847.21 11530.71
10 4820.74 14868.02 4793.23 14876.54 4774.31 14867.55 4799.33 14897.80 4734.66 14920.13 4707.03 14885.79 4746.30 14859.44 4708.41 14813.59 4747.00 14833.00 4745.95 14807.37
12 1149.48 1210.37 1134.36 1219.29 1126.36 1235.15 1090.03 1207.33 1074.23 1252.34 1029.03 1202.15 1055.24 1168.68 1086.80 1147.74 1108.12 1157.56 1132.65 1135.99 1136.26 1156.85 1148.15 1164.63
6 8741.72 13332.42 8737.31 13304.60 8731.70 13288.72 8730.39 13276.66 8756.05 13262.18 8762.74 13269.36
7 8579.53 4118.69 8495.29 4127.48 8488.77 4122.14 8495.88 4103.36 8518.31 4081.66 8489.19 4091.17 8492.07 4022.25
9 10450.19 11457.24 10439.20 11490.82 10429.24 11531.54 10413.07 11482.64 10385.95 11501.70 10359.23 11493.88 10405.11 11405.81 10414.26 11416.74 10423.76 11413.09
12 961.51 17565.46 961.42 17577.95 989.31 17608.29 987.06 17607.27 948.53 17624.27 890.06 17571.56 915.48 17566.23 902.57 17551.17 906.52 17542.83 916.27 17534.64 931.90 17549.98 1010.05 17555.65
6 6996.71 9564.00 6970.04 9530.06 6954.27 9530.42 7003.56 9452.92 7007.55 9449.53 7056.59 9501.70
15 13603.56 2581.20 13538.17 2568.55 13508.34 2578.45 13525.89 2565.42 13507.87 2555.48 13499.13 2533.37 13531.32 2493.72 13544.01 2489.98 13562.74 2480.11 13568.66 2528.80 13577.01 2530.08 13587.64 2523.00 13590.28 2528.01 13606.18 2528.70 13634.88 2548.10
11 9925.76 16548.22 9881.18 16560.84 9838.77 16576.20 9866.58 16543.90 9861.15 16546.02 9854.68 16543.06 9861.65 16537.92 9866.76 16515.40 9853.51 16489.17 9878.10 16488.67 9881.52 16505.07
7 12199.93 10719.67 12243.66 10738.31 12237.55 10752.61 12190.01 10744.53 12138.36 10787.40 12153.35 10690.10 12139.68 10637.72
6 12036.11 8565.10 11988.76 8561.66 11985.39 8544.53 12022.94 8519.71 12030.86 8528.42 12033.52 8542.80
11 5270.65 7800.99 5270.40 7800.60 5245.24 7791.29 5229.04 7827.56 5189.65 7738.67 5236.61 7727.38 5238.58 7708.84 5245.17 7718.79 5249.93 7713.78 5317.40 7726.26 5314.33 7750.03
10 9743.72 6747.58 9728.69 6761.08 9723.72 6769.13 9708.57 6785.45 9699.53 6760.38 9691.97 6777.43 9690.44 6725.38 9716.16 6710.30 9741.24 6718.79 9739.92 6725.64
7 3054.68 5656.98 3023.66 5641.35 3023.24 5646.74 3010.57 5630.68 2999.90 5597.58 2995.48 5566.17 3013.75 5599.92
9 11328.18 7362.40 11337.15 7401.21 11302.57 7367.64 11253.84 7404.47 11267.28 7355.66 11261.27 7307.76 11295.26 7331.20 11296.97 7333.01 11324.93 7326.55
7 1312.60 9767.93 1290.02 9760.86 1256.05 9752.08 1184.42 9759.65 1203.57 9710.12 1173.51 9656.74 1277.10 9696.13
6 14159.56 5531.32 14143.56 5545.16 14097.26 5557.00 14084.83 5556.59 14075.19 5541.57 14151.32 5479.09
14 11965.73 14195.22 11922.17 14205.87 11909.76 14198.36 11907.35 14196.35 11878.54 14238.80 11854.96 14221.28 11872.34 14177.34 11824.29 14170.79 11825.97 14149.95 11872.42 14158.15 11856.95 14132.73 11905.50 14160.67 11923.14 14144.09 11920.48 14162.64
10 6292.39 5465.59 6213.27 5425.48 6217.98 5388.04 6247.29 5390.88 6199.93 5368.30 6250.05 5381.02 6237.86 5360.81 6258.42 5364.41 6293.34 5329.90 6320.21 5336.53
9 12945.93 9969.88 12961.83 9921.54 12955.48 9925.76 12915.39 9941.87 12905.34 9931.74 12951.49 9856.83 12954.61 9859.91 12977.68 9881.23 13039.07 9897.42
10 14855.40 1721.40 14854.43 1720.90 14854.48 1712.23 14839.94 1690.73 14828.20 1681.27 14838.51 1677.40 14831.36 1657.87 14858.14 1651.68 14889.85 1616.72 14917.23 1638.86
15 1092.25 12796.45 1086.76 12802.28 1038.19 12827.18 1018.27 12797.06 1023.30 12772.31 996.71 12792.63 977.72 12787.05 968.63 12756.51 973.21 12746.59 1022.24 12735.61 1013.46 12690.95 1041.21 12715.05 1053.59 12684.32 1099.99 12723.63 1062.85 12747.69
14 17779.80 2003.00 17753.10 2043.49 17730.50 2027.05 17722.13 2041.10 17722.07 2041.53 17688.98 2015.01 17679.35 2015.83 17681.87 2000.22 17695.81 1981.02 17722.97 1979.51 17730.62 1982.83 17749.26 1963.95 17762.25 1983.60 17746.84 1994.68
9 16754.95 7346.62 16724.43 7334.29 16731.46 7317.27 16685.53 7303.99 16688.83 7297.53 16674.92 7290.99 16720.70 7250.76 16728.46 7260.70 16770.36 7248.26
11 2112.53 1738.78 2118.22 1773.67 2112.82 1759.42 2110.43 1754.40 2109.62 1752.78 2089.65 1773.87 2090.43 1756.16 2082.44 1719.65 2126.02 1701.65 2135.46 1715.99 2143.36 1729.61
8 16934.13 17402.40 16919.09 17397.30 16901.21 17411.13 16899.85 17369.77 16922.14 17344.56 16961.52 17349.67 16960.68 17368.61 16961.05 17368.63
8 4669.74 1286.94 4672.53 1325.82 4657.96 1328.71 4616.86 1331.45 4621.87 1238.56 4692.58 1168.09 4669.36 1228.75 4722.02 1209.36
5 16320.76 5254.08 16284.72 5276.81 16318.51 5227.71 16296.96 5203.80 16334.16 5223.08
10 7704.54 10526.02 7690.15 10477.94 7660.81 10467.04 7695.81 10416.18 7686.94 10381.59 7721.23 10421.50 7726.46 10365.50 7724.09 10423.96 7744.83 10435.41 7806.70 10437.72
8 4980.75 8753.72 4978.47 8784.97 4917.40 8753.98 4956.38 8704.52 4975.93 8726.79 4978.66 8728.22 4992.42 8727.76 5002.79 8736.03
12 6721.41 8781.47 6727.45 8784.25 6711.92 8787.31 6690.64 8803.03 6666.39 8798.28 6662.33 8777.78 6661.31 8753.80 6694.72 8763.27 6708.30 8744.45 6717.87 8745.24 6719.40 8755.18 6738.28 8744.86
9 15189.31 5170.00 15164.95 5168.52 15168.03 5170.41 15200.34 5188.59 15159.87 5174.85 15127.64 5200.18 15108.05 5135.05 15157.53 5121.50 15153.04 5150.26
10 15108.91 12709.61 15082.33 12707.65 15060.91 12715.43 15028.00 12710.70 15040.70 12648.94 15071.31 12642.14 15068.32 12664.25 15107.54 12677.97 15105.89 12686.17 15099.89 12689.14
10 4471.82 11791.81 4468.37 11788.80 4467.48 11757.72 4454.82 11749.49 4467.86 11734.48 4475.97 11743.75 4485.59 11736.03 4489.35 11729.98 4485.18 11746.08 4503.83 11738.19
10 15886.77 12681.16 15872.84 12679.80 15855.25 12683.88 15816.39 12714.14 15814.37 12657.04 15792.55 12648.27 15806.65 12602.23 15889.95 12644.35 15851.67 12657.67 15875.99 12661.27
14 17111.56 1052.99 17131.22 1059.43 17137.92 1069.48 17113.45 1089.94 17112.57 1093.95 17095.01 1064.05 17081.72 1048.48 17068.60 1032.60 17069.41 1010.39 17086.98 1025.80 17104.69 1040.40 17125.30 1031.82 17115.27 1043.49 17127.75 1042.83
9 8693.07 8371.75 8650.76 8375.68 8631.90 8363.12 8605.98 8384.34 8611.88 8355.74 8594.92 8320.49 8609.49 8315.18 8672.82 8299.68 8692.34 8320.74
14 14176.52 13462.69 14158.04 13459.49 14124.55 13482.84 14125.48 13474.58 14133.03 13460.03 14127.15 13459.67 14118.67 13451.83 14121.24 13450.46 14106.19 13448.76 14132.59 13430.61 14136.19 13433.30 14135.94 13431.73 14141.20 13434.78 14147.74 13415.53
15 9915.82 14193.55 9900.83 14183.10 9878.71 14200.82 9849.54 14198.78 9857.16 14173.75 9833.90 14185.12 9853.58 14149.63 9814.86 14159.41 9844.81 14117.76 9856.41 14100.27 9861.16 14088.78 9867.38 14073.78 9878.03 14125.78 9892.69 14128.61 9898.06 14129.16
10 14760.13 14637.87 14746.13 14666.10 14708.66 14649.91 14716.29 14628.45 14716.65 14601.70 14729.52 14602.73 14758.68 14610.81 14778.73 14585.02 14786.00 14586.61 14775.27 14602.33
12 1958.28 3136.34 1946.69 3144.94 1939.60 3171.97 1922.44 3135.80 1896.37 3176.32 1867.53 3152.65 1844.23 3117.49 1882.19 3062.01 1910.31 3044.81 1962.85 3091.54 1970.77 3088.14 1959.49 3106.20
7 13137.62 6034.27 13143.72 6068.37 13110.52 6075.15 13089.24 6067.23 13063.24 6034.17 13028.82 6028.96 13130.34 5954.64
10 16603.06 13588.82 16583.67 13578.34 16579.60 13582.87 16566.99 13610.11 16564.86 13581.37 16561.00 13580.74 16539.10 13570.37 16533.05 13544.74 16568.54 13553.78 16574.71 13557.08
15 8902.39 2553.19 8922.02 2568.10 8869.25 2563.47 8845.68 2584.06 8856.41 2549.52 8820.30 2559.26 8819.52 2532.03 8829.15 2525.26 8829.75 2518.50 8842.62 2489.51 8863.99 2498.60 8865.03 2478.82 8885.23 2487.23 8902.44 2497.07 8937.74 2536.71
10 16200.67 13202.16 16170.05 13204.67 16146.19 13235.03 16126.77 13238.90 16112.21 13223.32 16101.80 13228.94 16118.76 13216.34 16164.70 13185.34 16175.61 13188.95 16194.09 13182.96
10 8906.65 10953.02 8876.59 10959.06 8817.47 10971.06 8830.21 10877.23 8857.88 10879.97 8858.28 10911.53 8869.88 10880.36 8874.81 10890.52 8868.41 10915.91 8867.47 10924.11
9 12631.54 9679.74 12627.10 9682.62 12644.65 9716.42 12606.66 9716.40 12593.26 9673.51 12578.32 9686.22 12570.40 9631.70 12565.43 9610.23 12586.01 9616.26
10 17194.91 11024.25 17188.74 11036.20 17181.44 11058.65 17142.23 10976.62 17173.05 10986.31 17193.98 10969.13 17207.59 10982.64 17214.19 10984.77 17198.53 11001.19 17211.75 11004.33
11 6321.03 16094.72 6297.08 16091.28 6294.35 16099.83 6290.91 16095.40 6292.16 16124.26 6279.86 16109.80 6258.02 16096.86 6260.23 16087.36 6273.69 16084.69 6256.21 16068.17 6314.56 16075.30
8 11481.30 5509.21 11464.04 5515.30 11474.60 5545.17 11445.14 5529.44 11429.04 5502.56 11481.31 5476.28 11461.35 5500.21 11485.55 5497.43
13 12595.02 8197.84 12521.35 8195.31 12526.46 8158.39 12535.98 8145.54 12547.74 8154.13 12555.97 8156.95 12551.67 8144.32 12552.62 8140.49 12561.46 8169.27 12568.69 8169.67 12574.17 8151.76 12579.03 8171.79 12587.68 8176.02
15 14775.11 8236.03 14780.45 8245.38 14764.68 8244.28 14760.46 8252.96 14736.78 8259.02 14726.42 8260.70 14728.38 8214.65 14750.58 8227.55 14754.84 8223.23 14767.31 8217.20 14782.61 8215.19 14780.03 8217.47 14785.86 8222.51 14782.34 8224.87 14790.38 8226.69
10 17709.95 11063.12 17672.02 11100.64 17622.93 11107.61 17608.86 11063.74 17570.84 11088.71 17590.82 11061.34 17579.82 11054.18 17557.60 11011.19 17643.03 10966.65 17642.12 11018.60
11 7997.16 1754.91 8002.56 1780.60 7967.13 1763.28 7968.53 1757.53 7937.15 1756.28 7954.09 1743.77 7964.52 1702.56 7979.48 1733.41 7987.04 1723.09 7987.83 1720.97 7995.89 1709.22
11 5864.76 6570.21 5839.38 6556.08 5824.44 6550.45 5840.64 6596.17 5832.33 6586.59 5761.78 6555.49 5766.88 6531.96 5764.85 6525.05 5752.28 6513.43 5753.11 6499.15 5818.25 6467.45
13 13724.43 13590.17 13712.07 13590.47 13693.06 13591.01 13679.02 13591.83 13669.78 13648.27 13651.91 13615.65 13650.91 13602.09 13644.53 13599.68 13623.25 13602.64 13663.95 13553.86 13686.40 13510.47 13704.49 13540.14 13687.69 13555.06
11 2486.92 5651.50 2475.68 5663.15 2471.65 5658.74 2458.91 5648.85 2425.02 5615.00 2426.20 5605.92 2448.43 5598.76 2468.84 5624.05 2487.03 5616.78 2466.52 5631.28 2466.73 5633.06
7 8902.85 510.73 8888.67 545.69 8882.26 518.50 8866.40 486.26 8874.83 466.67 8914.34 475.39 8931.10 493.94
8 12395.02 549.09 12387.74 567.21 12361.82 563.82 12347.87 538.53 12385.49 507.24 12392.11 535.37 12414.98 521.39 12408.61 535.79
6 11028.34 1535.47 10994.59 1596.20 10945.38 1595.44 10965.47 1553.58 10929.88 1522.65 11048.09 1510.64
15 1237.67 13598.58 1245.90 13636.09 1241.90 13638.73 1234.58 13628.94 1220.15 13607.08 1220.48 13626.55 1213.14 13617.37 1174.30 13597.29 1186.48 13580.78 1175.86 13573.79 1203.34 13561.73 1214.19 13562.84 1223.18 13552.00 1226.65 13559.69 1256.01 13568.98
10 4351.43 7403.43 4358.27 7413.36 4334.87 7410.78 4324.32 7423.15 4290.95 7394.97 4293.45 7367.27 4340.68 7346.07 4349.15 7364.63 4350.71 7363.40 4370.79 7387.61
8 3252.76 5735.94 3239.95 5758.41 3215.38 5738.75 3224.87 5698.44 3222.42 5686.77 3271.10 5681.07 3296.34 5713.79 3274.51 5716.98
12 7457.29 3936.75 7443.43 3927.51 7437.27 3928.85 7451.45 3970.67 7424.76 3933.03 7415.87 3947.40 7378.87 3878.38 7399.98 3863.94 7412.93 3886.80 7429.15 3879.26 7457.90 3903.09 7469.69 3905.47
13 10318.96 830.52 10303.51 834.06 10305.15 805.45 10284.95 801.57 10290.72 790.98 10286.41 788.88 10291.86 775.48 10272.62 747.23 10303.27 736.95 10309.53 730.03 10323.79 737.65 10356.08 735.16 10354.03 761.63
9 17271.12 16496.37 17258.45 16528.86 17218.82 16520.34 17204.51 16515.05 17204.55 16508.91 17230.35 16477.79 17245.30 16465.17 17273.29 16464.51 17247.96 16480.46
7 17751.94 10322.38 17742.47 10321.58 17737.75 10336.93 17651.37 10270.53 17621.40 10257.56 17719.63 10228.36 17728.06 10243.32
13 1928.38 8021.48 1912.85 8062.28 1899.12 8030.98 1869.36 8036.26 1867.99 8018.01 1897.13 8013.83 1899.53 8014.27 1882.44 7994.71 1915.92 7979.76 1921.67 7998.79 1934.50 8007.99 1947.29 8001.72 1920.39 8016.21
15 6704.03 1169.62 6682.07 1154.85 6671.18 1154.49 6664.00 1151.37 6640.96 1127.09 6635.99 1122.39 6653.74 1122.56 6657.58 1089.04 6665.67 1096.23 6684.15 1083.31 6686.52 1091.49 6696.65 1094.83 6710.36 1077.91 6694.22 1118.99 6721.13 1114.48
8 3950.77 11602.37 3925.59 11633.11 3929.55 11598.50 3898.58 11601.65 3919.50 11539.00 3932.94 11553.20 3970.28 11538.30 3977.35 11523.71
12 5551.15 4008.84 5462.03 4083.99 5462.76 4036.38 5424.19 4059.03 5391.83 4029.59 5428.57 3998.11 5451.87 4000.58 5467.82 3981.16 5484.49 3923.94 5519.77 3934.63 5511.81 4000.92 5542.53 4000.98
6 16863.60 671.48 16854.55 667.72 16800.66 677.00 16822.43 652.66 16813.19 624.29 16868.14 650.46
15 9863.25 11673.51 9878.90 11683.97 9869.21 11681.62 9860.52 11677.27 9855.66 11687.69 9838.03 11692.38 9847.33 11675.33 9827.75 11681.38 9838.45 11669.41 9840.53 11664.38 9824.67 11653.37 9833.84 11646.34 9853.71 11634.11 9869.43 11633.14 9874.42 11657.93
14 4839.22 12471.35 4754.32 12521.58 4739.61 12496.02 4745.18 12473.36 4711.00 12478.69 4729.73 12460.89 4729.50 12447.21 4774.66 12446.45 4772.07 12426.87 4786.50 12398.95 4796.02 12425.75 4813.87 12428.98 4830.54 12438.23 4833.04 12445.87
14 16841.03 17868.90 16816.34 17859.23 16793.46 17864.00 16796.14 17853.24 16787.74 17854.56 16772.92 17848.78 16767.79 17832.37 16789.68 17807.62 16824.27 17802.95 16820.79 17814.90 16819.13 17832.60 16829.29 17826.80 16832.08 17841.26 16843.14 17837.61
15 7636.83 2493.14 7604.86 2498.27 7636.08 2542.91 7567.63 2524.52 7569.36 2562.04 7550.62 2564.13 7528.41 2551.64 7528.91 2498.32 7519.11 2480.26 7536.09 2483.09 7525.17 2472.80 7550.66 2405.55 7571.90 2463.46 7617.73 2467.43 7606.07 2474.30
9 6608.04 11750.26 6592.26 11752.91 6559.03 11784.56 6533.47 11739.60 6527.01 11706.68 6563.50 11695.44 6563.13 11713.89 6565.57 11722.41 6568.92 11718.38
12 5604.45 14339.76 5639.48 14356.82 5598.43 14338.15 5617.64 14349.27 5595.60 14354.35 5556.09 14346.18 5536.66 14354.75 5567.97 14330.07 5563.66 14323.58 5529.11 14311.12 5557.80 14310.62 5631.86 14303.11
14 11426.36 334.83 11433.23 339.04 11439.40 347.10 11394.10 334.13 11386.58 329.70 11367.84 323.09 11367.13 302.58 11342.33 283.51 11358.41 286.15 11371.22 293.03 11377.63 297.35 11376.29 295.25 11379.33 280.19 11442.77 283.58
8 400.29 6660.60 315.19 6666.07 307.97 6682.82 287.28 6683.25 292.56 6597.33 299.52 6603.06 324.23 6586.79 334.87 6555.29
9 12691.63 9018.65 12671.40 9010.83 12676.68 8999.19 12660.50 8983.74 12690.91 8999.67 12706.58 8994.10 12715.39 8992.77 12702.05 9004.98 12720.35 9008.29
6 6487.31 3075.68 6404.41 3094.48 6414.44 3062.32 6418.40 3063.18 6417.62 3058.32 6445.68 3049.77
15 15496.09 14736.47 15455.70 14734.31 15471.35 14738.14 15464.80 14747.49 15481.35 14771.78 15449.92 14747.40 15460.65 14772.26 15455.10 14766.80 15420.06 14786.69 15416.52 14791.47 15388.21 14718.35 15405.87 14689.87 15412.28 14675.48 15443.12 14717.00 15472.23 14686.91
15 10160.71 10285.95 10172.08 10331.77 10150.14 10309.29 10150.20 10324.72 10137.39 10322.56 10095.70 10339.85 10104.48 10320.89 10090.48 10303.94 10134.18 10263.86 10152.13 10208.23 10151.28 10241.58 10145.42 10269.84 10151.63 10266.63 10160.65 10273.65 10177.18 10270.72
10 12381.30 9810.55 12388.43 9878.71 12298.45 9867.20 12287.57 9856.22 12318.26 9814.09 12306.49 9810.04 12307.99 9804.52 12306.83 9747.08 12367.94 9776.76 12357.50 9802.24
6 6492.12 16390.36 6375.10 16433.34 6391.97 16394.14 6349.60 16382.13 6314.81 16384.11 6380.59 16290.32
8 14626.02 14442.39 14611.61 14450.00 14605.19 14466.83 14579.25 14444.09 14584.33 14398.51 14586.95 14399.89 14590.78 14419.22 14607.26 14420.83
9 2384.00 12934.39 2384.52 12964.38 2370.18 12958.88 2337.36 12944.76 2342.12 12932.77 2336.51 12921.69 2312.85 12919.03 2292.28 12918.70 2345.96 12896.03
7 304.68 14547.94 273.71 14511.80 257.43 14544.52 262.23 14510.28 235.24 14464.83 267.59 14465.74 315.87 14465.11
10 11518.61 15081.41 11501.08 15081.43 11468.94 15072.55 11471.84 15072.06 11458.10 15072.07 11448.59 15026.20 11484.18 15051.83 11484.85 15036.49 11499.04 15058.26 11512.77 15053.81
13 11795.63 13756.79 11758.64 13754.39 11762.97 13757.33 11723.96 13774.24 11723.57 13768.40 11699.89 13776.64 11663.57 13790.76 11665.52 13769.98 11666.38 13739.42 11717.46 13743.66 11725.34 13678.71 11731.45 13722.44 11768.17 13728.73
13 980.34 8459.71 944.53 8463.20 945.24 8467.52 939.50 8475.98 916.45 8470.85 914.42 8465.97 909.15 8424.07 925.88 8437.16 942.17 8446.18 948.79 8438.53 958.64 8443.56 968.89 8447.83 956.45 8454.89
9 7370.38 4994.82 7312.57 4978.65 7339.77 4953.23 7312.60 4935.49 7300.48 4924.02 7344.75 4907.95 7351.25 4908.54 7359.81 4910.63 7381.14 4942.05
13 2410.75 10559.31 2411.27 10573.61 2399.67 10551.19 2363.83 10550.62 2368.60 10543.39 2351.06 10529.61 2362.81 10518.82 2369.43 10516.72 2385.89 10511.48 2376.83 10488.20 2407.35 10518.23 2423.50 10518.16 2418.48 10524.56
11 16794.10 2180.47 16764.06 2193.56 16723.91 2179.38 16706.10 2194.81 16696.26 2184.68 16691.76 2141.99 16704.12 2087.94 16709.87 2121.42 16729.32 2099.38 16779.26 2107.50 16747.08 2145.27
12 14456.17 10907.80 14435.28 10923.55 14427.48 10928.71 14381.13 10929.95 14353.48 10915.11 14347.99 10910.31 14357.89 10878.90 14367.46 10835.88 14380.59 10790.77 14392.63 10854.82 14409.46 10826.76 14431.72 10861.86
12 16729.52 10181.23 16708.21 10220.37 16628.41 10177.64 16594.23 10154.54 16597.08 10100.35 16631.69 10091.67 16652.33 10102.34 16637.03 10047.87 16666.63 10097.94 16682.48 10108.01 16695.18 10108.94 16693.61 10120.32
13 10327.26 5931.51 10327.78 5962.84 10266.94 5971.54 10281.45 5921.44 10237.57 5968.33 10253.65 5907.33 10265.35 5902.19 10204.89 5885.89 10211.58 5862.79 10249.11 5880.83 10322.84 5835.90 10305.18 5887.91 10363.44 5851.62
6 6507.08 7573.07 6431.10 7649.46 6426.90 7615.42 6417.51 7596.49 6391.11 7522.21 6452.40 7547.29
5 10224.14 9068.28 10228.32 9071.12 10236.58 9076.46 10136.39 9047.38 10193.29 9042.36
8 860.38 10594.27 876.96 10608.50 861.82 10606.24 863.84 10633.87 839.70 10603.06 802.24 10569.99 875.71 10567.33 868.43 10579.91
5 2107.38 3562.53 2084.01 3593.30 2055.23 3575.33 2036.90 3530.09 2099.01 3524.74
14 11626.09 5615.65 11613.77 5629.38 11580.55 5607.05 11573.92 5597.43 11557.46 5640.16 11536.56 5582.31 11515.29 5585.17 11554.87 5569.48 11539.16 5541.66 11524.71 5517.16 11562.39 5557.82 11621.82 5516.34 11642.97 5538.02 11632.04 5567.79
8 11148.40 5467.89 11131.76 5460.81 11092.31 5467.00 11091.09 5457.35 11109.36 5446.05 11109.86 5441.46 11130.17 5409.58 11130.15 5423.01
8 5191.44 16268.51 5188.14 16323.86 5169.67 16300.47 5110.40 16310.63 5106.63 16255.57 5107.28 16252.57 5143.33 16236.49 5144.47 16224.08
11 13503.57 13500.78 13472.89 13519.31 13471.68 13525.94 13459.94 13508.09 13463.19 13517.73 13469.55 13545.10 13403.84 13503.06 13420.97 13493.06 13412.81 13473.18 13451.44 13454.91 13456.26 13468.37
6 12305.65 16367.91 12311.10 16399.96 12263.57 16363.18 12339.98 16345.66 12330.52 16353.04 12338.80 16360.64
6 3957.39 6056.21 3855.14 6108.93 3868.28 6061.22 3857.99 5991.34 3883.24 6005.79 3921.65 5971.57
13 1932.77 2479.47 1949.51 2507.47 1912.58 2519.54 1901.71 2497.90 1853.58 2492.22 1865.25 2460.06 1845.01 2431.96 1866.08 2428.05 1851.01 2409.40 1876.31 2419.63 1901.60 2407.15 1926.46 2372.19 1941.86 2420.07
8 14397.23 8392.13 14372.48 8386.33 14376.62 8420.97 14347.91 8394.90 14345.04 8380.98 14355.81 8376.33 14351.14 8344.96 14365.62 8366.85
14 15618.10 5999.61 15592.85 6003.86 15582.14 6003.67 15583.61 6009.48 15603.31 6042.39 15533.50 6033.75 15529.30 6020.52 15520.81 6009.83 15555.35 5993.47 15548.42 5983.14 15555.97 5975.89 15573.70 5959.16 15597.91 5949.81 15586.85 5983.03
13 5818.45 5533.21 5743.76 5547.36 5748.94 5585.79 5692.70 5565.97 5680.34 5557.38 5692.35 5544.26 5654.63 5534.51 5703.61 5519.79 5675.29 5513.74 5707.32 5484.57 5769.43 5456.68 5746.74 5509.16 5766.92 5516.89
14 16738.95 9563.38 16744.15 9567.51 16734.18 9564.24 16731.22 9563.20 16734.53 9575.76 16707.03 9592.39 16699.18 9592.05 16701.63 9575.15 16696.66 9574.91 16704.61 9562.16 16715.32 9543.42 16715.47 9538.60 16751.77 9541.24 16735.29 9556.55
13 3026.55 15744.84 3071.21 15752.25 3078.36 15754.08 2997.35 15781.87 2985.09 15746.69 2986.45 15735.54 2943.95 15703.68 2983.06 15715.38 2986.19 15713.81 2996.43 15702.95 3022.03 15724.81 3043.60 15734.83 3058.38 15742.26
15 8795.10 14779.13 8815.13 14835.48 8775.98 14796.60 8764.21 14839.36 8754.82 14804.61 8747.24 14790.84 8717.07 14792.75 8750.99 14764.71 8755.45 14763.77 8720.03 14734.22 8757.83 14737.01 8786.69 14751.92 8814.72 14710.52 8801.88 14754.17 8819.18 14767.53
13 3402.02 7841.10 3385.66 7851.34 3363.62 7856.88 3347.13 7852.52 3331.50 7845.65 3351.47 7805.10 3357.02 7816.75 3368.07 7815.21 3378.98 7797.30 3379.99 7797.09 3371.18 7823.58 3399.33 7823.49 3389.21 7827.99
6 6375.88 11253.44 6328.58 11280.04 6271.00 11216.00 6282.01 11200.35 6311.05 11217.97 6308.58 11203.68
14 1273.40 6574.95 1287.50 6602.96 1273.41 6603.99 1255.72 6584.29 1235.66 6599.00 1237.36 6593.75 1247.59 6579.78 1255.93 6573.54 1221.61 6562.23 1239.48 6542.60 1247.71 6542.18 1264.97 6553.80 1289.12 6558.70 1299.89 6562.18
15 11990.01 13251.04 11979.40 13235.69 11977.34 13281.75 11955.84 13223.28 11928.37 13233.61 11901.34 13247.66 11946.79 13211.84 11925.24 13210.07 11889.82 13183.03 11935.99 13190.73 11918.49 13182.65 11923.57 13132.96 11954.77 13154.23 11969.14 13162.54 11980.00 13135.71
12 5083.78 12207.48 5067.48 12218.04 5060.15 12240.07 5045.01 12230.94 5027.71 12201.88 4992.46 12204.29 5009.79 12188.19 4997.69 12180.78 5014.49 12163.10 5032.07 12188.98 5063.79 12184.70 5068.20 12191.58
15 6666.24 16921.15 6679.13 16939.08 6665.06 16927.79 6652.66 16960.28 6648.45 16957.30 6642.82 16962.27 6641.86 16939.20 6623.92 16954.79 6613.11 16956.89 6605.42 16944.01 6571.98 16909.59 6631.90 16875.75 6630.17 16845.31 6693.42 16871.94 6667.62 16906.41
8 8959.44 4259.19 8969.09 4262.31 8977.44 4300.47 8929.05 4343.95 8868.34 4278.49 8889.90 4261.60 8883.03 4259.61 8871.46 4258.08
13 16042.18 16840.36 16024.00 16843.69 16014.42 16842.17 16005.93 16829.18 16004.77 16825.42 15976.47 16824.28 15965.72 16803.73 16038.01 16787.87 16043.63 16784.05 16032.92 16803.56 16073.10 16786.62 16047.68 16802.66 16070.62 16797.78
15 1658.83 8593.00 1634.42 8620.43 1621.44 8597.52 1615.71 8590.75 1610.73 8592.69 1589.53 8602.82 1592.02 8597.50 1579.89 8594.18 1597.06 8576.14 1611.56 8571.10 1611.17 8568.91 1627.76 8566.21 1657.85 8543.56 1654.37 8548.58 1634.91 8573.34
11 17812.66 10693.96 17850.32 10723.12 17808.61 10704.31 17790.67 10746.76 17784.68 10718.67 17787.66 10707.78 17751.66 10698.01 17772.94 10691.08 17793.34 10640.46 17795.97 10645.52 17812.41 10636.94
6 5839.66 10050.12 5803.79 10045.83 5706.56 10074.06 5678.79 10033.50 5715.81 9997.67 5741.84 10012.55
9 558.14 5873.05 530.66 5882.57 520.57 5911.59 522.17 5893.31 514.01 5906.03 487.72 5878.66 475.40 5859.63 538.07 5847.91 541.09 5844.04
14 10887.62 15439.38 10875.99 15452.54 10862.12 15427.02 10834.55 15447.78 10854.01 15426.12 10843.10 15399.85 10817.50 15384.04 10829.60 15376.46 10827.45 15368.91 10849.09 15379.91 10860.77 15380.17 10894.79 15388.42 10910.05 15380.51 10922.69 15387.93
15 11423.75 3065.95 11394.67 3056.32 11397.50 3089.59 11384.43 3062.55 11384.52 3072.74 11379.96 3056.92 11374.21 3056.82 11342.72 3070.39 11331.99 3040.16 11336.78 3021.17 11348.92 2987.12 11390.63 2989.20 11411.65 2998.88 11394.87 3026.60 11401.43 3032.78
13 8996.59 10263.40 8957.35 10258.48 8926.33 10299.88 8921.90 10281.80 8866.76 10297.84 8850.58 10276.32 8873.88 10241.35 8855.89 10236.86 8878.25 10228.18 8890.03 10228.97 8939.94 10186.33 8958.72 10223.25 9007.04 10190.20
6 2919.38 7271.21 2872.51 7283.50 2882.98 7272.21 2890.11 7247.59 2884.03 7239.49 2904.59 7231.46
9 8002.03 9045.11 7950.21 9045.11 7980.62 9075.41 7965.71 9079.20 7930.28 9069.04 7904.71 9043.79 7910.47 9037.71 7898.18 9003.35 7958.03 8973.32
10 11982.77 17209.55 11963.36 17223.31 11939.91 17252.84 11925.21 17250.23 11921.00 17262.12 11872.99 17244.58 11905.15 17192.39 11906.29 17186.44 11912.45 17158.53 11921.32 17188.35
6 1368.44 15698.01 1236.78 15695.59 1209.41 15645.27 1245.44 15629.62 1281.99 15644.86 1263.09 15593.29
11 10471.74 4768.00 10440.32 4792.96 10430.34 4780.23 10427.82 4766.62 10427.72 4765.71 10431.32 4741.72 10436.17 4751.91 10442.54 4745.75 10455.52 4737.22 10464.25 4746.69 10459.96 4755.64
10 13566.74 16033.02 13568.42 16047.32 13536.58 16044.93 13525.11 16063.24 13529.03 16035.81 13504.60 16045.54 13507.84 16039.86 13535.79 16017.48 13540.13 16014.22 13550.65 15990.27
5 13250.47 14114.16 13218.03 14122.67 13224.47 14103.81 13224.00 14084.90 13252.41 14056.89
15 3993.96 454.40 3952.55 456.10 3973.28 477.95 3968.06 479.39 3936.88 477.53 3917.41 520.07 3879.30 452.18 3876.16 422.57 3913.47 444.65 3946.34 400.41 3961.26 425.57 3947.13 439.26 3944.30 444.40 3949.67 442.53 3970.40 445.74
12 5218.63 9708.45 5210.85 9726.98 5202.15 9726.02 5206.02 9710.46 5203.78 9707.69 5201.11 9707.57 5192.56 9714.42 5196.02 9705.56 5177.90 9705.33 5221.91 9645.15 5227.99 9663.84 5222.79 9693.51
6 17285.82 12923.53 17291.08 12897.22 17326.05 12894.02 17325.84 12890.67 17331.67 12872.93 17353.71 12874.46
15 4705.52 7853.91 4691.79 7860.30 4679.26 7866.18 4674.82 7861.02 4663.20 7866.29 4641.20 7871.93 4637.81 7866.16 4654.31 7851.03 4634.35 7845.24 4647.20 7842.13 4632.99 7836.21 4658.71 7838.64 4667.71 7818.63 4676.89 7823.80 4686.65 7842.09
14 2393.16 16448.39 2418.90 16458.23 2395.57 16454.79 2406.55 16462.83 2413.56 16479.55 2397.44 16484.09 2372.14 16457.36 2342.01 16466.11 2367.28 16404.17 2374.92 16398.20 2378.36 16407.93 2381.03 16434.06 2406.85 16410.84 2419.62 16410.69
8 1157.48 8313.03 1133.17 8337.36 1123.77 8326.85 1096.61 8314.51 1103.97 8294.26 1101.22 8268.87 1125.92 8282.37 1160.67 8295.40
12 17344.00 7040.00 17328.63 7030.52 17330.89 7018.20 17324.22 7037.95 17324.77 7017.69 17318.19 7005.09 17292.36 7007.98 17329.91 6988.30 17336.31 6988.46 17353.52 6967.32 17347.09 6985.42 17362.12 6982.61
13 16475.08 16351.52 16432.76 16370.40 16430.97 16372.21 16416.00 16349.77 16415.64 16389.39 16369.69 16372.92 16393.88 16344.58 16354.87 16356.97 16369.31 16340.81 16392.90 16332.18 16383.98 16283.48 16396.22 16300.02 16434.90 16267.02
6 1557.90 10556.76 1578.85 10486.51 1553.58 10440.65 1579.63 10441.36 1608.15 10443.48 1613.17 10442.61
12 6902.31 5077.88 6901.25 5086.74 6880.01 5080.21 6892.66 5106.63 6868.07 5100.51 6865.03 5115.36 6865.43 5087.10 6826.31 5084.13 6827.10 5068.71 6836.34 5045.63 6890.69 5024.30 6902.19 5068.51
13 6923.62 6129.07 6915.86 6155.59 6908.15 6151.48 6870.82 6129.26 6838.32 6128.65 6845.81 6111.88 6877.45 6116.86 6881.08 6100.74 6882.64 6105.69 6913.64 6093.70 6911.73 6103.61 6928.92 6104.89 6896.72 6121.57
6 10746.12 16259.20 10753.79 16305.58 10671.80 16229.92 10662.07 16226.10 10700.69 16199.06 10752.71 16217.71
12 11726.71 10531.96 11724.03 10535.40 11712.70 10547.24 11679.36 10537.15 11686.07 10526.11 11692.33 10522.34 11671.77 10523.94 11688.37 10510.01 11703.60 10506.85 11716.47 10505.75 11716.26 10516.06 11732.92 10512.96
5 13287.33 2198.22 13242.57 2219.24 13252.23 2093.95 13255.78 2074.93 13279.22 2112.03
15 3130.28 6430.13 3139.23 6452.96 3128.50 6443.31 3127.30 6451.53 3118.68 6434.93 3110.36 6449.07 3097.70 6464.02 3075.19 6429.72 3065.51 6424.66 3095.01 6421.51 3072.37 6417.85 3050.18 6405.90 3051.89 6393.86 3127.16 6400.23 3146.33 6405.89
12 12053.52 4426.02 12054.46 4426.84 12026.67 4443.91 12006.82 4461.71 12004.62 4456.98 12007.00 4449.47 12008.27 4432.84 12000.76 4430.24 12010.21 4394.79 12027.14 4392.73 12036.30 4376.69 12031.54 4392.06
8 3469.65 15698.08 3491.66 15731.36 3416.77 15747.51 3400.90 15712.86 3401.24 15708.78 3370.45 15659.29 3402.11 15652.30 3398.01 15647.78
5 4788.77 13190.73 4778.06 13240.31 4743.63 13175.93 4754.71 13084.81 4849.99 13096.23
14 5297.19 4904.45 5294.09 4935.77 5290.63 4944.77 5284.75 4930.12 5281.23 4917.36 5274.18 4916.18 5239.65 4934.60 5269.48 4905.60 5234.95 4903.06 5246.63 4893.95 5297.47 4873.56 5293.25 4881.67 5307.53 4863.64 5327.46 4878.63
12 6778.25 7626.19 6810.95 7651.09 6749.18 7637.70 6693.31 7675.20 6708.68 7619.39 6703.73 7618.05 6697.52 7585.47 6734.15 7593.55 6745.07 7543.87 6763.71 7555.70 6808.37 7564.55 6772.88 7603.80
9 14276.02 5845.47 14275.44 5866.61 14255.72 5838.83 14210.42 5798.27 14266.27 5790.85 14283.00 5783.45 14308.17 5751.75 14316.98 5748.64 14312.99 5812.95
10 10006.70 9818.88 9939.36 9831.62 9928.82 9816.41 9921.31 9814.57 9921.06 9807.34 9893.91 9793.98 9974.01 9754.50 9977.51 9805.63 9981.04 9807.18 9983.99 9806.13
13 14897.71 711.35 14902.63 714.81 14877.34 725.65 14856.00 727.23 14857.53 713.22 14844.41 695.13 14858.41 688.63 14849.93 669.83 14879.80 673.61 14881.68 682.93 14890.14 655.08 14927.33 692.49 14911.36 707.66
13 13458.59 17010.30 13481.68 17057.00 13421.19 17039.96 13360.08 17049.03 13382.41 16974.30 13408.48 16945.43 13415.38 16980.94 13423.68 16929.19 13452.68 16936.85 13474.43 16957.41 13481.16 16970.65 13460.24 16984.59 13447.83 16993.89
13 8805.68 6073.93 8802.76 6088.31 8789.11 6083.66 8792.65 6109.54 8776.79 6097.33 8754.14 6084.76 8752.30 6101.55 8744.86 6078.53 8726.21 6112.43 8716.26 6086.78 8710.63 6079.63 8733.83 6046.61 8725.74 6031.16
6 2773.79 8644.10 2786.58 8658.78 2720.22 8649.09 2727.10 8646.54 2750.30 8596.82 2783.05 8633.04
8 11121.44 5939.63 11115.71 6013.04 11093.65 5975.24 11071.45 6016.78 11035.49 5970.17 11063.75 5950.89 11096.04 5890.46 11120.62 5910.47
7 9585.37 6372.09 9569.74 6360.87 9526.88 6390.63 9491.45 6388.52 9523.06 6335.61 9524.95 6317.08 9526.91 6316.18
10 3443.61 14127.89 3473.26 14136.34 3430.06 14137.32 3442.43 14167.85 3421.10 14177.82 3409.48 14145.58 3400.47 14198.81 3359.29 14143.07 3389.44 14097.66 3392.92 14094.49
7 12701.67 5898.29 12714.16 5885.61 12713.61 5868.80 12720.84 5864.87 12715.73 5860.59 12741.38 5852.70 12750.76 5855.36
6 17693.64 5747.23 17665.33 5775.99 17634.40 5765.95 17648.10 5746.21 17647.05 5726.73 17677.34 5731.29
7 6524.96 9455.44 6493.67 9458.45 6472.43 9440.23 6491.25 9431.24 6515.86 9423.84 6517.15 9426.14 6527.94 9431.82
5 2538.23 5626.74 2565.72 5599.43 2563.82 5595.59 2583.88 5585.76 2596.37 5588.33
14 8409.69 8566.27 8402.67 8581.56 8390.99 8588.90 8387.87 8585.95 8363.63 8565.68 8376.07 8628.12 8357.87 8602.00 8336.96 8601.85 8323.99 8560.28 8310.75 8531.48 8355.75 8514.22 8377.38 8504.95 8399.68 8507.89 8380.25 8547.23
6 16596.71 9026.37 16552.41 9033.68 16526.78 9031.93 16548.79 8996.48 16548.21 8987.84 16609.80 8990.63
5 15274.38 16888.23 15305.57 16790.48 15316.72 16789.62 15314.10 16806.66 15329.01 16797.57
10 13991.55 15432.10 13983.35 15443.78 13969.80 15455.71 13961.62 15466.07 13965.53 15451.00 13959.87 15446.77 13928.50 15439.87 13958.43 15431.34 13959.21 15380.72 13993.92 15411.34
15 6514.21 6808.74 6494.78 6804.83 6488.61 6814.02 6496.50 6838.30 6465.19 6832.97 6462.38 6832.57 6450.61 6821.70 6466.09 6795.58 6435.34 6778.22 6451.36 6785.02 6466.59 6769.01 6468.02 6763.05 6479.39 6750.38 6480.07 6772.71 6506.93 6790.43
9 7990.29 17437.16 7959.02 17449.59 7921.95 17480.87 7921.13 17471.91 7931.35 17451.42 7909.64 17483.07 7922.97 17437.81 7931.63 17379.99 7984.20 17396.85
11 325.34 16665.95 307.05 16674.85 298.79 16667.99 296.56 16668.54 291.32 16709.84 290.88 16745.62 267.89 16738.71 227.59 16654.88 214.75 16648.93 237.03 16636.22 191.80 16620.27
8 12464.07 7322.81 12498.29 7376.85 12365.73 7355.80 12355.44 7328.78 12390.58 7295.33 12411.14 7258.69 12427.60 7218.70 12485.04 7248.89
11 10427.81 17807.99 10430.17 17821.42 10422.68 17827.83 10416.87 17810.43 10361.81 17844.12 10400.80 17800.98 10364.26 17821.42 10366.19 17759.30 10429.49 17740.40 10445.57 17715.09 10445.29 17759.78
13 12095.67 3449.46 12077.68 3446.47 12065.58 3447.85 12070.44 3459.52 12051.57 3458.63 12021.01 3452.85 12042.19 3404.64 12057.46 3427.07 12061.27 3430.05 12076.86 3418.68 12080.20 3422.54 12070.55 3437.30 12094.79 3434.79
6 12300.88 14070.47 12285.59 14070.40 12223.12 14111.85 12239.23 14048.84 12227.27 14018.91 12263.32 14014.33
5 2312.62 9267.99 2264.64 9219.47 2253.77 9192.27 2311.85 9184.83 2309.86 9187.62
11 12351.31 7607.30 12338.07 7602.01 12306.39 7630.82 12267.48 7609.14 12282.32 7591.67 12250.18 7565.85 12298.87 7567.86 12331.33 7527.53 12322.77 7566.24 12335.61 7570.31 12359.24 7575.89
12 687.67 15295.04 665.34 15324.26 652.88 15312.01 650.68 15318.08 636.67 15312.28 624.44 15323.97 614.48 15300.45 618.83 15289.43 626.83 15254.15 639.97 15261.44 654.91 15280.45 661.90 15287.86
11 17638.51 230.78 17623.23 270.49 17622.32 270.61 17609.03 270.51 17563.06 253.59 17553.15 242.33 17599.03 224.03 17634.28 157.65 17636.58 196.33 17647.35 200.23 17650.06 209.05
13 1528.80 11051.35 1537.20 11079.77 1511.59 11081.17 1506.69 11077.45 1495.37 11053.59 1489.08 11039.07 1503.47 11030.91 1495.63 11000.68 1513.59 11005.11 1517.10 11029.31 1516.71 11015.93 1551.75 11023.31 1550.37 11034.29
8 15072.47 1050.41 15076.19 1062.79 15078.47 1077.27 15057.51 1068.49 15043.51 1049.81 15057.90 1027.68 15065.84 1015.56 15068.36 1021.62
10 1018.29 7255.99 996.62 7266.54 982.24 7278.79 978.07 7258.22 985.84 7252.67 971.27 7245.27 998.70 7248.76 996.37 7232.41 1011.61 7217.62 1046.03 7244.13
6 15428.67 16581.35 15423.66 16600.29 15414.56 16594.82 15406.47 16613.93 15394.67 16584.68 15402.63 16580.86
12 13370.28 3839.32 13358.19 3820.47 13353.15 3810.78 13356.42 3798.07 13366.56 3785.71 13373.18 3770.47 13379.21 3778.45 13378.69 3741.39 13416.26 3765.59 13415.19 3771.32 13406.20 3786.88 13445.55 3793.44
14 16924.49 13281.46 16916.62 13288.70 16930.41 13296.99 16916.43 13301.26 16925.69 13322.22 16897.96 13312.96 16894.73 13296.21 16839.72 13252.81 16889.00 13220.05 16926.06 13221.47 16935.04 13221.98 16914.15 13268.48 16950.11 13264.43 16971.37 13257.60
5 2037.22 16883.41 2049.79 16907.26 2043.89 16941.62 1931.63 16856.54 2003.65 16826.95
15 5758.69 4834.11 5752.17 4865.38 5751.05 4866.05 5736.66 4876.74 5734.78 4876.69 5718.43 4878.87 5721.53 4846.52 5698.65 4844.59 5726.95 4821.61 5755.43 4803.63 5766.31 4782.85 5775.43 4790.56 5754.65 4817.11 5763.27 4815.64 5777.97 4824.01
7 6506.21 16898.97 6473.93 16916.01 6434.10 16892.96 6446.39 16873.16 6456.21 16877.97 6442.26 16841.93 6531.63 16849.80
14 15365.07 8853.63 15339.58 8863.76 15287.56 8864.11 15292.55 8851.88 15276.26 8845.78 15278.45 8835.24 15250.96 8816.22 15281.78 8816.11 15288.38 8782.24 15303.99 8772.79 15355.23 8801.72 15349.80 8842.13 15393.78 8839.13 15405.56 8846.95
6 14022.07 9412.09 14007.12 9438.28 13949.22 9416.68 13959.62 9356.84 14025.20 9328.24 14047.63 9327.34
13 17633.58 4743.49 17594.82 4741.43 17526.69 4760.95 17537.83 4745.97 17507.49 4738.71 17536.58 4725.03 17499.33 4664.82 17509.69 4670.82 17520.50 4653.71 17571.32 4708.58 17596.10 4686.25 17581.20 4703.94 17636.04 4699.57
12 15906.27 2373.28 15905.64 2381.32 15920.82 2411.20 15907.39 2421.99 15867.13 2403.82 15860.41 2445.74 15821.17 2431.17 15824.69 2426.82 15846.36 2391.30 15841.44 2381.31 15865.68 2347.29 15905.15 2355.04
9 11254.49 11746.93 11192.44 11789.11 11213.34 11761.32 11172.35 11727.26 11191.01 11678.69 11227.20 11719.20 11260.40 11735.18 11265.88 11736.90 11287.98 11737.25
8 1293.71 2710.37 1273.40 2753.52 1273.45 2691.68 1258.91 2619.76 1265.90 2627.17 1296.00 2653.40 1358.89 2654.02 1318.44 2672.27
13 2786.35 7936.16 2809.80 7958.06 2775.51 7944.50 2759.48 7977.45 2767.06 7946.42 2743.50 7947.38 2740.76 7948.55 2723.39 7924.72 2732.85 7902.89 2740.38 7897.21 2770.04 7881.16 2779.59 7904.52 2789.77 7892.51
13 12111.87 9757.75 12100.52 9776.08 12088.98 9780.58 12077.77 9790.35 12084.46 9758.35 12067.50 9746.48 12045.11 9725.20 12066.72 9717.65 12087.53 9722.37 12094.14 9722.51 12121.87 9699.65 12132.60 9704.29 12143.08 9728.00
7 1756.06 7455.29 1714.41 7437.09 1686.24 7445.94 1672.56 7440.23 1692.15 7354.14 1712.12 7348.38 1791.65 7341.23
14 5478.12 9595.70 5492.09 9612.71 5473.22 9609.91 5457.00 9633.45 5454.56 9656.32 5423.46 9615.42 5412.88 9610.05 5379.45 9587.69 5378.90 9587.12 5392.15 9583.35 5418.59 9583.99 5445.79 9533.61 5446.46 9570.87 5448.72 9570.16
14 14913.83 1275.37 14920.70 1285.69 14917.19 1289.40 14903.37 1282.59 14904.48 1301.27 14901.26 1293.12 14869.07 1283.40 14865.28 1250.37 14838.53 1239.60 14907.63 1242.17 14919.94 1240.36 14927.15 1243.45 14933.55 1245.04 14919.38 1249.20
9 14801.68 5554.80 14826.28 5591.61 14785.31 5570.15 14772.78 5601.94 14700.49 5560.64 14705.23 5530.08 14706.61 5524.50 14759.17 5542.02 14841.84 5541.20
7 3594.23 16568.27 3573.68 16573.04 3572.79 16599.14 3558.49 16622.72 3542.11 16621.00 3508.30 16574.54 3536.52 16554.85
13 6240.87 14889.29 6240.85 14893.41 6244.46 14901.26 6258.01 14915.70 6239.95 14934.16 6222.59 14893.52 6205.17 14905.36 6194.33 14893.58 6186.01 14872.17 6216.76 14863.00 6217.69 14851.33 6263.07 14853.27 6245.31 14869.89
12 8820.78 4604.67 8833.13 4615.28 8816.45 4611.56 8818.53 4617.02 8789.81 4610.60 8779.36 4626.95 8774.25 4611.40 8778.52 4598.36 8771.20 4546.59 8799.65 4564.19 8829.65 4576.43 8836.68 4594.23
7 7699.57 16812.90 7652.23 16799.25 7651.32 16795.60 7629.80 16782.02 7636.30 16737.51 7689.84 16738.13 7701.20 16744.59
8 3963.37 16139.47 3959.16 16188.28 3942.87 16167.38 3914.55 16119.93 3927.74 16076.71 3962.36 16069.40 4024.82 16107.70 4008.81 16122.34
8 10193.95 946.71 10174.94 932.33 10163.34 941.24 10173.38 915.43 10173.78 864.58 10212.48 879.70 10207.89 901.30 10232.61 890.89
5 2819.31 8769.99 2728.00 8749.66 2724.60 8738.39 2793.08 8741.31 2804.52 8721.46
5 7249.62 6680.45 7195.47 6703.74 7188.98 6656.33 7190.15 6645.33 7229.68 6632.27
9 8485.04 14982.82 8493.57 15012.28 8454.50 15018.91 8441.16 15007.95 8452.35 14957.49 8427.78 14937.47 8454.63 14913.15 8462.61 14930.13 8489.81 14950.99
11 14490.95 16237.08 14417.70 16280.42 14410.52 16270.50 14427.58 16247.58 14387.89 16264.38 14397.97 16234.21 14426.32 16180.75 14425.67 16171.65 14430.08 16190.00 14429.45 16181.01 14480.64 16233.08
12 8307.40 4458.94 8276.69 4455.28 8294.26 4502.70 8235.62 4472.35 8238.54 4453.43 8225.90 4409.47 8219.47 4403.59 8207.59 4376.99 8266.29 4422.82 8276.00 4423.97 8304.02 4421.40 8299.21 4431.61
11 17005.36 9686.32 16972.69 9665.71 16972.42 9674.74 16948.60 9694.22 16929.89 9644.40 16957.81 9643.65 16955.51 9642.37 16954.53 9611.62 16961.67 9609.70 16979.13 9639.02 17011.41 9619.06
6 11114.04 4349.28 11097.39 4344.50 11019.05 4339.19 11071.95 4282.06 11054.12 4252.50 11116.23 4241.58
10 11537.03 17647.00 11496.39 17686.98 11481.69 17662.35 11457.38 17677.07 11421.54 17699.18 11433.88 17664.24 11413.42 17639.55 11443.53 17564.12 11517.52 17577.81 11526.65 17612.82
9 13399.77 3447.30 13397.52 3523.01 13371.56 3470.07 13369.49 3478.84 13365.28 3471.67 13326.26 3430.05 13351.60 3410.07 13436.21 3425.79 13430.61 3444.45
13 7679.94 1790.64 7662.83 1811.19 7662.08 1803.02 7661.79 1821.69 7659.64 1806.16 7626.24 1807.00 7610.89 1797.09 7616.48 1786.90 7613.21 1773.84 7677.94 1759.88 7687.63 1748.30 7692.86 1765.49 7689.09 1776.39
8 17640.18 4408.91 17612.46 4439.79 17615.24 4417.35 17592.37 4389.68 17593.36 4377.42 17616.96 4372.87 17625.76 4365.69 17643.96 4389.83
15 1863.42 4353.89 1825.29 4382.15 1804.06 4362.27 1791.10 4354.72 1781.26 4342.17 1782.14 4334.73 1772.04 4325.32 1797.23 4336.31 1806.49 4300.30 1820.16 4294.21 1830.04 4305.13 1826.09 4323.30 1836.15 4315.36 1831.65 4328.79 1839.50 4325.92
14 7710.33 2592.98 7702.25 2595.51 7730.96 2608.34 7684.05 2620.82 7678.82 2616.56 7656.96 2623.33 7632.18 2616.36 7647.63 2570.84 7695.11 2537.50 7698.97 2553.29 7700.69 2561.79 7703.29 2580.11 7708.56 2590.41 7734.24 2589.15
5 13207.81 3939.10 13209.28 3947.11 13167.15 3971.49 13116.31 3938.10 13132.23 3929.52
11 5516.97 8272.89 5544.50 8296.91 5517.18 8280.54 5483.29 8309.90 5452.37 8288.85 5448.11 8254.97 5478.51 8238.25 5468.05 8216.94 5483.35 8218.95 5514.44 8246.00 5533.20 8235.64
11 3618.48 2984.09 3575.45 2988.13 3596.09 3011.54 3581.21 3023.22 3506.42 3008.15 3508.50 2988.20 3507.58 2963.19 3513.52 2957.44 3525.20 2938.64 3535.81 2943.30 3574.03 2900.95
10 1972.35 15492.93 1945.70 15502.38 1944.24 15517.38 1920.12 15547.88 1905.02 15515.06 1866.08 15501.43 1854.68 15494.11 1902.55 15458.49 1950.98 15433.96 1985.13 15473.06
13 5406.57 5798.13 5381.08 5801.68 5428.53 5828.03 5365.39 5813.57 5381.47 5875.64 5351.30 5836.35 5329.42 5858.41 5336.07 5830.60 5333.31 5787.45 5286.31 5752.93 5362.75 5774.13 5383.67 5762.03 5436.67 5763.72
9 9937.50 13926.75 9828.87 13945.06 9810.11 13920.61 9883.20 13907.18 9877.86 13828.35 9890.34 13867.54 9912.69 13897.72 9921.53 13886.66 9948.12 13867.25
14 7803.68 16056.72 7793.39 16050.87 7797.08 16061.55 7776.24 16046.13 7776.50 16048.26 7773.97 16044.08 7776.25 16063.47 7760.38 16063.14 7757.60 16051.61 7752.25 16055.19 7761.81 16036.00 7780.77 16020.26 7777.34 16025.48 7800.24 16017.76
5 896.75 3302.02 909.59 3260.68 942.43 3292.28 957.07 3255.43 987.69 3293.08
12 7611.24 1718.49 7592.95 1707.56 7575.89 1730.21 7554.91 1721.26 7549.01 1721.09 7557.63 1703.84 7568.09 1697.80 7535.63 1698.98 7555.85 1680.92 7597.25 1678.08 7602.65 1686.23 7614.21 1687.69
9 7347.33 15627.26 7309.28 15663.48 7280.90 15653.83 7268.31 15675.43 7254.60 15639.10 7239.82 15635.22 7248.33 15622.17 7284.34 15609.07 7301.23 15605.94
15 12089.94 14116.68 12082.60 14148.55 12068.10 14127.70 12049.21 14131.62 12042.28 14119.52 12017.80 14122.52 12021.00 14109.48 11995.76 14112.00 12024.79 14095.13 12008.32 14089.10 12038.56 14085.04 12043.90 14086.70 12049.75 14072.71 12087.94 14088.88 12082.88 14100.03
11 12204.38 17221.85 12188.08 17232.14 12158.74 17247.48 12159.27 17237.03 12159.76 17230.92 12131.76 17227.17 12125.92 17213.20 12147.89 17194.90 12156.91 17195.29 12184.76 17208.15 12197.78 17212.31
6 1586.50 13599.58 1542.15 13606.52 1526.92 13573.29 1557.25 13505.56 1573.57 13468.86 1616.42 13541.69
11 8483.72 8501.48 8474.72 8500.95 8405.83 8444.94 8362.10 8459.01 8358.25 8410.18 8408.10 8371.18 8433.66 8385.35 8478.05 8371.66 8486.70 8379.58 8448.47 8420.43 8475.13 8427.05
15 14704.93 9650.26 14663.92 9704.74 14640.67 9668.63 14616.01 9680.96 14601.98 9651.64 14612.70 9643.63 14599.15 9602.16 14628.42 9582.54 14643.95 9619.37 14649.77 9608.70 14661.63 9605.56 14683.74 9617.90 14678.97 9623.26 14684.77 9636.35 14675.98 9643.55
12 16932.11 3563.00 16913.61 3581.23 16860.00 3583.69 16874.77 3560.24 16850.67 3580.48 16844.48 3531.46 16850.80 3531.61 16843.48 3506.20 16860.96 3519.07 16872.90 3513.69 16876.20 3515.12 16881.02 3523.19
6 2487.18 15407.59 2497.72 15426.08 2462.19 15421.98 2432.92 15398.67 2462.10 15354.45 2491.70 15359.56
8 1213.82 9339.46 1226.34 9345.53 1183.63 9353.94 1188.65 9342.36 1181.82 9343.82 1166.80 9320.88 1216.59 9318.78 1238.74 9333.00
10 17604.46 2362.66 17564.26 2378.61 17559.67 2378.94 17555.36 2352.27 17564.07 2344.99 17562.11 2330.25 17601.59 2320.34 17613.15 2315.76 17618.34 2323.76 17627.34 2328.46
5 5776.07 1758.22 5730.74 1738.68 5759.06 1727.97 5812.48 1695.97 5828.86 1709.70
8 15647.57 7440.89 15643.99 7450.71 15588.04 7457.21 15615.26 7436.91 15597.69 7423.40 15626.12 7416.27 15639.30 7414.87 15665.17 7426.53
12 915.28 11004.48 926.27 11031.97 919.69 11028.17 898.13 11038.41 897.54 11003.75 881.76 11012.55 882.44 10994.36 893.57 10989.49 894.04 10978.60 926.24 10967.62 921.30 10984.25 947.46 10991.33
12 9664.55 12852.49 9633.95 12849.02 9561.82 12877.78 9565.17 12866.14 9559.16 12868.94 9586.19 12849.74 9586.99 12846.27 9534.50 12847.41 9601.02 12790.53 9649.48 12808.49 9640.70 12817.24 9677.13 12826.13
13 4350.71 3053.22 4321.28 3043.54 4337.08 3061.78 4320.69 3049.24 4301.52 3035.62 4295.18 3019.00 4299.19 3013.10 4317.77 2999.91 4324.34 3004.33 4315.96 3027.86 4329.28 3011.88 4338.64 3023.11 4343.39 3030.91
8 8059.03 9723.31 8050.49 9736.13 7998.04 9759.80 7969.80 9723.89 7933.82 9709.24 7928.78 9653.70 7994.52 9693.57 8007.33 9692.11
13 11428.04 11767.59 11409.04 11761.37 11351.49 11759.87 11352.99 11743.80 11347.38 11741.71 11327.01 11684.56 11367.69 11690.11 11372.45 11711.98 11378.85 11688.99 11405.37 11679.49 11383.78 11713.75 11429.11 11723.94 11398.51 11726.73
6 7621.28 14818.57 7599.74 14801.07 7607.87 14790.05 7590.52 14757.27 7626.55 14780.77 7639.24 14772.99
15 9912.64 16315.82 9910.01 16320.98 9887.76 16347.74 9886.45 16355.20 9870.42 16327.88 9849.44 16327.61 9837.26 16299.89 9841.99 16297.05 9850.98 16289.10 9872.15 16305.27 9862.22 16283.77 9886.62 16285.00 9885.82 16303.18 9901.96 16312.03 9909.20 16312.14
13 10071.16 13637.20 10063.52 13684.16 10033.30 13672.79 10004.24 13672.27 9987.54 13655.73 9995.15 13615.02 10009.91 13609.14 10057.14 13549.37 10063.74 13565.03 10062.05 13600.89 10087.92 13588.60 10115.01 13593.90 10117.14 13621.68
10 2312.86 17210.67 2270.50 17251.01 2292.57 17205.93 2244.71 17223.55 2288.05 17186.47 2265.00 17183.59 2282.48 17159.96 2296.56 17114.44 2345.00 17134.19 2335.07 17156.17
12 5534.33 3522.02 5536.27 3524.36 5508.04 3549.05 5503.92 3538.88 5506.28 3526.20 5495.19 3505.75 5470.01 3490.18 5493.87 3480.43 5533.93 3456.13 5531.98 3473.37 5554.83 3468.84 5556.33 3490.57
6 8846.88 17288.91 8799.94 17300.69 8764.24 17307.58 8719.65 17284.32 8754.19 17280.70 8862.96 17255.23
13 5426.33 15477.92 5417.21 15470.57 5393.95 15468.65 5393.15 15508.57 5351.57 15450.93 5359.13 15442.85 5334.09 15429.40 5347.71 15425.25 5340.54 15402.30 5383.91 15432.29 5361.46 15395.78 5400.42 15420.34 5414.99 15400.76
13 1876.80 9860.65 1867.80 9883.90 1812.92 9844.62 1800.97 9849.11 1800.66 9815.79 1812.63 9819.00 1804.56 9766.36 1825.10 9803.06 1825.52 9779.08 1826.00 9779.59 1860.05 9782.96 1901.04 9795.14 1886.26 9835.18
13 11843.56 15268.31 11823.97 15339.06 11802.63 15282.18 11793.50 15279.07 11803.90 15271.36 11794.70 15262.69 11788.90 15227.22 11814.59 15246.86 11809.63 15217.54 11820.59 15241.02 11828.53 15234.36 11834.09 15221.73 11849.98 15250.16
9 14584.97 2696.08 14514.45 2701.62 14498.99 2708.27 14487.74 2667.03 14481.87 2665.46 14487.25 2662.10 14485.01 2642.95 14487.20 2636.15 14552.16 2617.26
5 3008.22 11620.16 3079.87 11602.97 3097.26 11563.19 3100.41 11609.40 3135.65 11613.39
7 7899.86 1711.15 7797.28 1718.20 7835.73 1663.94 7831.11 1646.66 7844.51 1653.10 7847.35 1660.99 7883.15 1618.91
7 7718.36 11185.40 7646.78 11171.84 7643.32 11154.47 7665.93 11131.39 7636.36 11105.47 7638.12 11105.14 7684.56 11102.26
7 5983.80 6934.41 5999.45 6952.29 5994.50 6963.15 5937.86 6943.62 5905.48 6981.66 5938.39 6849.85 6018.25 6919.61
8 14269.93 5378.02 14248.33 5383.81 14233.02 5376.04 14228.53 5372.10 14212.79 5365.39 14213.59 5357.98 14198.95 5333.13 14204.75 5321.52
9 3156.06 12206.64 3152.89 12199.25 3064.48 12148.79 3097.88 12135.45 3084.40 12085.93 3096.98 12096.11 3112.30 12066.83 3200.71 12101.75 3195.07 12121.31
13 13309.45 11042.49 13253.60 11041.12 13266.15 11044.70 13276.06 11049.33 13295.21 11060.15 13263.62 11081.83 13260.18 11108.14 13250.02 11085.13 13206.56 11074.30 13145.37 11061.65 13228.70 10945.75 13282.88 10976.07 13277.42 11026.36
6 2864.35 11404.68 2836.64 11407.36 2810.14 11453.01 2793.34 11395.53 2789.95 11393.55 2791.37 11380.80
8 6510.94 17296.29 6513.92 17302.03 6474.77 17261.38 6469.28 17246.94 6461.77 17222.53 6488.69 17224.77 6487.85 17247.60 6500.38 17234.00
13 13739.08 9142.06 13748.40 9149.52 13736.57 9176.23 13708.68 9171.48 13688.55 9195.81 13689.51 9177.16 13633.58 9143.84 13657.00 9138.08 13654.86 9115.24 13670.15 9089.03 13682.51 9107.38 13694.21 9117.71 13745.47 9102.96
13 14971.94 5226.32 14937.45 5238.32 14929.84 5251.50 14900.70 5245.24 14913.02 5226.34 14877.61 5224.84 14883.65 5200.40 14918.80 5211.32 14918.43 5170.57 14923.13 5188.71 14931.02 5185.14 14955.00 5189.17 14939.62 5211.25
11 10958.17 12194.31 10949.25 12198.13 10947.95 12207.13 10948.72 12215.33 10917.09 12229.76 10900.10 12196.87 10895.00 12190.80 10885.66 12193.13 10904.57 12145.48 10932.16 12153.73 10951.02 12157.90
5 14946.60 1151.66 14882.80 1123.01 14916.22 1094.88 14934.51 1085.55 14951.45 1092.74
13 234.38 9878.26 215.31 9868.43 202.56 9866.01 218.25 9886.34 186.08 9849.42 155.11 9889.99 120.10 9889.06 121.69 9883.73 154.37 9812.16 170.60 9810.20 168.22 9761.80 186.34 9758.75 182.84 9816.58
7 8874.08 7274.37 8809.98 7251.71 8825.42 7217.59 8844.95 7205.05 8877.85 7206.28 8868.97 7228.86 8899.12 7201.55
14 8241.85 6295.66 8229.16 6327.20 8181.42 6292.41 8203.95 6328.68 8179.45 6290.66 8175.36 6312.31 8173.31 6315.45 8117.41 6313.78 8170.00 6243.66 8196.42 6247.12 8185.32 6264.72 8227.07 6255.71 8232.56 6263.36 8229.80 6266.99
7 8411.56 10302.42 8377.09 10311.83 8367.53 10313.85 8352.99 10301.77 8347.70 10239.28 8366.89 10248.85 8369.03 10259.81
13 8523.41 3166.39 8497.93 3167.23 8510.30 3182.49 8484.51 3190.38 8448.49 3179.65 8473.36 3165.26 8481.86 3149.08 8486.34 3134.63 8500.82 3130.07 8497.68 3149.20 8502.53 3151.52 8513.28 3149.91 8511.16 3154.26
9 1132.77 3756.27 1140.70 3784.57 1132.31 3791.00 1111.03 3765.28 1106.78 3765.52 1081.50 3783.42 1097.91 3754.34 1114.37 3721.02 1129.50 3710.41
10 8806.43 15222.12 8781.69 15226.83 8780.09 15261.58 8774.81 15248.47 8733.26 15253.42 8727.50 15215.59 8756.02 15171.26 8779.60 15190.39 8777.60 15203.19 8803.96 15210.30
11 4307.61 17007.62 4296.89 17036.26 4275.14 17024.73 4294.97 16982.61 4260.29 16964.94 4269.75 16957.96 4313.88 16953.23 4329.24 16966.85 4321.23 16975.63 4334.08 16970.69 4324.17 16978.28
11 15848.39 17788.02 15873.87 17804.97 15839.74 17790.66 15837.48 17792.53 15833.95 17823.89 15813.13 17795.64 15812.90 17795.71 15846.30 17739.11 15836.49 17767.74 15837.84 17764.84 15836.43 17768.63
6 16623.97 13924.06 16581.15 13945.40 16555.56 13920.85 16532.92 13895.10 16536.32 13879.18 16595.41 13876.73
14 3297.62 15342.18 3306.27 15351.04 3256.77 15344.13 3244.35 15361.36 3243.61 15363.72 3242.04 15344.33 3236.10 15350.77 3223.70 15358.27 3178.20 15334.66 3240.34 15302.13 3269.26 15291.25 3279.19 15315.13 3277.00 15317.40 3294.95 15326.32
10 5624.78 17438.23 5609.17 17436.54 5598.26 17424.66 5577.57 17430.74 5571.35 17426.37 5583.34 17420.13 5590.85 17418.26 5572.85 17383.09 5601.52 17403.97 5658.46 17411.96
15 7172.35 12235.37 7184.59 12257.23 7173.85 12249.05 7177.82 12259.14 7167.90 12271.62 7156.16 12258.42 7155.76 12257.21 7130.31 12269.52 7125.79 12254.13 7115.59 12240.51 7128.09 12215.61 7151.41 12228.24 7148.11 12221.38 7173.00 12211.59 7176.25 12207.88
11 4699.81 14937.16 4675.08 14967.83 4674.39 14968.12 4644.53 14968.85 4615.55 14970.71 4651.68 14914.09 4649.16 14871.53 4661.34 14906.57 4664.00 14863.04 4694.19 14891.76 4711.24 14911.01
6 5930.04 11063.88 5910.30 11031.84 5875.66 11036.56 5890.56 10980.59 5916.23 10971.49 5940.06 10970.03
11 4097.25 10352.42 4008.05 10337.26 3958.87 10362.24 3961.86 10356.53 3993.65 10329.11 3939.41 10315.03 3978.12 10301.05 3991.48 10297.33 4052.47 10259.09 4034.20 10307.01 4065.30 10279.51
15 7918.94 6277.70 7903.62 6273.21 7948.43 6291.46 7898.85 6281.65 7832.39 6321.97 7839.68 6298.08 7828.53 6283.68 7788.59 6290.77 7814.35 6227.30 7851.98 6232.86 7863.58 6238.48 7855.46 6196.57 7888.43 6203.19 7959.22 6249.35 7908.34 6262.90
13 17763.10 9907.08 17750.92 9913.44 17757.72 9940.50 17723.44 9914.07 17713.74 9923.83 17687.94 9929.64 17686.67 9915.70 17716.34 9822.34 17734.88 9867.33 17736.42 9852.06 17762.45 9828.69 17787.05 9868.39 17798.99 9881.73
9 2136.71 6877.40 2134.49 6853.28 2115.74 6850.30 2124.31 6812.27 2148.55 6782.03 2161.62 6761.03 2154.76 6806.75 2171.19 6808.77 2180.54 6805.70
13 3977.99 12697.18 3939.24 12698.43 3924.97 12741.88 3920.95 12728.52 3919.74 12704.09 3918.62 12684.66 3891.04 12690.94 3921.38 12673.89 3905.50 12623.97 3946.61 12624.01 3943.19 12658.60 3961.31 12629.30 3976.50 12669.61
15 1234.09 6664.59 1215.92 6663.48 1218.04 6670.48 1198.87 6649.13 1176.35 6669.17 1176.04 6661.75 1168.50 6654.22 1167.11 6653.49 1178.16 6643.45 1164.58 6644.25 1158.64 6641.88 1156.73 6629.08 1159.80 6626.29 1231.43 6608.54 1223.72 6623.34
8 13293.77 7305.53 13203.16 7351.17 13183.54 7302.38 13236.45 7281.14 13234.04 7233.50 13248.44 7251.28 13303.54 7266.76 13335.44 7252.96
11 15331.55 12522.30 15316.66 12518.21 15349.55 12539.52 15330.36 12545.88 15294.94 12548.64 15239.05 12508.85 15266.69 12431.80 15300.89 12463.89 15300.14 12477.49 15340.76 12462.39 15313.73 12484.55
5 6225.03 8031.12 6217.88 7985.23 6215.11 7969.14 6288.86 7991.45 6254.16 8011.27
13 4265.64 12383.70 4275.09 12387.06 4228.74 12405.51 4235.35 12388.20 4200.05 12398.86 4204.50 12396.05 4216.67 12389.55 4201.21 12353.18 4230.51 12369.13 4208.24 12344.29 4232.24 12360.87 4225.87 12343.46 4265.60 12335.99
7 7949.42 3566.07 7937.90 3566.91 7931.88 3568.92 7903.62 3562.15 7913.44 3507.60 7929.36 3532.09 7934.44 3541.67
9 14424.73 8541.03 14404.96 8544.51 14349.52 8559.95 14323.77 8530.60 14338.30 8530.25 14349.70 8531.85 14354.18 8509.54 14375.95 8490.87 14407.48 8528.38
9 8096.97 7486.19 8083.73 7515.20 8050.93 7523.47 8025.10 7479.72 8027.30 7463.16 8039.28 7462.03 8041.97 7468.18 8072.82 7449.90 8099.42 7469.63
10 8046.13 7759.85 8063.73 7764.42 8052.68 7796.32 8039.83 7783.91 8039.68 7787.31 8017.26 7788.62 8019.66 7751.95 8042.94 7751.19 8064.79 7737.44 8067.45 7735.66
7 2144.55 4770.92 2141.82 4774.05 2145.26 4778.85 2105.00 4795.18 2089.68 4791.72 2077.01 4795.96 2075.94 4740.14
5 524.80 11364.55 461.61 11322.47 465.82 11297.37 487.95 11273.09 545.19 11299.38
5 2702.22 17892.46 2682.17 17892.12 2681.71 17879.26 2641.13 17885.91 2674.34 17840.21
12 14836.91 11091.06 14803.67 11060.45 14782.10 11121.37 14785.03 11053.42 14766.84 11042.41 14782.45 11006.86 14824.17 10972.69 14821.46 10981.82 14814.28 11011.47 14828.66 11016.29 14859.00 11006.53 14834.37 11033.01
15 13692.33 5027.05 13641.39 5031.52 13652.88 5043.91 13651.43 5054.34 13631.73 5030.05 13636.43 5041.93 13590.53 4988.83 13580.24 4957.44 13601.60 4963.29 13647.52 4984.59 13643.60 4992.10 13638.81 4998.71 13671.63 4990.98 13666.91 4995.41 13686.65 4997.40
13 1178.60 12269.13 1160.73 12291.14 1153.54 12262.74 1126.06 12282.80 1135.90 12270.73 1133.89 12267.79 1143.39 12256.52 1124.10 12262.04 1143.36 12243.52 1152.95 12209.18 1156.51 12223.51 1164.63 12238.35 1172.43 12244.21
8 3837.80 12564.94 3812.63 12596.04 3787.45 12567.92 3774.65 12576.19 3786.94 12551.71 3767.82 12524.50 3789.65 12553.11 3797.69 12551.45
13 16554.79 1085.10 16554.00 1096.18 16544.44 1093.30 16544.33 1135.16 16510.13 1090.84 16503.79 1095.16 16469.63 1097.95 16493.71 1086.23 16476.54 1080.61 16491.23 1028.85 16519.95 1032.03 16520.75 1043.74 16534.03 1076.77
7 15287.48 15072.68 15300.86 15080.83 15262.32 15089.85 15253.55 15037.20 15272.71 15016.12 15269.16 15047.64 15275.28 15067.68
11 1074.28 5317.08 1046.57 5309.47 1027.18 5316.75 1033.22 5290.77 1007.11 5276.16 1035.36 5266.51 1042.88 5268.11 1047.63 5255.04 1048.86 5268.75 1070.92 5285.88 1071.82 5287.27
13 17593.12 8613.77 17576.78 8654.95 17558.05 8629.56 17556.18 8650.52 17527.82 8598.66 17452.96 8579.39 17487.88 8569.08 17475.01 8518.39 17527.62 8555.70 17535.94 8491.47 17566.43 8530.75 17575.81 8553.11 17596.17 8546.44
10 648.37 17795.12 677.77 17830.07 644.20 17829.60 646.12 17860.34 568.00 17750.30 592.12 17766.87 596.65 17738.23 617.46 17769.23 641.33 17724.41 639.14 17782.66
5 2363.28 5323.18 2332.58 5347.09 2333.69 5303.37 2339.94 5311.27 2356.51 5306.81
7 15512.07 10329.62 15433.66 10316.74 15411.44 10319.10 15434.38 10231.46 15489.00 10264.34 15500.92 10266.21 15522.94 10268.85
8 16273.29 3071.38 16273.34 3080.72 16263.55 3086.01 16262.36 3082.04 16223.61 3050.63 16255.89 3023.98 16277.50 3033.60 16279.07 3056.84
15 15429.45 7451.19 15410.27 7451.16 15415.31 7472.46 15416.98 7479.05 15405.74 7459.06 15374.67 7463.79 15391.04 7437.83 15388.67 7434.16 15374.41 7412.36 15399.78 7395.95 15405.27 7422.35 15408.00 7419.88 15413.80 7408.44 15407.55 7425.51 15424.43 7433.67
11 5259.75 4183.75 5244.81 4197.22 5238.18 4213.69 5244.64 4191.99 5244.29 4185.53 5217.61 4163.30 5223.61 4153.10 5236.38 4145.39 5262.63 4153.45 5265.84 4168.42 5292.24 4156.26
8 11244.97 12677.43 11211.60 12741.86 11197.73 12697.78 11132.69 12641.51 11186.36 12655.08 11204.62 12593.40 11226.51 12598.60 11226.08 12657.66
12 7567.03 6719.43 7574.44 6749.32 7554.25 6745.92 7509.64 6731.02 7499.97 6717.01 7519.13 6710.36 7539.74 6692.36 7537.65 6689.29 7557.95 6645.79 7566.82 6652.93 7566.19 6673.73 7584.86 6699.03
14 3585.29 12183.50 3595.64 12207.21 3561.19 12218.35 3557.58 12187.70 3536.45 12208.47 3548.79 12186.20 3560.59 12158.83 3565.00 12153.18 3566.09 12132.71 3587.98 12154.68 3574.43 12168.62 3606.64 12151.12 3596.75 12158.68 3599.82 12173.33
13 6728.71 5327.73 6751.67 5343.67 6736.41 5338.41 6714.15 5349.13 6700.27 5331.60 6699.58 5357.28 6692.91 5367.93 6688.64 5342.55 6654.26 5316.14 6674.71 5312.30 6762.27 5259.92 6720.76 5306.37 6733.80 5308.64
13 807.17 17619.53 774.07 17629.42 767.18 17626.67 785.72 17679.27 756.79 17681.60 737.35 17623.23 724.98 17631.53 670.07 17598.88 736.44 17595.89 710.26 17564.78 783.87 17556.51 810.14 17589.34 829.72 17591.26
12 12974.82 4542.60 12969.64 4551.48 12907.11 4576.86 12896.24 4575.96 12876.56 4571.96 12827.87 4567.79 12834.18 4457.88 12852.51 4477.03 12936.15 4461.10 12921.34 4509.79 12916.05 4516.47 12954.09 4503.17
11 12383.42 4923.84 12363.93 4920.59 12352.89 4906.46 12331.37 4908.25 12304.84 4881.14 12304.94 4877.85 12302.53 4834.38 12324.02 4831.78 12332.88 4855.07 12338.93 4821.84 12353.27 4856.94
7 4322.26 16742.60 4307.71 16770.22 4275.88 16757.33 4290.24 16714.59 4304.68 16718.07 4337.02 16728.05 4332.81 16730.93
5 3510.13 4079.18 3526.95 4116.18 3438.18 4141.52 3449.58 4078.79 3459.08 4025.47
11 10993.67 11474.19 11019.05 11487.87 11016.36 11506.16 10997.23 11497.27 10993.92 11518.21 10972.16 11478.76 10937.30 11448.91 10977.20 11442.17 10995.18 11431.72 11018.63 11451.26 10992.57 11466.01
6 7292.72 6111.16 7264.56 6134.39 7249.94 6112.26 7220.87 6107.67 7190.28 6048.25 7234.98 6068.52
10 1448.52 11807.62 1329.76 11804.82 1310.48 11779.72 1358.32 11714.66 1403.74 11726.30 1463.13 11754.97 1447.23 11763.94 1425.19 11768.36 1463.50 11768.95 1455.23 11770.74
5 3578.46 1886.02 3549.93 1919.14 3515.16 1854.71 3534.03 1826.00 3634.39 1839.87
12 14882.32 13041.59 14909.72 13050.05 14906.02 13096.12 14876.28 13109.52 14845.25 13121.66 14825.23 13092.02 14800.50 13081.21 14818.10 13053.40 14779.67 13079.61 14830.22 13011.13 14852.75 12976.53 14910.86 12986.49
13 4064.20 3589.24 4055.09 3591.66 4022.55 3620.40 4020.74 3618.98 3989.04 3613.56 4007.89 3574.30 4019.38 3559.57 4020.39 3560.59 4027.38 3560.87 4028.29 3535.97 4047.92 3545.86 4058.25 3562.14 4061.90 3580.63
12 7133.28 15753.57 7137.31 15768.93 7108.56 15752.38 7120.85 15761.46 7129.51 15770.94 7095.73 15771.16 7039.18 15760.89 7047.64 15749.48 7036.77 15736.46 7054.22 15732.72 7054.51 15702.80 7131.49 15703.30
10 8941.02 13334.50 8964.39 13340.94 8929.28 13368.55 8915.23 13352.24 8897.18 13367.16 8907.29 13331.89 8915.62 13278.41 8919.20 13300.99 8941.27 13298.75 8950.06 13330.63
10 5761.87 7976.80 5778.27 8001.01 5746.41 7983.44 5723.38 8046.41 5723.71 8024.30 5708.79 7987.02 5712.79 7982.23 5685.12 7976.84 5673.09 7933.00 5691.66 7934.53
14 10147.31 16923.24 10135.41 16871.05 10103.29 16893.09 10101.18 16893.82 10097.52 16828.27 10115.14 16840.53 10107.92 16829.17 10109.28 16827.96 10096.35 16800.99 10132.10 16834.75 10145.35 16844.05 10180.05 16823.52 10149.04 16851.18 10198.44 16847.97
12 3419.61 12126.54 3420.01 12136.75 3410.53 12133.25 3410.53 12133.97 3399.89 12128.55 3386.38 12133.57 3384.98 12132.77 3381.94 12128.40 3383.25 12096.48 3403.16 12112.54 3410.88 12111.40 3406.56 12116.18
8 13383.12 9835.34 13399.66 9850.97 13417.07 9891.43 13346.83 9846.75 13293.36 9787.01 13345.13 9810.33 13392.88 9736.33 13415.34 9776.32
7 614.49 6660.27 611.01 6648.56 611.91 6633.62 586.10 6604.38 617.85 6583.64 634.39 6595.51 639.06 6623.01
11 10030.19 15120.46 10020.39 15123.70 9997.48 15124.11 10000.09 15117.33 9972.26 15123.25 9965.75 15092.74 9972.79 15080.85 10001.72 15075.94 10068.44 15089.14 10034.47 15104.78 10076.60 15108.37
13 11679.69 13384.60 11677.27 13425.85 11662.59 13387.26 11611.39 13366.55 11635.37 13334.77 11642.82 13344.31 11675.14 13351.51 11693.99 13349.27 11707.52 13348.81 11691.40 13361.01 11687.33 13364.55 11691.58 13363.77 11707.00 13368.95
6 7494.84 1719.01 7489.94 1734.78 7413.54 1707.44 7484.85 1595.01 7496.58 1599.81 7485.91 1653.76
6 13707.17 5197.75 13710.64 5251.64 13676.75 5253.96 13656.92 5188.65 13699.41 5132.55 13701.15 5189.64
10 9786.51 1534.31 9751.89 1509.05 9751.81 1563.98 9729.80 1502.06 9671.14 1534.86 9667.18 1525.72 9735.97 1460.89 9727.37 1431.53 9786.61 1450.90 9809.80 1472.50
14 13681.79 10141.17 13668.95 10147.87 13649.05 10163.85 13645.35 10182.16 13629.95 10148.55 13632.09 10199.72 13624.19 10156.38 13613.19 10182.93 13575.81 10144.08 13563.56 10128.80 13585.95 10092.28 13646.71 10074.91 13659.38 10103.56 13667.92 10111.08
12 13715.62 8571.80 13679.07 8559.46 13691.12 8596.20 13660.43 8628.15 13598.20 8601.62 13628.10 8570.46 13602.37 8499.34 13644.97 8490.04 13654.00 8516.11 13658.13 8496.79 13662.82 8501.74 13682.60 8524.85
11 14200.59 10998.68 14189.47 11019.34 14147.28 11028.85 14131.66 11008.29 14135.60 10996.88 14124.79 10955.81 14162.17 10939.48 14179.63 10958.36 14190.51 10956.61 14191.63 10961.58 14195.48 10963.60
5 9466.74 5406.40 9423.57 5434.74 9401.28 5436.63 9393.33 5428.99 9412.52 5369.68
10 16708.55 5752.15 16707.39 5797.07 16674.78 5774.96 16655.69 5774.42 16639.29 5797.44 16599.06 5763.92 16641.47 5735.61 16640.26 5726.20 16596.48 5701.48 16694.86 5659.43
10 6218.76 10340.41 6209.12 10337.33 6200.27 10336.45 6159.40 10344.11 6157.53 10310.15 6119.15 10296.46 6157.21 10306.51 6157.04 10294.09 6173.81 10271.41 6191.45 10266.01
13 10630.31 7616.27 10630.27 7632.57 10614.99 7614.87 10606.40 7648.98 10568.38 7587.57 10556.70 7599.46 10536.02 7567.77 10566.64 7559.97 10519.88 7550.96 10528.53 7548.68 10551.64 7534.75 10555.80 7501.26 10650.49 7539.67
6 4625.51 15653.97 4556.56 15691.61 4542.51 15654.56 4551.76 15625.54 4574.95 15619.82 4611.49 15626.98
9 9450.98 7555.62 9442.85 7577.74 9411.83 7587.69 9371.77 7598.11 9370.09 7530.72 9365.32 7518.53 9376.82 7505.99 9385.83 7471.54 9421.50 7533.88
6 17210.54 3838.78 17187.72 3817.38 17151.53 3781.65 17209.29 3801.48 17210.00 3767.54 17286.12 3749.25
14 7723.32 7556.44 7679.95 7593.04 7684.82 7552.34 7653.81 7586.11 7655.42 7567.89 7653.58 7556.13 7641.64 7486.81 7670.47 7486.77 7689.42 7492.86 7690.72 7499.30 7701.59 7472.37 7733.61 7499.74 7718.66 7513.80 7752.81 7517.93
15 279.16 13004.90 297.90 13013.40 273.57 13012.44 272.29 13016.86 279.00 13039.37 246.01 13052.95 221.54 13029.34 210.45 13037.52 180.97 13018.45 207.65 12997.51 211.48 12978.77 171.00 12952.89 216.47 12973.45 223.46 12905.48 307.00 12969.08
8 6349.58 525.74 6322.98 516.22 6299.60 544.48 6234.31 538.38 6207.93 487.86 6267.40 485.04 6285.13 476.67 6293.78 476.20
13 16517.96 12074.25 16547.42 12106.00 16507.81 12097.70 16509.41 12144.79 16508.62 12147.64 16492.65 12127.91 16475.66 12124.79 16455.67 12140.05 16478.03 12095.24 16492.38 12026.39 16531.63 12002.34 16521.97 12046.86 16542.27 12066.23
13 346.23 11701.20 348.38 11706.48 332.89 11718.74 328.73 11718.93 323.89 11717.00 322.57 11728.47 311.46 11730.94 294.95 11720.08 307.39 11687.83 304.64 11679.87 313.69 11690.19 319.05 11690.60 336.11 11687.87
12 17263.13 7682.95 17256.68 7666.84 17253.43 7664.45 17241.16 7650.01 17219.36 7656.54 17224.82 7648.36 17226.84 7610.14 17243.81 7611.48 17249.88 7602.57 17253.22 7619.31 17257.26 7624.55 17281.65 7622.23
12 9426.74 15631.39 9414.19 15620.83 9396.33 15571.07 9379.42 15547.82 9343.95 15547.69 9360.40 15517.21 9363.95 15503.80 9420.31 15468.46 9428.81 15519.79 9426.76 15537.46 9432.25 15541.71 9429.64 15542.77
11 3853.16 14308.21 3879.01 14271.65 3827.94 14251.45 3880.61 14259.11 3832.38 14240.48 3915.56 14231.67 3914.22 14246.31 3940.31 14200.69 3983.90 14229.82 3973.50 14236.30 3932.60 14256.14
5 4956.36 210.83 4898.34 225.78 4871.79 161.07 4902.29 149.80 4938.18 160.50
6 3978.38 1890.58 3973.75 1935.76 3964.92 1912.69 3936.14 1951.18 3949.08 1874.07 3992.95 1877.19
5 14462.67 13562.83 14425.87 13574.87 14413.97 13556.82 14382.67 13526.56 14450.26 13525.24
15 12711.99 9885.29 12726.24 9932.50 12731.58 9953.70 12692.06 9897.90 12685.87 9928.42 12649.30 9943.54 12651.33 9909.84 12660.47 9887.84 12611.32 9867.71 12650.78 9866.49 12669.01 9817.74 12674.77 9825.61 12715.96 9816.97 12735.07 9824.78 12715.50 9877.97
11 14475.34 11118.37 14432.14 11153.06 14427.70 11107.89 14414.23 11110.75 14384.20 11119.31 14417.08 11063.05 14425.03 11037.40 14441.59 11061.93 14445.80 11038.02 14456.05 11057.28 14470.88 11097.15
13 6985.99 14924.16 6967.68 14928.36 6964.01 14961.79 6938.42 14952.37 6925.64 14974.09 6918.52 14981.72 6931.63 14949.50 6910.61 14962.38 6921.66 14943.90 6885.49 14891.46 6883.29 14883.63 6913.77 14890.44 6924.12 14863.04
9 7626.01 15387.95 7651.76 15415.14 7621.61 15456.02 7607.72 15418.43 7562.38 15443.48 7590.03 15396.66 7556.44 15333.83 7562.35 15337.97 7618.18 15367.28
15 2892.01 11911.88 2877.88 11940.95 2877.58 11946.66 2868.81 11927.50 2857.03 11929.98 2859.27 11916.96 2810.73 11909.99 2847.55 11888.29 2824.61 11842.56 2852.57 11863.96 2861.71 11855.01 2885.88 11836.29 2874.01 11882.83 2885.29 11873.48 2887.44 11894.08
9 7939.66 4674.31 7921.25 4716.66 7892.31 4733.36 7892.60 4683.92 7835.07 4618.49 7882.97 4636.13 7861.17 4599.78 7881.25 4601.12 7896.08 4630.32
5 8249.99 9095.99 8248.50 9118.20 8236.85 9111.24 8221.69 9118.90 8253.16 9083.45
6 12243.12 11068.30 12235.92 11065.86 12218.31 11081.86 12213.00 11071.44 12223.44 11040.14 12227.25 11015.35
10 15609.21 9415.44 15593.54 9413.60 15586.40 9431.35 15587.01 9442.54 15550.62 9458.29 15560.84 9412.56 15556.57 9405.76 15551.80 9393.80 15563.46 9388.46 15576.63 9390.24
15 2191.94 11615.01 2137.06 11635.30 2115.50 11665.34 2113.12 11660.35 2122.08 11633.49 2093.96 11665.43 2123.81 11625.27 2105.23 11642.71 2115.08 11625.52 2114.80 11602.03 2119.02 11586.35 2092.95 11562.43 2151.14 11531.05 2159.11 11562.65 2211.26 11567.90
5 17525.97 3023.60 17484.53 3077.00 17455.36 3035.29 17474.92 3000.27 17453.15 2980.01
7 6530.75 7994.41 6507.31 7993.05 6501.15 7987.59 6464.41 7992.09 6462.50 7979.80 6479.20 7964.05 6507.27 7950.55
9 8843.92 4862.14 8862.78 4850.25 8866.10 4843.44 8859.96 4831.71 8884.64 4829.12 8894.50 4805.34 8887.17 4827.86 8887.63 4829.47 8913.07 4839.75
15 9826.87 6214.73 9841.37 6230.09 9801.05 6216.14 9808.79 6222.62 9827.90 6263.18 9764.35 6240.13 9767.27 6224.27 9761.39 6217.58 9750.94 6212.23 9752.87 6203.27 9737.18 6184.11 9745.76 6178.07 9833.31 6172.76 9846.17 6195.18 9838.70 6198.37
6 17305.51 1513.12 17309.02 1549.75 17253.30 1524.59 17265.23 1470.61 17257.71 1444.13 17262.59 1442.32
5 10960.43 2975.38 10952.83 2964.81 10926.65 2953.74 10963.49 2944.38 11025.37 2949.38
13 16783.03 2352.77 16795.71 2375.24 16791.06 2373.79 16797.77 2383.27 16774.93 2374.56 16766.98 2373.63 16755.61 2386.13 16741.40 2338.54 16723.49 2324.54 16757.60 2335.34 16752.75 2316.41 16758.22 2327.98 16795.13 2336.21
15 7826.74 16817.45 7816.65 16832.60 7779.54 16814.24 7753.58 16850.21 7753.78 16808.79 7715.97 16797.26 7745.53 16796.95 7723.73 16782.69 7749.39 16792.09 7750.32 16777.94 7749.83 16769.75 7776.18 16756.07 7784.07 16786.11 7801.83 16775.92 7782.97 16796.80
12 10711.30 439.21 10740.99 472.21 10708.20 452.39 10726.51 495.28 10697.38 458.05 10686.16 512.03 10649.42 469.92 10655.91 462.09 10721.73 361.93 10722.26 409.18 10735.59 411.16 10771.66 433.29
10 11717.90 10620.67 11697.28 10630.82 11690.82 10642.93 11609.96 10662.10 11609.81 10618.10 11533.43 10581.36 11566.45 10533.90 11614.51 10566.81 11705.42 10577.88 11706.63 10593.81
8 17833.28 2098.21 17793.58 2119.27 17809.89 2086.98 17811.24 2084.50 17825.03 2083.62 17785.03 2055.78 17833.83 2068.45 17914.68 2069.28
6 16627.46 13124.74 16595.86 13149.88 16583.02 13118.63 16574.56 13105.34 16617.31 13092.43 16626.53 13111.68
9 17321.53 3995.33 17297.45 3993.58 17295.73 3993.58 17298.91 4001.48 17294.83 4017.90 17274.85 3988.89 17260.73 3986.31 17306.79 3964.61 17301.46 3981.56
5 5076.28 1987.47 5055.34 1993.20 5031.83 2015.49 5008.61 2044.34 5020.56 1998.16
14 8423.04 13592.07 8422.39 13594.33 8400.12 13622.20 8382.44 13586.86 8373.11 13588.79 8379.74 13583.84 8357.30 13586.96 8372.31 13556.63 8366.23 13545.16 8390.94 13558.30 8412.61 13547.90 8414.91 13551.09 8410.42 13566.67 8427.03 13576.17
10 5504.22 13641.17 5490.66 13659.22 5431.22 13656.55 5435.46 13629.71 5402.46 13615.13 5480.63 13539.36 5493.15 13552.47 5510.15 13526.98 5524.65 13564.50 5551.22 13594.94
6 12843.18 15263.14 12862.21 15293.89 12837.52 15271.87 12775.50 15239.58 12866.68 15200.84 12853.17 15232.81
9 17136.59 12284.46 17083.97 12302.38 17093.02 12291.04 17085.69 12263.70 17103.87 12246.92 17111.45 12264.79 17131.41 12255.11 17146.75 12261.83 17137.82 12272.32
12 6084.62 2657.27 6056.52 2659.63 6011.64 2693.69 6011.72 2684.62 6016.95 2665.49 6006.81 2667.89 5968.38 2654.55 5983.80 2616.27 5996.75 2603.72 6036.70 2604.25 6050.53 2614.22 6038.90 2641.77
10 6207.23 11193.93 6194.37 11189.35 6183.51 11197.65 6177.78 11204.92 6145.17 11193.15 6141.54 11174.53 6162.21 11137.08 6161.57 11091.61 6233.54 11103.37 6220.40 11140.01
14 2279.12 11774.47 2232.00 11785.80 2186.16 11807.79 2216.24 11767.82 2209.66 11745.20 2190.28 11731.65 2193.67 11730.19 2176.98 11716.69 2241.57 11718.81 2257.78 11715.76 2264.27 11718.32 2286.07 11742.63 2289.70 11750.26 2278.93 11755.77
10 10386.09 3003.21 10399.82 3022.41 10370.21 3038.70 10359.99 3015.79 10362.94 3025.99 10344.14 3070.04 10343.46 2942.03 10353.30 2971.45 10423.60 2965.47 10408.79 2976.87
10 15953.80 17275.37 15941.95 17294.51 15932.29 17288.03 15936.83 17279.79 15930.94 17278.57 15924.26 17278.15 15915.35 17274.53 15940.15 17239.37 15943.22 17230.16 15951.97 17252.29
8 16917.38 6092.74 16913.11 6091.39 16907.07 6084.66 16889.46 6087.95 16890.90 6082.28 16882.53 6052.88 16878.38 6046.59 16912.54 6037.06
11 5249.93 15830.91 5208.52 15835.25 5174.60 15847.15 5181.39 15790.76 5130.47 15784.95 5157.04 15772.60 5177.46 15689.07 5215.55 15716.71 5210.14 15758.71 5235.07 15733.13 5216.70 15766.38
11 14761.65 2333.54 14709.63 2346.33 14671.82 2336.95 14690.29 2322.29 14635.75 2311.64 14666.76 2270.48 14712.70 2222.83 14720.28 2276.30 14721.19 2241.94 14735.73 2261.89 14782.30 2267.66
9 4729.54 15251.11 4715.94 15249.79 4661.96 15261.04 4663.02 15218.65 4680.29 15224.49 4683.46 15195.13 4707.78 15233.54 4739.81 15217.41 4739.01 15242.20
14 9715.27 17436.02 9696.39 17489.60 9684.35 17457.89 9690.94 17487.14 9606.54 17468.67 9622.96 17433.12 9593.89 17435.23 9650.21 17409.49 9640.57 17393.56 9660.02 17395.20 9661.97 17386.41 9674.53 17407.19 9722.51 17382.25 9725.55 17424.83
7 1913.77 4914.23 1904.68 4955.17 1825.95 4854.54 1871.02 4868.63 1867.99 4858.24 1896.45 4830.70 1919.51 4846.07
6 4183.91 4152.77 4156.50 4120.64 4160.10 4167.06 4151.41 4127.80 4173.22 4040.33 4192.19 4071.95
11 4368.80 14195.01 4303.66 14169.20 4312.41 14136.29 4277.04 14118.19 4291.38 14118.86 4307.56 14079.81 4307.64 14077.66 4323.37 14051.19 4379.98 14078.09 4364.75 14098.97 4355.44 14112.95
9 6573.02 2380.08 6565.04 2377.98 6554.98 2392.46 6528.95 2426.43 6501.51 2400.54 6496.25 2399.27 6531.82 2319.37 6551.84 2355.23 6559.24 2358.07
12 15404.69 14601.75 15366.29 14612.20 15356.33 14586.54 15376.07 14587.85 15381.82 14580.99 15390.19 14583.70 15383.70 14570.75 15388.69 14562.30 15394.58 14555.99 15418.21 14558.66 15425.59 14573.66 15443.09 14568.10
14 10351.16 17081.74 10332.89 17093.05 10313.12 17075.39 10321.02 17064.86 10310.80 17045.26 10335.12 17060.60 10336.15 17059.12 10335.13 17057.53 10333.01 17049.85 10331.91 17038.66 10343.88 17058.18 10347.13 17055.16 10375.92 17046.83 10378.03 17055.86
6 15100.68 8836.52 15062.33 8870.54 14991.59 8810.02 15016.95 8759.05 15045.92 8777.80 15045.72 8791.99
10 17779.78 1052.93 17754.69 1048.78 17764.48 1035.11 17757.16 1002.24 17783.19 977.61 17778.25 969.31 17782.08 960.39 17838.34 927.95 17836.94 986.33 17838.39 1000.64
9 11202.37 5590.81 11129.02 5642.98 11127.24 5619.01 11085.44 5566.79 11093.47 5519.60 11165.95 5550.09 11181.50 5544.15 11175.97 5560.27 11198.27 5570.77
6 13201.03 15635.12 13203.94 15614.31 13199.50 15595.41 13234.49 15588.37 13233.58 15609.99 13251.08 15614.70
11 4508.09 17328.10 4462.00 17319.27 4459.59 17320.36 4500.13 17339.76 4482.03 17355.59 4451.38 17345.90 4408.63 17350.24 4412.38 17302.37 4398.30 17274.98 4411.53 17253.55 4492.50 17277.75
11 5575.37 2573.78 5568.88 2599.20 5520.72 2542.68 5503.48 2518.85 5549.73 2536.71 5543.40 2523.01 5554.67 2496.83 5560.12 2511.75 5564.38 2532.02 5595.53 2517.63 5579.74 2537.29
12 13115.81 11715.80 13103.61 11725.29 13082.06 11720.31 13068.01 11719.13 13044.51 11723.07 13034.49 11709.22 13017.24 11686.34 13035.72 11677.09 13035.08 11674.87 13039.03 11677.02 13074.47 11679.85 13103.93 11680.64
11 7912.47 13940.72 7887.38 13940.80 7889.73 13924.40 7887.48 13925.24 7859.63 13947.96 7876.43 13923.90 7849.87 13913.87 7875.20 13913.04 7902.30 13900.12 7913.53 13888.77 7901.95 13904.47
13 17731.62 10122.23 17720.16 10123.50 17679.26 10162.06 17667.96 10170.17 17658.81 10179.65 17640.55 10148.63 17641.51 10127.36 17639.90 10115.56 17605.15 10105.82 17617.99 10105.99 17638.88 10098.90 17651.43 10052.76 17691.16 10053.31
9 2894.80 5741.06 2832.15 5738.43 2815.47 5705.91 2770.50 5718.62 2832.12 5685.63 2790.45 5638.66 2864.36 5608.67 2896.76 5628.96 2928.08 5637.28
14 8176.70 15471.33 8145.80 15478.84 8155.82 15493.47 8140.32 15509.73 8055.77 15490.19 8071.78 15475.75 8092.49 15468.46 8044.12 15422.58 8082.36 15408.24 8093.81 15430.78 8108.61 15436.52 8135.51 15397.07 8142.22 15452.22 8130.34 15468.48
6 11309.31 16338.68 11321.44 16349.96 11328.54 16375.78 11227.29 16355.04 11257.51 16330.70 11305.08 16329.28
5 10922.23 4209.92 10852.09 4192.82 10885.16 4154.41 10918.68 4168.98 10908.44 4184.62
13 17245.72 5865.53 17254.95 5889.60 17213.01 5913.62 17209.88 5916.78 17171.12 5898.22 17180.75 5872.24 17169.59 5867.14 17206.66 5817.69 17240.79 5820.14 17232.44 5834.29 17222.78 5859.10 17249.41 5853.56 17261.81 5863.14
5 8271.90 14141.57 8211.34 14113.85 8264.48 14107.28 8349.24 14105.95 8306.48 14116.48
14 16001.76 14293.10 15984.56 14308.55 15943.41 14309.35 15932.71 14301.83 15924.46 14315.66 15918.08 14313.36 15907.65 14294.30 15924.44 14274.56 15910.78 14233.40 15921.51 14253.21 15921.78 14243.48 15983.64 14250.95 15951.22 14279.44 15959.86 14278.64
6 3175.98 14247.95 3164.45 14233.17 3156.49 14245.41 3139.16 14213.22 3142.58 14169.43 3177.77 14206.71
13 10051.02 5213.10 10027.86 5231.28 10029.60 5259.49 10015.16 5233.61 9994.24 5239.68 9974.09 5227.39 9972.14 5207.43 9971.87 5194.46 9952.23 5167.01 9991.46 5188.13 9985.76 5182.29 10049.24 5157.15 10071.73 5168.63
6 9085.37 1053.32 9065.37 1059.62 9069.07 1025.75 9083.01 997.37 9142.38 1009.00 9156.72 1024.11
