Giant_1500_B
1613.51 1812.71
4783.94 11898.89
4 0.00 0.00 15600.00 0.00 15600.00 15600.00 0.00 15600.00
1500
14 7733.12 1348.50 7701.67 1386.54 7698.43 1399.70 7686.49 1377.61 7671.65 1405.67 7642.95 1396.78 7631.14 1391.60 7647.49 1347.32 7614.89 1345.09 7585.63 1334.06 7614.41 1283.50 7659.06 1268.30 7703.91 1295.75 7679.75 1320.41
9 5898.55 3746.15 5902.95 3671.33 5921.10 3656.83 6010.94 3643.74 6017.94 3679.86 6027.00 3752.10 6025.73 3754.90 5952.02 3798.68 5935.71 3790.48
14 8985.59 14919.27 8929.75 14968.28 8908.71 15003.21 8865.21 14908.36 8837.35 14902.81 8885.97 14905.56 8860.60 14876.06 8856.01 14857.66 8875.02 14874.75 8886.93 14878.56 8893.86 14876.72 8902.43 14816.57 8961.46 14903.71 9004.14 14902.43
11 15010.36 5915.17 14999.81 5871.23 15035.83 5844.03 15107.60 5805.56 15166.92 5847.04 15176.04 5880.94 15172.51 5910.37 15124.13 5970.99 15091.35 5975.08 15082.45 5975.62 15058.21 5969.51
8 14474.63 10697.95 14511.46 10608.83 14591.61 10625.23 14612.12 10633.96 14642.35 10675.73 14630.98 10728.09 14602.91 10752.17 14524.56 10742.62
8 1134.47 9210.73 1120.98 9260.22 1062.80 9244.33 1041.34 9216.22 1049.13 9191.48 1053.99 9178.68 1109.70 9166.15 1129.84 9188.78
7 13079.40 1789.15 13034.04 1736.00 13076.46 1674.22 13112.41 1672.74 13148.96 1687.97 13148.64 1708.77 13139.11 1755.59
9 4117.49 4470.89 4077.28 4488.64 4067.84 4495.11 4046.41 4511.72 4063.66 4421.79 4111.06 4424.39 4092.08 4455.08 4120.90 4456.38 4129.43 4460.82
9 8023.55 5341.95 8040.24 5421.25 7953.54 5441.33 7925.19 5440.00 7909.35 5433.14 7895.39 5422.06 7901.16 5337.12 7923.72 5301.68 7996.76 5325.54
15 6915.39 14746.87 6835.03 14771.32 6830.89 14771.13 6778.32 14751.36 6801.64 14703.24 6806.98 14701.67 6826.32 14692.10 6789.57 14656.82 6830.31 14666.10 6837.01 14669.25 6864.50 14661.02 6873.46 14685.97 6906.76 14667.73 6886.80 14692.07 6872.07 14699.06
11 6908.62 15118.07 6926.91 15092.60 6944.48 15083.37 6968.13 15074.90 6982.36 15069.99 6984.92 15072.65 7014.65 15106.34 7018.40 15122.52 7003.95 15158.26 6954.25 15165.95 6930.28 15152.79
7 5958.39 2944.49 6014.84 2921.15 6055.60 2971.60 6067.21 3003.08 6047.79 3035.94 5984.54 3041.42 5959.95 2993.24
9 2471.38 11512.95 2501.99 11472.19 2579.01 11490.56 2600.17 11545.65 2557.20 11595.54 2524.00 11614.14 2468.64 11586.78 2461.45 11565.83 2465.11 11545.44
8 1849.63 12503.15 1929.69 12415.31 2021.69 12438.83 2022.38 12467.90 2021.15 12540.16 1951.53 12579.25 1910.84 12572.22 1862.19 12527.97
8 2197.37 8294.46 2190.86 8301.52 2197.74 8328.12 2191.12 8331.81 2152.86 8325.44 2160.54 8306.28 2140.41 8285.78 2208.28 8253.89
11 12262.65 15316.21 12294.30 15382.78 12283.42 15397.44 12214.29 15393.75 12182.66 15374.76 12176.92 15370.06 12149.00 15331.81 12153.09 15315.77 12170.63 15285.49 12202.31 15273.27 12234.98 15267.21
11 6083.15 4605.98 6073.56 4615.49 6050.07 4599.33 6046.40 4603.00 6019.15 4614.92 6040.41 4584.37 6018.23 4576.36 6021.07 4571.17 6036.45 4543.05 6047.93 4540.83 6057.98 4550.83
8 7715.85 818.71 7754.43 851.79 7749.38 896.84 7711.20 902.73 7672.80 903.06 7673.05 863.72 7681.73 840.76 7687.51 825.81
13 460.52 3377.68 425.96 3366.73 315.66 3386.06 356.28 3345.10 312.10 3318.53 380.70 3331.19 343.07 3290.89 375.01 3292.86 409.19 3257.86 411.35 3269.09 411.77 3295.74 443.12 3298.33 424.72 3345.65
11 2371.43 11125.25 2411.64 11139.28 2373.05 11154.70 2364.53 11159.86 2306.63 11175.24 2307.83 11117.96 2315.01 11079.05 2330.38 11095.06 2355.40 11086.66 2377.55 11060.57 2401.84 11078.99
10 6116.31 11349.04 6064.78 11341.43 6054.26 11362.38 6022.29 11342.81 5984.24 11273.39 6049.41 11280.06 6030.40 11234.16 6043.74 11260.47 6085.31 11285.53 6112.49 11295.55
7 8433.43 1874.73 8506.47 1820.45 8551.98 1898.15 8554.26 1905.76 8523.77 1918.10 8475.85 1932.85 8437.31 1882.63
8 1015.14 6650.66 1062.77 6548.18 1103.43 6547.89 1140.68 6596.78 1145.74 6620.72 1141.71 6661.51 1101.10 6695.03 1078.95 6685.80
11 6313.63 5747.30 6272.07 5740.15 6267.92 5734.77 6258.42 5715.98 6255.09 5706.92 6263.10 5668.32 6292.73 5658.92 6309.84 5660.11 6330.66 5676.06 6351.58 5694.44 6345.10 5722.32
14 13079.97 9204.69 13070.34 9242.11 13060.09 9231.44 13062.03 9217.80 13064.91 9199.44 13041.94 9211.21 13058.28 9170.23 13079.31 9152.64 13090.69 9155.75 13095.96 9154.19 13110.59 9143.47 13124.12 9166.53 13105.78 9177.66 13118.63 9173.43
7 8978.44 6224.88 9003.43 6246.09 8974.19 6310.02 8938.35 6311.38 8910.25 6272.24 8908.92 6259.47 8951.56 6233.68
9 2796.05 2541.53 2802.91 2521.84 2825.08 2515.19 2835.13 2513.27 2845.41 2515.37 2863.11 2569.31 2842.08 2586.69 2821.04 2592.95 2804.10 2563.06
8 9703.52 2975.47 9774.88 2893.32 9817.71 2902.02 9839.07 2919.02 9855.88 2933.66 9872.41 3012.43 9786.63 3061.16 9722.68 3015.35
11 12877.14 13739.08 12851.31 13761.60 12859.88 13773.98 12844.41 13769.75 12828.62 13768.58 12806.89 13772.13 12780.66 13774.23 12794.98 13737.45 12814.11 13680.42 12861.50 13704.69 12840.81 13730.34
5 1994.47 13074.41 1982.72 13099.46 1939.96 13082.60 1905.62 13049.51 1923.86 13040.19
6 3090.53 490.88 3059.95 511.52 3071.41 465.25 3069.25 461.31 3097.96 430.29 3110.95 460.99
10 10937.31 14229.76 10964.81 14140.66 10984.23 14106.55 11005.39 14116.08 11045.86 14153.71 11101.93 14206.58 11087.14 14230.94 11034.54 14272.80 10993.18 14273.94 10954.84 14251.31
8 8414.80 9911.43 8361.86 9886.21 8362.99 9867.23 8370.12 9841.14 8373.61 9837.37 8418.44 9819.98 8434.71 9865.99 8445.86 9897.87
8 11946.61 4840.36 11886.17 4905.19 11862.90 4905.81 11822.99 4875.06 11828.44 4836.93 11840.84 4781.95 11920.52 4783.05 11939.81 4814.39
6 506.24 8500.41 542.46 8426.10 626.79 8451.89 632.68 8518.48 515.46 8547.96 510.48 8535.04
7 8673.66 8450.88 8646.30 8418.58 8647.41 8379.53 8654.58 8331.14 8671.99 8322.91 8720.48 8346.76 8736.61 8377.96
6 15200.27 7982.35 15212.97 8032.03 15160.19 7990.05 15157.81 7916.10 15205.42 7960.94 15231.30 7962.34
7 726.34 2463.29 688.07 2544.18 636.77 2527.61 611.93 2487.02 605.23 2427.03 698.39 2422.34 712.01 2435.82
8 10687.81 3837.38 10578.90 3831.83 10562.91 3797.85 10562.45 3755.96 10570.50 3741.85 10597.39 3715.97 10662.24 3710.09 10682.09 3788.00
10 10069.70 9259.05 10031.97 9218.33 10034.55 9209.16 10077.94 9173.60 10092.85 9178.52 10100.15 9188.19 10116.51 9211.60 10120.80 9221.14 10119.37 9238.49 10088.70 9259.08
13 2894.15 5955.45 2856.79 5953.56 2837.10 5947.59 2838.16 5948.00 2836.98 5948.31 2835.98 5995.38 2839.34 6013.84 2804.31 5965.02 2754.50 5969.63 2763.86 5940.98 2778.31 5903.18 2794.38 5893.86 2844.57 5904.23
7 9142.00 2981.48 9115.69 3007.35 9087.18 3046.53 9073.68 2994.90 9088.56 2934.96 9091.45 2905.79 9131.08 2972.74
8 9271.65 1892.26 9258.69 1965.69 9199.12 1958.35 9179.21 1918.38 9168.70 1905.24 9238.60 1858.69 9278.71 1842.69 9301.90 1854.43
7 786.91 119.30 823.04 153.88 820.87 177.04 815.02 210.96 775.00 206.21 722.29 171.51 759.23 128.79
12 7551.82 9023.59 7529.15 9038.00 7491.12 9069.64 7464.84 9034.43 7471.81 9005.23 7500.72 8994.86 7502.47 8992.85 7520.00 8979.29 7529.60 9001.48 7541.44 8948.10 7551.67 8975.21 7544.14 9005.79
5 8129.22 9962.68 8205.58 10035.21 8095.09 10101.37 8058.72 10088.85 8060.78 10000.32
10 10982.38 7685.77 10957.42 7695.13 10899.86 7697.97 10871.56 7722.75 10875.38 7708.21 10840.30 7726.96 10848.29 7664.93 10837.77 7652.21 10869.43 7666.05 10902.07 7653.37
10 7131.53 4233.78 7082.00 4293.31 7074.12 4277.09 7068.57 4254.06 7026.92 4231.73 7057.49 4210.17 7059.15 4170.31 7078.34 4189.83 7078.66 4163.44 7089.39 4126.68
10 10515.37 5630.81 10477.54 5587.68 10498.33 5536.94 10573.71 5514.16 10616.85 5546.87 10620.71 5558.16 10615.33 5593.22 10606.88 5617.33 10584.25 5651.24 10561.08 5656.58
6 5028.84 10849.42 4996.86 10823.47 4970.50 10783.19 4975.99 10780.14 5029.34 10782.78 5055.07 10762.22
8 3990.38 8761.04 4018.44 8896.46 4018.30 8916.26 3947.43 8924.87 3941.49 8919.18 3899.86 8869.50 3909.62 8798.55 3944.32 8766.58
8 8056.81 1359.31 8078.90 1322.79 8179.66 1311.35 8201.03 1380.39 8204.65 1422.65 8194.07 1449.67 8127.59 1473.47 8073.89 1442.40
9 6571.50 11223.57 6600.70 11182.60 6641.91 11150.06 6684.42 11171.63 6685.23 11211.95 6675.94 11241.11 6653.89 11278.24 6592.50 11267.34 6588.40 11263.27
10 14734.54 12214.86 14717.35 12247.09 14702.90 12231.70 14698.81 12224.43 14699.53 12245.32 14682.31 12223.74 14677.16 12216.60 14657.24 12205.25 14669.19 12177.57 14729.66 12208.34
10 4663.89 6286.22 4699.83 6282.99 4703.97 6283.25 4713.75 6287.22 4723.14 6304.11 4729.50 6325.99 4711.20 6341.09 4663.55 6337.95 4650.80 6326.12 4651.27 6303.25
10 5336.31 14779.65 5294.35 14777.11 5324.38 14793.95 5323.23 14797.07 5303.71 14815.02 5254.92 14811.71 5270.74 14778.02 5266.31 14769.87 5271.49 14742.26 5302.56 14746.65
11 1850.01 3368.92 1866.01 3393.99 1861.35 3402.87 1861.34 3416.03 1843.56 3418.90 1823.89 3361.74 1825.05 3359.22 1821.59 3358.58 1826.78 3342.21 1846.13 3323.07 1849.58 3310.71
8 9124.88 12455.85 9102.39 12495.76 9044.81 12476.05 9031.88 12458.49 9046.03 12431.20 9090.50 12395.04 9108.83 12412.95 9119.35 12429.93
11 8746.44 439.54 8722.82 449.53 8726.02 479.90 8701.31 456.10 8705.63 448.34 8703.79 441.83 8692.45 435.69 8705.98 431.64 8692.73 408.23 8737.08 417.12 8733.68 435.48
13 11029.55 7902.00 11036.04 7859.08 11052.19 7848.02 11076.88 7840.97 11123.38 7842.87 11144.44 7857.51 11150.36 7902.49 11151.96 7928.46 11141.85 7962.90 11094.26 7963.10 11072.74 7959.59 11055.29 7949.80 11048.84 7943.61
8 14442.68 9285.33 14486.90 9346.52 14477.07 9390.74 14443.94 9394.39 14411.53 9391.88 14398.28 9388.42 14394.42 9318.87 14403.02 9298.65
5 6980.33 2101.29 6976.15 2061.80 6948.88 2002.24 6990.23 2000.13 7033.83 2029.58
7 3602.90 12777.34 3578.78 12738.69 3580.14 12731.59 3614.75 12735.88 3614.16 12713.78 3628.76 12734.54 3649.02 12720.07
15 15314.97 9086.01 15293.39 9135.74 15283.96 9090.00 15230.62 9063.33 15226.89 9056.34 15242.92 9048.12 15283.19 9060.06 15278.40 9047.13 15259.59 9016.10 15283.38 9026.52 15311.71 9011.16 15322.33 9038.24 15318.55 9050.50 15339.40 9059.07 15355.49 9070.46
13 1706.76 736.57 1704.05 778.94 1696.19 747.12 1669.12 762.26 1663.08 731.12 1677.50 703.68 1660.05 678.69 1674.56 647.04 1687.01 645.87 1699.24 634.04 1718.94 638.23 1743.35 684.35 1744.70 711.46
6 8210.98 10377.09 8186.56 10368.97 8199.00 10394.73 8187.54 10392.27 8138.22 10372.14 8185.53 10355.61
9 3931.26 3784.89 3906.14 3724.70 3916.94 3699.93 3946.51 3687.04 3993.57 3701.68 4007.54 3749.30 3999.77 3764.32 3981.47 3788.30 3959.36 3798.92
13 15473.18 3861.21 15466.48 3862.30 15518.95 3879.74 15482.75 3912.01 15427.18 3875.06 15423.76 3864.74 15376.63 3842.78 15384.00 3836.35 15421.67 3843.60 15465.42 3803.57 15470.08 3796.40 15491.88 3804.34 15513.40 3843.30
7 6472.11 1015.09 6585.28 1010.95 6600.71 1049.12 6611.86 1105.00 6603.49 1112.19 6527.49 1132.20 6477.07 1090.81
9 1882.27 4013.48 1914.76 4065.83 1913.77 4077.68 1910.68 4086.80 1896.59 4087.41 1863.29 4081.73 1849.48 4070.35 1856.50 4029.43 1870.40 4017.93
10 4311.15 14460.49 4319.47 14501.33 4305.16 14520.68 4293.31 14535.14 4263.79 14542.42 4251.20 14530.73 4240.45 14516.73 4235.32 14494.86 4235.28 14464.90 4244.39 14448.95
9 2124.22 4750.08 2119.62 4763.38 2099.89 4790.04 2085.10 4791.42 2065.24 4769.82 2048.86 4779.80 2034.38 4746.39 2065.07 4724.83 2074.90 4736.57
13 7663.38 11238.37 7669.94 11256.14 7610.26 11280.01 7624.37 11250.07 7615.64 11247.15 7593.13 11251.00 7617.27 11235.70 7578.69 11240.40 7613.19 11232.50 7616.48 11187.36 7632.44 11188.63 7651.39 11179.55 7676.51 11194.28
7 8139.73 6634.22 8127.51 6640.79 8099.30 6654.37 8096.08 6665.84 8087.62 6628.37 8089.93 6598.06 8092.51 6604.98
7 517.00 13818.27 506.25 13845.10 469.04 13830.22 450.06 13794.27 480.28 13798.38 490.55 13795.81 501.46 13797.48
9 4337.92 5823.61 4297.63 5782.55 4323.21 5723.93 4351.35 5708.15 4399.48 5702.84 4434.75 5717.61 4467.47 5739.18 4451.43 5802.60 4424.36 5861.23
11 400.23 10907.40 398.86 10889.60 420.26 10859.38 462.39 10849.50 475.48 10848.31 503.87 10868.54 510.84 10884.40 501.41 10925.42 463.13 10941.59 440.25 10937.26 418.17 10921.57
15 10643.00 6299.52 10679.66 6366.44 10624.64 6353.08 10623.08 6302.54 10579.32 6303.44 10578.72 6272.29 10581.98 6245.14 10618.15 6261.38 10621.57 6256.38 10622.53 6249.40 10621.06 6201.86 10628.88 6255.81 10630.33 6212.04 10654.18 6229.95 10688.95 6215.46
13 13623.82 9848.41 13619.36 9853.66 13623.65 9875.72 13600.57 9858.42 13572.82 9852.03 13591.30 9814.17 13586.07 9789.08 13597.19 9813.73 13600.26 9801.17 13600.53 9801.29 13623.00 9785.24 13621.42 9826.51 13616.56 9834.07
8 11035.36 5425.93 11050.45 5434.05 11001.89 5430.95 10986.10 5422.80 10959.63 5428.25 10972.41 5411.36 11037.52 5381.16 11042.85 5389.03
14 5944.09 13739.15 5938.92 13737.67 5946.40 13766.72 5935.90 13747.78 5925.00 13745.05 5905.10 13771.98 5897.56 13740.02 5901.10 13719.25 5907.13 13695.87 5923.96 13716.67 5929.70 13710.65 5941.52 13686.26 5936.55 13702.12 5934.86 13713.40
8 5953.39 15425.90 5956.70 15429.23 5931.41 15428.02 5939.70 15445.47 5911.15 15464.20 5873.90 15421.23 5896.43 15411.47 5934.25 15414.51
13 4989.16 12352.40 4965.08 12367.91 4951.26 12360.91 4942.05 12356.71 4951.36 12370.00 4961.41 12413.00 4911.36 12384.41 4906.11 12393.55 4899.32 12364.78 4854.46 12333.92 4903.80 12329.90 4923.91 12292.24 4979.77 12319.80
9 8915.09 14750.55 8886.88 14718.30 8887.27 14706.33 8894.95 14695.66 8928.16 14688.79 8943.76 14686.87 8951.89 14687.58 8954.05 14694.96 8961.67 14727.78
15 3872.29 15101.92 3849.74 15091.86 3844.26 15095.13 3823.64 15105.87 3828.49 15098.67 3839.72 15082.24 3831.66 15074.84 3821.58 15065.05 3848.11 15072.65 3845.50 15069.04 3850.00 15053.10 3864.05 15044.75 3862.11 15070.81 3883.11 15064.01 3882.60 15070.93
6 11786.31 3620.68 11811.72 3625.42 11729.67 3665.64 11732.84 3550.80 11757.93 3581.60 11758.66 3607.64
13 3985.43 14950.52 3948.54 14993.96 3924.46 15005.53 3880.33 15019.52 3896.87 14955.19 3864.17 14946.12 3884.20 14938.19 3911.51 14896.37 3923.15 14886.67 3953.08 14890.63 3936.09 14925.42 3976.18 14924.43 3990.14 14938.82
10 2987.78 9291.24 3022.17 9310.24 2985.24 9304.88 2950.63 9354.53 2935.16 9321.00 2946.86 9294.29 2890.92 9305.83 2906.50 9269.18 2969.15 9225.80 3036.68 9280.55
8 3385.95 9723.53 3396.03 9653.05 3459.42 9632.21 3490.04 9648.27 3535.53 9712.50 3512.25 9788.91 3486.76 9792.51 3408.62 9773.54
9 14383.39 9146.93 14360.38 9109.13 14378.88 9052.42 14418.33 9030.09 14481.80 9042.80 14515.41 9096.68 14477.64 9181.25 14439.00 9190.95 14422.14 9184.03
10 3669.70 4829.97 3604.62 4822.12 3551.32 4787.10 3548.10 4759.32 3555.03 4704.94 3565.91 4688.75 3610.15 4678.56 3674.82 4688.68 3713.82 4712.95 3710.82 4724.60
15 14478.85 1041.04 14520.65 1056.19 14499.93 1079.87 14475.38 1105.95 14465.55 1086.55 14446.99 1074.49 14437.15 1082.08 14434.71 1068.23 14430.14 1062.00 14405.15 1012.83 14455.02 1000.80 14462.68 1004.12 14495.28 1005.23 14512.82 1007.19 14516.00 1011.44
15 7729.23 10922.23 7735.30 10947.28 7726.86 10959.51 7715.41 10946.23 7707.32 10975.48 7703.92 10953.82 7705.01 10942.35 7706.60 10932.56 7692.95 10933.34 7665.32 10922.68 7685.88 10921.60 7691.26 10918.44 7709.33 10892.32 7704.69 10872.22 7756.00 10892.50
12 4515.86 8099.39 4527.39 8059.84 4576.57 8045.00 4594.21 8063.92 4610.07 8081.14 4633.40 8128.92 4617.62 8151.61 4603.14 8165.07 4591.85 8168.28 4560.17 8160.49 4557.32 8159.72 4524.14 8122.83
7 2292.31 12083.60 2260.38 12032.08 2286.24 12002.09 2314.74 11993.61 2325.48 12029.56 2334.54 12078.37 2303.28 12085.94
5 3937.83 5224.66 3906.15 5197.72 3900.39 5180.89 3951.50 5158.40 3956.14 5171.04
7 4104.11 3436.86 4081.98 3425.92 4023.18 3411.51 4053.56 3390.72 4041.54 3341.31 4090.82 3327.04 4105.72 3390.75
8 11164.66 5130.41 11203.13 5172.43 11200.15 5218.58 11159.36 5234.36 11130.97 5232.84 11091.23 5229.31 11127.26 5147.25 11142.48 5138.57
10 10847.08 4788.52 10867.58 4806.01 10849.83 4799.12 10799.66 4845.32 10799.15 4830.04 10773.44 4842.63 10809.69 4800.29 10835.47 4746.85 10856.37 4762.71 10867.89 4782.13
5 10876.63 3048.54 10844.58 2989.04 10887.84 2952.37 10979.69 2991.03 10960.62 3031.27
10 4156.63 4303.72 4083.98 4342.32 4053.57 4306.32 4010.38 4247.62 4025.91 4228.09 4060.75 4196.31 4103.50 4175.41 4118.44 4186.98 4152.14 4226.94 4156.50 4236.51
7 2148.90 14347.39 2085.53 14295.12 2111.24 14209.07 2178.44 14192.34 2199.89 14225.89 2219.43 14294.19 2212.89 14324.87
9 10994.11 13168.09 11036.99 13216.86 11019.27 13238.14 11015.02 13242.04 11000.43 13242.12 10968.10 13236.13 10948.52 13229.25 10940.06 13206.24 10961.86 13181.89
9 8274.16 8623.23 8306.82 8690.17 8284.54 8726.50 8264.05 8759.19 8243.35 8770.57 8215.40 8775.19 8180.70 8753.80 8162.22 8679.76 8201.96 8631.71
6 5877.60 6551.69 5833.82 6560.39 5818.90 6580.26 5809.63 6525.31 5814.74 6519.50 5867.10 6546.03
9 2254.86 5376.89 2285.93 5354.86 2342.17 5383.29 2354.05 5415.19 2328.79 5436.26 2279.02 5452.09 2269.79 5445.46 2246.00 5418.35 2251.83 5382.03
8 8936.42 3897.43 8929.04 3868.69 8949.44 3827.80 9012.82 3834.33 9024.44 3845.45 9038.46 3906.37 9020.62 3935.57 8973.73 3944.26
11 7492.29 12465.52 7473.00 12443.47 7499.55 12511.44 7473.57 12488.45 7465.53 12469.15 7465.79 12521.28 7379.76 12447.77 7397.40 12419.83 7440.45 12421.04 7383.08 12400.71 7506.34 12389.53
5 5793.51 667.06 5788.28 680.04 5688.32 620.76 5737.56 623.33 5773.63 564.78
9 5764.42 13854.71 5674.83 13905.36 5633.90 13886.85 5597.49 13814.53 5616.64 13793.03 5678.02 13760.28 5688.23 13763.11 5729.06 13780.68 5760.13 13810.66
9 9036.15 13347.23 9067.91 13303.24 9142.27 13285.81 9153.11 13318.48 9142.08 13384.05 9138.64 13392.29 9129.32 13405.41 9056.47 13390.27 9046.19 13387.16
10 4977.84 1909.75 5021.45 1837.64 5126.34 1898.93 5100.05 1971.43 5093.62 1984.30 5061.31 1995.83 5024.86 1988.73 5016.51 1986.06 4985.61 1956.71 4979.08 1932.13
8 6244.20 138.38 6244.67 180.61 6201.63 235.02 6156.44 238.69 6123.21 211.82 6113.73 145.60 6112.41 115.53 6209.51 128.84
8 15371.09 1932.34 15385.21 1936.38 15347.69 1936.92 15315.62 1951.06 15318.60 1939.52 15313.88 1925.92 15304.17 1886.02 15346.12 1918.76
8 8551.93 4362.99 8568.76 4265.68 8647.89 4242.09 8651.52 4245.86 8661.67 4258.11 8665.86 4345.11 8623.93 4385.69 8593.90 4390.18
8 8851.85 7084.01 8835.83 7054.80 8820.84 7115.39 8780.70 7034.96 8813.97 7025.98 8810.21 6955.39 8837.92 6946.55 8875.77 6987.15
12 5465.33 2966.12 5425.47 2991.87 5407.37 2981.04 5381.02 2956.99 5361.65 2939.88 5345.36 2932.90 5337.56 2903.53 5382.35 2894.07 5397.24 2911.70 5410.51 2881.87 5442.34 2879.50 5451.08 2943.14
11 8232.36 10985.37 8245.03 10949.71 8279.83 10915.32 8285.26 10913.22 8299.43 10912.11 8326.64 10921.94 8341.63 10986.26 8322.59 11021.80 8302.27 11035.65 8275.88 11023.80 8234.24 10999.83
9 13298.51 7038.13 13374.03 7107.25 13365.78 7130.36 13313.96 7180.13 13306.65 7185.37 13268.41 7207.42 13236.98 7197.89 13196.59 7147.30 13217.31 7087.08
6 2148.77 14677.92 2050.66 14629.90 2055.04 14582.93 2110.06 14532.50 2170.50 14563.78 2159.90 14636.30
10 2857.40 13883.90 2910.13 13935.92 2890.63 13976.24 2872.29 13990.66 2840.54 13984.15 2820.12 13972.34 2800.69 13948.53 2796.89 13941.84 2807.69 13905.24 2837.19 13885.25
6 7207.09 1172.30 7136.48 1203.05 7126.36 1176.71 7141.34 1143.26 7180.80 1157.81 7198.73 1166.00
13 4365.73 15037.06 4362.33 15039.74 4358.08 15038.49 4370.47 15053.68 4376.79 15069.61 4316.32 15033.68 4302.85 15017.86 4332.94 15019.74 4318.38 15009.65 4339.40 15019.76 4332.96 15000.21 4355.71 15015.25 4363.52 15019.32
9 5520.08 7077.04 5565.44 7071.80 5606.52 7111.26 5609.31 7152.65 5568.68 7168.94 5527.21 7179.41 5496.62 7151.78 5498.50 7126.13 5501.88 7103.77
9 14033.26 4056.19 14004.47 4031.71 14007.33 3981.40 14030.58 3962.47 14049.28 3955.18 14074.77 3972.24 14079.26 3977.36 14098.07 4004.92 14066.09 4032.36
8 12523.65 6332.98 12488.32 6369.33 12463.59 6344.59 12481.68 6285.58 12468.70 6264.21 12541.98 6241.84 12534.88 6256.44 12555.71 6245.26
9 12561.92 1524.94 12560.08 1499.70 12560.41 1496.71 12562.24 1495.74 12563.84 1461.92 12568.04 1491.37 12568.87 1476.78 12588.61 1496.53 12585.21 1499.92
10 12529.67 1898.56 12525.87 1851.55 12547.43 1837.42 12565.93 1833.52 12588.76 1830.65 12597.22 1829.99 12610.84 1841.33 12624.24 1872.61 12619.18 1899.40 12554.16 1928.20
10 8968.35 1508.69 8996.29 1559.31 8937.77 1547.76 8922.70 1585.84 8923.68 1522.28 8904.57 1582.81 8887.51 1564.30 8875.93 1506.92 8839.88 1501.61 8847.12 1456.87
10 2910.45 13525.95 2923.63 13467.80 2960.05 13471.72 2965.41 13472.76 2978.29 13478.38 2996.00 13506.09 2985.73 13531.95 2976.46 13541.89 2944.57 13553.21 2926.13 13549.23
12 8495.41 3699.66 8486.93 3705.50 8461.29 3696.51 8459.94 3699.90 8450.26 3695.06 8402.72 3660.06 8411.79 3659.13 8426.29 3656.69 8418.78 3642.82 8433.07 3640.70 8457.21 3642.03 8481.70 3672.18
11 10910.17 13218.85 10882.78 13219.18 10860.60 13229.25 10858.44 13239.25 10839.94 13203.19 10797.37 13230.24 10831.06 13197.03 10820.70 13117.60 10883.84 13175.28 10942.39 13166.01 10930.42 13177.79
9 7631.87 6447.18 7587.98 6489.57 7491.78 6446.92 7489.79 6419.88 7513.39 6376.14 7549.74 6365.16 7569.41 6367.76 7601.25 6383.94 7608.42 6395.78
14 5083.39 666.04 5081.12 678.62 5039.60 667.75 5056.30 688.81 5009.08 708.73 4997.71 683.78 5016.26 664.36 5008.47 664.33 5017.15 655.17 5014.21 635.57 5012.04 614.06 5059.06 622.76 5074.05 617.09 5058.27 647.12
9 5789.46 8326.13 5792.27 8328.78 5794.48 8351.08 5776.12 8351.48 5756.38 8334.22 5703.80 8347.04 5707.51 8334.31 5736.60 8320.39 5808.37 8295.48
9 624.36 6143.55 576.19 6167.10 572.29 6125.54 557.30 6124.19 560.85 6098.30 568.49 6098.66 600.65 6107.13 618.48 6099.96 635.68 6110.29
5 1390.34 10995.90 1360.79 11034.44 1330.45 10980.76 1344.55 10965.41 1368.12 10955.91
6 7315.14 2739.72 7383.86 2695.07 7472.60 2789.74 7414.88 2838.14 7332.88 2851.39 7323.50 2844.75
9 3748.82 6302.24 3717.56 6306.73 3724.72 6315.29 3724.34 6315.86 3700.46 6304.48 3621.76 6313.92 3642.54 6267.38 3669.82 6244.89 3732.12 6229.76
7 2850.09 331.26 2768.81 290.73 2779.19 274.40 2799.22 254.92 2849.30 273.09 2854.94 275.29 2874.49 283.97
7 2616.88 11309.92 2607.16 11231.14 2645.43 11166.27 2714.29 11178.54 2740.14 11225.18 2705.23 11299.21 2687.32 11308.26
6 4806.38 3994.34 4790.90 3979.95 4762.00 4018.48 4767.38 3963.14 4757.65 3964.48 4767.48 3939.56
15 9497.82 14930.40 9510.71 14995.75 9475.64 14944.78 9469.08 14967.49 9416.11 14980.63 9424.57 14969.57 9404.42 14900.49 9438.84 14909.61 9430.84 14902.29 9400.51 14881.61 9419.14 14852.49 9453.83 14842.38 9457.96 14845.00 9507.19 14918.29 9505.93 14923.80
9 4192.46 11354.15 4194.68 11386.02 4170.28 11366.29 4161.93 11347.73 4165.48 11330.70 4162.16 11311.86 4172.51 11327.81 4199.90 11324.71 4220.33 11334.42
7 201.67 2057.45 205.44 2088.24 133.42 2068.34 128.18 2042.75 162.72 2041.64 212.74 2020.13 219.51 2025.05
7 5429.58 8934.05 5430.51 8949.48 5384.00 8963.35 5384.71 8951.71 5362.45 8910.78 5353.31 8843.23 5415.23 8839.69
10 12444.10 13516.70 12443.64 13497.39 12470.54 13459.16 12494.46 13432.10 12507.05 13428.90 12541.80 13450.88 12555.80 13464.38 12560.41 13479.22 12507.83 13547.19 12483.10 13550.07
11 4727.65 9762.79 4714.92 9723.02 4719.34 9693.91 4773.49 9672.53 4797.49 9671.49 4812.21 9682.63 4821.76 9693.17 4825.64 9699.90 4819.41 9739.76 4801.43 9754.65 4754.75 9779.65
7 14779.95 4575.27 14737.82 4511.81 14743.99 4498.34 14813.08 4464.76 14850.59 4482.61 14868.11 4555.03 14834.90 4585.12
8 5623.31 5993.27 5624.71 6003.17 5590.94 6007.18 5585.16 5999.24 5581.36 6019.62 5566.65 5993.99 5557.26 5981.62 5588.84 5956.67
10 7864.27 8286.24 7811.64 8241.45 7813.50 8212.15 7816.84 8170.94 7820.28 8167.76 7922.39 8160.79 7932.92 8162.82 7966.89 8181.39 7950.32 8239.77 7894.80 8310.10
5 14262.66 709.57 14252.66 690.59 14240.77 684.08 14269.98 663.89 14287.41 641.37
15 6152.98 15355.75 6123.13 15336.45 6150.59 15368.22 6118.53 15367.78 6097.19 15358.86 6048.97 15323.16 6059.81 15284.97 6075.93 15273.61 6091.03 15275.58 6103.80 15303.94 6134.91 15299.00 6126.48 15308.07 6157.58 15290.30 6122.18 15317.73 6124.90 15321.42
7 6637.38 12021.98 6586.36 12043.30 6589.11 12031.36 6575.39 12051.85 6541.66 12036.57 6603.35 11986.27 6645.48 12004.85
7 2761.77 12316.77 2803.11 12273.74 2828.12 12281.75 2851.49 12293.18 2870.84 12354.68 2841.76 12396.81 2821.33 12395.11
5 15396.49 10788.72 15366.86 10812.01 15318.97 10787.83 15318.30 10785.22 15331.69 10760.05
10 5082.49 11480.12 5106.95 11468.87 5123.61 11473.64 5146.80 11487.01 5159.67 11521.18 5158.19 11531.52 5131.00 11557.92 5082.73 11541.47 5067.45 11516.35 5069.28 11507.42
5 10562.34 1264.62 10557.57 1278.61 10506.77 1234.29 10527.79 1212.31 10538.21 1234.20
9 4237.72 13614.69 4273.48 13546.59 4316.87 13518.05 4365.87 13534.08 4391.40 13585.74 4385.35 13635.93 4341.26 13660.16 4327.51 13664.41 4286.45 13666.15
9 527.32 5670.51 493.57 5628.38 499.71 5594.88 522.00 5575.57 545.02 5567.28 563.46 5566.90 595.25 5602.98 588.10 5644.09 560.53 5666.92
14 8726.92 8001.67 8717.29 8011.03 8711.12 8028.70 8709.04 8037.59 8684.35 8038.49 8663.39 8023.46 8687.66 7999.83 8665.14 8020.01 8668.40 7991.26 8659.33 7991.25 8693.30 7975.78 8695.46 7973.52 8713.84 7953.18 8742.29 7971.61
9 13937.58 7200.50 13905.22 7244.06 13879.86 7248.44 13842.38 7236.05 13850.98 7192.61 13844.07 7136.66 13856.07 7123.07 13886.81 7161.02 13919.73 7136.72
8 13024.34 4961.35 13013.28 4918.43 13025.55 4893.43 13036.80 4889.01 13054.96 4885.13 13076.53 4907.16 13078.92 4943.18 13074.10 4957.29
11 11540.30 8911.17 11555.62 8869.44 11570.14 8863.07 11583.72 8864.30 11594.64 8871.24 11617.28 8886.36 11627.60 8893.53 11627.61 8902.53 11624.66 8915.97 11614.95 8937.68 11553.30 8933.06
9 2519.59 11365.74 2517.16 11379.79 2507.19 11411.48 2496.51 11419.45 2486.33 11406.78 2458.76 11344.49 2473.57 11346.33 2475.13 11344.53 2522.23 11335.19
13 7470.34 1959.87 7443.04 1976.28 7446.05 1990.43 7403.48 1976.35 7387.84 1992.45 7377.77 1982.14 7370.71 1967.10 7349.59 1945.51 7344.15 1930.85 7327.25 1920.23 7320.58 1903.25 7328.20 1888.09 7386.98 1864.20
12 14431.16 13431.13 14408.33 13374.25 14412.32 13367.46 14423.40 13359.31 14465.08 13333.45 14492.11 13316.88 14542.51 13313.77 14594.97 13383.55 14595.21 13390.87 14582.08 13417.52 14563.21 13448.87 14517.11 13466.42
9 9547.60 11859.23 9603.79 11921.53 9594.32 11950.45 9524.99 11989.39 9489.13 11975.42 9465.16 11961.31 9458.70 11910.88 9474.41 11893.96 9504.77 11871.25
7 7071.23 2299.77 7039.04 2275.69 7044.32 2251.26 7066.44 2241.71 7099.89 2252.76 7109.72 2288.25 7109.05 2294.45
10 7754.22 3747.65 7735.69 3730.72 7746.17 3683.06 7752.04 3669.52 7780.85 3667.05 7789.14 3666.69 7791.39 3667.47 7812.87 3679.82 7818.25 3719.45 7791.52 3735.18
5 5122.92 4340.50 5120.56 4369.72 5041.20 4315.84 5036.09 4313.30 5061.24 4285.67
15 10702.78 2150.11 10696.78 2161.41 10692.73 2170.41 10674.45 2182.26 10656.24 2183.85 10649.73 2179.64 10665.66 2157.40 10672.34 2150.91 10661.68 2148.41 10670.85 2147.41 10670.39 2146.71 10641.54 2135.00 10672.91 2133.98 10694.48 2120.17 10712.88 2136.03
12 10940.61 10059.99 10909.25 10066.67 10918.29 10051.98 10888.83 10049.38 10893.91 10037.73 10921.81 10046.02 10918.47 10016.55 10919.67 10011.68 10925.25 10027.50 10931.75 10032.93 10955.51 10032.68 10942.38 10043.16
12 12594.70 918.27 12634.80 940.56 12623.85 934.81 12542.74 967.32 12546.85 935.13 12543.03 893.54 12563.18 899.46 12567.88 878.06 12566.96 854.00 12608.13 850.43 12622.42 846.25 12596.60 906.98
11 7954.44 12402.12 7925.20 12370.72 7898.02 12384.96 7906.31 12362.30 7879.51 12361.39 7866.12 12365.86 7847.30 12330.32 7886.85 12321.60 7866.59 12274.80 7902.24 12256.04 7931.80 12289.94
10 13296.25 11278.38 13290.99 11243.40 13313.55 11216.68 13314.53 11216.42 13356.54 11222.44 13374.66 11231.21 13381.11 11259.04 13382.76 11286.00 13363.91 11305.87 13324.59 11309.29
15 3847.08 13094.73 3824.26 13099.40 3819.20 13138.88 3812.89 13143.17 3799.80 13129.78 3803.45 13099.97 3791.32 13120.62 3791.93 13087.31 3764.77 13088.35 3804.09 13068.23 3796.30 13027.22 3816.87 13064.67 3844.48 13045.27 3847.83 13044.29 3846.08 13064.33
9 9765.42 7056.91 9813.77 7026.32 9878.81 7043.38 9886.34 7051.83 9908.58 7083.32 9892.62 7126.27 9856.40 7142.61 9819.49 7147.74 9777.24 7093.83
5 10164.72 9876.41 10102.81 9921.09 10098.73 9890.23 10083.87 9849.21 10082.32 9824.06
9 384.69 7178.70 318.48 7187.99 323.52 7173.71 306.48 7170.38 328.35 7165.76 323.96 7130.91 328.16 7133.60 345.14 7151.44 385.18 7163.62
5 8572.13 11993.96 8588.39 12035.24 8561.71 12001.60 8547.25 12005.90 8521.80 11986.61
8 8158.30 3879.58 8148.99 3858.86 8168.92 3844.77 8210.15 3828.80 8224.47 3831.37 8234.71 3870.00 8209.85 3916.17 8204.02 3922.97
8 15385.19 4591.24 15311.58 4649.90 15261.65 4620.41 15220.69 4559.10 15255.31 4504.63 15276.52 4504.23 15362.83 4512.11 15379.63 4561.88
7 8828.92 4007.29 8828.05 3985.32 8841.23 3955.39 8870.72 3954.04 8891.69 3976.96 8896.56 3989.78 8896.94 4025.56
7 6527.90 12513.58 6566.52 12536.12 6555.76 12625.58 6544.62 12665.57 6490.05 12657.03 6416.14 12612.90 6491.74 12539.10
15 15081.07 7037.23 15056.23 7034.23 15056.45 7044.84 15051.37 7060.66 15025.87 7038.09 15016.58 7042.09 15011.89 7031.40 15015.40 6998.92 14995.48 6951.83 15047.98 6959.42 15050.59 6974.22 15074.33 6943.16 15071.32 6979.41 15098.32 6963.66 15078.06 6996.57
7 6986.55 10765.65 7002.33 10722.23 7045.93 10731.20 7050.82 10732.62 7054.90 10757.10 7022.99 10792.34 6992.91 10785.02
8 4994.68 1529.25 5020.37 1513.69 5057.90 1547.08 5057.00 1562.20 5051.00 1571.78 5022.39 1580.86 5008.11 1583.65 4998.40 1569.24
8 13376.97 1144.50 13342.09 1216.18 13315.46 1153.50 13311.41 1159.41 13254.58 1162.24 13228.82 1159.58 13281.43 1066.39 13344.71 1111.38
9 408.05 4863.59 394.69 4847.01 409.99 4806.43 430.27 4799.32 440.66 4801.15 474.28 4828.23 463.15 4867.24 431.77 4880.40 420.43 4873.60
13 3735.06 10835.00 3705.44 10810.44 3688.43 10812.40 3705.10 10795.03 3701.93 10775.59 3683.51 10758.66 3730.44 10761.90 3738.23 10773.36 3743.72 10754.41 3746.79 10785.21 3745.74 10787.29 3758.12 10781.41 3804.97 10797.91
13 11333.12 4969.05 11332.75 4956.00 11354.09 4926.47 11377.24 4915.67 11441.97 4902.63 11464.87 4941.23 11465.26 4949.44 11461.12 4970.03 11447.67 5000.47 11437.88 5022.01 11405.86 5025.36 11400.17 5023.94 11389.72 5017.96
11 1227.49 9162.66 1216.45 9179.12 1204.49 9174.18 1197.55 9193.39 1189.42 9160.10 1186.47 9160.83 1191.12 9131.08 1192.42 9124.73 1222.09 9149.65 1213.98 9154.04 1216.24 9154.74
8 12665.17 3691.90 12715.46 3746.97 12645.25 3814.20 12638.15 3815.11 12573.68 3782.66 12572.45 3777.98 12578.15 3756.58 12590.91 3730.83
7 11673.57 13607.44 11768.31 13570.93 11794.06 13615.46 11801.61 13659.15 11736.77 13691.80 11726.09 13692.29 11694.06 13680.39
11 5768.61 2380.34 5759.08 2390.08 5747.07 2401.66 5746.83 2388.51 5738.48 2390.56 5724.39 2366.81 5718.73 2353.47 5744.49 2363.58 5728.53 2329.20 5746.84 2341.19 5781.71 2360.86
14 4469.51 790.10 4459.69 795.19 4457.67 815.66 4431.81 794.59 4423.14 826.70 4409.27 795.08 4392.67 770.90 4420.65 742.73 4431.57 762.20 4441.82 763.15 4445.89 762.81 4463.81 750.04 4476.07 750.99 4453.72 773.39
13 6265.05 1427.89 6262.97 1413.42 6267.15 1412.58 6264.92 1388.43 6278.02 1394.34 6285.68 1376.06 6290.29 1365.32 6296.64 1386.29 6305.32 1390.95 6303.82 1394.20 6318.47 1383.46 6293.01 1405.50 6313.79 1406.03
12 855.20 12528.13 897.18 12518.04 908.78 12520.15 927.05 12527.82 947.09 12571.89 951.16 12601.57 933.16 12635.77 887.53 12654.99 855.78 12637.34 822.72 12616.83 815.85 12597.70 840.43 12549.19
9 1525.25 13866.60 1556.55 13927.32 1552.10 13966.59 1502.75 14031.65 1490.54 14036.65 1455.12 14015.96 1410.67 13979.90 1385.82 13941.00 1391.93 13888.73
11 6899.37 14116.70 6892.40 14134.66 6835.92 14166.12 6819.43 14143.63 6832.74 14131.92 6811.93 14115.12 6843.72 14112.55 6864.71 14052.68 6879.14 14046.96 6895.79 14075.76 6884.63 14095.81
7 9578.94 9977.76 9650.18 9897.20 9682.05 9923.17 9699.91 9960.72 9692.06 10042.75 9671.81 10053.94 9589.09 10036.48
6 919.79 11434.64 920.31 11407.37 917.17 11408.79 956.22 11357.03 960.25 11366.17 962.45 11367.14
10 6775.83 4287.00 6772.26 4320.05 6752.56 4292.33 6736.33 4270.36 6735.56 4252.16 6741.66 4229.08 6761.78 4230.02 6766.65 4224.63 6830.66 4244.16 6780.67 4270.15
11 14843.63 2192.14 14792.78 2194.01 14741.61 2217.70 14738.76 2213.64 14720.69 2226.96 14750.88 2192.21 14725.49 2197.43 14706.29 2140.66 14797.75 2108.49 14810.10 2099.26 14793.48 2159.77
7 5375.46 7466.83 5421.45 7424.21 5428.92 7425.70 5459.55 7457.25 5452.76 7483.29 5426.78 7504.24 5392.03 7495.19
5 7162.99 5495.16 7096.50 5450.27 7133.59 5392.40 7180.98 5395.96 7183.40 5398.22
8 7911.89 4256.20 7916.77 4206.73 7875.67 4240.98 7872.31 4213.39 7916.04 4148.73 7942.06 4164.06 7950.75 4160.37 7951.16 4169.57
9 10343.06 13266.78 10314.74 13228.98 10332.86 13177.80 10349.93 13166.46 10448.95 13189.35 10470.19 13209.64 10449.05 13239.16 10437.23 13252.88 10392.02 13305.23
15 3130.79 5122.20 3102.01 5115.31 3089.15 5156.04 3077.44 5130.54 2997.73 5097.07 3027.51 5085.02 3014.62 5075.14 3031.91 5073.98 3045.73 5074.52 3046.48 5065.99 3036.35 5045.45 3048.01 5040.47 3066.95 5010.88 3078.81 5069.79 3107.99 5056.24
6 14490.10 4676.66 14420.13 4665.34 14433.19 4626.55 14464.29 4610.75 14476.37 4612.25 14494.93 4635.90
9 9617.83 12693.71 9668.17 12635.41 9721.79 12640.40 9751.68 12695.49 9755.40 12713.51 9747.77 12748.02 9717.72 12759.21 9682.96 12754.05 9637.99 12718.56
9 3201.91 8229.76 3217.56 8171.39 3266.27 8172.94 3296.81 8179.22 3319.45 8203.76 3308.55 8251.87 3302.02 8271.31 3237.53 8286.59 3206.27 8244.90
9 13435.22 9278.17 13504.38 9245.13 13551.49 9299.25 13558.15 9353.76 13535.97 9401.19 13491.80 9409.66 13459.26 9406.74 13426.81 9378.03 13427.64 9293.87
10 12480.86 14104.28 12472.91 14115.51 12464.11 14109.90 12457.77 14131.42 12425.81 14105.00 12440.37 14094.35 12453.62 14057.64 12491.70 14060.41 12489.16 14080.49 12472.77 14093.68
10 14533.07 14131.59 14521.73 14144.59 14515.77 14159.05 14456.89 14125.86 14479.12 14100.07 14499.96 14068.68 14515.75 14068.25 14542.60 14037.22 14550.87 14074.24 14556.13 14097.35
7 3793.32 9872.33 3705.53 9832.52 3703.68 9825.57 3697.61 9730.24 3801.96 9701.52 3855.27 9749.51 3816.63 9838.12
7 313.38 12956.02 307.14 12927.58 280.42 12904.83 278.15 12895.62 307.38 12883.27 338.11 12880.02 348.42 12887.66
10 11044.11 5901.23 10999.05 5856.44 11016.21 5789.59 11028.59 5764.48 11037.20 5758.44 11071.21 5758.87 11101.61 5768.99 11118.49 5786.91 11130.57 5835.93 11130.86 5845.08
10 6256.42 8090.24 6204.39 8060.40 6188.21 8037.80 6180.21 7998.25 6189.12 7967.67 6260.17 7908.01 6288.40 7912.56 6324.00 7923.56 6342.43 7987.12 6335.57 8077.03
14 6754.75 9945.92 6743.96 9945.32 6721.73 9961.66 6706.01 9961.90 6704.09 9953.86 6719.37 9945.23 6709.68 9949.32 6718.97 9942.31 6682.42 9947.50 6680.45 9922.54 6725.49 9898.03 6742.46 9893.77 6751.07 9922.50 6745.35 9936.30
8 2028.67 9049.38 2071.96 9075.08 2064.05 9128.04 2057.68 9158.91 2050.65 9168.08 1977.44 9152.29 1953.33 9141.20 1974.72 9098.00
5 11631.59 13345.12 11643.97 13321.86 11599.92 13293.37 11636.31 13288.03 11687.56 13243.72
5 15454.90 9762.88 15443.17 9758.55 15420.60 9774.35 15403.02 9768.64 15415.90 9724.97
11 4186.39 11280.50 4185.74 11252.14 4186.32 11249.53 4221.85 11233.96 4245.45 11229.93 4252.96 11238.14 4262.65 11261.73 4248.24 11291.87 4241.94 11300.93 4216.99 11311.35 4209.42 11313.99
7 3837.42 6298.28 3741.87 6193.88 3762.82 6167.16 3771.94 6162.29 3874.12 6199.63 3890.49 6214.53 3890.10 6262.97
12 688.89 4096.76 667.89 4109.31 646.22 4123.11 652.87 4101.08 664.37 4075.19 654.19 4050.64 672.61 4065.12 677.79 4050.24 698.17 4048.23 694.99 4071.51 698.60 4081.29 703.27 4083.57
11 4235.59 11691.74 4224.06 11718.14 4209.21 11701.29 4204.30 11703.12 4175.99 11712.34 4174.21 11683.02 4168.97 11680.02 4194.92 11680.79 4181.53 11662.48 4203.48 11659.85 4243.78 11662.66
15 5518.44 15271.20 5543.23 15282.82 5535.59 15285.07 5535.16 15285.57 5517.30 15277.30 5546.43 15300.42 5503.22 15304.86 5500.35 15284.75 5476.47 15232.36 5494.40 15230.03 5498.98 15248.90 5527.66 15232.40 5519.86 15251.74 5537.11 15250.13 5538.57 15254.06
11 11060.97 4545.71 11037.16 4556.19 11033.99 4532.97 10989.74 4514.75 10997.90 4516.64 11020.25 4517.46 11048.31 4519.93 11075.53 4474.29 11089.15 4480.01 11091.12 4491.21 11089.44 4501.04
6 8864.19 15300.87 8881.24 15241.41 8954.36 15242.76 8975.63 15300.65 8920.20 15349.95 8888.16 15342.65
9 4676.61 256.99 4657.09 230.58 4658.68 211.68 4669.67 190.76 4730.47 186.50 4752.34 186.48 4757.25 217.17 4735.86 267.14 4706.76 284.20
11 6377.20 3683.99 6439.77 3649.97 6475.51 3663.99 6485.60 3684.22 6490.46 3721.27 6480.60 3737.23 6464.27 3758.01 6421.83 3770.27 6401.32 3755.40 6367.24 3726.70 6369.64 3699.47
9 4822.24 298.97 4795.96 310.96 4776.25 326.00 4764.02 314.70 4759.53 312.44 4756.96 282.07 4783.51 259.46 4800.56 279.71 4816.11 284.59
8 14743.15 7400.61 14758.76 7440.42 14728.95 7447.58 14715.11 7413.58 14694.59 7473.26 14693.45 7422.57 14667.92 7421.22 14664.75 7377.67
9 2779.77 12166.95 2732.90 12169.64 2726.86 12208.24 2720.42 12185.52 2679.23 12205.35 2690.01 12161.13 2694.53 12145.73 2761.58 12143.66 2735.21 12151.90
9 4630.50 9518.42 4607.82 9485.64 4610.48 9444.84 4628.85 9429.25 4678.45 9414.63 4704.13 9432.50 4719.52 9451.18 4703.04 9472.97 4658.71 9529.78
8 8625.77 3663.02 8579.30 3596.83 8589.42 3582.71 8605.88 3591.58 8609.40 3603.81 8622.21 3595.27 8614.37 3616.70 8627.02 3619.23
6 10866.22 9074.07 10854.05 9051.35 10831.94 9004.08 10825.17 8998.64 10811.07 8986.67 10893.15 8963.79
13 13342.47 8220.36 13300.92 8212.96 13291.15 8243.15 13242.48 8223.12 13274.79 8191.44 13273.22 8180.81 13270.42 8166.97 13276.47 8166.90 13286.53 8182.75 13297.79 8159.91 13295.14 8189.76 13340.65 8176.63 13334.15 8200.52
13 12400.72 9750.17 12449.33 9762.57 12397.03 9752.26 12398.26 9782.60 12380.05 9776.57 12378.14 9761.91 12330.36 9748.93 12357.28 9735.61 12384.52 9716.09 12394.36 9685.34 12400.33 9681.16 12400.93 9716.67 12431.17 9742.36
10 11115.22 4688.60 11128.22 4628.25 11143.69 4620.31 11178.37 4607.62 11256.62 4625.78 11272.49 4680.19 11263.17 4699.43 11249.71 4719.46 11175.00 4732.31 11136.21 4725.51
9 14385.74 8567.68 14417.46 8520.98 14471.10 8512.63 14494.14 8526.34 14515.21 8580.30 14503.67 8614.00 14493.26 8631.37 14459.56 8628.92 14394.83 8585.72
7 9101.73 4886.15 9068.70 4924.09 9018.44 4918.05 8986.96 4857.45 9015.83 4820.99 9070.75 4831.67 9098.64 4877.11
9 10585.90 14198.92 10522.05 14137.94 10538.86 14083.77 10555.98 14066.46 10591.89 14045.46 10663.98 14064.39 10684.76 14095.44 10674.48 14168.08 10653.39 14186.31
8 12903.89 10739.27 12886.94 10733.00 12854.43 10744.68 12848.05 10730.45 12852.11 10716.66 12829.59 10691.78 12858.94 10700.86 12883.97 10682.65
10 6181.08 7312.29 6193.79 7216.91 6211.33 7208.87 6239.90 7208.48 6258.69 7215.65 6322.74 7296.81 6297.76 7307.69 6231.07 7323.81 6213.02 7326.20 6193.26 7324.57
10 5443.00 6548.60 5450.42 6514.01 5524.69 6497.10 5572.65 6512.22 5560.66 6575.55 5552.26 6597.19 5543.81 6600.95 5509.82 6609.26 5496.66 6604.50 5455.48 6568.68
10 14095.50 5667.23 14087.76 5588.45 14146.32 5582.04 14153.20 5584.74 14160.87 5589.64 14174.66 5611.03 14179.44 5625.99 14176.79 5629.64 14146.30 5659.64 14121.70 5663.51
8 11967.98 10410.78 12001.81 10362.58 12037.36 10378.36 12046.97 10388.79 12056.46 10416.40 12045.58 10429.32 12000.48 10444.21 11987.12 10439.25
8 5669.58 8153.35 5710.26 8145.89 5760.36 8176.01 5764.33 8189.83 5750.15 8198.11 5688.33 8229.80 5665.70 8240.31 5667.89 8178.80
15 13656.85 15375.29 13675.93 15390.57 13685.58 15409.14 13694.13 15428.54 13661.64 15406.86 13642.39 15396.71 13547.24 15394.39 13607.15 15366.10 13562.81 15372.13 13593.58 15314.08 13622.82 15339.23 13614.41 15272.33 13633.70 15307.06 13670.01 15341.47 13710.86 15361.41
10 2443.00 10868.63 2427.75 10809.17 2462.60 10771.95 2481.05 10761.63 2526.43 10774.38 2546.70 10794.79 2542.93 10835.80 2530.01 10868.82 2518.18 10878.62 2466.21 10884.86
6 8834.84 5458.99 8866.68 5448.39 8904.17 5486.36 8891.90 5502.47 8869.16 5501.75 8840.62 5492.18
7 3946.95 271.36 3968.52 239.47 4018.28 261.05 3993.46 303.35 3982.55 308.95 3970.28 313.31 3963.21 312.02
8 6617.52 8701.15 6678.41 8615.92 6775.45 8643.77 6794.88 8678.05 6796.47 8710.64 6773.18 8769.61 6717.97 8791.42 6655.41 8761.13
10 7313.74 8818.03 7299.25 8837.47 7293.98 8844.49 7271.74 8825.71 7264.19 8821.21 7261.16 8795.92 7280.21 8800.27 7280.12 8802.52 7291.16 8802.85 7308.63 8786.13
10 5492.19 5853.68 5533.84 5904.82 5523.24 5947.77 5456.44 5951.94 5423.08 5949.31 5421.12 5944.57 5422.81 5913.38 5423.85 5901.54 5434.72 5872.77 5469.90 5861.00
11 14177.06 1437.26 14208.20 1407.51 14231.75 1392.05 14239.22 1391.88 14261.65 1395.95 14278.59 1425.63 14279.92 1456.69 14258.58 1485.06 14239.09 1484.40 14222.44 1482.39 14186.91 1470.26
6 14660.42 3203.51 14653.92 3207.94 14656.22 3155.51 14667.72 3139.76 14682.87 3156.08 14698.56 3166.29
9 7278.66 6081.60 7261.95 6152.06 7237.54 6159.84 7205.77 6163.72 7189.59 6151.26 7186.43 6137.44 7193.77 6086.25 7229.22 6055.28 7264.64 6071.82
12 9845.58 9825.41 9779.74 9848.53 9755.90 9896.14 9762.59 9840.09 9726.27 9860.98 9747.51 9837.41 9718.26 9824.82 9727.53 9762.48 9751.52 9755.97 9805.68 9797.45 9836.88 9792.21 9791.74 9820.62
7 13141.45 8915.33 13129.50 8937.75 13112.99 8922.86 13079.82 8871.77 13098.82 8866.78 13126.62 8863.53 13133.48 8885.12
15 1150.55 10596.14 1158.07 10610.04 1142.13 10601.85 1140.27 10604.76 1144.33 10629.66 1118.87 10617.42 1112.00 10618.00 1102.17 10627.83 1086.95 10601.15 1094.41 10583.59 1099.08 10582.64 1122.28 10571.17 1150.13 10571.17 1155.00 10569.42 1166.32 10586.80
8 13417.40 7344.77 13389.94 7337.62 13341.20 7355.31 13345.69 7329.11 13315.52 7316.25 13308.46 7313.65 13362.12 7305.01 13385.66 7300.44
8 15355.05 13939.27 15414.62 13964.22 15400.85 14022.58 15373.04 14055.72 15330.06 14071.34 15276.64 14062.88 15285.66 13982.35 15299.01 13948.98
7 1639.57 13197.55 1614.14 13149.53 1646.37 13113.21 1728.44 13069.29 1754.51 13115.56 1733.03 13157.60 1708.23 13177.78
14 7214.93 12023.03 7183.87 12029.33 7188.51 12003.89 7188.06 12000.96 7192.35 11989.50 7182.50 11990.83 7177.09 11991.57 7164.05 11991.85 7182.02 11972.45 7159.09 11955.32 7199.32 11945.74 7210.75 11949.73 7209.10 11957.19 7206.28 11963.70
9 8756.19 6263.12 8688.67 6314.92 8666.01 6294.41 8655.68 6272.56 8644.19 6238.06 8684.48 6196.80 8749.75 6222.85 8751.14 6227.15 8755.62 6256.15
9 13561.76 13834.79 13547.70 13765.47 13572.67 13719.13 13591.47 13707.46 13639.71 13688.90 13688.16 13694.08 13737.00 13766.73 13676.20 13850.29 13619.68 13852.38
14 11878.19 252.75 11846.90 249.59 11836.83 240.36 11813.81 256.05 11820.49 251.00 11831.69 241.85 11831.81 241.43 11833.26 222.61 11813.39 202.68 11834.94 219.95 11834.07 216.94 11867.97 214.23 11876.41 210.06 11876.27 232.58
9 2674.46 7993.31 2675.99 7997.43 2599.34 8041.83 2586.29 8057.76 2529.08 8044.79 2554.48 7979.59 2603.86 7939.94 2621.79 7937.98 2614.51 7954.11
15 9022.82 2308.34 9069.03 2341.18 9054.20 2355.07 9014.57 2330.78 9008.00 2331.12 8997.21 2375.25 8971.92 2330.97 8941.14 2342.96 8959.30 2320.66 8945.93 2319.23 8937.07 2318.16 8989.81 2242.61 8991.12 2215.47 9026.75 2237.02 9025.00 2272.52
14 11876.55 7251.64 11880.23 7264.52 11882.31 7275.71 11858.53 7267.02 11852.77 7263.74 11863.32 7293.22 11844.90 7263.64 11832.68 7296.37 11822.00 7287.07 11812.39 7283.54 11798.26 7262.90 11829.81 7196.38 11847.35 7190.96 11874.90 7213.08
8 590.51 10751.38 601.74 10799.42 590.67 10834.03 555.11 10838.57 537.88 10819.82 510.19 10772.02 526.23 10761.75 548.86 10754.79
5 9459.41 7854.05 9460.11 7876.01 9441.75 7863.03 9417.04 7858.62 9429.41 7828.80
15 13251.87 8381.78 13261.25 8386.21 13238.44 8393.09 13215.51 8418.08 13205.45 8427.57 13203.08 8430.34 13183.13 8405.76 13200.40 8388.28 13199.46 8382.17 13203.91 8379.34 13201.13 8341.32 13199.19 8336.36 13203.14 8339.58 13230.81 8354.09 13245.05 8364.13
11 3892.01 5863.52 3837.88 5931.06 3806.46 5913.22 3837.73 5874.08 3835.42 5866.62 3799.98 5827.48 3828.01 5840.47 3804.74 5800.39 3854.43 5785.30 3862.79 5820.62 3871.56 5813.71
11 7722.07 3160.39 7685.08 3175.06 7675.33 3195.52 7641.37 3203.61 7550.01 3134.83 7603.64 3128.25 7565.58 3087.36 7573.94 3088.31 7668.61 3062.63 7741.41 3123.95 7740.74 3125.27
10 8612.38 15073.76 8591.69 14985.00 8604.39 14939.45 8622.66 14919.23 8691.84 14927.22 8695.76 14929.02 8751.24 15032.03 8745.61 15043.11 8698.94 15069.87 8614.61 15079.97
12 3439.18 5371.87 3428.63 5378.40 3433.01 5345.41 3420.29 5338.41 3424.31 5319.80 3475.57 5274.17 3501.28 5311.95 3489.04 5333.23 3519.21 5296.61 3503.69 5321.57 3523.36 5323.51 3512.73 5334.90
10 10595.44 2218.44 10593.30 2223.67 10593.56 2229.23 10563.39 2263.08 10547.45 2261.92 10546.26 2247.34 10537.38 2217.35 10527.91 2216.42 10554.92 2192.60 10575.46 2202.67
9 9279.98 10860.77 9235.99 10850.60 9216.05 10816.21 9216.00 10800.71 9232.39 10764.20 9280.57 10759.83 9285.35 10765.18 9311.62 10804.45 9293.93 10849.05
11 4226.94 2450.48 4223.18 2367.11 4230.90 2357.86 4277.51 2303.70 4290.58 2303.67 4316.78 2317.49 4358.61 2352.96 4327.90 2436.28 4319.36 2442.34 4262.24 2468.82 4238.64 2456.82
5 11802.61 3868.81 11734.86 3885.58 11727.78 3852.69 11711.78 3800.69 11765.40 3830.54
8 11314.14 12465.23 11365.20 12340.71 11421.25 12355.40 11430.61 12361.88 11451.01 12422.06 11386.60 12493.27 11378.76 12492.89 11374.04 12491.60
9 494.22 12409.92 515.80 12347.08 530.71 12320.88 564.77 12324.23 605.98 12381.65 615.76 12398.44 584.80 12449.37 557.76 12452.33 496.41 12414.24
6 2693.07 4845.12 2642.49 4845.54 2636.24 4818.30 2599.95 4759.88 2645.87 4773.64 2701.12 4772.60
10 8316.33 14719.52 8268.05 14624.29 8283.24 14609.86 8313.07 14605.95 8394.78 14609.11 8413.59 14628.76 8420.50 14677.22 8369.34 14720.69 8339.91 14727.02 8322.18 14724.25
13 3950.00 11507.93 3937.39 11514.07 3944.42 11525.86 3924.69 11516.60 3917.61 11513.35 3905.01 11485.40 3851.53 11496.07 3877.53 11460.32 3844.23 11438.97 3950.29 11436.58 3922.04 11460.03 3953.00 11448.47 3952.75 11457.35
9 4439.70 12993.70 4493.40 13016.19 4469.62 13007.99 4457.82 13021.86 4373.55 12951.82 4378.87 12940.87 4378.52 12928.01 4406.92 12956.44 4472.16 12935.55
8 7915.53 15322.60 7919.46 15288.26 7951.70 15240.06 8054.87 15303.67 8055.62 15315.93 8032.66 15366.43 7964.38 15375.83 7915.97 15338.30
10 15186.97 14309.24 15174.07 14333.25 15138.17 14334.98 15142.58 14318.18 15113.00 14295.39 15092.55 14280.75 15105.16 14257.51 15130.96 14261.26 15189.87 14275.41 15233.52 14282.75
8 8264.91 9542.74 8267.80 9500.27 8345.64 9472.67 8351.34 9473.57 8366.96 9553.95 8348.09 9577.31 8326.88 9578.58 8284.17 9567.26
11 819.67 5508.55 816.21 5478.31 817.51 5452.88 820.37 5449.52 876.69 5430.81 897.45 5442.23 912.10 5459.06 909.30 5497.37 887.67 5523.05 861.45 5534.66 831.01 5538.93
9 9491.03 13914.68 9450.50 13862.98 9454.62 13842.01 9508.71 13820.45 9537.31 13835.77 9551.82 13848.74 9561.91 13867.56 9549.00 13888.72 9528.07 13919.04
7 2414.86 12842.12 2459.33 12958.51 2392.32 13000.51 2357.79 12968.34 2335.26 12936.97 2328.56 12896.94 2357.79 12862.79
5 9215.47 11743.18 9214.93 11757.11 9170.75 11689.57 9221.59 11714.16 9261.74 11731.74
10 324.08 469.33 352.85 509.41 346.73 566.51 333.13 587.31 306.82 592.18 282.52 581.86 257.06 567.43 247.76 550.32 240.21 532.55 254.02 491.61
7 7417.21 3437.82 7384.60 3402.86 7401.42 3389.63 7437.16 3382.50 7464.43 3392.85 7461.11 3413.23 7451.29 3429.47
9 3504.78 11495.97 3463.80 11446.25 3466.23 11420.21 3543.95 11351.02 3559.78 11352.85 3604.55 11437.01 3609.54 11457.10 3611.05 11481.15 3573.29 11503.31
8 962.33 9671.18 1005.58 9750.72 983.54 9806.40 977.38 9821.55 875.19 9839.22 873.42 9785.95 873.25 9695.60 899.66 9661.92
10 6122.24 10348.43 6131.75 10260.46 6135.96 10253.56 6173.63 10227.30 6199.39 10221.65 6215.17 10236.67 6249.17 10271.38 6246.25 10315.61 6180.22 10350.32 6160.45 10356.38
10 6095.70 5794.41 6093.09 5769.56 6094.83 5755.26 6111.69 5740.73 6126.78 5732.06 6154.80 5736.11 6184.26 5747.19 6184.65 5773.91 6181.77 5780.44 6158.14 5818.99
9 239.12 3820.40 263.90 3757.72 343.24 3749.84 390.61 3776.80 393.20 3839.18 393.20 3848.31 378.34 3877.50 289.41 3899.47 241.33 3834.06
8 4524.23 3435.34 4522.00 3529.45 4420.97 3560.20 4400.24 3509.41 4378.24 3447.72 4393.04 3432.76 4463.46 3410.21 4490.81 3416.33
15 7318.96 14290.65 7317.93 14292.95 7327.85 14302.40 7351.30 14323.95 7314.43 14322.90 7292.18 14313.11 7200.23 14262.00 7242.70 14270.78 7268.55 14262.23 7241.79 14212.22 7255.12 14207.33 7283.32 14238.35 7283.41 14196.05 7325.30 14222.24 7357.27 14243.22
8 5211.10 7380.83 5217.43 7395.79 5191.89 7384.77 5187.74 7399.11 5134.16 7398.46 5116.84 7345.76 5127.19 7331.58 5238.39 7363.80
11 5356.72 12246.52 5320.37 12244.94 5293.37 12288.04 5293.97 12272.99 5257.59 12277.26 5236.14 12237.82 5272.84 12211.90 5251.77 12198.73 5327.27 12187.85 5332.95 12193.80 5356.63 12177.88
14 10873.95 8227.47 10849.96 8233.15 10837.26 8230.67 10818.46 8255.03 10781.36 8195.89 10819.36 8201.52 10806.55 8166.73 10819.66 8167.38 10831.77 8172.96 10840.43 8182.32 10844.93 8176.97 10855.99 8160.57 10846.66 8193.87 10880.32 8195.50
10 7112.05 1801.72 7084.62 1789.21 7112.42 1811.61 7076.90 1815.39 7022.00 1829.28 7055.07 1775.07 7057.96 1718.12 7073.66 1721.39 7075.70 1755.25 7091.80 1777.26
8 14365.34 11103.93 14355.39 11102.07 14294.73 11107.95 14299.73 11090.66 14288.37 11076.99 14279.60 11071.22 14367.85 11024.37 14384.68 11049.01
6 3993.11 1635.41 3970.16 1629.72 3944.16 1632.70 3911.34 1626.25 3894.42 1546.04 3945.74 1611.68
9 15079.07 11604.79 15075.17 11620.79 15052.55 11624.86 15028.57 11658.41 15022.84 11635.86 15029.57 11597.06 15045.86 11596.42 15011.93 11578.91 15096.26 11570.10
9 2801.47 6271.07 2813.10 6250.18 2839.50 6223.16 2854.46 6211.40 2871.52 6221.49 2891.92 6277.87 2873.58 6290.01 2840.81 6308.45 2808.36 6280.86
10 1311.83 3558.59 1289.09 3566.45 1283.71 3571.47 1271.27 3583.62 1234.99 3546.36 1228.75 3542.27 1273.70 3543.54 1277.33 3537.92 1264.58 3509.82 1330.70 3497.52
6 9636.93 15048.77 9601.56 15063.47 9539.76 15003.49 9568.88 14999.20 9592.53 14991.25 9634.35 14990.18
9 12400.99 3577.94 12376.72 3604.49 12337.23 3600.08 12330.64 3595.75 12313.97 3571.73 12326.23 3539.04 12341.54 3520.93 12385.90 3529.61 12391.16 3541.84
10 15386.88 4815.29 15350.68 4810.16 15322.28 4765.27 15316.28 4735.79 15351.14 4656.22 15364.25 4650.62 15395.23 4650.45 15455.35 4689.37 15487.85 4722.99 15425.16 4804.95
10 6536.05 12980.22 6516.17 12987.99 6506.10 13005.92 6501.51 13013.25 6487.44 13028.80 6459.55 12988.32 6445.03 12990.95 6521.28 12908.96 6544.09 12917.76 6523.94 12955.34
14 5098.06 6148.58 5079.87 6178.82 5079.94 6161.49 5071.11 6172.18 5071.35 6160.55 5056.15 6177.00 5060.92 6170.27 5055.16 6164.02 5051.00 6151.97 5067.38 6137.93 5069.93 6126.04 5076.66 6133.24 5099.85 6132.41 5108.89 6142.82
9 6074.30 1353.69 6080.55 1357.58 6069.56 1375.03 5970.07 1341.09 5987.65 1294.64 5984.99 1259.56 6024.51 1317.51 6064.50 1275.50 6040.65 1319.95
11 7969.80 6893.27 7977.76 6874.26 7980.12 6873.06 8021.14 6855.06 8059.19 6866.06 8067.79 6901.54 8070.09 6913.63 8055.31 6928.20 8031.06 6943.13 8009.55 6940.65 7978.34 6925.78
9 2424.95 9936.66 2414.43 9911.16 2433.41 9883.81 2451.04 9873.63 2458.04 9874.17 2475.61 9884.02 2487.63 9892.11 2480.57 9930.96 2456.49 9936.53
14 9531.12 11047.29 9522.43 11047.47 9509.70 11051.96 9509.17 11079.39 9458.14 11067.81 9476.98 11048.90 9454.75 11046.91 9483.33 11040.37 9457.62 11021.05 9501.89 10984.32 9518.04 10989.36 9514.16 11014.97 9507.85 11030.08 9517.88 11033.88
12 8086.90 13203.97 8069.28 13211.62 8050.04 13193.18 8018.78 13194.69 8016.46 13190.59 8064.00 13171.56 8074.94 13163.91 8068.50 13138.78 8084.64 13129.24 8137.83 13118.99 8148.74 13164.89 8149.31 13184.89
10 7659.42 4525.93 7659.25 4521.94 7680.96 4487.80 7717.51 4465.39 7742.74 4472.74 7757.75 4489.85 7758.08 4504.72 7750.79 4530.24 7736.35 4544.12 7706.57 4562.07
13 13265.06 1020.22 13259.46 1007.12 13181.72 1025.45 13170.08 974.84 13205.77 968.01 13191.42 940.22 13193.86 930.64 13237.30 939.97 13229.14 892.29 13242.62 912.87 13270.31 967.12 13275.77 978.55 13291.05 980.92
6 4191.81 10377.16 4155.24 10366.19 4148.01 10373.97 4100.07 10359.06 4112.14 10341.40 4152.42 10322.48
9 5312.21 4262.41 5303.87 4294.63 5248.85 4289.83 5214.79 4279.16 5219.99 4242.49 5227.28 4227.12 5253.76 4185.82 5281.60 4207.73 5293.02 4224.69
10 12932.25 1379.27 12949.60 1308.69 12956.20 1303.55 12976.85 1294.62 13005.95 1302.74 13038.34 1367.51 13035.67 1374.09 13029.72 1384.98 12974.55 1409.17 12942.56 1389.38
11 2933.35 2443.22 2941.54 2385.18 2955.21 2382.62 2996.53 2382.15 3002.88 2389.82 3009.50 2399.03 3022.32 2419.57 3007.93 2445.21 2982.36 2471.91 2953.49 2473.48 2934.30 2463.53
8 7419.78 7792.49 7397.46 7773.25 7381.99 7762.05 7371.78 7740.85 7389.24 7681.62 7412.97 7708.50 7464.58 7715.77 7470.61 7717.58
11 7288.57 6852.03 7303.71 6863.89 7297.23 6863.18 7289.65 6871.38 7259.69 6882.17 7258.07 6870.62 7269.13 6856.79 7256.53 6858.13 7260.12 6853.92 7280.73 6806.28 7299.72 6836.74
8 2655.08 8773.67 2700.64 8696.43 2726.68 8708.57 2767.07 8736.33 2767.98 8758.76 2746.14 8801.93 2725.07 8812.91 2664.77 8825.12
13 1435.57 10250.13 1428.07 10232.75 1423.37 10245.76 1420.94 10243.31 1408.05 10264.97 1382.37 10236.52 1371.13 10214.79 1407.11 10217.78 1397.65 10215.67 1413.09 10206.24 1443.65 10202.54 1443.35 10205.42 1442.53 10216.51
15 8248.46 15099.41 8244.19 15106.56 8258.19 15150.80 8237.73 15153.21 8227.34 15147.26 8183.11 15093.22 8208.64 15091.15 8199.41 15084.11 8220.94 15083.72 8246.09 15045.94 8265.69 15058.59 8259.55 15065.54 8254.84 15074.92 8268.36 15078.26 8263.69 15081.36
8 12960.63 8385.16 12935.77 8365.26 12948.64 8338.39 12973.97 8321.39 13000.34 8323.48 13015.36 8334.54 13013.06 8364.21 12996.94 8389.94
6 12557.31 2234.30 12614.39 2283.49 12578.77 2348.05 12505.23 2330.88 12495.03 2316.98 12547.12 2243.27
6 983.45 10509.42 965.79 10526.75 942.28 10433.87 991.41 10451.96 1036.04 10454.52 1010.35 10478.85
10 1059.11 7167.10 1072.23 7118.80 1113.87 7097.34 1163.85 7078.87 1174.97 7104.46 1198.08 7165.67 1216.70 7219.41 1189.42 7247.17 1097.74 7263.80 1068.94 7196.53
8 898.02 3708.72 886.70 3685.27 860.55 3701.34 880.04 3651.51 898.90 3641.66 902.61 3648.04 922.26 3670.85 913.85 3671.71
10 4012.32 7764.30 4077.74 7756.60 4082.04 7758.20 4106.36 7781.01 4122.21 7813.57 4081.24 7848.57 4012.29 7854.97 3999.37 7840.17 3998.51 7806.70 4008.29 7774.90
8 7469.16 3585.87 7479.44 3550.28 7507.09 3535.66 7526.75 3543.01 7542.70 3579.38 7542.52 3591.01 7505.55 3614.15 7489.37 3608.33
9 2843.27 11403.95 2885.34 11349.64 2919.79 11352.85 2947.13 11378.90 2941.38 11438.72 2885.23 11441.78 2857.48 11441.73 2845.70 11441.28 2844.85 11431.92
8 2227.29 12149.85 2189.29 12144.54 2202.54 12090.78 2205.09 12084.28 2228.40 12055.67 2257.48 12064.84 2278.76 12097.22 2263.43 12124.48
12 299.12 4015.27 299.92 3984.98 312.65 3969.26 350.14 3949.59 353.40 3950.17 362.60 3957.30 374.40 3978.24 361.83 4019.05 358.52 4027.76 351.88 4031.49 319.24 4033.61 304.91 4025.11
8 7886.76 7435.98 7898.46 7403.26 7919.97 7355.48 7986.29 7368.70 8001.06 7420.45 7997.64 7434.32 7947.01 7466.35 7911.19 7466.99
8 8664.71 14752.21 8613.49 14666.06 8646.29 14628.64 8696.39 14624.08 8705.72 14635.42 8742.69 14683.89 8735.19 14726.26 8687.87 14745.55
6 1284.16 8129.67 1253.41 8064.06 1273.55 8071.97 1289.31 8026.89 1315.12 8081.03 1330.19 8081.10
11 14079.00 13049.37 14058.04 13034.37 14023.98 12978.00 14010.35 12948.57 14011.16 12939.30 14019.88 12921.78 14060.39 12912.49 14108.23 12914.26 14151.69 12936.74 14161.06 12970.30 14122.22 13041.36
9 338.85 13801.54 314.37 13861.37 231.83 13869.82 186.72 13842.22 195.76 13786.51 209.94 13751.77 266.46 13724.49 299.70 13730.21 313.47 13740.24
12 241.18 1423.08 214.74 1417.13 222.64 1458.88 203.69 1430.18 192.48 1441.21 173.65 1414.65 141.35 1417.79 159.35 1409.43 154.63 1376.64 182.77 1394.41 181.63 1344.85 241.86 1370.32
15 15313.45 10664.47 15306.00 10665.32 15325.66 10672.14 15315.09 10681.61 15300.11 10690.30 15289.13 10679.34 15250.88 10689.48 15259.10 10672.94 15276.34 10657.04 15263.51 10650.76 15268.76 10651.99 15287.17 10651.33 15298.97 10644.76 15301.93 10651.10 15297.51 10654.35
14 2774.59 4169.60 2757.17 4173.19 2778.17 4190.98 2777.40 4196.90 2765.50 4193.86 2750.02 4183.03 2755.67 4196.95 2740.37 4210.00 2696.75 4193.68 2712.56 4178.18 2706.54 4176.46 2706.53 4145.62 2716.66 4129.75 2750.27 4168.10
6 10579.75 4190.13 10601.06 4203.76 10557.00 4210.66 10553.14 4219.97 10512.48 4198.61 10511.00 4151.21
8 3403.91 11704.97 3355.26 11658.27 3382.82 11644.26 3383.09 11599.45 3384.55 11586.74 3397.86 11577.48 3406.61 11601.76 3435.98 11593.21
14 11586.31 7290.06 11554.56 7242.99 11568.02 7212.14 11572.25 7208.50 11581.14 7202.03 11605.52 7196.30 11615.47 7194.90 11626.84 7197.02 11646.78 7206.13 11651.95 7217.93 11656.47 7245.12 11657.47 7257.89 11633.04 7276.39 11610.54 7293.08
11 15202.28 8942.39 15178.52 8932.22 15188.79 8979.46 15082.33 8970.97 15122.77 8916.56 15120.78 8907.84 15082.35 8868.66 15113.15 8881.92 15207.72 8895.67 15176.38 8904.73 15196.39 8908.56
8 13523.52 9628.83 13452.70 9561.77 13459.52 9530.58 13471.82 9516.06 13504.77 9495.53 13564.11 9532.37 13580.20 9543.10 13582.54 9580.65
7 11500.29 3300.28 11543.64 3219.45 11625.02 3256.55 11613.34 3295.89 11599.54 3331.46 11583.12 3360.18 11554.36 3355.09
11 8579.58 2242.88 8567.66 2223.09 8569.05 2202.72 8593.73 2180.71 8623.42 2179.54 8631.18 2185.12 8635.40 2189.99 8643.06 2203.09 8633.15 2225.79 8615.34 2246.72 8602.83 2251.37
8 8203.12 12312.73 8235.04 12375.97 8227.08 12393.90 8174.73 12451.84 8109.92 12453.06 8080.05 12393.88 8075.27 12358.63 8136.33 12321.31
7 11601.17 2004.42 11589.40 1966.12 11564.59 1958.41 11538.34 1952.49 11526.12 1922.52 11623.30 1902.26 11642.93 1931.84
7 10084.88 2896.45 10016.32 2824.19 10088.41 2753.53 10104.98 2742.00 10133.08 2733.54 10171.30 2764.39 10137.89 2890.13
9 12964.91 9863.96 12953.50 9872.38 12943.90 9841.83 12919.36 9815.72 12941.55 9822.62 12951.83 9812.87 12956.99 9801.63 12969.57 9823.84 12993.53 9828.40
7 9039.23 14516.10 9064.65 14660.49 9013.91 14672.26 8969.98 14654.49 8946.00 14612.51 8948.33 14570.22 8963.53 14559.76
11 5557.78 1894.94 5546.96 1940.33 5513.76 1974.78 5477.01 1974.52 5446.54 1951.45 5426.36 1926.77 5417.37 1900.91 5429.15 1869.11 5455.19 1847.17 5488.73 1833.40 5546.85 1865.44
11 7194.22 131.69 7266.05 85.13 7319.52 126.86 7316.14 143.24 7312.28 157.17 7304.82 183.98 7287.23 211.01 7250.67 213.64 7209.34 183.95 7205.92 174.93 7201.17 160.66
15 2295.68 217.52 2304.19 237.71 2292.55 233.36 2264.98 223.88 2255.67 224.82 2253.78 222.99 2245.41 194.57 2239.15 188.34 2260.57 192.18 2279.82 189.97 2279.76 194.61 2301.55 174.80 2282.19 202.92 2305.00 176.62 2296.03 210.59
12 2632.93 11965.71 2602.96 11987.34 2592.58 11970.07 2592.31 11948.55 2584.07 11929.57 2563.61 11926.64 2600.17 11925.20 2580.06 11908.55 2649.09 11903.26 2657.65 11906.49 2629.52 11924.67 2645.20 11916.79
14 13719.92 10748.09 13710.27 10763.58 13684.89 10749.13 13684.84 10749.36 13688.37 10725.83 13684.95 10733.33 13676.01 10738.13 13677.79 10731.44 13653.04 10747.40 13646.40 10708.16 13681.46 10700.68 13683.81 10678.89 13705.51 10673.62 13703.47 10703.65
13 12287.54 9428.10 12299.05 9447.22 12287.83 9437.08 12297.29 9452.20 12287.52 9457.79 12278.55 9435.20 12250.13 9425.07 12260.09 9422.02 12250.74 9409.26 12225.08 9387.75 12254.34 9405.74 12267.50 9387.23 12296.08 9377.74
13 10482.91 12206.51 10471.29 12201.96 10482.25 12214.84 10483.20 12229.50 10460.51 12204.93 10442.99 12209.46 10419.72 12181.14 10430.25 12173.23 10460.15 12154.81 10460.93 12146.89 10488.18 12148.31 10485.00 12180.59 10511.37 12185.69
10 5506.50 5812.48 5514.38 5731.94 5570.48 5752.18 5583.77 5758.93 5594.70 5764.95 5612.55 5786.35 5618.58 5826.76 5588.19 5862.59 5538.96 5873.88 5507.42 5847.81
5 10756.09 14026.45 10702.78 14013.22 10712.67 14002.02 10686.01 13991.01 10717.13 13974.31
8 4493.04 14592.48 4480.63 14517.49 4494.33 14496.19 4546.45 14464.67 4593.00 14478.00 4635.16 14534.87 4627.28 14572.77 4582.90 14621.01
6 12040.29 8328.35 12051.99 8235.59 12136.20 8259.14 12180.90 8341.83 12129.30 8363.15 12065.85 8377.61
8 5491.64 4298.33 5495.97 4331.11 5494.00 4333.67 5476.00 4351.80 5430.26 4343.94 5437.86 4294.67 5456.57 4284.41 5483.83 4291.62
11 14080.94 4786.65 14081.44 4795.14 14079.27 4820.03 14066.90 4813.46 14049.89 4805.01 14058.06 4789.76 14050.23 4789.35 14033.85 4758.42 14034.54 4758.46 14084.03 4750.02 14086.51 4762.66
6 12803.20 813.95 12868.62 909.25 12820.21 944.39 12806.80 953.05 12688.38 904.40 12726.43 844.48
11 2630.89 5120.67 2604.29 5064.47 2623.76 5015.16 2645.58 4994.38 2690.93 4995.54 2728.53 5004.50 2746.97 5019.43 2765.95 5046.59 2761.44 5086.56 2740.34 5101.94 2660.74 5134.04
8 2275.51 8547.19 2269.35 8562.24 2234.64 8500.85 2230.88 8501.83 2183.04 8506.29 2228.91 8484.50 2256.67 8436.07 2327.24 8462.29
8 15014.94 8313.51 15009.90 8290.97 15026.23 8242.63 15099.97 8211.89 15136.78 8220.09 15166.24 8263.09 15137.19 8339.39 15099.52 8362.83
8 2207.11 3012.22 2201.08 2988.58 2210.32 2976.53 2248.70 2965.23 2264.86 2982.41 2279.20 3001.03 2266.19 3035.40 2233.14 3048.49
9 1889.83 5005.49 1856.62 4966.57 1875.77 4937.39 1884.78 4931.41 1916.44 4931.34 1963.31 4965.03 1952.38 4995.70 1925.03 5017.84 1919.93 5016.47
6 11588.50 4068.78 11543.18 4077.83 11525.53 4036.96 11529.65 4033.56 11565.65 4014.14 11564.63 4019.76
9 3827.82 10176.60 3782.35 10168.59 3771.12 10178.23 3743.95 10190.58 3738.29 10195.40 3724.76 10177.50 3735.56 10162.90 3781.63 10143.20 3805.74 10111.58
8 9571.10 11363.25 9579.85 11324.86 9607.00 11315.46 9635.74 11330.61 9640.30 11361.39 9635.91 11375.16 9617.18 11393.25 9580.81 11385.09
11 5514.56 7595.27 5490.71 7573.63 5482.01 7580.86 5463.14 7564.26 5455.04 7550.07 5460.14 7540.56 5472.72 7548.68 5481.50 7554.04 5482.22 7541.89 5490.20 7533.27 5488.99 7554.71
12 539.16 411.82 540.56 435.91 518.07 435.56 515.52 436.54 507.49 422.48 505.97 436.05 495.68 443.22 490.68 423.13 485.14 401.36 485.79 393.29 532.68 377.40 519.94 397.29
11 7536.97 252.74 7536.96 323.93 7468.74 348.72 7424.01 340.37 7418.07 337.08 7417.25 330.80 7414.27 282.16 7436.06 237.92 7448.12 228.72 7487.61 220.04 7533.46 247.84
7 15315.80 7032.26 15282.79 7005.27 15296.91 6979.61 15325.51 6949.41 15367.97 6994.83 15378.59 7007.20 15338.25 7030.16
12 11086.05 2305.32 11119.36 2356.30 11104.03 2389.77 11083.84 2420.62 11033.15 2433.71 11024.82 2433.73 10991.32 2401.07 10972.20 2354.18 10977.92 2319.50 10986.43 2301.29 11023.31 2282.56 11059.22 2274.85
9 2073.29 9039.88 2023.74 8994.75 2039.34 8952.37 2073.75 8929.75 2141.33 8935.08 2148.48 8943.57 2137.22 9021.04 2086.36 9048.87 2084.09 9047.96
11 3333.37 1235.29 3262.92 1233.50 3234.82 1211.75 3224.71 1196.23 3224.02 1174.72 3247.90 1122.88 3274.60 1105.31 3294.15 1098.81 3353.20 1143.03 3358.66 1161.31 3356.90 1184.68
12 2237.02 13115.10 2247.06 13131.49 2176.28 13154.26 2188.60 13131.83 2181.57 13137.36 2164.64 13158.65 2138.16 13142.95 2165.00 13105.98 2137.49 13097.96 2134.61 13095.49 2203.93 13060.44 2217.65 13052.47
9 10805.28 12128.92 10814.30 12096.49 10837.79 12055.10 10897.30 12070.98 10899.87 12116.18 10893.17 12124.87 10857.39 12153.73 10826.12 12151.52 10807.86 12134.45
14 12076.44 5802.11 12069.66 5804.32 12068.59 5823.83 12012.86 5797.72 12011.51 5797.04 11989.26 5791.84 12022.35 5742.90 12046.88 5726.31 12039.76 5704.37 12056.89 5684.28 12088.24 5742.02 12089.87 5752.54 12093.69 5761.24 12097.65 5767.92
14 13029.47 4704.54 12943.46 4678.42 12948.70 4637.03 12945.31 4618.53 12951.07 4607.50 12982.46 4611.41 12989.72 4604.23 12990.67 4579.82 13003.25 4612.17 13008.45 4619.85 13041.23 4587.13 13020.31 4637.19 13075.05 4635.43 13042.18 4637.37
15 1261.41 2471.38 1249.58 2482.18 1218.87 2451.82 1180.91 2476.45 1172.82 2461.40 1167.39 2430.89 1212.54 2437.16 1196.81 2429.38 1190.95 2426.35 1200.61 2393.60 1219.23 2419.88 1255.96 2398.20 1246.26 2425.27 1256.22 2420.73 1276.57 2427.79
8 1461.92 8278.13 1497.99 8300.32 1482.62 8323.99 1470.28 8339.59 1458.36 8336.92 1446.35 8326.51 1425.21 8283.86 1431.54 8277.90
14 8186.85 1146.00 8172.72 1138.29 8167.67 1149.55 8121.63 1175.78 8155.41 1127.08 8137.41 1124.63 8128.81 1115.21 8091.51 1073.18 8149.22 1101.18 8160.38 1088.02 8213.86 1046.48 8209.88 1056.71 8226.83 1065.56 8227.34 1094.20
10 11245.55 10776.35 11191.07 10764.79 11180.61 10750.57 11211.89 10725.42 11210.43 10705.31 11238.68 10667.56 11232.23 10723.77 11271.15 10675.84 11256.17 10700.79 11247.20 10729.01
13 10095.82 11077.68 10117.94 11090.97 10086.68 11079.33 10029.65 11101.55 10059.36 11068.41 10044.97 11050.44 10037.62 11042.52 10034.31 11037.36 10041.19 11042.15 10108.30 11030.63 10097.60 11044.28 10128.87 11057.80 10116.10 11066.92
10 1329.83 5300.16 1344.81 5311.63 1345.78 5353.64 1312.08 5342.79 1301.78 5293.93 1284.51 5280.12 1268.81 5267.91 1302.65 5241.44 1376.40 5283.23 1354.04 5292.39
7 7471.15 8698.00 7569.31 8628.44 7619.88 8676.52 7608.26 8764.51 7577.73 8795.66 7506.81 8790.82 7478.75 8726.87
7 4223.77 5783.40 4206.78 5834.29 4150.61 5830.02 4126.74 5806.34 4142.38 5756.70 4176.35 5749.45 4218.24 5775.71
11 14563.56 7231.05 14623.07 7264.01 14609.06 7259.92 14561.52 7297.61 14529.40 7260.92 14502.39 7264.56 14526.00 7228.17 14479.21 7222.26 14517.76 7188.13 14543.13 7197.52 14608.49 7195.23
10 2980.80 10064.98 3024.72 10052.30 3053.09 10071.38 3063.89 10117.36 3054.53 10136.25 3032.47 10137.91 3018.40 10138.60 2974.20 10112.11 2965.21 10098.40 2967.11 10077.13
8 351.89 2667.17 337.20 2687.48 328.26 2688.45 300.56 2692.88 287.87 2649.59 288.84 2598.73 335.16 2624.73 340.71 2640.13
10 2551.62 2361.05 2557.79 2398.95 2553.95 2419.93 2546.47 2430.35 2518.17 2464.55 2492.22 2433.60 2464.35 2390.12 2468.69 2382.52 2484.78 2372.86 2529.45 2363.23
10 14556.56 11192.87 14569.26 11211.42 14562.10 11216.49 14543.11 11221.49 14539.89 11225.18 14536.18 11195.46 14522.19 11154.73 14542.14 11159.36 14551.20 11184.64 14554.65 11185.41
10 3942.16 14701.93 3930.28 14694.28 3915.07 14695.26 3904.73 14708.40 3902.73 14709.56 3912.35 14687.59 3897.64 14689.51 3894.68 14681.08 3900.13 14670.99 3942.28 14647.36
10 13747.20 7802.84 13750.55 7805.56 13756.55 7810.34 13742.87 7810.55 13738.99 7812.90 13739.16 7826.26 13726.28 7764.70 13732.37 7770.28 13739.45 7788.55 13773.36 7794.46
10 13383.67 3744.34 13375.34 3769.63 13361.05 3762.36 13371.26 3739.81 13374.09 3708.87 13369.46 3698.14 13376.19 3706.91 13409.38 3686.02 13411.80 3697.08 13431.26 3716.20
6 15280.31 9658.62 15242.68 9619.68 15262.83 9588.30 15295.38 9569.86 15325.53 9604.18 15327.47 9631.90
12 505.88 3234.59 516.94 3274.70 475.82 3268.83 481.92 3241.35 452.66 3240.24 470.44 3230.81 489.90 3198.51 494.33 3204.73 500.00 3197.39 545.63 3181.50 537.65 3201.11 522.84 3211.29
15 12515.87 4703.80 12449.52 4739.67 12403.18 4747.81 12407.27 4703.79 12377.07 4707.12 12380.02 4678.24 12379.31 4676.18 12404.97 4648.62 12395.72 4637.52 12425.32 4658.03 12425.43 4652.65 12414.44 4628.53 12448.85 4663.05 12452.60 4666.39 12487.13 4632.13
9 3031.14 4612.33 3027.74 4579.25 3042.96 4564.61 3090.48 4560.98 3109.72 4571.34 3119.24 4626.51 3104.49 4636.00 3094.49 4639.84 3053.17 4655.35
14 882.03 9316.80 911.23 9340.01 882.06 9323.50 871.29 9378.34 857.24 9338.42 854.77 9324.00 804.25 9326.33 796.84 9307.64 852.09 9281.33 866.33 9262.25 878.92 9289.04 894.94 9280.81 914.23 9267.85 891.83 9303.25
12 11784.91 10172.89 11775.29 10177.53 11787.73 10191.73 11746.50 10178.71 11741.41 10174.38 11738.40 10175.01 11724.21 10177.97 11722.51 10144.71 11757.29 10139.66 11759.07 10151.13 11775.41 10127.08 11785.00 10145.06
10 11719.60 1463.41 11712.03 1533.61 11636.52 1508.24 11636.72 1491.61 11680.72 1467.61 11633.16 1469.76 11626.93 1452.69 11661.45 1451.57 11666.38 1420.51 11735.46 1424.47
7 6661.51 6105.35 6615.83 6060.35 6666.27 5941.75 6721.76 5931.46 6786.64 5986.16 6803.40 6027.87 6763.51 6085.45
8 13551.93 8817.43 13563.44 8762.45 13596.45 8744.36 13631.63 8749.83 13682.39 8824.99 13650.35 8867.31 13595.46 8871.33 13554.93 8824.75
14 2863.50 1921.79 2886.32 1943.83 2851.02 1940.88 2850.10 1932.76 2831.34 1931.39 2813.58 1932.03 2836.19 1917.77 2824.42 1915.93 2811.19 1884.26 2838.19 1904.18 2841.39 1875.35 2868.37 1903.32 2903.39 1887.35 2901.90 1910.10
14 5624.23 13429.84 5603.80 13438.72 5587.69 13458.18 5584.35 13463.29 5556.17 13499.18 5539.69 13449.67 5557.99 13432.71 5561.07 13420.67 5544.53 13368.00 5562.46 13366.35 5584.84 13404.78 5640.52 13395.63 5645.21 13396.05 5663.32 13412.00
8 4051.02 10049.31 4028.70 9987.17 4048.52 9957.99 4104.37 9918.85 4137.57 9924.25 4196.45 9991.36 4149.17 10074.84 4103.16 10080.90
15 13634.29 14739.78 13635.71 14742.03 13598.08 14744.11 13596.71 14755.48 13591.53 14768.80 13571.44 14762.39 13566.19 14749.44 13534.08 14783.02 13516.24 14735.00 13537.89 14697.64 13575.70 14700.82 13589.63 14651.44 13602.64 14719.01 13637.55 14709.27 13661.41 14702.30
8 4013.85 10461.35 4041.03 10520.65 4034.16 10545.28 4007.46 10562.81 3961.94 10527.41 3949.59 10501.91 3959.50 10491.92 3993.91 10470.72
13 13957.87 8538.95 13982.84 8572.51 13948.17 8569.87 13957.83 8595.73 13948.90 8589.79 13937.32 8593.61 13890.58 8590.74 13851.20 8559.56 13873.40 8504.07 13920.44 8491.86 13933.61 8487.93 13971.94 8468.80 13975.30 8519.40
11 1888.67 7742.01 1891.23 7809.72 1829.02 7826.33 1783.00 7833.69 1756.48 7829.70 1719.62 7799.33 1721.16 7757.91 1734.23 7738.90 1753.72 7727.06 1845.29 7699.10 1884.49 7733.48
8 2387.84 4342.87 2359.05 4367.71 2361.32 4316.09 2356.17 4311.76 2371.21 4321.69 2394.13 4292.27 2389.88 4317.62 2406.49 4305.66
10 4882.05 7355.08 4870.16 7340.86 4870.81 7325.94 4885.31 7301.64 4922.91 7287.19 4973.66 7273.91 5001.85 7274.66 5026.75 7317.58 5006.04 7394.86 4966.17 7403.59
8 349.49 10372.15 447.94 10429.28 439.15 10497.31 397.40 10545.35 347.15 10541.07 282.83 10495.54 276.67 10469.74 279.26 10443.87
10 11511.63 1783.30 11551.68 1744.25 11609.45 1756.18 11635.34 1808.71 11619.44 1854.00 11562.37 1879.88 11517.40 1853.35 11499.38 1839.87 11494.02 1817.04 11497.40 1809.96
15 14577.42 11796.56 14523.16 11833.21 14521.84 11773.73 14490.33 11764.16 14451.78 11770.74 14441.13 11751.10 14496.95 11748.28 14501.83 11746.78 14455.53 11714.35 14508.62 11738.89 14506.80 11696.48 14530.98 11707.95 14552.43 11738.00 14553.25 11748.33 14590.73 11748.59
15 5440.56 9824.16 5425.57 9824.55 5418.71 9836.73 5415.61 9838.61 5402.77 9829.65 5408.94 9796.31 5418.99 9795.24 5424.33 9789.47 5429.13 9791.73 5423.52 9776.77 5427.69 9786.98 5431.52 9782.84 5445.20 9773.82 5454.00 9780.84 5469.03 9797.06
6 14801.30 12819.16 14782.32 12813.53 14772.25 12823.99 14740.68 12818.23 14748.70 12795.22 14792.53 12799.25
14 7823.88 1018.21 7810.40 1014.27 7774.93 1057.61 7761.87 1035.96 7739.61 1063.85 7729.75 1052.84 7744.66 1012.39 7725.78 1011.70 7722.83 919.97 7749.21 957.74 7754.22 944.17 7775.98 970.02 7781.40 960.84 7802.18 944.60
7 7392.60 5227.63 7381.09 5220.26 7370.23 5227.38 7344.84 5235.25 7359.96 5192.12 7375.78 5199.97 7382.30 5201.00
15 3328.76 2265.07 3329.31 2271.13 3293.05 2279.98 3281.13 2292.74 3270.09 2276.44 3267.65 2266.07 3255.53 2268.48 3256.36 2254.97 3258.83 2241.00 3258.85 2235.55 3268.54 2239.52 3305.70 2242.01 3317.84 2229.14 3305.14 2250.52 3301.50 2254.15
7 8723.51 7498.14 8716.21 7557.63 8575.87 7560.11 8556.26 7554.27 8601.58 7457.45 8677.59 7425.16 8714.11 7451.39
12 2629.38 6510.36 2657.06 6450.22 2671.29 6438.82 2693.28 6423.56 2725.53 6434.60 2750.38 6452.65 2782.87 6478.60 2793.27 6512.42 2787.94 6543.27 2755.59 6574.70 2742.50 6583.59 2663.68 6550.19
10 5989.82 10609.77 5933.60 10597.48 5944.71 10594.09 5938.05 10587.57 5959.98 10584.07 5934.19 10568.38 5968.81 10554.42 5979.53 10564.35 5982.14 10579.23 6012.61 10568.41
9 9260.42 815.11 9225.96 856.74 9175.90 855.48 9160.62 801.64 9159.45 790.14 9159.40 762.53 9174.36 747.82 9212.58 749.63 9241.57 778.82
14 2821.14 8060.21 2792.40 8040.12 2753.39 8053.56 2756.25 8037.13 2752.68 8024.75 2758.22 8017.20 2752.92 8012.06 2757.28 7999.81 2743.15 7967.07 2777.30 8007.76 2788.20 7988.84 2810.19 7968.73 2840.67 7983.10 2814.26 8013.93
13 10232.92 7733.93 10235.47 7678.13 10241.04 7674.81 10249.65 7670.66 10304.23 7662.22 10334.57 7687.49 10336.28 7688.95 10368.56 7717.58 10341.80 7763.27 10315.55 7781.56 10276.03 7787.07 10258.87 7772.71 10234.48 7750.70
15 3177.19 10761.73 3178.07 10773.61 3184.49 10800.09 3154.55 10757.73 3145.55 10782.21 3115.34 10771.70 3111.29 10768.21 3090.60 10729.70 3132.67 10722.42 3085.14 10694.55 3114.92 10700.38 3167.18 10710.40 3189.63 10693.22 3186.70 10718.77 3180.59 10725.75
8 2539.15 6809.69 2535.58 6817.29 2523.76 6821.46 2518.41 6815.15 2485.68 6826.19 2488.55 6817.77 2492.72 6784.84 2502.10 6773.38
8 1376.16 11166.18 1382.40 11115.86 1462.36 11065.23 1524.21 11123.35 1531.86 11155.56 1517.02 11196.59 1494.15 11216.87 1415.22 11219.11
7 8166.47 12705.63 8110.75 12693.68 8093.96 12713.73 8107.90 12663.41 8113.59 12667.25 8139.83 12652.12 8164.09 12654.66
9 8678.48 6097.06 8673.18 6082.48 8675.24 6058.39 8688.34 6044.76 8728.70 6041.57 8739.00 6053.41 8742.88 6066.41 8736.48 6082.84 8710.87 6102.80
7 14598.63 280.61 14630.57 283.31 14621.90 378.26 14619.22 379.20 14589.43 375.28 14555.24 327.43 14562.86 306.80
11 10562.44 8859.10 10546.44 8879.53 10526.94 8874.25 10523.81 8874.41 10502.13 8894.85 10448.05 8889.40 10430.47 8854.82 10482.08 8825.50 10533.11 8819.03 10518.75 8839.49 10560.57 8823.10
8 1470.50 2423.31 1447.88 2545.53 1359.68 2558.39 1335.58 2507.40 1324.52 2460.83 1364.78 2425.65 1436.09 2419.11 1467.93 2418.36
11 4397.32 14303.97 4402.84 14369.67 4400.83 14375.03 4368.33 14382.61 4353.10 14379.55 4306.74 14331.59 4303.33 14324.91 4322.82 14286.16 4329.74 14281.68 4355.41 14275.67 4388.53 14271.53
10 8127.20 3851.49 8135.84 3903.59 8095.02 3885.96 8081.33 3883.57 8046.39 3865.99 8088.36 3835.59 8076.56 3824.80 8091.95 3833.90 8098.65 3764.18 8150.57 3808.61
9 13252.19 5015.91 13263.50 4975.71 13295.36 4978.85 13304.75 4981.31 13340.86 5004.56 13359.01 5030.19 13344.15 5052.66 13290.40 5055.50 13288.69 5054.33
7 3472.89 2829.62 3517.52 2891.59 3507.92 2918.92 3458.31 2961.27 3443.84 2956.03 3416.71 2924.07 3431.36 2837.28
9 8673.54 11931.56 8643.54 11931.61 8629.03 11948.22 8607.55 11943.32 8562.74 11949.17 8596.71 11922.43 8560.48 11893.20 8635.56 11884.51 8685.96 11903.37
8 6021.92 13480.96 6061.96 13510.11 6052.79 13562.52 6020.91 13584.18 5999.64 13591.76 5981.90 13586.81 5959.88 13521.96 5963.39 13514.19
8 14960.64 4117.31 15038.86 4101.77 15047.86 4107.48 15070.23 4139.57 15059.94 4155.46 15023.02 4201.53 14993.11 4192.02 14976.90 4181.18
10 8384.86 5843.24 8392.41 5812.49 8424.07 5805.80 8435.53 5811.01 8443.80 5815.33 8462.71 5853.50 8442.59 5869.02 8433.27 5874.97 8427.87 5876.69 8401.79 5863.73
10 13940.65 10299.56 13974.89 10237.77 14050.02 10207.44 14075.22 10223.55 14077.67 10290.79 14077.60 10299.66 14076.99 10353.51 14070.19 10371.39 13970.14 10357.63 13959.75 10339.78
8 6320.43 4171.91 6339.19 4181.35 6317.95 4179.03 6269.81 4197.35 6272.41 4178.85 6256.35 4189.72 6256.90 4134.42 6278.99 4142.13
10 6317.77 11048.67 6294.88 11050.24 6277.96 11033.76 6275.07 11034.00 6256.91 11047.46 6261.78 11026.39 6307.81 10997.47 6323.88 10984.82 6326.15 10988.87 6301.19 11012.45
9 13808.22 12912.40 13790.26 12921.70 13769.99 12886.37 13750.22 12920.49 13726.49 12914.35 13726.06 12867.71 13760.55 12802.67 13790.27 12827.28 13801.06 12817.73
10 10591.14 11954.51 10640.39 11943.54 10668.44 11956.37 10679.24 12028.64 10643.87 12079.46 10601.07 12079.43 10563.15 12052.96 10546.92 12021.40 10545.81 12002.72 10581.20 11963.45
11 1796.66 11141.65 1831.06 11088.38 1903.88 11107.58 1912.32 11115.57 1925.23 11150.89 1915.12 11172.55 1902.70 11186.73 1892.09 11195.82 1865.20 11202.78 1814.81 11182.39 1814.14 11181.42
9 12292.98 6138.91 12358.07 6142.46 12369.66 6169.78 12376.34 6202.55 12369.29 6211.37 12328.03 6224.60 12280.30 6192.47 12277.69 6190.42 12289.79 6149.21
8 5789.71 1981.17 5745.54 1981.15 5723.41 1930.50 5715.46 1908.85 5713.25 1884.77 5765.70 1873.70 5829.18 1927.89 5818.74 1970.71
8 7805.51 1224.43 7725.97 1130.27 7783.93 1092.14 7832.08 1116.09 7857.06 1133.48 7862.32 1149.92 7863.34 1169.39 7862.31 1201.90
14 13632.23 234.53 13644.63 239.35 13654.39 243.33 13628.98 275.04 13581.11 247.54 13606.93 236.07 13584.25 241.01 13578.20 226.08 13598.22 225.17 13585.83 213.82 13593.55 201.49 13616.56 202.67 13638.83 193.10 13646.20 220.12
11 15068.08 10688.85 15090.10 10638.36 15106.74 10637.40 15130.74 10642.73 15152.10 10658.40 15159.09 10665.39 15164.15 10703.69 15156.11 10720.54 15114.60 10738.73 15105.47 10737.41 15071.13 10727.81
10 14849.31 2647.12 14801.26 2640.66 14777.27 2571.24 14774.95 2559.89 14778.91 2552.37 14797.39 2527.43 14876.77 2529.28 14887.03 2540.57 14887.43 2586.51 14877.05 2637.32
9 6327.38 10140.64 6253.85 10089.09 6262.76 10039.46 6309.80 10007.74 6336.66 10016.81 6382.49 10065.48 6388.66 10080.57 6361.85 10114.23 6342.76 10133.68
13 11074.19 13568.44 11069.41 13566.66 11080.59 13594.98 11058.23 13572.51 11044.29 13574.95 11045.35 13558.92 11038.37 13557.61 11012.84 13548.63 11047.69 13551.74 11029.48 13535.45 11043.40 13534.49 11056.75 13529.24 11073.42 13552.30
8 14856.13 5894.40 14882.11 5914.10 14848.49 5898.56 14846.80 5900.28 14824.19 5928.52 14809.17 5859.91 14824.20 5864.65 14842.54 5846.75
10 6413.30 7709.47 6416.89 7747.19 6406.45 7768.55 6395.20 7720.43 6377.65 7740.88 6363.62 7703.00 6390.44 7690.81 6401.36 7690.45 6412.10 7678.08 6458.88 7703.26
10 9747.06 13596.06 9720.18 13570.00 9669.71 13582.47 9653.54 13562.69 9690.95 13501.39 9678.66 13483.22 9717.49 13527.75 9785.28 13486.88 9804.86 13529.42 9779.34 13537.73
10 10092.32 11455.19 10055.17 11376.66 10077.34 11334.31 10083.31 11334.79 10111.24 11347.17 10157.88 11377.17 10164.13 11384.82 10174.79 11398.21 10177.34 11404.46 10120.46 11440.00
14 7324.25 13570.81 7299.81 13563.56 7282.56 13555.11 7275.87 13594.92 7222.43 13549.58 7238.72 13537.55 7217.87 13521.11 7209.43 13506.97 7250.49 13451.51 7264.90 13453.72 7274.44 13488.74 7276.63 13487.56 7338.35 13466.41 7296.82 13502.88
7 9303.48 14581.88 9248.68 14570.18 9230.00 14557.99 9248.66 14551.62 9243.06 14523.55 9299.81 14561.78 9302.28 14561.84
12 8082.06 8815.09 8087.79 8833.88 8088.59 8839.52 8035.19 8843.67 8035.38 8828.70 8045.11 8817.96 8050.30 8785.96 8044.23 8757.77 8055.44 8761.56 8108.35 8773.05 8092.19 8788.00 8113.50 8775.56
10 12111.04 5108.26 12090.68 5099.24 12073.86 5114.98 12090.39 5093.72 12102.18 5055.17 12105.89 5062.65 12110.26 5036.46 12111.39 5064.02 12111.38 5066.80 12140.43 5047.69
10 1286.55 911.08 1264.75 863.10 1281.51 845.56 1287.23 840.14 1343.71 831.75 1372.43 848.84 1381.68 878.16 1375.90 902.30 1344.53 933.35 1307.21 924.33
7 4708.03 3318.77 4680.84 3311.72 4662.98 3305.66 4676.54 3269.95 4664.55 3249.50 4686.25 3254.72 4697.17 3271.59
7 14776.15 8368.73 14762.27 8384.89 14745.48 8412.34 14755.88 8362.35 14731.03 8371.77 14719.38 8355.96 14739.32 8330.77
8 12760.44 5964.05 12840.33 5993.83 12836.15 6011.35 12766.40 6110.07 12714.80 6121.52 12691.48 6087.18 12708.16 5977.01 12724.63 5971.47
8 7152.12 8871.62 7124.62 8835.30 7146.46 8770.95 7163.93 8767.84 7210.02 8780.62 7215.27 8799.24 7216.44 8830.67 7206.06 8856.47
10 12021.82 9570.74 12007.19 9502.07 12074.38 9470.67 12085.60 9466.72 12114.78 9457.36 12141.58 9450.14 12186.12 9489.33 12166.23 9555.27 12145.43 9595.95 12030.97 9574.39
14 12044.96 12477.13 12008.11 12475.83 12003.33 12499.54 11990.80 12493.53 11986.99 12526.92 11919.47 12522.78 11951.68 12494.68 11942.84 12414.45 11967.90 12446.37 11976.17 12457.49 11978.02 12443.04 11983.26 12449.50 12023.56 12462.88 12027.90 12462.34
13 3404.44 14502.77 3360.97 14573.30 3363.62 14536.06 3333.83 14547.45 3343.72 14514.26 3329.67 14494.86 3322.12 14488.99 3362.62 14463.49 3388.04 14441.65 3389.24 14481.13 3417.80 14470.85 3387.09 14488.43 3407.28 14484.93
7 362.29 14136.69 365.39 14122.91 352.94 14116.46 328.31 14060.96 407.76 14044.44 447.70 14068.15 404.25 14100.39
11 578.71 15265.80 507.11 15183.39 509.98 15153.33 542.77 15101.83 598.76 15083.77 625.88 15085.54 655.80 15116.11 674.75 15154.07 656.44 15209.45 636.47 15238.97 602.07 15259.99
10 501.54 1620.69 564.35 1543.29 601.85 1551.01 659.77 1601.65 665.23 1625.84 639.96 1683.03 609.94 1703.96 559.25 1711.59 499.28 1671.87 500.12 1634.84
7 3578.80 12300.13 3539.24 12317.97 3538.36 12300.74 3519.20 12309.09 3520.26 12292.59 3518.33 12256.36 3549.40 12281.79
7 2107.87 14881.36 2099.15 14961.01 2007.29 15004.05 1968.44 14981.28 1969.59 14911.37 1974.62 14833.34 2084.97 14838.54
15 9106.62 15205.69 9082.19 15222.21 9078.37 15222.21 9071.91 15214.48 9030.20 15228.21 9051.38 15205.56 9037.60 15196.95 9050.09 15185.95 9042.05 15166.35 9052.98 15171.66 9092.02 15166.30 9083.80 15190.50 9082.35 15196.51 9115.14 15192.77 9101.19 15198.93
8 11214.10 11818.17 11284.44 11911.43 11276.94 11929.17 11202.61 11973.53 11174.28 11959.26 11107.91 11919.12 11103.88 11861.86 11146.94 11820.04
8 530.85 7005.55 485.65 7052.92 448.90 7048.64 482.39 6975.95 480.42 6956.99 507.24 6928.22 520.29 6946.78 570.89 6948.67
7 4642.56 5757.88 4699.69 5829.47 4683.11 5897.37 4613.45 5928.50 4551.95 5909.87 4509.82 5841.33 4553.45 5768.16
6 8044.94 11184.20 8028.91 11176.04 8037.77 11203.58 7999.69 11184.36 8055.79 11133.60 8029.62 11163.79
15 2516.50 11789.31 2545.29 11797.47 2517.12 11793.52 2513.94 11800.78 2519.82 11838.20 2489.01 11819.30 2474.33 11828.66 2471.16 11807.26 2458.98 11783.11 2499.80 11733.72 2512.67 11759.61 2514.30 11767.76 2528.38 11755.77 2508.72 11780.16 2518.70 11786.80
9 9711.24 1136.48 9681.48 1185.60 9640.57 1162.53 9588.10 1174.70 9612.54 1139.91 9610.71 1136.44 9634.11 1110.77 9666.98 1097.26 9726.68 1122.63
7 6821.15 11709.24 6800.17 11794.93 6755.82 11802.89 6687.77 11745.96 6686.50 11689.15 6738.45 11667.80 6802.88 11691.71
11 13375.36 15138.73 13336.55 15129.65 13320.85 15112.61 13289.39 15067.97 13295.35 15046.81 13310.76 15027.95 13329.33 15008.36 13377.54 15004.32 13414.41 15013.78 13440.96 15062.73 13416.30 15104.84
11 3308.35 13753.15 3198.21 13763.89 3213.08 13733.65 3227.12 13731.19 3247.51 13724.69 3253.30 13696.59 3253.76 13715.29 3267.81 13727.17 3307.56 13706.69 3266.90 13730.71 3289.39 13728.22
6 913.87 9958.90 873.15 10046.99 822.23 10028.14 819.80 9965.28 868.16 9940.90 887.70 9939.32
9 5929.24 11892.07 5948.22 11843.39 5974.03 11832.80 6008.32 11839.81 6019.94 11853.33 6022.24 11876.30 6009.34 11919.24 5966.68 11926.58 5944.00 11908.21
10 12918.57 14606.62 12971.72 14575.14 13008.04 14586.62 13064.60 14640.40 13066.18 14687.32 13048.34 14709.80 12954.91 14737.69 12915.50 14707.83 12911.78 14689.46 12914.18 14632.54
8 4300.46 1607.70 4276.77 1577.86 4286.10 1547.81 4336.80 1547.10 4346.16 1554.15 4357.62 1563.64 4350.01 1592.29 4338.17 1602.24
8 13158.79 11333.16 13165.98 11346.84 13132.48 11348.66 13070.50 11391.09 13054.06 11340.42 13058.96 11314.44 13040.61 11304.89 13119.92 11248.50
8 1285.84 15444.11 1283.54 15378.98 1290.74 15367.39 1345.91 15388.04 1346.39 15391.53 1329.70 15436.74 1326.92 15438.31 1306.38 15442.69
11 13553.68 8687.91 13521.20 8724.50 13511.31 8689.26 13492.20 8705.65 13467.85 8698.16 13491.61 8655.64 13518.70 8628.82 13529.27 8651.58 13542.00 8653.57 13549.15 8663.62 13535.01 8671.46
9 13433.74 6942.17 13411.10 6867.62 13447.46 6842.36 13454.23 6839.01 13488.36 6842.46 13494.88 6856.72 13502.51 6913.90 13503.80 6930.66 13480.48 6952.66
9 14744.86 5721.28 14728.64 5684.45 14746.82 5633.88 14783.47 5602.15 14834.54 5610.61 14882.90 5635.64 14880.55 5730.84 14832.97 5759.21 14811.49 5768.52
9 6831.19 8788.62 6829.85 8725.98 6841.37 8705.32 6895.61 8686.54 6925.91 8693.13 6953.05 8729.66 6933.27 8811.09 6906.01 8829.05 6847.71 8799.92
10 1344.98 692.42 1325.93 727.70 1310.80 740.22 1278.06 724.57 1251.98 687.00 1280.09 623.42 1306.89 652.48 1302.87 621.86 1339.74 592.54 1390.27 637.56
10 1886.98 12647.08 1921.06 12658.37 1923.66 12668.66 1935.87 12726.38 1928.21 12737.17 1901.28 12749.54 1847.44 12745.81 1822.63 12733.56 1828.10 12700.49 1857.47 12652.58
11 7627.03 11080.87 7663.51 11108.15 7666.06 11133.34 7590.09 11102.73 7552.20 11064.92 7571.23 11057.24 7568.49 11049.54 7552.12 11039.77 7538.45 11013.73 7628.52 11041.84 7630.81 11064.06
11 14079.83 14020.21 14082.47 14030.07 14079.97 14028.58 14057.18 14054.78 14061.76 14035.60 14012.23 14019.08 14035.66 14013.22 14042.65 13997.85 14072.53 13989.68 14085.61 13968.66 14089.70 14007.04
5 1155.52 1035.71 1166.99 992.09 1166.84 981.82 1215.59 977.89 1239.88 979.08
7 13614.37 9728.05 13584.48 9754.49 13557.53 9737.72 13545.21 9724.40 13541.76 9704.19 13555.05 9675.40 13608.10 9688.22
9 13096.57 5868.43 13073.02 5917.27 13042.44 5884.42 13031.30 5869.91 13005.12 5877.95 13014.10 5859.18 13056.35 5785.63 13061.19 5772.66 13068.69 5814.40
10 6517.64 2040.21 6493.48 2034.81 6476.85 2067.97 6417.00 2015.90 6442.55 1964.18 6447.17 1974.30 6454.75 1974.14 6462.37 1987.67 6482.33 1978.65 6496.25 2008.06
14 11004.92 11639.86 10996.04 11636.86 10993.62 11644.21 10972.86 11645.87 10943.60 11654.13 10962.82 11632.21 10956.87 11629.19 10961.99 11617.14 10954.56 11604.22 10963.31 11610.89 10992.30 11584.80 10988.01 11608.31 10991.48 11611.04 11023.29 11603.44
7 9600.94 10801.32 9582.68 10788.56 9551.21 10757.80 9568.73 10738.62 9576.55 10768.77 9586.66 10771.97 9594.45 10780.78
11 7023.13 5679.00 7073.32 5669.37 7100.62 5673.24 7123.70 5687.22 7148.32 5725.77 7106.59 5789.90 7097.55 5802.53 7089.53 5808.11 7025.11 5817.05 6991.69 5773.86 6999.05 5747.15
13 1180.20 6393.55 1184.60 6403.55 1146.21 6426.34 1120.21 6400.18 1122.36 6397.15 1089.17 6386.28 1119.33 6385.36 1117.47 6382.43 1098.84 6376.59 1117.76 6365.08 1134.41 6359.49 1192.19 6358.14 1186.90 6374.68
9 12016.50 10664.44 11985.02 10699.79 11970.97 10698.83 11931.40 10680.48 11929.92 10636.63 11931.71 10630.06 11939.13 10619.22 11989.16 10622.67 12006.08 10638.21
15 2958.92 7959.83 2964.48 7968.46 2924.29 8008.63 2904.18 8001.93 2883.19 7991.77 2867.20 7977.85 2890.87 7961.64 2879.42 7966.73 2862.83 7964.63 2857.22 7913.64 2930.54 7903.13 2961.29 7913.72 2944.88 7930.10 2971.78 7915.42 2950.49 7935.55
9 7795.38 643.01 7794.31 710.87 7786.82 713.89 7740.75 715.39 7721.63 695.23 7715.45 677.05 7718.59 662.54 7734.07 638.07 7766.54 621.04
10 7123.29 10866.04 7102.52 10854.75 7110.42 10867.11 7114.40 10876.79 7101.73 10863.90 7068.49 10873.26 7078.82 10859.31 7054.18 10851.63 7064.79 10829.33 7105.48 10822.48
10 13379.94 5421.43 13414.71 5434.21 13430.78 5455.41 13439.30 5498.32 13407.09 5523.66 13375.49 5540.02 13350.17 5528.26 13353.78 5502.05 13360.77 5451.61 13364.41 5425.61
7 12192.19 3823.62 12148.68 3840.72 12139.42 3824.82 12145.44 3791.56 12192.47 3766.36 12195.78 3775.36 12192.43 3803.34
9 1840.87 6342.74 1884.56 6405.81 1864.05 6423.14 1828.76 6450.54 1795.11 6437.73 1787.88 6430.82 1783.74 6408.58 1781.67 6382.95 1795.07 6354.87
8 14234.80 2950.04 14273.48 2957.19 14293.00 2969.11 14311.79 2989.17 14299.32 3009.74 14256.28 3028.81 14243.12 3002.49 14239.02 2987.39
9 14650.22 8803.18 14665.77 8853.28 14613.51 8810.56 14581.93 8849.35 14574.70 8820.75 14575.15 8801.11 14536.08 8787.53 14584.61 8772.73 14613.86 8762.31
6 4764.01 9143.33 4739.18 9080.78 4791.77 9055.05 4813.93 9063.47 4828.22 9089.58 4803.70 9142.31
9 13250.74 1784.43 13316.66 1824.26 13313.96 1875.67 13312.90 1881.00 13273.07 1919.39 13201.32 1906.82 13173.52 1865.62 13186.62 1811.48 13188.04 1807.48
8 587.72 11587.09 483.88 11616.24 458.41 11590.11 449.93 11552.33 449.66 11520.76 485.02 11489.53 552.43 11483.85 578.50 11499.06
10 3479.41 8857.39 3441.28 8817.26 3435.02 8809.01 3429.00 8796.68 3444.73 8772.21 3462.70 8747.58 3483.61 8740.51 3529.36 8762.50 3546.08 8799.38 3520.11 8847.91
6 1669.57 2219.90 1724.46 2295.89 1720.13 2339.18 1685.79 2343.84 1622.76 2326.15 1657.98 2233.43
7 12659.61 12743.61 12637.87 12744.32 12646.49 12689.91 12654.95 12670.11 12685.27 12681.11 12696.35 12696.44 12676.92 12707.32
15 11367.56 7348.98 11374.10 7369.07 11373.19 7393.55 11343.12 7349.53 11342.66 7352.98 11313.98 7387.38 11320.72 7359.28 11322.52 7341.21 11308.46 7356.01 11294.93 7348.59 11320.63 7277.76 11342.54 7278.03 11352.46 7298.43 11389.99 7283.31 11354.65 7312.61
9 2753.70 12788.36 2665.63 12826.88 2635.21 12810.38 2642.22 12775.45 2604.20 12734.54 2602.97 12729.22 2638.43 12751.97 2682.01 12776.62 2685.00 12775.98
12 7021.73 7126.26 7003.82 7128.11 6979.79 7118.85 6950.07 7150.45 6955.39 7128.21 6958.29 7121.57 6940.66 7125.08 6951.96 7096.52 6971.07 7080.33 6992.32 7079.38 7067.10 7065.50 7025.22 7098.10
8 238.18 9775.41 276.06 9743.88 310.94 9755.27 310.27 9798.87 309.06 9811.50 283.81 9821.30 245.87 9823.18 240.16 9811.66
7 6254.20 1969.77 6262.57 1903.77 6357.36 1890.90 6383.08 1916.71 6362.93 1980.68 6303.84 2001.69 6288.96 1992.37
8 6980.94 6135.06 6935.23 6182.34 6889.92 6175.14 6858.87 6131.58 6879.98 6076.52 6899.70 6051.65 6940.42 6050.44 6976.39 6108.25
12 10172.93 1355.86 10168.34 1367.61 10130.49 1350.85 10165.24 1302.74 10118.31 1272.08 10124.96 1237.44 10209.09 1242.93 10204.45 1250.21 10206.97 1258.28 10231.15 1274.95 10231.72 1277.95 10202.33 1289.02
7 13818.36 2197.75 13811.31 2194.25 13763.05 2166.45 13764.45 2158.04 13776.89 2156.75 13782.29 2155.66 13807.64 2119.02
8 13927.21 2854.91 13833.45 2858.99 13814.45 2851.17 13807.96 2794.14 13852.77 2734.30 13887.21 2730.06 13941.60 2758.01 13936.93 2808.16
11 10567.78 14955.58 10579.00 14950.48 10614.67 14962.14 10624.21 14978.09 10639.39 15021.14 10626.47 15044.40 10622.66 15046.82 10596.91 15061.84 10544.61 15048.08 10529.26 15010.98 10539.41 14991.97
9 14705.55 9179.20 14708.07 9244.60 14691.22 9268.01 14652.59 9269.01 14637.64 9262.80 14615.26 9238.83 14630.45 9179.18 14643.41 9156.74 14690.39 9164.09
12 14441.77 6716.45 14391.62 6773.40 14348.46 6748.27 14333.95 6759.24 14363.42 6695.21 14361.49 6685.62 14379.01 6698.41 14394.31 6664.91 14408.21 6653.60 14435.06 6655.58 14420.37 6704.52 14431.11 6705.69
14 2752.25 14630.05 2736.07 14640.86 2717.53 14592.63 2710.34 14633.32 2710.22 14608.77 2685.65 14616.43 2688.39 14594.26 2672.80 14598.44 2642.83 14555.46 2688.80 14545.88 2690.41 14503.59 2751.17 14559.08 2773.08 14566.57 2800.33 14570.06
6 3657.73 2829.48 3617.90 2861.86 3642.64 2829.75 3641.06 2828.91 3634.00 2822.54 3609.90 2812.16
10 1554.56 3420.06 1521.09 3454.50 1481.99 3444.46 1464.63 3415.49 1464.57 3395.92 1492.59 3371.51 1498.85 3368.64 1506.70 3365.78 1517.68 3366.54 1541.14 3375.84
15 14686.73 5229.39 14688.58 5232.28 14670.29 5229.25 14693.13 5262.37 14649.50 5252.43 14668.04 5276.14 14611.92 5238.93 14599.42 5287.96 14595.32 5241.43 14561.95 5275.86 14596.27 5235.32 14598.11 5228.56 14537.52 5205.32 14607.45 5138.59 14638.71 5198.56
9 9380.01 5429.95 9342.97 5407.42 9265.16 5411.36 9301.23 5391.21 9287.52 5357.40 9322.30 5373.82 9335.16 5360.21 9373.35 5343.81 9381.93 5381.40
11 13468.45 6248.72 13485.72 6213.74 13490.80 6212.31 13522.79 6212.52 13543.74 6252.41 13529.96 6272.43 13510.61 6284.59 13500.92 6284.05 13480.61 6272.69 13470.08 6260.76 13468.59 6257.54
9 2625.16 15313.79 2605.74 15269.92 2644.53 15244.02 2676.62 15246.76 2688.61 15264.35 2690.64 15275.10 2685.74 15309.00 2683.05 15309.58 2647.71 15312.84
5 14677.06 5807.62 14595.07 5833.50 14620.40 5742.15 14652.66 5740.50 14666.20 5781.93
13 10287.59 12706.45 10304.86 12757.35 10276.35 12734.54 10234.75 12757.18 10237.07 12749.06 10210.93 12734.95 10225.97 12720.23 10199.26 12696.64 10190.81 12692.23 10250.80 12664.56 10275.09 12684.85 10329.05 12654.07 10288.61 12683.86
14 6278.62 736.69 6260.48 735.34 6207.49 723.79 6203.63 773.81 6132.89 731.80 6145.42 675.18 6179.49 684.23 6194.82 669.95 6203.38 651.83 6205.90 655.41 6218.32 634.47 6254.47 630.65 6239.88 659.83 6250.63 688.18
9 3336.03 2785.30 3346.65 2801.16 3310.29 2782.33 3275.58 2779.55 3294.87 2731.59 3307.40 2731.13 3321.60 2719.01 3328.95 2752.58 3341.56 2767.82
10 6986.95 7292.11 7040.56 7234.64 7076.50 7245.81 7105.80 7268.94 7108.85 7297.59 7097.99 7326.62 7069.25 7372.06 7039.62 7366.73 7017.43 7352.36 7004.04 7340.45
9 10025.73 4708.23 10022.26 4691.64 10038.51 4673.88 10049.38 4667.44 10086.72 4676.95 10099.31 4703.77 10080.23 4733.28 10057.25 4741.92 10038.88 4725.91
9 15441.66 11162.69 15454.04 11226.40 15415.84 11255.11 15371.54 11268.84 15353.05 11244.04 15343.13 11226.44 15340.24 11159.68 15366.10 11156.16 15386.82 11154.92
5 6065.74 942.60 6071.81 931.31 6088.11 933.91 6149.20 939.74 6122.63 963.67
11 10924.29 2661.27 10924.14 2675.19 10887.74 2699.19 10884.75 2696.87 10895.86 2722.14 10864.18 2677.40 10831.73 2661.63 10828.32 2660.78 10818.93 2616.18 10891.01 2616.10 10882.19 2658.13
11 5850.08 1547.83 5866.13 1568.97 5836.37 1537.12 5821.73 1533.77 5797.26 1562.78 5798.16 1516.77 5782.03 1504.22 5819.96 1475.96 5821.81 1461.27 5828.94 1491.08 5864.28 1506.94
11 1843.42 1760.01 1855.11 1771.70 1845.74 1769.36 1830.29 1762.39 1820.63 1776.82 1786.08 1731.23 1808.76 1720.30 1810.04 1705.32 1824.68 1719.85 1845.80 1712.29 1840.01 1727.50
11 8185.95 2513.69 8171.99 2522.80 8156.02 2576.15 8097.22 2533.15 8132.46 2509.86 8148.40 2490.10 8136.67 2473.86 8123.91 2439.58 8154.46 2457.24 8162.13 2428.85 8174.10 2420.91
9 3807.35 5069.93 3774.20 5037.14 3791.65 4982.50 3793.05 4979.54 3803.46 4972.31 3810.69 4970.37 3844.12 4974.11 3871.95 5034.42 3851.05 5057.33
8 15383.87 14711.23 15389.12 14764.83 15356.29 14823.76 15354.85 14825.59 15257.27 14787.52 15237.68 14737.27 15267.17 14710.74 15278.60 14701.22
10 14751.46 10218.85 14782.74 10239.30 14745.47 10280.48 14736.33 10276.94 14659.28 10203.53 14640.30 10188.72 14684.29 10183.74 14656.53 10151.53 14680.50 10158.85 14726.96 10168.08
7 8656.55 3349.74 8680.43 3371.04 8656.96 3402.08 8623.30 3409.56 8604.70 3399.63 8592.95 3369.97 8594.07 3351.64
14 9784.72 8446.74 9816.19 8409.76 9818.86 8408.84 9825.73 8409.17 9862.76 8411.98 9879.43 8434.65 9880.12 8455.94 9877.08 8468.32 9861.32 8478.61 9844.56 8488.06 9832.11 8486.66 9809.91 8482.94 9795.86 8471.48 9791.92 8463.87
9 10106.24 13478.91 10082.42 13461.61 10088.32 13426.50 10091.02 13413.92 10110.88 13400.41 10132.09 13409.95 10147.93 13437.80 10133.54 13462.90 10131.00 13466.55
10 11343.37 9402.63 11340.58 9413.97 11340.87 9432.00 11284.56 9396.42 11261.31 9391.44 11273.75 9377.54 11290.47 9383.02 11284.73 9376.82 11340.58 9361.48 11313.51 9386.85
12 9908.04 14179.69 9857.82 14193.11 9836.31 14180.33 9802.71 14181.68 9846.30 14151.56 9840.93 14136.83 9826.66 14113.16 9848.77 14131.04 9834.99 14099.11 9854.79 14106.86 9865.73 14111.11 9876.06 14129.13
14 9929.37 11613.89 9974.06 11624.05 9962.94 11640.22 9972.38 11650.60 9899.44 11631.19 9835.17 11642.92 9865.73 11595.79 9882.72 11587.90 9881.10 11583.81 9928.31 11526.76 9935.01 11528.39 9945.04 11564.22 9945.39 11573.78 9948.90 11608.34
10 2984.29 5768.63 3047.28 5820.05 3046.19 5871.45 3032.05 5894.76 3012.82 5906.77 2959.59 5910.89 2924.17 5867.41 2920.08 5844.44 2924.28 5828.89 2948.61 5792.60
5 12434.72 4267.63 12426.20 4291.19 12431.55 4235.97 12443.91 4244.09 12439.24 4255.52
5 4496.39 10848.95 4441.21 10884.92 4414.38 10794.54 4454.37 10797.77 4464.11 10790.18
8 9181.00 5997.97 9198.30 6042.15 9143.49 6017.48 9130.82 6013.75 9128.21 6005.74 9076.35 5968.76 9096.47 5965.90 9092.71 5915.49
14 13938.15 12391.41 13910.26 12394.23 13883.83 12374.06 13871.28 12375.78 13846.87 12365.95 13819.91 12360.72 13859.90 12278.47 13895.14 12314.44 13898.18 12317.32 13898.61 12320.63 13900.03 12320.20 13920.68 12280.97 13912.06 12317.06 13907.48 12340.67
10 7161.81 2160.13 7143.06 2159.82 7141.80 2151.90 7113.74 2139.40 7109.80 2130.75 7091.14 2117.71 7103.50 2094.10 7086.48 2062.43 7178.88 2090.80 7190.83 2099.67
12 6539.26 7218.87 6547.77 7220.88 6523.36 7226.01 6526.63 7228.35 6510.64 7224.48 6490.39 7281.30 6465.06 7276.27 6451.60 7236.21 6454.02 7193.28 6429.28 7164.38 6504.58 7181.61 6562.15 7199.26
9 4193.84 8099.65 4173.09 8121.52 4167.05 8112.15 4145.29 8120.54 4149.63 8112.73 4155.61 8079.92 4172.17 8076.57 4183.73 8060.43 4210.08 8075.75
10 5810.32 3780.67 5767.12 3774.74 5763.80 3766.76 5753.87 3739.05 5765.31 3715.32 5777.65 3709.91 5791.13 3708.52 5805.11 3708.38 5828.17 3731.93 5826.62 3762.72
10 14019.23 651.80 14010.27 621.46 14023.65 614.29 14078.21 594.70 14112.74 610.50 14135.09 639.61 14136.42 660.07 14121.01 699.05 14081.24 717.13 14052.55 687.41
7 14067.91 2656.00 14116.12 2744.64 14113.71 2755.72 14054.46 2804.93 14002.74 2763.82 13986.30 2717.67 13986.49 2670.97
11 1197.03 13903.90 1217.78 13837.09 1257.17 13833.08 1293.73 13846.21 1309.31 13863.10 1313.17 13875.42 1298.41 13940.67 1255.73 13950.38 1241.97 13951.79 1203.08 13941.94 1197.54 13912.76
15 5595.16 13946.03 5589.84 13962.10 5585.77 13970.77 5525.94 14002.12 5502.05 14019.23 5498.64 13971.88 5451.73 13951.24 5452.75 13947.85 5480.89 13896.85 5500.73 13913.60 5519.39 13929.39 5530.72 13896.73 5531.10 13926.09 5582.66 13915.65 5558.25 13941.13
6 7074.04 4414.35 7052.53 4393.89 7045.59 4429.61 7049.96 4352.42 7056.64 4362.07 7076.75 4339.47
12 14057.47 11720.23 14048.28 11719.74 14026.38 11756.89 14027.65 11735.09 14026.04 11727.36 14022.78 11731.06 14014.65 11700.32 14006.88 11668.88 14015.89 11673.07 14072.27 11684.20 14058.49 11704.33 14079.48 11707.36
5 9160.24 7996.47 9110.79 7898.46 9132.84 7873.23 9177.99 7902.14 9163.01 7985.00
11 9714.82 11575.26 9686.84 11562.39 9686.87 11582.03 9654.97 11610.39 9649.63 11602.87 9593.94 11501.04 9641.38 11490.78 9644.30 11454.05 9661.79 11452.05 9660.27 11521.10 9676.25 11518.01
9 9808.24 5486.39 9859.94 5463.46 9890.83 5463.84 9905.05 5531.66 9890.61 5561.36 9794.06 5585.10 9786.61 5569.34 9769.14 5525.35 9784.47 5504.55
6 7648.45 13415.34 7667.03 13393.94 7713.69 13393.95 7735.69 13482.42 7735.04 13487.38 7696.36 13482.65
9 2537.97 8687.73 2522.16 8673.02 2519.25 8650.77 2541.22 8636.63 2556.64 8641.58 2538.08 8615.55 2577.98 8610.68 2580.93 8621.84 2610.94 8636.78
11 5947.65 9177.50 5933.24 9130.97 5944.94 9113.64 5977.51 9065.50 6006.50 9066.58 6039.68 9072.90 6048.50 9080.63 6079.26 9125.71 6069.62 9193.97 6049.85 9223.75 5980.48 9227.70
12 14752.91 5165.31 14756.10 5189.02 14751.75 5182.71 14735.93 5164.91 14729.51 5181.05 14708.99 5179.12 14700.98 5165.74 14722.41 5144.14 14726.46 5134.12 14757.59 5122.69 14757.03 5130.64 14766.61 5148.37
5 10021.37 5035.09 10040.10 4978.42 10077.06 4981.69 10081.10 5005.95 10064.88 5035.31
9 14447.00 12011.79 14432.75 11966.82 14453.07 11931.54 14465.00 11922.82 14491.17 11931.61 14505.75 11962.13 14516.21 11997.51 14515.18 12003.33 14461.23 12012.59
8 11312.05 15158.19 11257.88 15092.23 11263.46 15062.81 11286.18 15030.52 11334.23 15018.46 11339.27 15021.69 11371.40 15105.26 11371.40 15131.36
5 8609.02 3322.15 8527.90 3233.39 8549.68 3174.16 8672.10 3196.06 8648.95 3295.48
5 846.14 7502.67 860.66 7484.21 849.78 7475.95 861.96 7458.86 907.21 7473.25
15 14685.20 12482.73 14700.73 12507.24 14678.66 12488.66 14672.31 12483.25 14668.81 12485.07 14681.45 12518.38 14664.60 12517.80 14663.81 12503.02 14637.72 12492.26 14629.20 12489.38 14632.52 12470.33 14620.57 12448.70 14636.57 12433.87 14674.43 12448.65 14673.65 12452.52
7 9529.25 5153.62 9450.97 5081.83 9482.17 5053.05 9496.17 5023.07 9532.02 5032.46 9548.05 5086.88 9554.12 5082.31
10 2023.93 13017.86 2001.84 12908.17 2045.84 12871.90 2110.95 12867.11 2151.17 12896.84 2167.06 12963.65 2167.27 12967.03 2164.45 12976.37 2132.78 13023.23 2093.38 13043.13
14 928.71 2265.22 940.52 2273.92 878.73 2264.80 926.83 2294.48 900.45 2298.86 873.89 2272.02 871.65 2272.96 861.71 2294.80 856.59 2309.42 856.26 2281.75 800.58 2236.16 849.80 2222.69 868.98 2220.98 908.60 2241.24
5 7710.20 2953.17 7699.25 2974.37 7689.57 2916.12 7713.85 2852.82 7722.40 2883.18
9 10451.07 11030.28 10475.53 10937.66 10530.41 10938.50 10564.70 10948.02 10599.98 11016.54 10590.43 11038.24 10551.91 11069.85 10545.39 11068.30 10496.54 11053.80
8 3726.42 1652.79 3783.55 1629.46 3797.22 1633.60 3834.66 1669.12 3806.34 1711.25 3772.28 1717.77 3748.07 1707.45 3729.29 1667.01
10 4871.20 13000.28 4888.96 12997.80 4898.73 13001.29 4953.26 13046.14 4954.31 13085.14 4924.82 13105.46 4869.48 13130.18 4848.82 13119.23 4830.35 13060.46 4834.26 13043.54
10 8028.27 11039.57 7986.09 10986.04 8027.45 10925.41 8059.06 10896.99 8094.97 10914.87 8137.10 10949.24 8154.20 10992.16 8147.50 11007.46 8113.76 11031.57 8091.25 11034.59
9 13363.43 7455.42 13404.75 7420.32 13420.99 7415.52 13479.07 7408.31 13515.93 7455.08 13521.38 7543.00 13515.29 7549.93 13459.99 7573.32 13369.91 7522.30
9 4647.89 12178.68 4611.36 12176.97 4571.99 12238.02 4522.56 12160.52 4574.13 12119.95 4603.46 12135.82 4605.94 12131.35 4641.52 12111.96 4633.50 12140.56
11 14598.76 5947.47 14569.99 5975.55 14553.91 5970.14 14539.01 5958.93 14503.91 5932.28 14504.87 5918.90 14510.38 5903.69 14525.72 5878.42 14570.83 5873.99 14594.46 5913.12 14597.61 5928.24
5 14519.47 7607.62 14437.58 7610.05 14426.56 7611.57 14464.50 7527.39 14485.66 7483.06
9 5191.92 3633.25 5180.48 3631.87 5165.99 3616.68 5163.44 3631.07 5142.47 3624.17 5130.81 3574.89 5143.54 3572.32 5158.68 3598.33 5173.74 3606.03
14 8407.13 5031.69 8410.56 5034.78 8402.18 5062.95 8369.46 5065.97 8353.22 5059.34 8360.81 5045.67 8364.37 5035.59 8352.57 5031.97 8346.30 5013.61 8367.24 4989.84 8376.44 5010.66 8386.49 5008.48 8395.10 5018.90 8413.11 5017.42
12 12936.97 566.03 12932.92 577.82 12918.41 546.04 12878.01 542.47 12910.89 535.36 12895.29 529.58 12916.66 531.85 12906.06 520.68 12919.06 526.68 12923.70 526.32 12962.45 532.73 12966.60 537.40
11 11439.81 8589.89 11469.89 8604.28 11449.17 8599.59 11417.06 8598.92 11384.97 8607.08 11406.22 8540.56 11417.92 8520.88 11426.84 8566.98 11452.00 8535.08 11457.50 8553.34 11461.09 8562.16
10 11983.65 3850.21 11938.79 3835.51 11934.24 3875.50 11924.52 3832.38 11913.92 3854.98 11879.93 3833.60 11906.96 3765.36 11921.68 3779.47 11947.85 3777.44 11952.81 3802.42
10 11549.97 14583.00 11505.38 14650.55 11472.21 14611.85 11462.38 14603.91 11450.39 14589.19 11434.52 14600.55 11404.18 14572.42 11398.26 14508.79 11486.35 14539.31 11529.24 14564.26
7 14761.75 3883.30 14811.39 3867.77 14845.00 3897.05 14824.57 3928.36 14806.88 3940.47 14792.47 3925.46 14775.71 3905.52
15 4536.36 4298.53 4549.26 4321.90 4519.34 4315.45 4514.02 4284.81 4453.91 4274.72 4461.71 4255.70 4479.84 4259.06 4477.56 4235.76 4505.42 4198.30 4522.69 4243.65 4521.90 4251.73 4531.75 4250.49 4550.83 4234.24 4561.43 4242.58 4538.85 4258.46
13 8451.83 3974.52 8409.12 3986.17 8385.23 3986.61 8403.34 4029.67 8384.67 4020.53 8363.17 3998.06 8362.42 3987.37 8321.67 3975.96 8359.50 3936.63 8381.00 3926.74 8390.45 3948.39 8393.03 3969.53 8421.28 3967.73
15 9313.28 2781.20 9303.04 2780.63 9275.76 2823.64 9268.73 2781.97 9232.01 2820.48 9239.43 2754.00 9216.93 2714.49 9251.76 2661.08 9345.38 2698.12 9291.32 2730.41 9343.56 2710.13 9293.81 2736.80 9355.31 2727.84 9360.34 2732.61 9310.25 2739.32
6 762.73 8528.35 782.10 8520.43 823.86 8542.05 815.31 8572.08 800.84 8578.69 768.63 8553.15
10 14766.11 12310.04 14768.40 12288.13 14792.31 12250.50 14799.70 12245.29 14871.86 12281.08 14881.74 12305.06 14878.01 12320.00 14850.01 12363.27 14817.30 12369.39 14792.41 12356.33
9 3093.06 13444.60 3074.01 13446.05 3075.64 13449.31 3051.41 13458.50 3031.06 13429.30 3046.38 13432.43 3069.81 13412.45 3083.90 13415.77 3081.60 13424.58
7 4737.30 9622.63 4656.69 9634.72 4652.08 9632.96 4634.71 9645.52 4616.67 9633.73 4635.71 9625.10 4617.63 9614.03
5 3191.37 9890.92 3175.75 9925.87 3066.72 9846.82 3182.35 9806.32 3134.01 9856.04
10 271.84 4207.42 220.59 4196.16 196.07 4177.44 174.62 4142.14 182.61 4120.86 263.72 4076.81 286.58 4086.81 333.00 4112.35 318.96 4169.40 299.08 4187.47
8 11791.30 7534.93 11735.43 7601.74 11655.45 7610.21 11627.52 7554.18 11645.13 7488.33 11658.84 7460.60 11744.21 7453.49 11782.08 7485.45
15 3346.29 3746.69 3356.88 3748.98 3339.93 3753.42 3324.65 3799.40 3324.12 3766.98 3300.13 3776.03 3315.54 3759.56 3302.68 3764.20 3299.79 3764.65 3310.57 3752.50 3304.45 3744.00 3303.79 3699.45 3310.96 3703.29 3314.78 3693.05 3338.20 3704.67
8 10811.55 14803.61 10821.59 14777.84 10871.54 14765.56 10883.48 14780.76 10879.72 14797.35 10852.18 14860.46 10828.12 14853.15 10813.81 14818.28
8 2634.29 565.52 2572.47 543.73 2521.29 539.52 2595.43 462.94 2601.17 412.66 2613.23 404.28 2638.24 461.65 2650.66 496.32
13 9284.96 12536.76 9251.02 12535.60 9227.06 12531.49 9222.51 12541.40 9203.66 12555.58 9150.02 12590.08 9172.47 12544.76 9122.90 12504.26 9216.15 12448.24 9221.75 12493.95 9234.85 12501.54 9245.61 12506.53 9259.23 12513.11
9 13818.47 15212.74 13755.45 15253.61 13675.55 15258.78 13652.94 15239.90 13661.67 15158.63 13696.05 15128.00 13749.19 15130.76 13775.42 15157.47 13815.87 15203.73
9 8437.30 9161.08 8387.85 9102.76 8395.99 9047.04 8433.49 8992.47 8469.85 9016.49 8500.49 9048.72 8511.54 9107.00 8480.09 9148.27 8469.74 9151.51
8 8951.44 8012.05 8914.86 8040.70 8854.97 8035.31 8812.16 8017.43 8803.18 8007.93 8833.09 7948.78 8886.27 7894.68 8893.24 7905.09
8 13823.28 14235.16 13890.58 14128.02 13905.87 14134.23 13959.17 14178.57 13995.94 14214.77 13995.26 14248.57 13946.30 14285.01 13840.28 14256.18
9 6367.63 11338.08 6303.53 11332.36 6301.69 11326.86 6242.11 11324.38 6263.03 11250.05 6304.76 11258.26 6320.34 11281.68 6343.26 11281.01 6338.44 11283.76
7 3350.46 4159.19 3325.50 4220.58 3304.04 4228.42 3286.34 4188.15 3243.57 4087.59 3255.23 4084.16 3344.86 4111.31
9 6373.83 12259.04 6311.02 12296.36 6297.92 12293.71 6248.65 12255.36 6251.24 12226.84 6257.45 12217.50 6308.64 12177.05 6335.79 12177.97 6362.47 12201.58
10 10915.56 5399.96 10874.84 5451.26 10852.80 5456.18 10822.23 5455.61 10819.67 5454.87 10807.34 5442.08 10812.03 5425.16 10828.29 5378.23 10871.56 5357.59 10876.62 5358.51
6 9529.78 13214.94 9471.73 13198.99 9478.50 13171.91 9518.68 13149.00 9529.60 13167.86 9532.84 13189.51
14 4125.58 2479.72 4138.91 2499.36 4115.39 2501.38 4087.45 2529.51 4057.82 2521.89 4066.69 2494.18 4052.51 2491.82 4056.16 2468.38 4048.61 2457.74 4041.83 2430.32 4055.78 2407.43 4093.45 2442.39 4128.55 2436.79 4118.14 2456.44
9 8434.39 11645.81 8488.42 11572.95 8541.55 11586.16 8578.85 11631.28 8561.64 11687.82 8543.42 11705.13 8526.49 11710.00 8503.70 11712.98 8472.02 11705.44
11 10611.58 7209.50 10604.88 7228.27 10567.16 7256.66 10571.75 7237.03 10577.45 7224.65 10540.63 7257.49 10529.69 7210.80 10534.77 7167.92 10639.60 7163.15 10665.92 7183.20 10664.71 7206.33
6 5230.09 8970.16 5201.33 8974.62 5162.73 8976.68 5176.66 8925.97 5212.57 8925.71 5216.80 8924.70
10 12120.91 1064.87 12125.00 1017.25 12184.25 976.54 12218.47 989.18 12257.03 1017.58 12253.64 1053.18 12228.04 1091.78 12191.74 1100.36 12171.54 1096.55 12139.44 1087.26
8 14475.73 12462.36 14432.31 12466.54 14424.00 12517.96 14420.21 12461.20 14369.35 12480.93 14342.48 12415.45 14397.99 12407.41 14395.77 12381.51
9 1887.64 9671.83 1965.38 9621.75 2012.64 9656.92 2031.53 9677.25 2010.23 9715.43 2004.04 9722.91 1955.44 9777.40 1947.06 9775.03 1897.52 9702.26
7 3029.35 9727.45 2993.32 9709.16 3010.28 9658.22 3030.70 9645.93 3076.90 9666.94 3082.47 9682.51 3074.60 9712.02
6 3596.77 6922.81 3520.63 6848.29 3560.06 6795.02 3610.25 6791.35 3654.14 6827.49 3649.81 6874.91
12 7279.85 7206.64 7272.27 7206.08 7265.77 7212.58 7251.24 7221.15 7247.34 7211.59 7246.91 7205.64 7227.08 7216.96 7223.25 7168.41 7237.14 7170.39 7261.60 7176.34 7267.25 7172.38 7283.47 7182.47
5 1427.37 1247.81 1432.56 1207.63 1430.98 1204.12 1455.14 1195.93 1482.51 1206.07
8 10864.05 1992.41 10821.54 2030.84 10796.46 2029.43 10782.45 1992.60 10780.67 1967.94 10796.25 1960.48 10811.93 1957.56 10848.80 1962.60
6 7220.46 9100.62 7143.37 9183.30 7116.30 9098.47 7122.10 9061.63 7200.85 9047.14 7215.43 9032.04
8 3523.88 14612.45 3535.53 14471.20 3547.17 14469.40 3579.84 14500.50 3598.05 14530.13 3584.86 14602.60 3577.25 14622.98 3553.65 14622.66
8 9801.97 12408.59 9761.32 12466.40 9741.08 12447.65 9716.65 12467.11 9734.56 12344.20 9779.30 12334.09 9819.70 12353.43 9791.76 12399.75
13 5225.27 7314.32 5210.32 7279.01 5215.15 7272.91 5226.76 7259.65 5234.00 7258.67 5250.62 7259.18 5278.71 7275.53 5278.36 7282.65 5277.33 7292.89 5275.64 7306.65 5267.28 7316.81 5251.64 7320.10 5233.01 7320.58
6 2669.97 9668.06 2636.42 9586.09 2659.46 9537.96 2692.08 9534.70 2711.70 9534.83 2760.86 9604.70
13 6360.70 14361.25 6384.36 14438.53 6372.68 14454.07 6366.01 14459.89 6334.11 14486.67 6299.78 14481.04 6280.53 14474.65 6263.96 14456.80 6261.16 14435.26 6261.97 14405.41 6272.59 14389.98 6342.21 14358.61 6348.20 14356.21
8 3656.30 11961.65 3665.98 11977.53 3652.97 11988.26 3610.87 11983.24 3607.75 11969.99 3626.79 11945.80 3630.60 11938.11 3695.58 11916.97
9 528.77 10387.70 509.94 10427.93 477.71 10425.15 458.85 10421.47 439.40 10384.76 456.93 10362.55 464.81 10354.26 518.49 10346.50 520.80 10353.33
10 14611.79 12339.40 14573.20 12355.68 14532.73 12335.37 14526.92 12312.51 14478.31 12296.16 14498.61 12264.39 14540.94 12296.84 14563.73 12295.53 14573.81 12307.59 14591.22 12309.01
6 6004.45 3532.20 5940.85 3460.44 5941.57 3437.94 5986.23 3406.98 6065.13 3431.90 6045.78 3517.22
9 11904.16 9290.26 11885.57 9274.19 11889.33 9300.68 11862.03 9288.09 11830.91 9272.78 11821.23 9277.06 11827.93 9241.14 11904.76 9221.26 11910.58 9227.83
6 8624.25 7397.83 8568.43 7365.22 8603.61 7293.99 8598.06 7277.94 8674.62 7329.71 8667.36 7366.82
8 5602.29 4195.94 5649.20 4244.96 5647.99 4294.51 5631.94 4307.05 5527.28 4268.86 5524.18 4245.10 5545.72 4210.02 5549.96 4208.45
15 14554.74 7098.44 14555.47 7108.86 14544.44 7150.51 14524.23 7112.33 14526.63 7120.28 14520.10 7149.69 14512.31 7109.50 14503.24 7138.78 14495.26 7148.13 14497.86 7119.60 14503.31 7107.68 14495.00 7098.04 14512.52 7068.44 14515.71 7053.41 14524.83 7081.09
5 7545.56 5276.93 7554.01 5283.11 7536.89 5311.75 7463.13 5272.40 7528.51 5273.42
7 15415.59 12528.88 15393.12 12576.76 15343.15 12562.67 15311.61 12546.18 15353.86 12474.76 15407.46 12450.68 15405.70 12471.18
8 6884.86 11960.46 6899.66 11882.33 6961.58 11857.12 6991.39 11854.90 7017.22 11886.93 7045.66 11947.30 7046.57 11959.86 6972.90 12004.29
10 4665.55 15414.10 4659.60 15379.40 4694.24 15323.81 4717.76 15316.38 4728.23 15321.68 4736.78 15327.37 4769.24 15364.12 4741.91 15413.59 4712.28 15437.57 4698.20 15438.37
9 11310.39 13996.66 11320.90 13969.92 11378.27 13969.74 11400.04 13991.57 11397.03 14012.95 11370.07 14050.40 11343.13 14055.25 11331.39 14052.21 11318.11 14019.19
11 12830.77 2777.20 12797.40 2812.32 12768.45 2740.77 12751.41 2734.21 12751.12 2725.44 12777.68 2721.59 12813.80 2661.22 12808.35 2711.54 12824.80 2691.51 12825.41 2694.62 12847.05 2721.77
8 5569.85 12665.21 5638.67 12726.74 5597.01 12803.81 5551.90 12818.08 5507.12 12804.72 5494.28 12750.42 5487.38 12714.01 5524.63 12663.90
6 8060.71 7094.32 8024.96 7006.82 8044.66 6993.60 8113.71 7013.40 8137.53 7036.53 8086.91 7088.37
8 8710.17 8935.94 8694.50 8891.76 8705.37 8870.22 8737.38 8858.62 8792.19 8879.04 8796.88 8903.38 8759.60 8948.10 8738.40 8950.27
11 6712.29 8152.66 6722.82 8206.57 6716.08 8231.25 6666.87 8240.07 6635.14 8218.79 6633.24 8203.27 6640.05 8175.11 6652.51 8142.02 6662.41 8133.37 6675.14 8130.24 6704.23 8147.43
13 8937.79 5329.91 8932.34 5358.57 8909.11 5364.90 8905.50 5363.69 8814.72 5319.26 8853.39 5300.85 8838.05 5286.12 8848.72 5292.91 8868.44 5307.10 8866.18 5250.65 8881.32 5299.76 8939.91 5268.41 8958.84 5276.88
8 6823.11 4144.42 6761.81 4065.13 6802.90 4009.56 6876.68 3998.47 6899.30 4008.10 6912.70 4058.05 6920.33 4103.04 6845.91 4137.38
9 8321.29 7077.92 8328.94 7154.63 8293.35 7214.63 8244.43 7218.94 8201.37 7190.30 8183.96 7159.57 8181.94 7108.05 8233.57 7072.09 8288.86 7073.02
7 8309.52 3832.40 8350.01 3834.60 8344.30 3878.53 8334.10 3895.65 8302.74 3898.72 8286.84 3883.02 8298.30 3848.73
7 12377.32 9197.01 12381.30 9199.44 12351.13 9224.17 12350.33 9202.14 12344.75 9201.31 12351.89 9163.93 12411.14 9183.07
10 4982.04 2195.00 4989.82 2177.03 5014.24 2148.70 5044.04 2158.84 5071.44 2191.57 5069.53 2208.16 5061.59 2222.11 5053.41 2232.34 5018.77 2234.72 4989.85 2212.22
7 5434.63 12263.49 5466.82 12240.77 5528.01 12247.21 5556.45 12261.90 5531.41 12273.87 5463.83 12298.49 5446.72 12287.21
11 11866.54 2956.00 11896.00 2896.78 11939.22 2896.75 11982.99 2900.81 11997.62 2951.14 11998.68 2980.00 11953.35 3032.37 11943.18 3031.28 11901.93 3021.81 11890.16 3010.92 11877.57 2990.58
10 10128.97 544.22 10068.92 507.89 10061.10 501.23 10051.33 480.69 10055.69 464.44 10111.54 445.15 10155.78 448.30 10171.77 464.69 10176.38 485.81 10170.25 518.73
9 8890.43 1003.09 8926.59 1043.15 8863.64 1039.81 8849.55 1022.21 8816.34 990.83 8812.63 986.79 8842.50 964.47 8875.61 981.25 8899.44 977.90
8 5199.52 2676.96 5258.54 2588.73 5291.46 2589.40 5314.01 2606.73 5330.21 2686.77 5318.92 2700.63 5273.94 2727.82 5211.76 2715.49
6 6689.86 8292.40 6768.93 8222.36 6819.95 8246.03 6844.86 8322.85 6845.56 8350.54 6724.29 8403.06
13 959.05 3778.94 976.83 3796.00 961.33 3792.50 936.36 3819.42 910.64 3784.71 854.89 3783.94 895.55 3764.21 857.09 3744.52 906.97 3743.45 912.04 3705.57 929.22 3704.47 945.50 3714.06 966.67 3747.18
10 2530.63 12779.19 2503.03 12852.29 2474.23 12792.78 2401.81 12813.71 2387.62 12781.34 2457.50 12753.74 2466.34 12745.68 2473.00 12710.02 2491.33 12751.44 2486.63 12760.99
14 7124.01 5908.08 7124.15 5911.91 7152.21 5927.49 7129.42 5927.08 7136.31 5944.80 7117.12 5959.02 7094.30 5936.23 7096.12 5904.69 7097.83 5897.45 7072.96 5870.60 7094.00 5880.31 7127.35 5878.33 7132.86 5879.58 7160.76 5894.68
10 10697.41 13911.70 10719.22 13946.95 10701.82 13936.98 10672.31 13913.69 10643.85 13945.65 10649.86 13930.69 10663.09 13903.62 10669.61 13871.69 10677.98 13874.16 10693.31 13893.55
8 4359.24 11049.45 4360.96 11041.70 4418.64 11040.68 4425.87 11062.19 4432.71 11087.25 4417.07 11102.25 4381.63 11097.10 4360.75 11065.38
13 3724.73 12590.51 3724.76 12592.32 3711.34 12623.30 3694.81 12608.78 3689.07 12629.51 3689.43 12605.46 3666.77 12617.87 3662.78 12614.23 3689.78 12593.30 3671.53 12595.79 3674.14 12579.37 3712.76 12553.92 3731.80 12586.40
9 2250.74 1899.95 2228.09 1853.87 2234.42 1805.39 2240.30 1784.67 2325.40 1780.23 2353.33 1831.35 2352.01 1862.33 2348.96 1868.69 2322.12 1902.40
8 214.14 6987.18 277.07 6951.76 325.10 6962.69 343.24 7026.73 327.93 7039.56 306.27 7057.12 273.95 7059.87 257.45 7059.51
10 13344.38 13549.74 13325.84 13554.34 13309.05 13585.50 13333.82 13488.93 13355.43 13468.52 13380.84 13446.93 13340.92 13495.00 13351.23 13494.45 13363.79 13489.34 13402.36 13475.10
10 12727.02 9192.97 12714.25 9165.08 12688.90 9183.82 12700.21 9159.58 12668.53 9184.38 12645.53 9168.47 12692.13 9125.16 12713.03 9124.37 12747.74 9093.20 12761.11 9128.68
8 8186.50 2326.84 8169.84 2310.89 8166.85 2303.74 8159.99 2330.75 8142.41 2296.72 8154.21 2289.11 8174.48 2279.93 8190.90 2285.54
8 1970.14 15204.52 1910.37 15241.13 1934.09 15217.38 1892.22 15216.66 1987.48 15176.30 1977.56 15187.49 1972.96 15201.12 2010.30 15201.26
11 3005.79 6440.89 2978.15 6377.97 2981.08 6360.34 3029.32 6328.97 3074.50 6320.16 3102.77 6328.71 3134.29 6346.10 3148.24 6427.80 3108.60 6486.06 3078.55 6495.59 3046.27 6486.40
5 13799.00 12985.10 13834.26 12858.36 13924.15 12870.70 13965.92 12908.71 13884.06 13027.81
8 10925.17 13773.68 10909.91 13716.03 10921.35 13689.60 10964.94 13636.00 11050.58 13644.96 11089.43 13719.31 11045.94 13797.06 10996.77 13805.37
8 8913.82 11876.15 8945.63 11908.95 8942.57 11962.81 8926.41 11976.90 8891.77 11987.94 8866.75 11995.05 8837.13 11964.47 8846.46 11881.24
15 8776.12 3595.24 8770.69 3622.65 8781.48 3641.04 8752.93 3610.83 8754.87 3646.91 8721.85 3638.39 8681.92 3627.03 8723.30 3589.13 8697.67 3564.74 8701.55 3531.49 8730.70 3555.94 8737.57 3542.47 8756.93 3546.11 8780.95 3556.36 8769.84 3585.91
9 7661.67 4315.99 7650.08 4361.98 7613.22 4346.60 7572.12 4389.37 7530.61 4331.69 7658.60 4268.98 7622.36 4300.91 7667.15 4285.37 7674.09 4297.71
8 1811.74 12207.92 1838.84 12266.61 1812.88 12291.30 1764.14 12309.57 1736.21 12285.50 1716.91 12222.06 1774.27 12198.24 1792.57 12201.95
7 4274.20 8924.12 4218.95 8961.64 4219.26 8931.10 4207.70 8889.95 4202.28 8872.63 4271.71 8840.46 4269.80 8881.39
6 4874.69 13597.42 4878.54 13598.83 4849.03 13614.98 4791.46 13615.05 4799.65 13599.88 4856.63 13536.40
7 8032.02 6664.31 8049.19 6767.26 8034.28 6813.25 7976.55 6838.25 7928.96 6814.37 7930.07 6775.41 7963.44 6679.37
10 8656.01 5664.34 8674.51 5630.72 8705.19 5631.55 8757.65 5640.42 8756.75 5665.10 8744.98 5719.60 8737.58 5727.50 8697.45 5734.01 8691.84 5730.30 8677.71 5707.56
9 9928.34 5304.15 9911.87 5342.12 9846.25 5311.03 9830.05 5297.49 9838.96 5287.08 9872.19 5270.88 9913.88 5234.84 9912.09 5245.98 9899.86 5269.74
15 13121.38 13607.74 13120.05 13656.80 13099.02 13621.40 13103.13 13680.65 13074.66 13671.40 13083.42 13618.88 13044.57 13641.38 13068.62 13605.66 13016.50 13594.69 13049.96 13579.42 13052.02 13567.98 13131.81 13531.95 13101.60 13583.41 13116.30 13596.05 13151.34 13598.23
7 11749.45 9591.24 11714.28 9608.15 11691.21 9596.94 11682.02 9587.81 11679.69 9552.52 11698.60 9535.52 11749.44 9587.75
12 1034.28 7519.28 1020.92 7528.69 1010.46 7540.37 998.49 7549.00 991.75 7552.82 980.98 7545.62 960.79 7532.03 959.24 7521.55 979.49 7519.38 963.54 7517.67 944.55 7507.37 1017.39 7512.97
9 4723.51 8479.93 4672.52 8470.64 4654.51 8435.08 4650.86 8339.15 4704.90 8306.76 4743.32 8314.04 4767.38 8342.24 4791.26 8404.98 4772.14 8433.66
7 8783.99 648.15 8743.43 704.93 8655.73 676.38 8638.58 645.58 8672.74 573.25 8734.90 554.72 8783.56 593.01
9 3024.92 1475.84 3015.74 1466.06 3027.48 1433.11 3035.80 1418.80 3051.30 1408.71 3062.68 1410.05 3098.43 1427.50 3080.73 1478.38 3068.21 1493.70
9 2201.56 5758.17 2160.36 5762.71 2151.93 5756.28 2136.25 5752.71 2139.30 5729.14 2160.91 5710.09 2164.93 5715.25 2193.24 5722.97 2191.09 5738.49
6 13371.89 9017.98 13341.20 9072.02 13269.20 9045.22 13268.76 9028.86 13312.20 8988.57 13335.07 8997.73
9 9484.05 13483.64 9540.44 13430.69 9588.64 13446.79 9605.78 13508.38 9596.54 13559.19 9571.23 13578.57 9529.51 13583.69 9508.75 13583.69 9490.30 13581.37
10 14266.77 14222.27 14269.37 14260.53 14259.47 14272.89 14238.95 14292.88 14233.34 14295.78 14207.20 14289.64 14203.28 14281.21 14184.87 14241.55 14173.43 14206.70 14193.60 14189.73
13 1554.55 10008.00 1553.18 10012.84 1536.48 10015.92 1515.62 10020.71 1505.78 10021.87 1516.82 10015.76 1501.88 10018.39 1500.15 10002.33 1514.49 10000.77 1515.91 9987.21 1567.99 9974.38 1569.14 9974.80 1570.28 9975.19
8 14955.84 12432.95 14928.99 12364.26 14948.75 12346.62 14983.80 12329.51 15026.62 12356.82 15028.32 12394.28 14987.94 12435.72 14973.77 12440.66
13 3897.79 6983.82 3865.68 6997.98 3882.47 7019.83 3840.32 7026.10 3803.35 7050.11 3808.75 7031.77 3813.90 7016.67 3782.29 7048.77 3768.57 6982.36 3832.18 6946.14 3880.67 6953.42 3863.65 6969.78 3886.46 6981.38
8 9242.00 12825.21 9292.25 12801.33 9323.94 12814.35 9332.42 12841.24 9305.43 12879.12 9274.48 12880.98 9268.00 12879.78 9248.72 12862.82
15 7550.73 15140.38 7539.64 15136.42 7537.37 15147.74 7500.28 15144.63 7469.82 15160.81 7446.93 15104.13 7487.81 15062.51 7492.96 15072.39 7493.58 15064.61 7498.14 15073.54 7502.39 15091.74 7512.47 15091.75 7534.09 15089.84 7527.72 15101.69 7544.76 15095.34
11 14560.85 9815.02 14516.58 9795.05 14496.31 9798.98 14492.90 9786.45 14492.66 9749.05 14517.37 9761.96 14514.99 9732.32 14535.71 9733.68 14549.70 9750.15 14542.36 9761.07 14560.23 9771.24
13 2908.27 3115.79 2923.50 3112.57 2966.16 3125.87 2978.42 3177.69 2964.35 3200.83 2950.29 3217.81 2936.53 3233.55 2921.44 3234.26 2913.82 3233.17 2890.85 3222.94 2882.28 3216.45 2867.12 3183.91 2869.26 3167.56
14 10522.88 5365.74 10527.04 5316.99 10549.77 5292.04 10594.85 5283.62 10629.60 5293.70 10651.72 5308.94 10671.57 5357.00 10665.98 5375.56 10634.85 5398.18 10624.48 5401.28 10582.42 5412.65 10549.24 5401.21 10540.61 5398.03 10528.54 5387.27
6 5674.02 14457.46 5631.16 14429.90 5646.49 14368.47 5668.08 14349.16 5752.78 14348.52 5749.98 14439.46
8 15144.78 6449.00 15160.89 6378.68 15208.59 6340.90 15264.89 6394.54 15277.28 6409.40 15270.89 6462.69 15241.56 6482.54 15156.28 6463.34
13 14078.87 12021.63 14084.13 12052.12 14076.84 12065.83 14069.10 12072.61 14013.91 12097.44 13974.32 12079.59 13938.94 12019.30 13943.54 12008.25 13971.89 11982.36 13999.73 11964.42 14017.31 11963.30 14047.02 11961.99 14055.00 11968.56
7 4760.02 2948.62 4725.86 2918.17 4699.20 2843.26 4731.05 2839.58 4731.82 2801.68 4763.11 2804.76 4774.51 2819.43
8 12294.79 12413.65 12271.30 12380.78 12287.66 12359.69 12306.20 12351.92 12317.77 12348.19 12335.16 12350.79 12346.49 12365.74 12344.80 12391.67
11 9290.53 8075.57 9309.02 8020.21 9329.50 8002.41 9361.61 7988.46 9395.74 8001.35 9420.75 8025.97 9455.27 8116.92 9454.87 8122.53 9389.09 8139.74 9313.62 8122.94 9301.52 8116.99
10 12305.00 8395.90 12328.66 8385.44 12379.34 8402.13 12408.13 8462.64 12381.26 8519.95 12378.09 8522.22 12367.29 8529.87 12305.45 8509.04 12271.85 8483.87 12290.35 8427.10
11 5616.06 11388.17 5570.92 11378.21 5573.14 11402.14 5553.29 11393.96 5549.79 11375.50 5553.01 11342.39 5553.53 11339.32 5557.36 11344.24 5568.49 11315.14 5573.05 11328.90 5574.77 11344.17
10 15253.81 2559.41 15243.93 2564.74 15226.90 2574.14 15209.85 2588.81 15195.03 2593.70 15210.42 2570.61 15210.80 2551.23 15183.84 2534.48 15229.28 2516.13 15261.68 2546.15
6 8014.10 858.13 8001.57 885.17 8002.11 869.31 7950.06 822.64 7980.62 789.98 8050.83 812.80
10 1823.23 3886.47 1782.08 3868.14 1763.83 3790.76 1760.92 3767.79 1793.05 3743.90 1852.88 3750.71 1893.22 3783.63 1885.73 3815.59 1865.80 3854.55 1863.32 3858.63
8 2743.66 13937.01 2771.63 14046.12 2712.54 14072.36 2662.62 14089.11 2631.13 14024.88 2659.55 13977.69 2676.65 13963.36 2715.18 13948.11
10 1933.82 8805.87 1937.66 8863.63 1931.64 8869.83 1924.62 8875.90 1890.90 8876.09 1883.74 8874.70 1870.18 8848.12 1872.22 8813.44 1900.63 8795.79 1926.42 8800.87
8 7832.96 9386.47 7839.76 9415.70 7838.68 9438.23 7823.01 9451.27 7820.17 9452.45 7784.01 9454.31 7765.46 9446.11 7766.21 9411.41
14 14471.09 2026.31 14458.82 2068.88 14415.87 2036.18 14401.63 2049.12 14406.15 2085.39 14338.85 2062.17 14341.75 1990.79 14337.65 1977.69 14368.23 1981.76 14385.04 1981.01 14397.18 1964.09 14398.49 1994.49 14402.73 1990.21 14457.30 1974.37
14 7648.09 10245.10 7663.71 10253.67 7656.33 10250.89 7638.74 10250.03 7652.98 10265.91 7646.34 10265.25 7635.75 10253.33 7629.08 10252.07 7627.90 10252.06 7615.75 10239.15 7618.81 10238.50 7598.83 10208.60 7627.67 10200.35 7661.30 10240.23
14 3538.13 5108.21 3535.09 5109.47 3530.24 5114.81 3540.04 5127.52 3526.46 5120.04 3525.31 5132.92 3516.66 5144.94 3495.30 5130.91 3500.91 5109.22 3500.02 5092.41 3495.66 5072.32 3511.09 5064.54 3528.47 5088.55 3527.73 5095.48
10 1220.11 13651.46 1273.79 13660.00 1278.34 13679.91 1287.19 13734.61 1288.50 13742.84 1255.11 13753.63 1234.51 13745.19 1208.61 13731.87 1193.19 13682.40 1198.46 13671.60
8 2853.76 433.50 2885.25 359.74 2902.32 363.92 2933.61 383.53 2954.27 435.30 2955.49 450.24 2902.43 469.67 2879.83 459.80
12 5978.24 6940.84 5865.32 6939.99 5910.98 6921.31 5903.22 6908.03 5874.68 6891.84 5897.59 6883.67 5919.79 6883.04 5928.44 6896.50 5940.02 6897.41 5966.67 6885.19 5967.23 6894.30 5974.40 6900.82
5 9125.55 1175.20 9080.21 1184.23 9068.39 1133.44 9085.15 1145.31 9103.31 1147.57
10 13913.18 5919.90 13854.51 5969.33 13846.15 5968.79 13828.28 5938.88 13796.58 5918.65 13819.24 5902.44 13834.33 5896.62 13778.72 5897.77 13797.83 5896.50 13882.91 5880.60
9 14585.19 6052.69 14588.50 6028.15 14618.85 5984.98 14653.58 5988.94 14687.35 6020.30 14685.15 6051.94 14660.39 6082.14 14631.84 6083.94 14589.15 6063.85
10 2862.12 5516.08 2862.72 5506.83 2928.11 5421.62 2937.83 5422.38 2982.47 5433.74 3011.19 5518.62 2988.87 5561.29 2943.84 5573.71 2886.93 5564.49 2868.49 5552.85
10 12495.09 14549.91 12441.76 14593.90 12418.40 14589.89 12386.51 14564.85 12378.14 14545.85 12384.63 14507.16 12440.62 14487.22 12462.34 14479.89 12479.18 14495.52 12489.80 14515.15
12 10368.55 14247.61 10402.05 14235.14 10418.00 14240.83 10440.40 14262.43 10436.69 14283.16 10435.25 14290.06 10429.11 14296.30 10416.76 14300.77 10381.97 14304.27 10370.92 14290.65 10365.27 14281.61 10366.90 14254.19
15 12589.72 10256.18 12557.91 10242.17 12587.65 10284.66 12575.40 10271.52 12572.57 10275.38 12551.93 10259.95 12550.14 10302.03 12522.16 10264.63 12527.38 10243.90 12487.32 10273.70 12478.29 10276.21 12467.84 10256.49 12493.73 10159.73 12511.85 10170.91 12548.23 10166.82
7 666.57 6702.08 638.31 6652.23 658.47 6591.08 672.35 6615.80 718.04 6568.82 708.10 6580.85 738.26 6624.22
13 11887.45 1786.68 11899.53 1803.15 11879.65 1819.71 11854.92 1793.61 11837.25 1816.71 11850.84 1788.38 11821.85 1817.36 11814.44 1796.56 11813.14 1776.07 11811.34 1763.27 11859.87 1747.29 11868.65 1751.51 11880.48 1774.26
11 2395.99 1870.13 2445.52 1819.77 2527.61 1823.41 2547.52 1839.28 2562.02 1859.06 2553.48 1937.50 2537.90 1962.51 2521.06 1974.62 2508.74 1981.56 2497.89 1980.25 2430.36 1948.33
6 5192.81 13326.02 5206.38 13330.53 5170.89 13322.00 5129.23 13352.01 5094.89 13300.95 5187.79 13310.65
8 11751.77 8940.90 11738.17 8938.37 11737.87 8960.63 11667.44 8965.33 11650.54 8938.38 11675.05 8934.34 11712.23 8918.40 11701.70 8886.18
15 8772.77 9651.18 8759.39 9648.45 8789.26 9672.03 8780.72 9670.17 8745.03 9680.17 8711.33 9659.63 8712.58 9652.82 8653.26 9651.00 8678.93 9627.50 8699.95 9623.92 8713.29 9606.10 8719.40 9609.42 8720.97 9599.25 8767.26 9597.68 8772.00 9625.82
9 12043.52 7841.96 12008.42 7775.14 12026.94 7758.28 12034.75 7752.47 12073.78 7744.04 12097.77 7762.12 12109.77 7784.06 12097.55 7817.55 12059.95 7835.02
15 7652.37 3528.75 7649.63 3529.76 7652.67 3536.03 7667.02 3559.54 7622.67 3558.20 7628.84 3545.90 7628.12 3528.57 7630.89 3526.78 7615.16 3522.69 7623.94 3520.16 7624.41 3507.11 7638.91 3502.96 7639.44 3495.63 7655.39 3517.54 7685.20 3520.52
9 12177.83 2368.59 12130.31 2380.00 12113.35 2376.56 12102.18 2363.28 12108.56 2336.64 12117.62 2329.69 12164.86 2326.13 12182.26 2326.45 12181.49 2349.81
15 2307.05 5169.68 2283.99 5170.97 2263.42 5200.88 2227.26 5223.68 2198.36 5207.83 2208.90 5176.60 2161.71 5158.71 2176.43 5126.09 2218.13 5142.38 2224.84 5144.34 2217.94 5137.28 2220.07 5134.55 2208.35 5094.58 2264.30 5116.35 2302.54 5142.05
11 14425.71 12118.84 14400.98 12117.00 14425.10 12126.13 14401.70 12123.72 14390.58 12127.02 14389.75 12126.47 14389.96 12135.31 14362.41 12125.29 14360.34 12088.47 14360.96 12087.90 14372.17 12098.26
10 3427.16 12347.14 3336.71 12333.50 3322.01 12323.62 3295.02 12323.77 3315.11 12310.23 3330.54 12292.64 3335.51 12291.04 3336.24 12271.77 3403.84 12297.31 3413.16 12321.66
9 7570.49 2413.62 7570.58 2388.27 7585.70 2376.72 7615.91 2370.44 7630.79 2385.91 7636.57 2411.60 7616.37 2435.12 7591.26 2442.52 7581.24 2442.07
8 3170.94 12538.63 3189.08 12599.05 3162.39 12649.51 3125.56 12647.24 3105.35 12627.11 3080.80 12601.31 3091.64 12550.43 3096.53 12548.23
7 5481.95 11896.13 5465.22 11881.42 5439.96 11838.30 5467.25 11834.81 5447.73 11805.68 5477.50 11800.12 5530.43 11823.17
13 1750.67 10883.63 1786.48 10895.72 1750.30 10896.15 1749.34 10915.76 1732.99 10892.94 1700.58 10879.26 1714.58 10855.55 1717.58 10857.71 1749.78 10853.38 1763.50 10855.98 1774.21 10854.35 1766.53 10864.83 1754.82 10881.03
8 2751.91 6959.85 2795.15 6865.96 2864.85 6877.30 2884.71 6902.40 2891.29 6970.78 2886.42 7000.87 2814.05 6999.70 2776.37 6996.06
12 1456.14 8536.37 1425.60 8505.93 1437.37 8540.65 1422.75 8502.73 1400.47 8544.46 1393.92 8492.34 1389.92 8491.81 1399.25 8486.42 1399.66 8482.86 1398.11 8464.41 1416.40 8461.76 1460.31 8474.74
11 2318.66 4776.36 2338.82 4726.36 2359.62 4708.67 2384.38 4708.32 2452.75 4752.30 2456.63 4793.67 2448.07 4813.84 2396.53 4845.58 2365.94 4845.19 2352.74 4844.93 2321.75 4818.96
8 7873.84 9672.96 7855.19 9735.88 7803.77 9731.09 7783.25 9723.98 7747.47 9695.03 7753.09 9652.24 7801.19 9612.66 7842.69 9633.01
15 15121.80 8155.71 15091.61 8153.77 15076.02 8191.45 15070.11 8194.10 15066.73 8205.93 15062.30 8162.62 15050.71 8158.74 15020.51 8161.18 15047.12 8143.53 15034.04 8104.06 15046.02 8118.55 15081.39 8128.09 15092.87 8124.35 15094.27 8125.02 15106.55 8124.20
8 13625.19 8133.22 13626.08 8107.45 13706.83 8054.72 13718.17 8063.39 13752.15 8122.95 13719.68 8171.45 13679.93 8182.92 13647.99 8163.07
11 237.20 6452.22 264.27 6416.11 304.63 6409.50 331.12 6426.44 339.55 6435.64 355.46 6463.44 360.62 6490.73 321.01 6512.09 287.64 6518.03 263.32 6509.46 239.11 6468.76
9 6441.03 13507.38 6421.68 13543.48 6384.97 13537.94 6365.67 13518.16 6366.78 13444.90 6385.84 13440.61 6427.74 13455.36 6474.64 13451.24 6481.03 13478.82
13 3460.45 2511.91 3444.68 2507.82 3436.47 2522.39 3386.10 2487.15 3408.17 2483.05 3434.41 2466.31 3442.20 2476.15 3440.29 2481.89 3457.50 2448.24 3449.40 2474.93 3464.03 2460.64 3463.30 2487.77 3453.23 2491.46
9 12520.44 358.74 12487.98 327.32 12488.00 292.97 12491.34 252.95 12529.58 242.53 12590.68 232.49 12612.42 270.82 12579.54 356.06 12530.59 363.68
7 2123.55 13482.61 2094.83 13415.59 2109.45 13399.97 2193.26 13351.54 2230.62 13412.26 2240.83 13452.31 2164.07 13480.81
7 2742.24 4506.07 2729.98 4528.62 2702.92 4554.92 2619.98 4496.57 2642.13 4480.03 2662.57 4484.81 2645.67 4447.51
6 10709.04 10288.28 10689.10 10289.75 10684.42 10241.88 10687.76 10231.81 10709.21 10233.84 10726.73 10238.14
5 2582.79 4693.28 2548.76 4682.48 2525.34 4639.44 2553.68 4640.00 2627.05 4642.75
10 13115.22 7682.92 13068.21 7726.40 13039.94 7723.99 13004.78 7701.30 13000.96 7692.53 13003.55 7649.82 13022.71 7626.38 13050.32 7619.71 13061.75 7624.92 13099.40 7642.55
11 12071.35 10310.25 12061.76 10326.31 12022.55 10352.55 12007.20 10351.06 11991.35 10341.02 11985.90 10323.67 11979.96 10300.69 12005.75 10273.34 12016.84 10267.51 12037.81 10274.89 12043.03 10278.22
10 11970.75 8827.59 11982.95 8776.23 11986.98 8772.59 11990.41 8771.23 12029.41 8768.89 12039.70 8771.68 12051.84 8789.49 12067.78 8841.19 12017.85 8860.84 11993.54 8850.91
10 3958.88 10440.73 3935.39 10430.37 3900.68 10427.15 3911.96 10418.44 3918.44 10409.09 3912.38 10371.26 3919.64 10372.70 3942.05 10416.48 3940.44 10417.74 3956.08 10416.85
9 9824.61 11468.91 9777.31 11432.97 9796.28 11391.86 9800.35 11386.61 9819.07 11382.62 9835.74 11390.55 9839.85 11400.35 9849.02 11454.85 9833.37 11466.17
7 1208.40 2791.23 1189.63 2792.30 1168.12 2794.43 1166.64 2778.07 1212.27 2770.88 1193.89 2781.44 1195.59 2789.21
8 273.14 9093.06 291.72 9096.10 293.30 9116.59 277.44 9120.78 253.99 9116.21 250.33 9136.24 236.22 9104.34 252.95 9081.37
15 1444.22 7336.10 1444.17 7340.32 1433.32 7339.61 1457.37 7367.89 1450.97 7369.53 1426.72 7363.19 1417.88 7359.84 1415.98 7366.24 1408.80 7344.45 1407.11 7340.62 1380.16 7350.56 1390.49 7327.22 1407.18 7324.71 1442.91 7322.68 1473.13 7320.17
6 13840.32 661.37 13771.85 700.62 13723.54 667.66 13705.49 584.52 13808.98 567.18 13822.22 589.06
9 12438.83 1118.87 12421.73 1077.16 12437.50 1050.77 12479.18 1043.35 12501.56 1064.71 12503.95 1069.46 12509.56 1091.16 12504.38 1104.24 12483.95 1122.99
15 13821.89 9609.17 13812.15 9611.37 13816.74 9616.77 13828.79 9635.39 13797.24 9639.00 13789.81 9644.09 13795.37 9626.52 13776.92 9637.57 13791.49 9615.99 13776.39 9611.59 13789.06 9592.47 13795.20 9595.48 13800.60 9583.22 13805.25 9565.50 13815.73 9582.28
6 13622.65 12758.16 13620.73 12770.56 13604.17 12766.10 13580.20 12741.21 13590.68 12737.79 13592.32 12742.40
13 12730.12 14813.82 12729.63 14805.78 12730.79 14796.01 12713.62 14782.71 12713.09 14782.20 12726.28 14766.12 12717.72 14756.42 12713.67 14743.86 12719.71 14733.70 12737.00 14692.96 12739.21 14737.14 12758.98 14743.57 12766.56 14746.52
10 10150.54 4523.96 10176.56 4461.20 10191.96 4449.06 10232.44 4452.34 10260.37 4491.92 10285.15 4535.27 10271.05 4563.31 10232.23 4579.26 10187.41 4561.55 10153.11 4538.88
10 15323.70 13015.38 15295.71 13052.54 15286.13 13051.35 15274.73 13047.79 15251.37 13037.84 15247.18 13021.04 15248.97 13005.12 15280.07 12972.25 15286.11 12972.29 15292.46 12975.64
9 14939.63 13054.43 14951.23 13006.14 14997.83 12988.84 15014.05 13002.55 15027.33 13054.97 15007.60 13076.82 14989.01 13094.05 14971.39 13083.94 14940.03 13062.09
8 7371.09 8008.24 7382.43 7955.88 7460.64 7912.19 7524.52 7951.88 7542.02 8032.58 7498.15 8082.82 7407.67 8076.60 7383.81 8056.05
11 4478.53 15105.33 4443.37 15095.05 4422.37 15063.06 4416.87 15027.53 4425.58 15008.05 4441.01 14989.47 4470.21 14980.23 4503.30 14984.25 4508.23 14992.88 4521.92 15029.99 4508.09 15076.53
8 1694.95 13770.38 1765.97 13781.10 1782.85 13862.86 1785.28 13914.43 1715.48 13946.31 1645.04 13894.54 1615.99 13857.66 1638.61 13803.46
11 11737.48 7359.99 11726.57 7360.22 11721.96 7342.53 11693.13 7367.18 11718.48 7334.49 11700.31 7346.75 11714.32 7333.35 11688.63 7330.22 11707.62 7307.89 11720.50 7309.67 11729.54 7306.88
10 1100.12 10983.55 1140.94 10979.98 1210.85 11025.68 1215.51 11064.71 1198.75 11117.49 1147.53 11136.79 1109.98 11139.91 1079.25 11091.55 1070.03 11071.85 1082.07 11012.97
8 13967.00 6765.01 13988.43 6724.06 14008.82 6720.06 14036.26 6726.56 14049.62 6765.07 14021.80 6803.97 13980.68 6804.33 13973.35 6796.35
5 14069.61 2025.37 14054.89 2026.26 14034.69 2060.62 14009.24 2007.15 14000.92 1999.52
14 10034.94 3911.35 10053.82 3930.80 10046.95 3963.19 10031.02 3946.49 10023.51 3960.96 10007.94 3964.95 9995.32 3936.46 9984.16 3932.17 9976.40 3921.22 9967.07 3906.33 10003.27 3895.54 10010.42 3886.63 10010.52 3874.42 10017.86 3865.91
6 1577.45 8740.81 1517.74 8774.70 1505.47 8697.45 1522.71 8695.74 1531.47 8698.48 1567.99 8709.27
10 7755.40 12547.30 7793.29 12566.81 7760.94 12578.11 7751.29 12576.89 7747.87 12579.77 7739.99 12618.98 7743.62 12527.88 7777.47 12493.31 7789.67 12501.22 7771.38 12519.18
11 2049.52 4568.03 2049.57 4502.76 2057.43 4493.99 2127.28 4464.44 2176.00 4478.31 2206.00 4541.91 2190.13 4588.29 2093.66 4605.20 2087.74 4603.96 2071.85 4595.43 2053.94 4578.85
8 12793.43 4160.52 12701.16 4100.78 12727.18 4044.36 12768.70 4037.46 12805.63 4040.90 12843.12 4088.61 12841.92 4121.50 12824.45 4152.41
14 12761.48 1473.72 12765.95 1482.77 12750.31 1525.26 12726.42 1480.10 12719.14 1502.99 12692.99 1472.39 12700.71 1468.78 12681.68 1467.26 12693.85 1430.98 12713.09 1426.32 12730.91 1387.75 12733.59 1436.55 12754.87 1427.44 12764.90 1423.19
8 6049.29 6054.72 6092.20 5972.47 6160.60 5970.17 6187.58 6018.21 6207.07 6054.24 6153.91 6098.63 6116.66 6103.65 6098.57 6093.27
9 1620.70 15138.82 1570.09 15141.45 1577.70 15133.17 1562.08 15128.59 1578.70 15093.69 1599.12 15108.48 1604.52 15102.60 1625.59 15112.94 1634.99 15119.78
5 2827.35 2422.09 2798.74 2421.21 2809.01 2344.84 2820.00 2374.88 2828.08 2358.50
15 11082.11 9059.04 11048.59 9046.67 11034.08 9077.60 11032.45 9075.52 11023.87 9054.01 11022.97 9054.66 10988.01 9061.29 10995.91 9028.95 10987.95 9019.45 11006.14 9002.08 11020.17 9006.10 11028.04 9024.17 11052.82 9008.13 11057.89 9002.33 11068.81 9014.65
11 10216.75 5613.45 10179.42 5605.58 10174.24 5568.99 10172.12 5511.77 10176.84 5507.56 10218.79 5475.42 10225.64 5470.18 10271.78 5496.22 10272.01 5559.88 10258.53 5595.20 10251.61 5606.52
11 11647.11 13415.16 11619.59 13435.43 11603.86 13447.53 11604.33 13426.97 11588.79 13397.45 11590.97 13389.75 11608.34 13385.95 11612.27 13369.10 11611.25 13398.16 11617.85 13378.28 11625.36 13409.40
14 3249.23 8091.06 3281.42 8093.30 3262.97 8109.62 3222.30 8123.13 3209.74 8113.21 3183.26 8172.66 3204.55 8108.58 3202.76 8107.22 3162.85 8137.00 3158.84 8112.92 3145.26 8118.01 3187.32 8073.05 3168.62 8044.66 3252.36 8073.94
9 4360.09 2124.87 4355.27 2094.19 4376.21 2079.49 4404.93 2073.85 4409.14 2100.74 4409.15 2108.92 4398.76 2137.03 4379.36 2142.01 4368.05 2136.46
9 12292.04 12802.80 12335.24 12732.48 12396.80 12725.20 12403.25 12728.15 12449.06 12772.46 12452.63 12842.85 12443.06 12886.66 12375.61 12912.56 12344.71 12896.01
8 3842.90 7948.42 3799.99 8002.10 3773.66 7987.64 3745.61 7967.08 3770.06 7845.30 3773.60 7844.29 3835.17 7856.51 3842.06 7898.33
15 7618.47 15443.15 7595.27 15462.83 7584.76 15497.76 7499.73 15458.83 7500.51 15451.31 7498.03 15440.44 7473.04 15417.32 7523.89 15367.73 7538.52 15378.36 7561.28 15384.78 7566.65 15389.60 7595.32 15351.80 7567.37 15402.72 7621.01 15388.43 7609.86 15410.25
9 13039.73 658.28 13015.17 681.32 12997.42 689.73 12968.44 679.53 12928.93 649.11 12913.17 632.14 12932.64 612.12 12945.55 604.77 12973.55 579.17
7 3384.10 289.12 3310.79 299.09 3263.37 288.88 3302.97 255.83 3316.68 227.59 3360.20 198.71 3372.49 207.58
7 10839.25 2236.49 10858.77 2183.51 10936.98 2183.21 10959.87 2204.06 10941.75 2236.62 10914.46 2280.07 10858.87 2275.53
10 8783.11 9372.80 8739.86 9324.06 8742.19 9285.71 8748.37 9268.10 8845.26 9249.37 8847.39 9250.23 8862.49 9264.55 8868.92 9281.31 8816.79 9362.08 8799.02 9375.70
6 8686.13 10994.67 8616.24 10959.77 8664.27 10914.03 8699.34 10865.95 8723.11 10885.86 8752.01 10892.17
13 6949.75 9177.24 6938.58 9203.20 6922.79 9214.57 6868.40 9220.97 6845.18 9217.84 6839.39 9211.80 6836.46 9195.21 6827.69 9162.77 6867.60 9164.28 6828.95 9142.57 6960.49 9139.35 6967.13 9136.48 6978.39 9148.70
7 2794.88 6701.77 2769.01 6802.18 2707.50 6781.85 2680.41 6757.85 2654.14 6687.98 2671.31 6655.71 2741.17 6663.57
5 3984.02 7210.02 3900.07 7107.73 3962.65 7131.11 3985.14 7063.01 4010.84 7097.61
7 11423.02 2759.95 11394.11 2762.10 11368.61 2755.24 11364.92 2751.07 11339.35 2731.93 11349.67 2723.41 11379.98 2664.81
10 7562.12 1199.53 7514.41 1187.02 7488.60 1173.22 7513.25 1182.19 7504.20 1167.42 7533.64 1154.34 7542.75 1149.61 7531.05 1174.72 7541.94 1183.24 7562.98 1186.50
8 10179.23 8856.17 10145.28 8839.60 10135.81 8864.05 10119.03 8826.02 10052.41 8772.20 10086.18 8774.33 10116.73 8778.55 10187.83 8757.59
15 10731.30 7226.09 10755.53 7244.03 10727.98 7237.59 10729.49 7246.47 10716.63 7261.86 10714.13 7237.92 10701.02 7263.31 10703.55 7236.45 10702.31 7230.45 10693.02 7202.01 10712.49 7205.98 10715.54 7191.67 10720.25 7212.87 10723.41 7209.62 10727.17 7217.99
7 13974.00 4908.44 13945.32 4939.17 13894.85 4928.39 13852.91 4898.58 13862.42 4838.94 13906.56 4811.84 13966.65 4856.87
10 10264.70 10284.94 10214.29 10235.91 10217.41 10219.10 10250.73 10164.59 10263.52 10146.24 10311.34 10136.81 10369.91 10146.59 10381.29 10202.44 10367.44 10261.80 10312.83 10303.01
5 9480.11 14244.86 9431.18 14187.93 9383.31 14206.50 9434.41 14145.11 9511.68 14133.73
9 2900.12 549.71 2920.68 534.12 2965.44 535.92 2965.54 547.39 2965.38 568.13 2963.19 575.86 2938.60 591.78 2921.53 601.15 2912.23 584.46
15 15170.96 2278.70 15146.33 2265.89 15111.96 2258.39 15120.26 2250.28 15123.88 2242.46 15118.07 2242.44 15138.23 2237.47 15129.31 2232.74 15135.09 2225.46 15130.01 2215.90 15133.73 2211.43 15141.79 2203.71 15146.82 2227.18 15154.23 2218.30 15175.78 2242.53
10 2848.49 2194.92 2832.50 2133.16 2832.95 2101.08 2848.96 2076.46 2899.16 2049.21 2937.24 2056.46 2948.18 2068.73 2956.53 2094.52 2923.50 2197.61 2882.64 2202.04
14 1966.38 11364.29 1942.68 11350.38 1935.33 11343.23 1932.52 11339.93 1933.92 11322.34 1938.58 11306.49 1951.21 11287.49 1956.75 11285.75 1967.02 11285.89 1977.37 11286.68 2005.97 11315.79 2006.02 11320.39 1997.57 11332.05 1978.92 11351.52
12 11826.65 6355.14 11822.91 6392.07 11769.76 6405.48 11725.63 6389.04 11762.12 6349.97 11718.50 6333.42 11758.42 6344.43 11755.19 6304.00 11797.15 6333.31 11794.86 6338.11 11811.07 6333.79 11798.16 6348.44
12 5795.60 7512.11 5809.46 7533.48 5781.02 7554.25 5737.12 7551.47 5706.20 7512.71 5712.02 7500.72 5724.37 7488.63 5750.84 7496.90 5735.36 7467.75 5745.17 7454.45 5761.09 7445.88 5800.37 7489.31
13 4921.22 4916.48 4897.43 4909.56 4894.77 4944.04 4863.31 4919.26 4845.15 4930.95 4838.02 4927.01 4864.40 4907.56 4865.36 4892.83 4860.70 4828.43 4868.33 4819.34 4901.47 4842.88 4940.74 4875.84 4900.60 4894.94
10 13829.39 7696.77 13877.66 7675.27 13926.69 7711.31 13933.95 7752.28 13902.62 7788.12 13876.79 7801.67 13822.90 7772.73 13814.39 7753.37 13814.51 7735.04 13816.99 7716.91
9 8936.12 14446.59 8903.46 14452.82 8886.52 14434.41 8927.75 14427.84 8930.10 14406.04 8940.83 14414.20 8946.09 14411.76 8958.03 14379.56 8958.63 14403.78
10 1303.79 2818.59 1286.95 2879.12 1283.29 2880.85 1250.05 2884.94 1235.26 2869.64 1223.40 2841.77 1220.42 2807.11 1254.74 2801.16 1287.19 2796.40 1293.05 2801.52
8 11160.11 14636.15 11138.28 14608.24 11101.40 14593.61 11103.07 14580.23 11128.40 14579.26 11145.29 14570.65 11169.52 14524.99 11168.66 14580.77
9 8482.20 8193.98 8436.59 8206.12 8431.72 8220.75 8408.75 8194.28 8390.85 8151.60 8425.32 8172.53 8421.60 8150.27 8431.77 8162.07 8428.70 8133.97
8 12772.14 12758.79 12734.14 12800.17 12713.20 12789.06 12699.49 12765.26 12696.42 12737.25 12697.24 12733.42 12718.55 12718.84 12750.42 12719.46
8 14437.51 3528.61 14457.64 3512.87 14503.92 3490.48 14524.28 3540.29 14530.33 3562.25 14477.69 3595.82 14462.54 3592.93 14443.30 3555.93
8 15417.33 1024.58 15422.42 1061.82 15400.92 1031.23 15375.54 1051.50 15354.72 1021.34 15380.85 1020.50 15392.60 1012.09 15406.01 1006.74
5 3430.61 1613.82 3403.87 1643.30 3359.59 1596.19 3402.64 1603.78 3450.50 1581.90
8 14920.77 854.49 14946.08 800.71 15024.50 838.44 15020.08 865.57 15001.18 907.65 14960.57 914.37 14943.01 912.42 14927.84 873.48
7 6435.31 2531.49 6520.20 2473.19 6543.50 2513.65 6544.36 2570.09 6521.82 2577.68 6501.53 2578.38 6469.48 2565.87
6 10867.14 11737.01 10789.23 11645.48 10830.30 11610.24 10853.30 11597.62 10914.89 11659.54 10932.50 11679.70
9 5627.87 2028.17 5689.27 2053.11 5682.73 2137.71 5679.89 2142.01 5607.57 2171.86 5593.48 2159.73 5566.22 2134.21 5557.90 2108.28 5568.49 2081.08
10 13913.33 10482.90 13903.91 10452.70 13924.15 10412.69 13958.02 10402.41 14007.39 10429.93 14012.60 10443.50 13994.11 10477.02 13983.67 10491.88 13964.10 10499.69 13950.64 10501.91
9 5701.78 14708.37 5686.93 14747.78 5667.73 14726.42 5654.78 14718.82 5626.99 14704.99 5623.27 14686.10 5643.94 14655.27 5657.02 14669.17 5696.33 14692.75
6 12688.27 12282.11 12711.58 12296.18 12631.37 12315.79 12629.58 12258.84 12627.64 12232.70 12636.06 12224.10
11 2510.26 15415.15 2510.30 15461.56 2499.53 15447.00 2490.99 15426.07 2482.36 15446.79 2470.30 15399.23 2429.35 15384.34 2500.48 15380.95 2524.21 15356.86 2538.88 15351.03 2561.47 15366.75
8 10581.87 13130.42 10580.15 13134.10 10565.83 13120.94 10538.94 13139.66 10534.71 13091.12 10535.72 13085.50 10536.07 13085.15 10580.42 13083.24
8 2098.76 6363.98 2089.31 6383.02 2075.83 6352.32 2048.13 6387.95 2068.65 6273.11 2092.45 6313.28 2095.32 6317.73 2117.55 6309.12
14 13360.57 9180.91 13337.70 9213.03 13320.10 9208.74 13299.59 9192.13 13296.31 9186.55 13267.27 9184.20 13252.04 9180.59 13259.17 9175.56 13305.62 9149.78 13307.57 9142.47 13307.65 9138.59 13329.15 9121.18 13335.72 9108.86 13335.26 9147.89
11 6537.84 8962.62 6534.35 8920.27 6559.61 8879.26 6567.35 8873.22 6583.64 8870.81 6613.19 8877.39 6623.71 8885.93 6657.76 8924.48 6643.39 8961.56 6565.31 8986.52 6551.18 8976.60
7 14033.77 10583.64 13991.20 10524.55 14070.22 10480.50 14089.88 10483.69 14086.94 10503.64 14082.52 10532.00 14061.75 10577.11
11 4958.08 7006.20 4991.24 6958.84 5060.41 6963.66 5074.81 7006.51 5076.17 7017.74 5078.30 7035.80 5076.70 7053.17 5066.15 7065.44 5026.92 7071.03 4996.50 7057.62 4962.95 7020.21
9 986.00 5635.62 977.22 5625.74 941.71 5652.05 940.45 5638.81 968.94 5606.81 967.23 5581.11 987.06 5602.69 1013.56 5604.14 1003.24 5612.75
13 14352.44 10578.06 14297.75 10598.12 14292.31 10615.39 14291.26 10607.43 14287.78 10595.55 14243.07 10575.34 14278.31 10569.50 14255.58 10562.54 14304.27 10529.78 14314.49 10513.59 14311.68 10528.45 14324.64 10535.97 14354.85 10547.55
10 8074.85 5863.04 8089.88 5902.29 8087.48 5941.61 8058.32 5960.89 8030.99 5967.13 7990.62 5940.03 7993.92 5920.08 8005.76 5869.34 8025.94 5852.33 8045.61 5845.73
8 10251.54 6479.74 10322.58 6411.94 10355.35 6428.68 10393.33 6477.86 10399.58 6553.41 10386.36 6573.21 10345.24 6589.52 10311.78 6579.22
13 2119.19 14033.94 2131.49 14058.36 2074.40 14070.11 2078.47 14041.64 2064.52 14030.67 2062.86 14015.69 2051.67 14001.67 2050.61 13999.08 2062.72 13993.74 2070.95 14001.38 2083.47 14020.21 2099.13 13996.75 2107.63 14027.97
6 3256.14 8768.59 3227.53 8740.18 3186.45 8762.84 3171.11 8696.82 3203.03 8665.49 3246.31 8699.81
11 9481.08 2859.29 9466.98 2814.80 9485.49 2758.44 9523.97 2734.54 9564.34 2730.22 9627.04 2766.11 9614.67 2836.57 9610.98 2843.98 9590.91 2864.61 9557.08 2876.41 9504.48 2880.80
8 12713.99 12861.61 12745.17 12904.79 12742.74 12942.97 12655.47 12981.94 12630.95 12961.37 12628.71 12878.44 12640.79 12872.35 12666.83 12861.71
15 7544.38 10007.34 7537.62 10005.68 7522.30 10029.71 7511.68 10039.73 7510.44 10016.19 7491.07 10033.55 7510.75 10011.32 7506.90 10013.95 7492.35 10010.04 7511.05 10002.02 7504.92 10002.89 7519.73 9959.85 7519.91 9954.66 7533.49 9988.82 7550.77 9978.02
7 9308.07 2051.04 9297.44 2064.60 9270.53 2072.57 9253.35 2045.71 9247.15 2044.07 9234.80 2043.27 9242.39 2011.17
7 8871.42 10951.49 8943.30 10866.75 9063.19 10952.54 9026.09 11020.82 8955.08 11024.53 8913.23 11008.71 8879.39 10975.78
12 4338.04 11452.14 4319.64 11443.48 4312.71 11452.04 4300.51 11441.77 4279.04 11434.56 4265.78 11425.06 4308.84 11419.07 4310.18 11405.45 4314.01 11403.89 4316.19 11408.11 4321.82 11395.32 4344.28 11424.88
13 3516.70 12405.24 3498.87 12392.90 3492.78 12382.72 3489.63 12369.51 3489.49 12368.64 3501.50 12346.10 3533.65 12332.70 3546.35 12331.36 3566.73 12341.44 3568.56 12361.83 3566.02 12382.00 3563.23 12386.30 3545.62 12405.16
13 1137.20 11459.28 1085.67 11450.16 1065.18 11411.65 1061.89 11394.10 1077.38 11369.70 1090.19 11353.67 1139.75 11365.53 1166.88 11372.66 1175.73 11377.64 1186.72 11402.04 1170.82 11429.38 1160.51 11442.26 1155.95 11446.31
15 13676.22 4091.95 13688.26 4100.37 13702.00 4107.16 13657.36 4146.49 13627.31 4100.16 13601.30 4083.51 13640.98 4072.19 13634.77 4062.01 13628.12 4054.75 13664.70 4037.91 13666.54 4060.17 13682.81 4032.78 13684.88 4073.83 13687.73 4073.21 13675.73 4080.98
13 4564.50 7496.31 4536.45 7507.25 4512.29 7498.64 4500.65 7465.56 4519.85 7447.49 4525.08 7436.95 4522.01 7429.37 4535.78 7426.90 4533.70 7388.33 4546.85 7423.93 4548.85 7431.56 4555.22 7400.70 4562.80 7436.08
10 14085.72 12600.48 14127.69 12541.20 14179.65 12515.27 14211.12 12528.07 14259.02 12557.72 14269.14 12616.43 14256.73 12642.42 14192.22 12680.79 14174.70 12677.61 14092.04 12633.14
8 6544.24 11874.33 6560.36 11792.52 6588.07 11782.05 6619.13 11807.25 6646.11 11853.38 6633.67 11884.64 6627.55 11899.62 6569.51 11901.91
5 7550.94 12927.00 7551.12 12942.21 7501.22 12913.03 7480.94 12927.39 7461.66 12841.39
6 10244.59 5206.79 10247.69 5290.26 10156.47 5321.56 10129.01 5308.24 10143.31 5234.84 10201.00 5189.25
8 7812.94 7943.76 7720.65 7940.70 7723.10 7911.56 7730.73 7827.82 7748.60 7810.30 7797.04 7833.55 7808.15 7844.52 7824.32 7896.10
9 8039.83 8707.71 8023.05 8717.59 7996.94 8707.66 7995.70 8750.22 7979.50 8648.75 7989.15 8673.28 8003.46 8666.57 8037.19 8660.37 8047.42 8677.18
10 7361.96 10568.73 7356.11 10551.06 7356.61 10543.19 7364.56 10509.41 7438.68 10503.99 7453.77 10535.89 7454.96 10541.13 7444.37 10564.88 7428.94 10584.20 7391.40 10587.60
6 6324.84 13305.78 6348.94 13342.99 6332.19 13367.51 6297.85 13371.37 6282.84 13351.64 6289.35 13331.49
8 624.41 12728.44 628.91 12737.71 600.56 12767.79 573.64 12731.02 575.99 12711.77 584.09 12707.44 613.48 12707.17 612.44 12709.86
8 6797.23 5236.41 6836.86 5310.64 6826.54 5342.09 6817.36 5366.30 6775.10 5383.35 6748.41 5376.96 6702.81 5268.50 6716.79 5239.60
7 468.19 15021.57 439.48 14990.60 471.45 14957.93 478.95 14959.80 515.91 14975.29 515.36 15004.00 497.93 15016.18
8 2905.88 10677.71 2982.82 10609.55 3032.55 10619.68 3039.82 10713.10 3031.89 10739.27 3018.40 10742.45 2972.35 10737.34 2909.15 10686.69
15 12409.60 4117.05 12427.20 4124.47 12379.56 4130.10 12350.64 4166.98 12352.01 4159.17 12362.48 4142.37 12334.20 4139.54 12366.15 4106.14 12359.19 4096.59 12376.41 4057.01 12403.71 4078.03 12410.33 4072.02 12415.59 4087.31 12438.00 4100.84 12413.67 4109.64
9 3094.74 2168.46 3121.55 2115.95 3139.03 2107.81 3171.20 2109.41 3193.90 2130.22 3197.07 2148.11 3152.73 2193.66 3140.51 2199.83 3135.45 2200.41
10 733.35 14110.82 711.83 14115.58 701.94 14118.55 704.63 14126.67 668.83 14138.32 659.43 14122.29 650.15 14101.05 680.03 14107.35 693.53 14098.66 722.50 14074.68
9 3697.64 5332.57 3708.24 5269.19 3736.14 5242.38 3777.82 5269.29 3810.88 5292.95 3804.98 5322.04 3746.12 5356.42 3729.87 5361.36 3704.31 5357.36
8 14699.04 11558.17 14725.16 11632.03 14720.51 11644.30 14672.42 11682.95 14634.33 11656.80 14628.46 11645.10 14627.30 11579.46 14666.93 11556.96
10 14656.62 13099.31 14679.42 13087.57 14754.29 13092.48 14776.21 13117.26 14814.55 13190.30 14740.29 13228.08 14690.52 13246.50 14661.30 13223.54 14643.13 13179.42 14652.12 13119.93
15 8045.22 8626.61 7992.41 8652.53 8007.43 8632.14 7965.15 8634.43 7967.93 8618.11 7998.11 8619.43 8003.79 8614.58 7993.24 8605.09 8010.00 8583.70 8033.73 8610.50 8029.10 8617.40 8045.99 8608.25 8067.38 8599.84 8047.91 8610.59 8052.16 8616.54
10 8369.33 4598.98 8332.35 4634.46 8306.00 4611.34 8288.70 4643.42 8274.46 4627.83 8275.70 4596.08 8272.49 4574.54 8253.74 4562.99 8280.10 4561.95 8375.22 4566.02
9 7754.51 5494.30 7782.31 5461.01 7824.17 5465.70 7837.95 5500.65 7832.03 5517.58 7810.25 5541.03 7765.45 5538.94 7753.66 5530.83 7753.71 5509.89
10 7142.38 10537.76 7165.74 10567.94 7110.85 10588.02 7073.15 10604.85 7054.88 10550.46 7016.58 10533.14 7088.41 10501.19 7121.07 10515.84 7120.68 10518.35 7143.77 10512.42
14 6774.42 12598.11 6756.72 12619.41 6718.89 12600.84 6731.12 12616.23 6711.40 12620.22 6644.64 12640.96 6650.14 12569.65 6690.85 12561.98 6705.59 12551.66 6725.94 12530.32 6740.55 12547.34 6756.58 12533.33 6766.76 12573.59 6766.58 12579.59
5 5099.44 10512.78 5038.71 10385.93 5081.54 10372.05 5148.90 10399.29 5128.17 10489.72
9 2604.69 672.65 2612.78 667.12 2636.04 670.16 2672.59 692.24 2667.90 726.95 2657.91 737.33 2621.83 748.23 2590.23 721.91 2600.85 682.35
11 12948.65 2427.18 12976.25 2383.57 13054.65 2384.65 13067.92 2397.18 13089.03 2429.07 13077.76 2457.41 13036.61 2497.29 12990.05 2486.83 12966.28 2472.54 12959.05 2467.43 12950.18 2447.67
10 1502.28 11915.91 1455.70 11852.83 1456.07 11841.81 1470.62 11820.78 1529.50 11793.00 1571.89 11806.51 1574.80 11811.34 1561.20 11882.53 1548.06 11924.51 1522.99 11940.24
7 10416.88 6181.45 10421.98 6191.35 10369.88 6179.28 10374.44 6153.77 10414.44 6123.18 10429.04 6140.62 10435.05 6159.48
13 14917.28 2465.48 14902.79 2464.62 14876.65 2485.06 14843.61 2460.67 14821.44 2427.99 14864.80 2434.05 14843.81 2402.31 14836.83 2381.65 14886.11 2401.53 14881.98 2425.44 14902.00 2395.57 14897.38 2443.17 14925.26 2439.84
10 5925.87 12660.55 5948.49 12730.39 5942.81 12737.60 5908.94 12778.19 5864.19 12775.60 5830.68 12723.07 5828.44 12684.79 5834.92 12674.01 5870.46 12667.05 5903.76 12661.90
10 1010.29 10723.66 1001.17 10766.08 971.47 10768.66 957.09 10761.60 935.66 10740.37 932.88 10723.83 933.44 10711.44 943.71 10704.18 984.00 10703.54 989.52 10704.18
8 3705.59 10080.31 3703.60 10133.39 3666.85 10108.80 3662.70 10082.37 3609.61 10017.46 3668.09 9996.73 3666.47 9994.22 3721.25 9995.17
8 13188.08 3763.67 13195.13 3842.11 13134.32 3843.74 13113.90 3830.01 13103.14 3813.05 13103.12 3801.01 13118.56 3782.42 13168.59 3765.15
11 5158.98 3482.70 5106.79 3460.91 5117.45 3427.37 5101.99 3417.86 5134.28 3433.02 5126.18 3416.55 5127.85 3418.60 5132.16 3418.11 5154.95 3403.28 5205.98 3400.09 5162.49 3431.86
7 9319.13 2912.89 9307.86 2867.33 9335.92 2855.72 9370.76 2860.90 9392.96 2877.81 9388.57 2885.22 9346.57 2918.72
12 10748.54 10763.71 10810.18 10757.38 10834.14 10766.56 10859.29 10840.45 10854.23 10856.15 10830.74 10876.34 10812.18 10890.13 10786.05 10883.74 10778.50 10881.33 10714.36 10821.49 10714.56 10807.95 10722.25 10787.16
13 5228.50 530.56 5238.18 545.02 5188.16 554.37 5149.26 591.36 5160.04 538.46 5095.82 548.48 5100.69 529.70 5139.96 522.45 5135.74 509.40 5130.69 490.88 5155.22 502.67 5201.29 456.96 5207.77 474.24
7 7777.61 1665.24 7773.76 1661.25 7756.46 1689.10 7743.38 1682.98 7732.13 1649.81 7744.48 1621.49 7768.09 1621.55
15 4682.99 1899.93 4666.48 1900.41 4645.81 1901.44 4643.64 1945.46 4594.13 1957.99 4543.96 1869.28 4590.72 1881.70 4568.53 1854.30 4577.08 1810.54 4604.75 1854.20 4608.40 1862.17 4632.21 1818.69 4640.01 1845.95 4673.79 1840.95 4650.57 1870.33
6 4589.99 11485.96 4571.25 11448.15 4577.24 11416.29 4619.66 11417.18 4643.45 11443.73 4633.17 11468.96
9 8101.41 9630.68 8104.29 9578.59 8109.64 9570.37 8136.65 9541.74 8194.31 9582.12 8213.23 9603.59 8201.87 9637.56 8133.64 9657.73 8117.30 9651.85
9 9177.25 2420.56 9211.83 2496.60 9205.75 2543.73 9186.86 2566.16 9108.27 2576.51 9079.53 2528.00 9065.81 2442.47 9102.18 2413.66 9167.75 2417.39
9 14075.84 6098.28 14069.56 6104.34 14025.30 6100.16 14005.83 6097.84 13963.54 6085.38 13993.78 6081.64 14008.31 6066.95 13989.18 6048.22 14018.14 6051.42
9 9038.24 1681.97 9029.33 1634.02 9049.59 1554.24 9068.88 1538.73 9110.75 1534.12 9129.11 1542.95 9178.91 1571.72 9177.39 1652.70 9113.88 1698.97
8 8219.05 9780.66 8221.78 9789.27 8196.28 9787.97 8167.21 9762.45 8161.81 9754.31 8218.20 9738.23 8221.07 9742.93 8223.01 9768.69
9 12943.84 1533.00 12955.38 1510.26 12993.47 1500.42 13028.78 1507.81 13038.65 1566.20 13017.71 1597.55 13006.17 1599.42 12981.46 1592.34 12958.39 1564.83
9 6002.34 11759.17 6017.51 11773.76 5999.33 11780.87 5956.03 11791.63 5963.75 11741.27 5965.27 11729.92 5966.90 11728.50 6004.82 11727.89 6044.08 11741.52
11 6374.01 2460.32 6358.58 2447.67 6347.75 2435.14 6343.43 2414.13 6325.70 2404.14 6311.64 2397.45 6334.18 2387.25 6350.78 2396.86 6349.59 2357.01 6357.54 2364.46 6396.53 2407.49
9 7705.92 8650.97 7708.41 8503.62 7711.09 8501.94 7751.13 8498.31 7780.29 8503.66 7800.81 8548.35 7804.38 8628.68 7751.51 8652.17 7741.49 8656.24
12 12280.73 4593.18 12282.50 4632.98 12252.09 4618.13 12256.32 4635.51 12214.84 4630.56 12158.75 4618.70 12161.43 4539.39 12235.83 4530.94 12237.05 4563.83 12269.74 4535.38 12275.95 4564.22 12240.08 4578.32
9 6011.44 14520.05 6009.78 14508.04 6021.44 14476.00 6036.22 14463.61 6074.28 14464.53 6106.95 14469.56 6117.43 14507.84 6108.25 14532.66 6069.55 14552.80
11 13291.70 12222.44 13340.16 12240.14 13286.29 12299.64 13208.11 12227.20 13190.48 12221.48 13251.98 12198.08 13267.52 12132.32 13318.78 12172.09 13331.78 12170.17 13285.33 12201.33 13300.54 12198.46
8 14946.12 9742.70 14963.43 9798.19 14932.01 9821.97 14876.22 9821.24 14846.52 9816.97 14848.73 9771.61 14848.96 9768.83 14900.34 9722.90
7 10474.98 12737.35 10471.09 12757.51 10444.50 12770.98 10421.64 12773.86 10420.68 12770.27 10419.48 12709.23 10451.89 12709.72
9 6638.82 14987.73 6642.59 14964.59 6691.41 14953.34 6718.73 14963.94 6702.71 15006.80 6696.98 15020.23 6666.60 15019.98 6651.05 15009.27 6648.37 15006.06
6 8319.43 5978.32 8239.75 5959.21 8196.59 5969.64 8288.99 5899.47 8295.62 5914.61 8294.37 5944.71
6 14506.30 5064.04 14535.72 5093.43 14507.10 5120.48 14463.91 5125.36 14427.43 5021.40 14536.26 4998.04
15 9638.37 7277.44 9627.28 7283.46 9641.11 7288.19 9613.47 7287.38 9629.15 7319.58 9562.21 7298.52 9549.98 7304.57 9544.09 7288.06 9543.05 7275.59 9557.68 7252.28 9587.40 7264.07 9600.06 7229.09 9599.49 7249.72 9607.76 7226.68 9608.53 7257.08
6 8312.04 11278.08 8242.17 11295.08 8229.48 11293.74 8267.68 11269.82 8261.95 11172.19 8306.17 11255.21
7 2755.55 13211.64 2808.30 13240.15 2812.63 13259.76 2824.05 13320.80 2768.89 13335.97 2714.25 13297.54 2719.93 13252.20
12 6227.53 8491.82 6185.26 8503.55 6201.94 8530.87 6203.29 8564.95 6145.69 8549.75 6138.70 8484.41 6141.72 8479.39 6153.86 8462.16 6141.75 8410.70 6176.92 8394.69 6233.98 8459.69 6250.90 8463.24
7 14011.84 4949.21 14041.15 4824.97 14076.55 4832.92 14085.00 4862.63 14094.22 4911.46 14071.53 4934.14 14060.60 4943.09
6 3711.06 7033.39 3664.10 7042.23 3649.74 7040.26 3627.83 7008.03 3627.14 6983.24 3648.03 6935.65
11 7114.43 1474.20 7115.65 1500.25 7074.69 1533.43 7054.41 1539.28 7033.19 1537.74 7012.31 1509.58 7012.37 1483.52 7028.24 1454.43 7051.27 1442.70 7066.77 1435.93 7089.17 1453.24
12 6993.37 668.91 6948.93 674.84 6940.73 657.56 6930.33 695.89 6926.01 689.03 6916.51 688.34 6908.33 690.94 6923.34 654.10 6902.28 671.24 6928.75 624.35 6972.61 596.32 6975.16 633.73
14 2246.82 9528.70 2232.76 9558.78 2211.69 9547.86 2181.60 9547.00 2174.20 9543.73 2169.54 9542.94 2164.13 9511.89 2164.40 9501.70 2201.49 9497.92 2194.64 9467.56 2203.23 9482.87 2213.12 9500.40 2209.55 9476.31 2227.22 9511.59
15 7808.47 11999.10 7791.41 12069.18 7788.71 12061.36 7771.25 12066.27 7766.79 12080.63 7767.83 12060.13 7775.80 12014.01 7722.90 12033.06 7721.04 12009.75 7703.06 11973.04 7704.66 11960.47 7780.33 11978.09 7787.36 11958.16 7799.24 11953.21 7799.85 11988.33
10 2226.00 4004.07 2203.16 4074.98 2160.57 4081.07 2124.84 4083.31 2116.53 4082.51 2074.10 4053.02 2087.87 3984.31 2146.99 3925.29 2163.28 3920.68 2201.38 3938.52
8 8297.48 15495.50 8262.65 15447.87 8280.08 15427.73 8323.11 15416.38 8351.25 15417.02 8362.21 15426.91 8351.73 15481.63 8334.68 15492.56
14 5300.31 6625.74 5315.69 6661.95 5289.22 6655.00 5278.59 6645.57 5279.22 6669.77 5242.18 6660.39 5251.43 6646.27 5231.08 6654.18 5223.93 6578.49 5253.67 6602.98 5279.47 6554.21 5282.96 6608.97 5306.23 6587.34 5307.85 6613.90
6 6693.36 10833.62 6781.12 10763.38 6820.32 10785.71 6859.06 10863.79 6784.35 10916.95 6727.51 10887.87
9 15264.27 10053.42 15216.51 10016.78 15221.44 9975.15 15252.61 9934.02 15296.89 9929.74 15326.10 9951.53 15327.89 9996.23 15323.72 10011.60 15291.22 10047.80
11 223.11 14508.43 218.95 14506.10 192.81 14459.16 170.23 14416.95 181.71 14407.19 198.37 14394.25 243.65 14374.55 260.61 14384.60 272.54 14393.17 315.14 14461.85 265.58 14498.16
13 6301.49 10597.65 6293.18 10619.40 6289.72 10594.26 6287.45 10577.57 6267.97 10562.30 6286.62 10571.18 6269.65 10558.50 6287.88 10570.36 6297.04 10562.78 6304.72 10559.21 6305.04 10571.84 6318.87 10556.73 6309.90 10575.17
12 6282.38 8882.93 6318.93 8853.43 6327.72 8855.80 6350.34 8867.45 6382.94 8892.69 6395.14 8946.07 6379.71 8959.67 6336.06 8988.39 6288.70 8962.07 6274.79 8952.63 6273.01 8936.02 6274.59 8908.30
7 2658.22 992.07 2659.04 994.59 2623.91 1005.70 2611.18 1000.76 2626.43 949.75 2647.28 961.34 2666.27 975.99
8 15119.66 15050.84 15139.85 15141.37 15117.66 15184.34 15054.08 15201.44 15026.04 15164.98 15020.46 15113.43 15035.80 15079.87 15058.44 15044.67
9 3356.11 9944.33 3329.25 9887.26 3345.97 9855.02 3375.48 9843.47 3409.14 9861.44 3426.30 9887.09 3432.10 9898.42 3420.35 9924.07 3398.41 9943.32
10 10810.89 10083.25 10758.26 10046.14 10743.80 10027.69 10729.63 10007.91 10737.58 9963.11 10820.02 9940.00 10856.37 9973.00 10865.38 9991.75 10871.32 10006.50 10830.24 10061.18
13 8993.83 11517.56 8993.23 11522.64 8976.15 11556.35 8964.45 11571.00 8912.92 11510.74 8856.95 11463.17 8924.25 11476.92 8870.95 11432.06 8891.05 11445.99 8962.57 11438.55 9003.24 11452.36 9003.82 11456.03 8961.72 11481.22
8 1934.56 8568.26 1857.57 8557.74 1835.54 8545.70 1814.28 8528.20 1855.56 8530.64 1879.54 8537.26 1927.55 8513.48 1921.02 8532.56
9 11037.51 387.57 11053.13 403.71 11020.33 395.98 11016.02 399.64 11013.90 400.23 11016.75 378.93 11034.77 370.84 11046.27 377.48 11047.99 377.32
8 5470.08 3300.44 5428.36 3301.91 5380.30 3297.68 5402.01 3289.24 5400.16 3282.49 5382.96 3259.59 5401.38 3274.30 5410.80 3273.73
5 6749.64 480.01 6704.13 469.80 6656.88 454.17 6691.60 407.62 6692.05 389.06
8 9138.60 395.05 9194.76 454.65 9194.18 486.19 9193.22 503.09 9124.85 529.69 9096.68 525.27 9071.45 473.82 9077.41 444.43
11 7193.72 3218.95 7265.38 3175.09 7305.69 3181.83 7330.97 3197.88 7322.97 3229.59 7316.41 3247.13 7302.72 3276.10 7270.41 3303.90 7228.62 3301.51 7223.79 3299.83 7194.13 3262.65
12 13418.96 10904.66 13434.01 10955.81 13362.90 10946.08 13356.88 10905.20 13337.80 10900.83 13336.17 10860.63 13355.82 10839.31 13370.56 10859.34 13386.07 10867.59 13416.39 10818.66 13457.66 10883.08 13432.81 10888.33
10 1371.26 2814.82 1413.01 2863.09 1397.62 2903.84 1391.06 2910.70 1375.94 2912.04 1368.42 2911.95 1324.85 2867.77 1324.69 2862.50 1348.68 2830.37 1362.34 2819.82
7 7065.47 13031.95 7024.89 13140.51 6937.55 13121.37 6914.66 13109.72 6923.75 13037.43 6960.63 12988.24 7011.31 12976.78
15 14355.56 10723.83 14340.30 10721.88 14322.26 10709.02 14321.94 10711.24 14320.39 10713.87 14320.50 10723.25 14308.53 10716.91 14279.37 10732.11 14272.45 10714.21 14295.17 10703.75 14303.54 10684.18 14321.28 10681.88 14337.29 10668.01 14328.59 10692.32 14333.16 10691.30
12 14610.96 4078.14 14628.13 4038.31 14704.31 4029.07 14720.28 4027.81 14732.07 4043.58 14752.40 4109.03 14741.02 4129.30 14736.41 4135.05 14721.05 4138.30 14682.71 4143.79 14634.93 4130.08 14612.02 4096.46
7 7520.72 6885.26 7510.65 6943.68 7460.56 6919.81 7456.96 6916.61 7449.05 6906.07 7454.41 6882.79 7480.44 6872.55
15 1340.32 398.76 1287.52 388.81 1328.19 414.56 1298.23 406.80 1306.17 422.04 1287.79 446.89 1236.84 442.26 1222.87 407.24 1214.85 415.02 1172.47 393.77 1180.51 315.33 1272.92 358.05 1318.44 320.14 1288.60 346.57 1311.88 354.57
11 14817.41 6714.46 14821.36 6668.81 14841.74 6661.55 14892.74 6656.66 14900.46 6670.16 14899.61 6687.95 14890.28 6726.50 14884.07 6739.06 14860.65 6750.60 14853.15 6746.95 14849.17 6744.74
11 4113.19 9103.83 4106.81 9110.27 4032.04 9169.30 4013.12 9164.45 3979.77 9150.32 3969.73 9132.29 3942.44 9054.63 3977.58 9009.26 3983.89 9007.29 4021.89 8998.52 4067.28 9028.29
12 624.87 11479.52 623.56 11438.37 643.59 11404.11 648.68 11401.88 677.32 11394.80 711.11 11400.85 732.94 11428.33 722.03 11468.80 714.87 11490.52 700.18 11512.08 675.63 11515.58 637.98 11498.58
7 13988.85 3641.70 13996.43 3652.74 13962.08 3678.96 13919.14 3635.55 13896.44 3628.76 13934.10 3605.31 13995.43 3627.46
10 13102.06 2714.48 13077.47 2678.29 13086.05 2651.07 13113.35 2623.23 13129.88 2620.91 13148.74 2626.52 13152.89 2628.52 13159.94 2647.32 13163.85 2711.71 13131.04 2713.39
11 10868.74 8780.84 10839.29 8721.25 10857.36 8683.18 10895.24 8659.96 10945.28 8660.41 10978.31 8714.50 10977.82 8738.76 10971.05 8771.02 10948.66 8792.50 10921.82 8798.94 10901.06 8799.45
8 4360.52 2920.45 4283.13 2935.38 4260.44 2918.70 4245.39 2892.31 4259.81 2862.47 4298.55 2812.07 4308.59 2805.03 4345.97 2830.10
11 7041.64 11599.75 7035.59 11620.11 7013.34 11605.38 7001.83 11600.91 6968.55 11602.28 6987.51 11586.78 6974.00 11580.73 6976.92 11572.74 7005.07 11556.10 7011.35 11556.33 7018.01 11575.15
8 1486.31 12605.45 1435.59 12651.83 1413.56 12646.93 1389.11 12620.31 1378.42 12593.88 1381.70 12569.96 1450.36 12543.31 1483.14 12565.57
5 14005.78 206.93 13980.50 194.92 13942.64 186.05 13956.64 153.75 14009.66 139.78
6 5770.84 6542.20 5758.44 6543.06 5741.78 6482.73 5809.00 6454.30 5812.38 6463.33 5817.25 6490.00
10 3657.29 634.57 3605.48 718.13 3565.80 720.54 3542.38 718.72 3510.85 674.30 3512.39 640.48 3546.74 590.59 3580.59 581.27 3632.92 613.50 3645.77 622.77
15 13029.93 3042.26 13025.00 3080.02 12977.98 3057.45 12969.07 3021.55 12935.21 3069.66 12949.25 3033.72 12934.21 2998.25 12889.58 2982.71 12951.26 2974.26 12911.66 2946.92 12945.85 2945.67 12969.69 2960.70 12981.16 2953.55 12998.83 2954.06 13007.88 2983.86
12 5430.83 969.40 5485.40 999.98 5419.10 1053.72 5403.75 1060.02 5395.64 1010.57 5394.11 999.01 5342.72 978.92 5319.17 964.63 5323.39 923.30 5387.37 942.94 5373.87 893.85 5424.38 937.51
5 2927.06 3773.76 2924.45 3837.33 2888.48 3822.04 2884.76 3777.56 2884.59 3693.56
10 6024.83 11703.24 6015.51 11709.81 6002.70 11682.47 5952.78 11642.05 5983.98 11646.28 5999.89 11649.15 5995.05 11641.52 6032.80 11639.22 6044.90 11597.37 6051.97 11665.28
9 8853.00 1164.82 8923.92 1230.11 8921.63 1246.26 8907.50 1299.38 8834.13 1302.07 8772.31 1277.83 8759.37 1268.63 8763.74 1231.29 8829.86 1174.10
9 6766.20 2567.85 6790.31 2526.14 6826.74 2518.28 6873.39 2539.97 6883.37 2547.73 6892.64 2616.79 6847.00 2640.77 6821.11 2643.24 6783.34 2595.31
13 10459.80 14494.68 10480.23 14496.20 10487.28 14506.31 10459.47 14502.88 10447.13 14516.62 10445.86 14526.42 10424.73 14503.91 10427.61 14494.00 10419.51 14466.29 10435.45 14464.31 10483.69 14471.91 10455.39 14489.76 10489.44 14490.00
10 13159.49 4245.59 13146.48 4157.35 13184.35 4131.00 13265.84 4147.22 13274.82 4168.57 13289.40 4208.43 13267.69 4247.48 13213.70 4272.48 13202.18 4274.49 13194.83 4274.59
7 3904.88 6760.02 3821.06 6788.86 3820.34 6756.73 3771.46 6740.52 3798.48 6677.95 3833.75 6677.94 3863.92 6681.09
11 10756.20 1331.83 10777.31 1300.24 10821.68 1250.36 10906.36 1286.47 10913.79 1299.46 10922.43 1338.79 10873.01 1403.15 10839.76 1409.85 10811.29 1391.42 10774.55 1362.76 10758.57 1346.74
7 3709.15 7183.98 3683.96 7261.51 3630.36 7244.22 3583.59 7224.83 3575.73 7151.87 3635.77 7101.75 3696.85 7119.43
9 4014.37 8031.77 3990.92 8016.08 3997.89 8047.66 3961.30 7993.50 3929.31 8002.57 3958.44 7987.08 3956.73 7971.68 3943.65 7940.17 4040.35 7950.29
11 8831.05 6640.18 8790.42 6636.56 8779.93 6642.84 8776.12 6706.15 8750.99 6710.60 8749.80 6708.96 8743.82 6681.10 8752.17 6637.45 8749.93 6607.86 8713.82 6553.19 8779.26 6551.54
10 8810.15 2845.55 8808.48 2795.71 8833.56 2772.37 8850.69 2761.37 8898.43 2776.12 8916.82 2790.64 8937.74 2827.41 8920.60 2865.26 8892.66 2886.97 8849.26 2880.47
8 3182.99 14197.57 3207.59 14230.64 3207.19 14254.54 3188.23 14279.57 3162.83 14278.32 3122.01 14261.90 3123.74 14247.97 3144.59 14204.11
14 7165.56 2656.65 7206.70 2673.36 7193.04 2670.30 7156.04 2690.84 7147.96 2702.36 7143.09 2692.62 7130.72 2683.05 7098.82 2689.35 7074.88 2650.53 7115.69 2581.28 7142.23 2591.82 7147.65 2599.85 7158.30 2591.04 7188.84 2634.12
8 10412.72 1280.03 10434.94 1306.81 10421.81 1350.02 10414.42 1357.23 10377.47 1386.18 10345.37 1354.57 10332.65 1299.65 10333.49 1283.90
11 6038.39 2096.70 6010.22 2095.30 6017.96 2099.65 6036.22 2114.67 6024.42 2119.05 6031.77 2136.21 5961.67 2121.94 5954.56 2088.11 5963.39 2035.60 5979.56 2033.87 5996.44 2034.71
8 12348.74 11337.09 12395.70 11262.37 12442.60 11253.14 12460.40 11264.51 12506.31 11345.58 12448.53 11415.41 12401.19 11416.50 12362.17 11381.90
11 4810.39 9524.74 4844.84 9472.77 4857.38 9463.53 4878.06 9458.65 4888.78 9460.73 4911.41 9488.00 4921.08 9531.22 4904.88 9551.21 4886.32 9562.54 4849.58 9568.86 4831.91 9563.91
11 4114.39 6169.00 4105.42 6131.96 4116.18 6111.02 4147.69 6097.51 4181.99 6110.97 4188.27 6132.03 4189.27 6141.18 4190.37 6152.32 4184.33 6173.80 4161.07 6184.26 4139.32 6185.53
9 3903.26 7397.61 3993.25 7356.94 4056.02 7400.62 4035.01 7461.10 4023.05 7490.91 4000.08 7505.59 3970.44 7504.77 3928.57 7479.06 3905.42 7421.16
13 5488.11 11980.60 5487.28 12002.04 5481.21 12003.62 5488.09 12017.32 5481.75 12006.38 5445.50 12010.38 5440.80 11995.90 5448.72 11981.76 5449.17 11949.30 5489.85 11935.23 5482.20 11951.43 5474.65 11965.58 5488.82 11965.84
5 2488.19 4982.45 2482.13 4978.54 2494.62 4960.39 2520.26 4959.06 2528.95 4966.76
9 10504.53 7357.13 10518.34 7387.47 10487.30 7377.31 10437.23 7379.88 10445.53 7317.06 10471.29 7334.57 10476.56 7309.11 10496.80 7302.39 10514.13 7343.65
10 14731.82 14405.01 14706.33 14427.19 14702.52 14425.41 14701.78 14434.60 14679.71 14404.99 14674.04 14316.22 14700.99 14363.14 14736.39 14361.43 14746.45 14364.47 14742.36 14375.01
14 6397.04 12869.98 6300.30 12874.57 6297.78 12868.28 6328.28 12820.93 6282.28 12823.05 6304.09 12806.14 6329.69 12795.93 6312.57 12765.09 6314.09 12751.76 6311.11 12744.47 6321.84 12751.50 6364.51 12788.79 6400.40 12754.21 6392.62 12792.35
7 8472.61 13696.84 8413.29 13647.59 8435.80 13603.95 8480.12 13614.22 8510.06 13634.51 8526.31 13649.16 8523.83 13679.28
12 12272.75 11030.22 12281.53 11007.29 12313.97 10986.75 12319.04 10985.19 12347.16 11008.84 12347.23 11012.26 12334.80 11030.55 12325.38 11039.22 12318.29 11044.81 12305.60 11050.88 12291.13 11048.02 12274.39 11038.12
10 6330.80 6161.85 6330.76 6163.37 6314.19 6173.85 6303.82 6200.35 6291.77 6175.92 6300.65 6167.11 6275.47 6167.63 6310.12 6141.49 6315.57 6144.92 6320.88 6109.85
13 2317.85 12378.65 2282.79 12306.96 2291.48 12284.19 2312.92 12243.57 2336.18 12234.15 2359.16 12235.30 2378.74 12241.63 2385.23 12245.31 2395.01 12275.72 2404.13 12305.28 2402.01 12314.56 2389.57 12351.05 2385.01 12360.05
12 10275.63 14226.11 10306.65 14241.86 10323.49 14283.64 10327.82 14323.81 10289.30 14362.24 10267.49 14374.65 10230.39 14371.09 10205.03 14357.12 10183.22 14312.54 10188.39 14274.45 10204.86 14241.81 10231.07 14235.80
15 2819.92 10883.32 2819.50 10895.60 2817.67 10892.07 2816.68 10893.45 2790.13 10861.72 2793.50 10846.37 2734.18 10872.14 2775.30 10844.51 2755.74 10776.23 2804.62 10814.14 2801.26 10748.58 2826.35 10826.92 2857.62 10822.79 2894.39 10827.81 2830.30 10833.49
7 7850.99 11271.00 7936.91 11228.06 7961.84 11265.35 7974.19 11299.33 7967.88 11317.64 7911.65 11351.50 7864.77 11330.16
10 11912.02 14696.85 11884.44 14714.57 11844.02 14716.44 11835.40 14695.93 11838.55 14675.23 11808.63 14642.49 11843.02 14671.75 11904.45 14623.66 11909.95 14640.25 11891.35 14662.30
12 5992.00 9638.55 5983.03 9661.36 5968.23 9672.19 5957.38 9666.29 5963.66 9638.81 5893.83 9585.22 5895.23 9575.21 5960.59 9586.84 5962.57 9545.85 6034.02 9552.14 5997.74 9588.25 6043.82 9594.08
14 5342.74 2370.86 5343.59 2372.53 5337.68 2368.93 5302.10 2359.76 5311.26 2350.78 5312.95 2350.43 5318.37 2349.12 5310.49 2342.43 5315.30 2343.37 5289.61 2331.42 5318.74 2343.17 5287.55 2315.51 5315.10 2334.35 5312.82 2304.59
9 6355.24 15102.71 6379.90 15044.32 6414.09 15014.45 6442.66 15012.50 6479.80 15052.16 6484.64 15065.31 6477.15 15093.43 6442.92 15134.24 6386.28 15137.18
10 13295.31 14588.73 13327.03 14600.61 13315.18 14612.31 13196.85 14635.48 13204.97 14625.90 13235.89 14596.82 13176.19 14586.43 13224.78 14578.72 13225.36 14538.72 13276.40 14559.40
8 1881.55 966.62 1805.89 990.95 1840.11 949.29 1794.07 967.98 1785.87 958.26 1837.90 940.32 1777.66 905.07 1857.82 885.65
8 5430.08 6414.36 5414.61 6341.22 5426.57 6327.57 5431.08 6326.30 5440.30 6328.51 5490.93 6360.79 5475.08 6394.92 5441.05 6411.29
8 10938.72 1086.12 10936.14 1176.76 10849.48 1174.06 10816.63 1146.72 10816.50 1127.82 10829.78 1075.82 10868.04 1038.11 10903.35 1037.61
11 9928.44 1582.53 9900.69 1575.60 9890.09 1553.41 9886.29 1537.06 9888.86 1516.15 9894.66 1504.03 9933.58 1501.83 9966.94 1532.19 9958.17 1564.64 9950.70 1573.30 9946.80 1576.17
9 9797.93 10451.18 9780.32 10453.76 9773.26 10469.56 9778.21 10453.71 9761.03 10438.90 9769.18 10401.25 9787.97 10397.08 9802.89 10414.52 9822.01 10431.56
12 12529.83 2009.07 12534.05 1995.21 12571.08 1941.12 12602.14 1943.73 12655.15 1964.88 12660.79 1968.64 12664.38 2018.89 12649.83 2060.92 12620.09 2078.38 12548.36 2045.64 12544.61 2040.00 12534.14 2019.65
9 9151.02 6870.33 9128.62 6799.99 9145.18 6769.86 9167.06 6765.74 9229.04 6781.52 9243.76 6833.47 9244.72 6853.30 9233.97 6869.21 9165.09 6885.19
7 11686.98 587.46 11681.83 594.50 11650.81 607.89 11640.03 607.11 11634.83 592.00 11677.00 556.71 11688.54 568.80
9 5891.04 754.95 5877.67 642.18 5886.51 630.39 5957.58 598.82 5976.61 595.74 5987.17 646.82 6008.60 758.13 5997.09 761.15 5974.58 761.84
7 8778.84 1543.74 8805.83 1557.43 8808.87 1585.88 8792.92 1586.78 8768.22 1590.67 8729.23 1544.43 8741.15 1542.63
10 9596.07 8742.28 9529.28 8638.28 9555.19 8600.36 9578.46 8579.69 9598.44 8579.26 9659.53 8589.44 9694.19 8626.31 9690.16 8645.12 9675.38 8698.34 9614.81 8745.99
5 4028.77 5544.43 3949.45 5561.41 3966.85 5499.34 3989.11 5478.50 4016.72 5495.12
9 10268.23 213.48 10327.64 185.56 10356.94 188.03 10394.09 201.98 10402.25 223.11 10395.55 278.12 10358.62 321.73 10309.84 288.81 10285.01 265.04
15 3239.49 3708.91 3278.01 3717.31 3274.36 3749.11 3224.79 3735.22 3209.69 3725.71 3204.00 3738.92 3202.80 3784.96 3165.88 3738.27 3132.21 3748.98 3109.25 3718.31 3127.65 3714.21 3177.90 3675.72 3187.83 3683.99 3188.05 3668.43 3221.28 3640.01
7 11270.93 6198.41 11283.04 6131.65 11299.95 6135.84 11354.08 6154.95 11332.44 6227.52 11284.88 6235.94 11282.55 6232.62
7 541.57 11379.43 541.26 11386.95 498.87 11380.32 504.58 11317.46 509.25 11318.56 535.25 11327.79 552.47 11332.80
12 12491.57 15027.67 12474.23 15009.68 12466.92 15003.96 12452.35 14994.77 12395.26 14981.78 12402.96 14972.94 12396.63 14967.55 12441.69 14972.00 12445.58 14958.87 12441.03 14941.37 12450.46 14915.64 12500.69 14964.81
7 4334.26 6532.34 4248.42 6578.28 4242.69 6576.30 4196.83 6522.67 4212.03 6479.13 4267.53 6454.77 4328.67 6481.95
6 10821.20 3651.95 10800.91 3631.01 10783.25 3654.29 10795.85 3565.40 10818.35 3580.85 10827.49 3604.17
9 1250.13 9963.49 1302.54 10013.27 1296.93 10033.64 1270.96 10053.09 1203.24 10055.85 1189.74 10055.08 1177.95 10027.60 1184.06 10011.19 1211.90 9987.25
6 10433.08 7944.05 10376.97 7893.62 10377.66 7871.53 10391.40 7841.97 10499.72 7887.19 10495.20 7918.35
9 3638.84 9000.93 3632.96 8995.00 3622.41 9003.23 3573.94 8974.88 3601.93 8945.38 3602.69 8945.26 3615.73 8924.48 3633.07 8956.29 3657.87 8964.98
11 7902.56 15107.49 7859.96 15087.16 7852.80 15081.29 7846.65 15075.75 7854.93 15049.46 7866.77 15032.25 7892.07 15023.17 7929.20 15047.07 7940.77 15056.21 7939.59 15075.84 7917.63 15106.45
15 8321.02 3460.21 8303.17 3458.87 8281.46 3497.28 8256.00 3457.01 8242.59 3457.64 8273.05 3443.78 8263.69 3421.98 8275.17 3411.15 8292.06 3437.24 8295.70 3411.24 8301.01 3422.56 8323.25 3403.55 8314.71 3433.89 8307.55 3447.77 8308.13 3449.69
9 11326.00 490.62 11330.08 466.61 11345.29 431.81 11385.17 432.11 11418.77 443.36 11442.12 482.93 11397.63 513.45 11361.87 524.14 11332.56 498.95
8 1082.89 11735.55 1048.55 11700.69 1068.15 11669.59 1132.42 11621.13 1165.36 11643.44 1180.88 11667.98 1149.80 11745.45 1100.69 11751.98
7 559.57 14063.01 489.94 13975.20 506.64 13968.64 544.01 13966.78 571.71 13957.57 579.01 13959.50 600.01 13968.74
8 8013.64 14297.00 7959.24 14267.87 7962.59 14229.16 7985.91 14210.64 7992.76 14208.30 8017.70 14203.75 8049.25 14227.97 8061.71 14257.28
10 2413.40 5345.72 2412.68 5359.70 2407.37 5371.20 2395.31 5361.32 2392.48 5364.02 2396.26 5353.72 2406.89 5308.72 2411.11 5325.18 2411.73 5335.48 2429.44 5336.56
6 12953.78 6622.18 12911.34 6637.80 12900.85 6616.43 12922.84 6591.27 12895.13 6586.85 12964.61 6580.50
13 15277.96 2970.72 15324.24 2953.27 15347.92 2962.36 15397.37 3003.94 15409.63 3025.69 15411.83 3030.28 15412.44 3057.05 15391.27 3087.45 15376.97 3099.78 15305.30 3115.87 15277.54 3101.10 15269.58 3069.27 15272.26 3032.07
15 15320.76 8580.04 15293.05 8579.50 15310.41 8603.23 15301.48 8611.54 15310.18 8622.61 15284.59 8616.77 15231.02 8611.78 15258.80 8590.65 15229.27 8588.04 15231.35 8545.49 15233.71 8545.86 15263.31 8562.14 15252.89 8530.94 15266.61 8529.40 15280.32 8564.60
9 13275.56 1690.45 13236.55 1688.75 13224.93 1666.24 13215.26 1640.07 13234.63 1617.50 13262.98 1615.46 13280.51 1622.26 13285.27 1639.07 13285.18 1660.90
8 1989.23 2907.38 2022.95 2856.26 2093.62 2867.36 2152.02 2898.75 2134.34 2974.36 2084.47 2993.48 2045.22 2987.00 2009.12 2972.35
9 10865.99 741.10 10865.61 720.18 10877.22 657.50 10909.40 646.06 10951.83 658.62 11017.66 739.29 11000.10 776.53 10908.11 816.20 10886.59 785.38
7 9839.26 571.49 9860.30 604.01 9824.63 567.59 9805.64 564.36 9772.83 537.42 9822.10 524.99 9852.68 499.83
9 982.53 7923.68 966.65 7895.50 968.21 7862.08 1005.53 7852.17 1050.61 7842.53 1078.08 7865.68 1095.14 7886.05 1078.35 7916.35 1022.70 7946.60
14 14135.22 9559.24 14135.14 9563.67 14136.19 9581.29 14054.53 9524.47 14086.14 9523.85 14103.64 9521.49 14069.11 9482.97 14134.93 9499.22 14153.62 9459.69 14139.88 9504.16 14135.02 9515.47 14157.87 9486.53 14170.03 9486.48 14160.62 9518.62
12 14919.72 9488.13 14894.91 9499.97 14889.42 9523.69 14884.85 9516.46 14875.93 9502.30 14864.28 9512.65 14867.21 9474.09 14839.44 9447.19 14835.29 9433.60 14870.05 9466.31 14888.96 9443.41 14893.08 9430.78
8 13057.61 11520.46 13035.08 11589.58 12999.47 11564.34 13000.43 11530.86 13003.79 11520.51 13002.61 11518.08 13006.42 11480.39 13052.95 11489.14
14 6897.88 9654.49 6884.41 9681.48 6801.71 9725.84 6789.67 9708.62 6784.01 9665.12 6780.55 9636.10 6788.10 9630.95 6768.11 9589.40 6801.45 9614.20 6839.70 9582.62 6841.89 9577.94 6858.44 9589.71 6866.11 9585.53 6860.78 9646.30
9 13457.38 5017.77 13429.80 4979.96 13444.35 4955.32 13473.36 4923.95 13491.96 4925.31 13518.35 4943.60 13524.67 4948.21 13511.71 5013.30 13467.92 5020.52
10 2231.13 10186.16 2210.67 10229.26 2166.91 10226.72 2148.18 10207.82 2145.90 10184.18 2154.68 10146.15 2172.80 10139.43 2216.41 10141.84 2224.20 10163.98 2230.27 10182.88
8 11782.34 1624.06 11807.04 1569.57 11849.43 1547.80 11956.23 1616.49 11956.62 1638.91 11945.68 1655.81 11830.96 1707.27 11808.11 1674.36
9 4566.39 14905.25 4595.31 14854.79 4642.10 14814.51 4680.18 14826.05 4693.66 14842.52 4709.47 14919.63 4699.35 14928.77 4616.03 14966.98 4568.83 14943.93
8 14407.09 14349.16 14377.89 14376.03 14323.91 14358.74 14325.67 14350.74 14394.87 14295.09 14419.59 14303.46 14425.05 14317.34 14405.05 14342.39
7 11719.55 14299.67 11692.30 14345.96 11685.65 14342.85 11658.21 14318.59 11637.01 14287.89 11638.89 14283.25 11667.51 14247.76
8 13367.53 3187.15 13339.98 3126.13 13354.66 3093.99 13379.60 3063.81 13434.28 3072.51 13450.22 3117.42 13448.15 3125.81 13423.70 3173.50
9 10072.55 12273.64 10171.16 12235.49 10178.16 12241.08 10211.10 12269.15 10214.86 12285.83 10202.40 12331.02 10153.70 12362.67 10132.02 12362.26 10102.61 12354.44
8 3211.07 12197.63 3255.15 12256.31 3220.32 12331.98 3192.76 12338.71 3138.06 12302.88 3124.36 12269.37 3118.44 12233.26 3153.04 12204.81
8 5889.11 12332.51 5929.55 12270.45 5949.98 12265.08 5989.61 12280.08 6016.90 12322.34 6015.71 12356.74 5989.05 12382.68 5935.06 12374.94
9 4095.39 4597.30 4080.83 4587.91 4079.87 4589.34 4071.64 4588.18 4058.71 4579.41 4073.17 4546.28 4083.89 4540.50 4097.87 4526.18 4113.26 4541.62
11 13005.00 855.36 13001.44 857.95 12945.89 882.33 12925.62 817.45 12935.75 802.47 12929.77 796.07 12958.83 727.09 12970.37 770.01 12991.69 780.34 12991.56 797.76 13024.18 799.13
11 11563.09 338.52 11551.89 374.40 11538.28 374.04 11518.68 380.11 11510.73 364.74 11500.94 322.64 11500.12 317.29 11501.95 302.54 11556.02 294.29 11547.98 307.68 11544.96 313.07
8 3795.94 14878.10 3820.31 14940.89 3788.63 14963.36 3738.68 14956.72 3728.99 14940.27 3725.19 14925.71 3737.07 14894.85 3749.79 14875.59
6 6190.43 2951.01 6164.89 2952.32 6148.57 2947.77 6155.72 2923.65 6191.39 2921.89 6199.19 2934.66
10 3863.50 9311.87 3835.34 9281.94 3840.45 9265.77 3862.49 9242.54 3883.64 9240.16 3902.92 9252.11 3908.34 9264.35 3903.47 9298.77 3901.92 9301.87 3897.21 9310.13
7 9916.09 13626.39 9869.20 13554.77 9889.76 13521.00 9908.67 13514.19 9961.28 13548.22 9977.78 13574.08 9926.35 13619.52
7 9742.99 15080.65 9743.44 15130.53 9674.25 15105.96 9670.38 15094.39 9678.66 15067.19 9699.62 15060.23 9732.96 15069.16
8 8668.50 11497.26 8686.83 11408.99 8719.38 11413.40 8739.61 11435.87 8745.17 11470.31 8722.30 11512.88 8709.44 11526.29 8672.26 11500.65
8 10653.27 14429.92 10699.43 14475.64 10697.40 14544.54 10681.74 14562.03 10618.03 14561.83 10564.33 14497.81 10563.33 14467.52 10604.13 14428.54
5 12575.36 12080.00 12576.82 12088.56 12581.47 12141.66 12515.33 12140.04 12463.91 12108.74
13 10520.46 1787.64 10489.12 1811.02 10496.44 1779.04 10490.83 1782.34 10491.27 1777.81 10469.49 1756.85 10467.60 1746.48 10493.44 1734.21 10501.66 1740.85 10503.71 1757.60 10504.79 1750.64 10513.19 1745.84 10513.70 1750.38
5 6150.23 7143.25 6134.77 7182.43 6102.72 7168.11 6039.61 7147.95 6025.49 7080.61
15 14321.24 3915.17 14284.17 3923.02 14262.39 3938.04 14256.47 3922.79 14253.25 3945.68 14237.09 3910.89 14197.10 3927.73 14179.54 3906.43 14218.49 3871.62 14227.52 3853.55 14229.48 3850.50 14215.72 3826.77 14233.44 3808.86 14300.34 3803.22 14316.34 3809.52
11 13426.07 6261.68 13411.17 6264.55 13446.59 6295.77 13411.80 6296.44 13351.19 6333.22 13351.63 6302.50 13354.91 6219.30 13372.49 6215.67 13381.96 6192.14 13394.87 6234.65 13390.48 6239.13
10 11012.78 12947.87 10963.15 12992.34 10948.54 12983.62 10925.12 12959.62 10915.57 12949.18 10919.50 12913.35 10935.23 12896.04 10973.42 12898.06 10981.99 12898.54 10993.05 12908.22
11 10525.34 14305.41 10520.63 14334.32 10500.20 14340.76 10480.98 14339.92 10491.60 14303.08 10486.46 14265.78 10499.94 14270.92 10510.16 14273.23 10529.18 14244.35 10529.68 14244.18 10551.56 14272.44
7 6284.66 8546.33 6294.87 8464.13 6372.36 8447.94 6391.66 8508.99 6399.67 8535.63 6390.10 8545.29 6333.75 8566.89
8 8861.20 6556.65 8854.05 6531.37 8869.54 6496.14 8941.40 6452.27 9000.43 6501.29 9006.95 6517.75 8989.68 6592.06 8913.51 6614.83
14 4692.96 13753.54 4709.89 13703.73 4750.45 13665.50 4765.22 13657.17 4772.80 13657.15 4817.76 13673.89 4860.70 13695.92 4877.12 13729.82 4882.32 13752.03 4882.01 13770.12 4879.00 13783.65 4790.76 13845.10 4732.95 13812.21 4712.55 13791.84
6 12545.71 8841.68 12483.40 8748.08 12479.76 8745.07 12505.65 8676.98 12534.41 8708.56 12520.53 8745.15
6 11340.94 978.58 11351.36 1009.69 11324.80 1007.31 11312.77 993.39 11314.82 968.78 11310.61 962.32
12 12076.60 8021.15 12084.85 8038.89 12067.93 8041.38 12030.63 8030.31 12051.96 8011.58 12047.63 8006.05 12061.27 7990.04 12066.72 7989.15 12068.03 7994.31 12071.07 7989.51 12071.32 8003.86 12075.75 8004.76
8 12144.37 5209.94 12144.94 5229.72 12098.93 5234.44 12098.04 5205.03 12071.77 5169.04 12085.53 5168.10 12141.56 5164.20 12124.76 5183.01
10 9720.91 7178.86 9715.39 7164.06 9735.40 7128.94 9749.45 7118.37 9768.29 7123.58 9793.05 7155.77 9792.71 7177.98 9786.55 7193.61 9779.83 7201.91 9748.30 7203.62
8 14497.47 3424.41 14505.87 3371.12 14576.51 3365.41 14602.73 3371.88 14625.35 3399.46 14610.46 3431.56 14576.85 3469.63 14532.66 3463.98
6 7246.33 5941.75 7257.36 5928.48 7272.70 5902.65 7317.75 5892.75 7345.00 5889.23 7331.67 5927.32
8 14316.22 6441.25 14366.84 6349.09 14415.80 6351.34 14445.56 6359.33 14466.86 6377.07 14471.34 6418.41 14403.26 6497.99 14359.85 6484.56
11 1644.27 15312.23 1655.01 15341.26 1627.55 15328.08 1612.18 15324.59 1596.20 15319.05 1617.46 15313.57 1607.23 15313.04 1591.51 15310.46 1609.28 15305.39 1616.58 15295.99 1636.96 15273.54
11 381.65 3206.39 380.30 3173.27 388.17 3157.50 395.95 3151.95 416.77 3146.28 432.98 3147.88 451.76 3158.02 457.50 3161.70 458.67 3201.32 445.53 3219.78 422.19 3231.33
7 6783.24 2235.66 6836.74 2263.38 6829.65 2283.31 6773.16 2320.76 6762.17 2306.56 6767.23 2271.55 6768.28 2266.37
11 1002.10 10989.92 991.46 10968.59 989.27 10976.68 964.12 10960.11 980.70 10949.08 965.44 10943.71 971.77 10912.38 979.59 10910.78 1008.98 10920.06 1030.76 10941.83 1001.10 10950.80
13 15398.46 4968.85 15382.80 4971.98 15376.26 4968.29 15377.42 5000.07 15363.67 4985.00 15360.60 5003.83 15334.09 4987.47 15329.55 4971.68 15326.53 4925.35 15343.03 4934.46 15346.11 4934.43 15375.77 4942.74 15402.92 4933.97
14 13095.82 978.23 13032.03 939.13 13021.27 934.77 13040.63 899.46 13028.45 887.99 13024.11 869.32 13050.18 848.67 13057.07 896.07 13064.59 842.55 13062.15 883.63 13089.48 877.75 13092.93 886.61 13117.09 876.30 13092.73 911.37
9 9082.62 2321.76 9104.13 2283.47 9125.91 2258.11 9182.38 2262.39 9234.64 2328.44 9215.37 2360.95 9201.47 2368.28 9148.71 2388.44 9118.20 2369.99
8 11640.19 12132.02 11614.63 12185.85 11613.92 12194.27 11594.90 12135.49 11569.70 12148.69 11567.84 12141.00 11619.08 12088.76 11634.33 12098.69
12 4488.21 12273.14 4473.08 12276.19 4465.53 12307.77 4448.10 12291.34 4425.55 12251.40 4466.47 12221.73 4471.38 12239.91 4480.01 12223.95 4484.91 12206.19 4525.76 12222.71 4514.69 12246.86 4523.95 12249.91
8 588.58 11080.96 575.59 11108.43 572.82 11123.50 567.95 11124.45 559.69 11106.74 550.13 11127.68 532.47 11037.44 556.79 11041.92
11 2959.74 1933.67 3037.29 1889.01 3061.63 1892.36 3073.47 1938.65 3075.62 1978.33 3073.18 1993.91 3023.26 2028.81 2959.91 2004.01 2948.61 1952.38 2947.24 1943.89 2951.61 1939.87
11 3976.32 527.21 3939.16 519.36 3928.81 484.87 3919.83 439.66 3927.16 434.40 3966.49 411.47 3998.03 395.66 4020.26 404.04 4041.24 434.91 4003.65 519.04 3988.89 527.06
13 4650.17 10643.67 4657.74 10673.08 4658.68 10699.91 4642.53 10655.29 4646.25 10688.83 4625.14 10667.49 4599.51 10700.14 4625.09 10653.03 4585.92 10623.89 4586.30 10604.87 4625.32 10605.74 4652.11 10620.58 4660.07 10615.53
7 7164.29 13379.60 7156.02 13370.57 7148.04 13369.01 7144.69 13362.38 7138.52 13389.99 7128.82 13368.81 7151.31 13334.98
6 10467.34 9225.66 10403.06 9227.25 10407.14 9149.67 10426.50 9168.00 10438.71 9144.38 10445.67 9126.15
10 12907.00 8433.18 12901.66 8449.21 12891.87 8438.21 12853.62 8443.51 12855.73 8420.81 12828.72 8422.36 12849.24 8384.94 12856.63 8367.83 12866.73 8367.87 12914.50 8366.64
12 15347.98 3880.95 15369.84 3895.70 15336.40 3907.11 15319.85 3910.49 15281.65 3877.45 15284.55 3857.67 15286.54 3851.33 15270.63 3836.37 15292.68 3845.55 15327.96 3818.61 15351.89 3827.04 15367.35 3836.34
5 6237.08 4884.09 6167.14 4901.29 6157.35 4875.72 6124.23 4865.30 6207.90 4860.01
7 7832.01 11642.38 7821.94 11620.28 7823.02 11599.47 7893.30 11574.70 7906.65 11581.60 7933.37 11596.42 7922.91 11619.58
11 3395.78 11772.79 3341.44 11799.17 3288.56 11781.45 3277.61 11786.14 3278.27 11746.65 3281.82 11744.11 3320.20 11738.23 3331.68 11687.82 3345.51 11700.96 3357.53 11744.87 3360.45 11749.45
14 12530.51 873.03 12526.24 885.55 12521.99 895.80 12519.14 889.49 12515.87 892.77 12502.32 894.84 12494.36 896.69 12495.41 872.94 12516.79 858.16 12524.02 848.98 12532.24 833.58 12537.24 829.18 12531.07 849.38 12537.01 838.43
12 2345.25 6059.02 2317.68 6059.72 2320.42 6101.01 2274.86 6080.99 2266.14 6082.94 2276.22 6036.01 2254.39 6015.66 2240.12 5974.90 2272.46 6012.49 2339.29 6017.15 2365.83 6002.42 2327.35 6030.45
8 13264.07 7960.80 13261.29 7955.84 13225.28 7943.72 13261.74 7940.85 13273.83 7936.47 13284.09 7939.01 13338.95 7918.63 13350.57 7948.64
11 6751.38 14771.58 6772.58 14812.55 6692.97 14788.65 6692.84 14778.28 6713.90 14761.63 6711.41 14759.74 6763.85 14732.90 6761.77 14737.94 6747.92 14761.14 6762.50 14759.89 6764.19 14760.51
9 9743.29 10168.79 9740.83 10134.48 9763.65 10119.76 9769.74 10117.53 9778.60 10116.97 9793.07 10127.92 9806.42 10160.50 9795.12 10173.61 9781.28 10183.25
9 10678.61 2786.77 10671.51 2749.51 10678.78 2717.71 10686.91 2696.61 10697.98 2691.46 10737.60 2694.77 10744.26 2709.63 10755.36 2748.42 10730.65 2774.97
14 4716.16 10180.69 4717.28 10190.93 4712.09 10217.86 4677.14 10187.29 4692.74 10177.08 4665.26 10174.37 4662.95 10150.15 4692.50 10153.65 4671.35 10127.79 4682.42 10132.60 4714.37 10142.10 4723.52 10123.50 4763.64 10136.45 4738.17 10160.38
8 11312.00 8870.91 11341.22 8771.12 11403.15 8770.44 11460.85 8796.59 11466.07 8890.91 11419.32 8909.67 11391.92 8916.04 11336.64 8895.87
10 13339.20 12504.02 13359.00 12503.92 13379.31 12533.97 13385.54 12553.72 13373.73 12571.28 13369.22 12571.40 13327.65 12561.03 13311.16 12552.92 13300.95 12517.85 13322.09 12509.52
5 453.12 9781.15 452.52 9773.54 470.31 9788.49 501.22 9781.19 537.00 9820.01
15 671.22 12538.77 653.60 12511.78 667.50 12542.17 646.66 12536.37 634.15 12526.78 638.83 12512.39 635.33 12514.93 602.75 12516.71 610.86 12506.82 599.38 12491.96 590.69 12481.60 631.60 12477.24 646.44 12482.81 656.12 12481.87 693.63 12492.14
5 3258.87 4545.86 3205.71 4570.31 3142.95 4559.27 3128.94 4542.32 3171.88 4527.68
8 785.24 2638.32 756.69 2632.07 749.81 2625.08 727.40 2578.25 746.57 2559.77 772.74 2576.97 788.01 2563.54 789.56 2575.45
10 7172.99 7924.22 7125.14 7925.89 7117.53 7938.66 7126.44 7903.15 7127.32 7893.02 7113.80 7887.16 7131.06 7891.52 7148.71 7879.98 7174.12 7877.84 7161.55 7893.37
10 15043.15 13485.93 15025.79 13497.33 15027.66 13511.37 14994.62 13496.99 14989.83 13516.53 14985.56 13504.83 14982.13 13518.82 14941.92 13462.78 15007.99 13417.55 15029.25 13455.33
13 10986.61 1534.69 10967.02 1560.27 10928.69 1567.82 10913.78 1545.24 10899.32 1549.98 10927.75 1525.76 10927.69 1521.05 10928.71 1517.67 10925.12 1495.35 10932.39 1491.67 10940.80 1513.91 10961.26 1486.74 10957.04 1510.80
12 7212.42 5164.25 7174.57 5167.08 7170.54 5142.08 7165.75 5150.18 7163.36 5157.06 7133.15 5147.32 7141.71 5102.01 7165.97 5083.78 7201.04 5116.89 7217.95 5119.90 7195.39 5126.52 7196.82 5126.37
5 10605.44 8466.50 10517.40 8491.67 10515.34 8431.17 10595.44 8426.66 10591.12 8437.63
12 12791.94 13165.66 12841.71 13158.18 12854.21 13161.95 12881.33 13176.28 12892.99 13184.66 12899.05 13195.89 12909.28 13266.02 12900.10 13283.56 12877.40 13316.47 12846.29 13313.49 12765.24 13272.31 12786.86 13176.34
11 4831.19 2413.04 4773.69 2422.78 4739.71 2417.71 4730.78 2411.78 4719.53 2400.60 4714.61 2359.16 4716.72 2353.11 4731.57 2334.00 4829.84 2353.52 4844.17 2366.18 4840.12 2386.27
6 8786.21 11230.16 8763.45 11205.92 8791.24 11248.70 8736.93 11216.56 8766.33 11123.08 8802.93 11141.12
12 12360.66 9519.32 12332.64 9487.39 12337.29 9467.49 12342.39 9461.11 12365.93 9438.03 12398.85 9439.18 12407.42 9439.76 12426.01 9472.01 12425.09 9478.38 12415.94 9501.46 12392.36 9521.87 12376.91 9521.76
13 13618.23 5487.93 13640.71 5518.39 13628.27 5535.95 13599.65 5521.49 13585.28 5544.33 13585.27 5518.14 13570.66 5510.09 13570.48 5505.65 13569.37 5485.38 13545.17 5463.88 13552.73 5452.28 13619.04 5430.63 13638.98 5460.94
12 12783.48 4392.11 12754.65 4409.67 12740.91 4428.77 12736.01 4401.95 12740.30 4353.11 12724.03 4311.11 12742.96 4331.42 12780.31 4298.69 12796.53 4306.00 12797.04 4320.25 12776.71 4352.98 12784.71 4355.91
14 11124.97 1347.47 11106.96 1346.47 11101.53 1353.23 11086.49 1336.79 11068.03 1301.91 11107.26 1298.95 11094.37 1262.31 11106.02 1273.17 11117.37 1263.47 11128.39 1294.68 11159.78 1256.06 11158.24 1284.76 11187.05 1307.40 11183.36 1309.63
7 11217.94 12485.06 11238.85 12567.03 11225.73 12571.49 11150.97 12575.48 11128.46 12562.17 11141.18 12513.66 11177.34 12482.51
8 12842.21 706.06 12869.62 654.25 12882.98 648.12 12893.31 651.21 12908.68 666.30 12890.87 743.75 12887.13 757.69 12846.44 726.77
9 10292.83 5118.23 10280.17 5050.50 10284.03 5035.92 10326.26 5024.87 10364.37 5025.41 10370.20 5032.36 10360.18 5108.39 10326.77 5135.09 10304.31 5133.68
7 6757.22 5632.12 6714.29 5592.32 6676.67 5575.16 6684.12 5548.70 6722.81 5562.74 6761.07 5534.40 6761.95 5587.17
7 10498.79 12549.39 10496.41 12552.36 10489.61 12581.73 10460.01 12541.54 10450.21 12529.32 10464.78 12482.90 10482.30 12484.67
10 5537.64 8334.16 5516.74 8333.78 5503.37 8337.93 5525.26 8311.81 5509.17 8298.04 5493.83 8282.35 5517.05 8285.34 5537.56 8243.28 5566.20 8261.49 5561.26 8277.80
9 374.12 1909.91 452.07 1840.80 475.14 1861.63 519.18 1921.45 521.18 1927.01 498.66 1971.99 491.32 1981.29 435.34 1976.32 398.54 1961.85
8 3231.61 15010.99 3249.21 15043.60 3200.06 15017.08 3221.63 15040.49 3129.73 15043.31 3124.02 15039.92 3183.70 14985.43 3200.32 14963.74
9 4022.22 1278.57 4015.87 1285.97 4018.06 1310.30 4026.40 1333.44 4024.32 1332.22 3977.02 1317.94 3961.43 1329.58 4013.91 1256.21 4046.98 1260.91
8 9938.85 11739.30 9938.82 11736.48 9942.63 11723.88 9956.91 11731.47 9964.55 11738.54 9974.50 11769.51 9965.02 11785.25 9963.48 11787.77
12 11614.02 10828.82 11626.78 10818.09 11659.66 10808.51 11670.03 10811.77 11679.45 10826.47 11687.03 10856.43 11687.59 10876.46 11663.32 10894.84 11642.77 10891.64 11633.39 10883.29 11625.04 10868.26 11619.37 10852.33
14 7685.99 8342.75 7647.62 8390.81 7634.56 8396.37 7553.06 8277.06 7547.82 8254.79 7558.11 8233.41 7590.26 8256.49 7628.40 8207.40 7619.97 8252.49 7617.01 8268.81 7623.49 8281.81 7620.42 8285.82 7636.88 8297.73 7639.98 8298.73
12 4698.82 10827.62 4712.00 10842.24 4681.59 10867.53 4669.69 10824.66 4625.03 10870.71 4611.99 10817.13 4636.26 10765.92 4648.10 10738.08 4668.41 10752.16 4667.68 10784.75 4685.28 10773.31 4734.70 10761.14
9 5025.16 3157.61 5016.09 3133.60 4973.31 3115.44 5026.28 3093.96 4993.39 3085.88 4996.56 3049.48 5036.31 3039.13 5061.95 3077.92 5083.23 3062.87
9 13424.42 13874.37 13415.26 13780.77 13467.08 13747.10 13484.82 13752.93 13523.50 13778.50 13546.71 13823.70 13546.66 13852.26 13526.02 13874.35 13499.97 13882.50
7 14400.01 5782.94 14378.91 5704.84 14380.34 5669.87 14405.14 5626.92 14492.76 5632.87 14510.86 5738.82 14466.91 5779.10
12 399.26 4382.38 368.90 4386.99 345.27 4396.74 360.11 4422.41 336.09 4398.46 285.69 4395.91 315.86 4368.41 281.01 4336.69 344.40 4331.35 345.23 4346.02 370.87 4329.97 360.39 4379.10
5 5947.09 10364.34 5926.95 10389.32 5918.54 10372.42 5893.44 10365.68 5958.00 10304.44
8 9340.33 3562.90 9376.56 3614.28 9371.65 3660.96 9337.47 3690.97 9288.56 3691.53 9262.38 3691.41 9242.25 3607.31 9326.65 3562.35
13 8921.17 14251.23 8930.50 14264.51 8909.12 14287.23 8871.51 14271.42 8862.10 14248.91 8860.05 14247.34 8888.38 14244.03 8873.04 14239.05 8883.14 14234.42 8881.90 14232.61 8912.47 14215.29 8919.68 14217.58 8944.98 14223.25
10 4939.95 14193.89 4920.05 14186.99 4891.49 14195.83 4873.88 14188.37 4810.81 14159.65 4821.74 14124.58 4842.36 14094.81 4861.53 14106.53 4874.23 14111.94 4916.32 14138.18
13 10617.76 2328.47 10568.63 2349.99 10564.60 2329.45 10544.99 2339.63 10554.66 2311.58 10555.47 2296.25 10557.19 2296.32 10547.32 2285.73 10561.44 2294.24 10571.32 2280.00 10581.88 2289.71 10596.26 2283.35 10590.86 2300.60
7 3979.93 8209.14 3964.38 8247.10 3941.40 8177.52 3889.79 8163.03 3965.84 8111.43 4001.73 8132.91 4037.95 8105.29
7 13192.61 737.64 13105.39 775.14 13099.62 764.11 13073.59 687.62 13108.83 627.63 13115.14 617.53 13180.64 646.33
5 2004.90 13599.21 1994.05 13626.03 1934.47 13633.53 1961.16 13584.09 1976.31 13571.14
6 5248.86 7698.28 5193.53 7724.86 5145.22 7662.66 5170.46 7650.47 5202.74 7623.64 5241.28 7616.54
7 5272.27 8005.99 5300.90 8053.33 5236.16 8072.02 5217.18 8074.91 5150.97 8025.94 5184.80 7980.93 5175.68 7910.56
6 15306.24 7569.69 15301.99 7559.19 15302.79 7542.04 15267.63 7536.36 15301.78 7493.31 15303.47 7467.92
8 10712.35 15129.38 10787.86 15061.77 10840.66 15070.95 10847.37 15089.29 10851.03 15155.40 10797.21 15179.33 10744.18 15163.68 10734.34 15156.15
14 1144.98 12811.91 1095.22 12811.79 1131.54 12815.17 1105.89 12813.97 1097.26 12865.20 1046.70 12836.87 1041.57 12817.60 1014.35 12761.59 1021.60 12751.02 1040.21 12737.20 1045.01 12738.39 1044.16 12727.80 1068.90 12774.16 1085.48 12792.13
6 2379.99 11680.22 2366.48 11711.52 2292.93 11684.83 2260.77 11672.70 2325.03 11635.99 2355.53 11623.53
7 8628.65 686.29 8637.13 719.35 8631.02 739.44 8582.90 762.82 8571.17 757.83 8559.58 715.25 8577.67 695.14
9 13444.44 8323.55 13469.22 8315.67 13495.52 8324.04 13505.95 8366.85 13504.20 8379.93 13479.61 8397.13 13465.25 8396.34 13427.74 8370.50 13428.27 8347.09
9 8453.75 6348.75 8447.28 6309.50 8429.72 6323.52 8419.74 6323.18 8422.24 6312.73 8434.99 6284.72 8432.42 6280.78 8434.00 6277.09 8456.15 6282.26
15 15348.16 6622.65 15339.97 6647.19 15231.01 6657.82 15222.61 6589.42 15217.87 6585.90 15259.32 6539.39 15272.59 6560.82 15278.42 6572.37 15270.68 6544.92 15300.00 6534.06 15303.98 6549.80 15315.71 6556.74 15323.39 6550.92 15308.10 6578.71 15348.33 6589.02
14 12620.93 12396.17 12613.36 12407.78 12609.53 12405.84 12605.06 12402.49 12566.01 12397.85 12576.47 12385.28 12587.03 12386.60 12593.71 12377.60 12593.06 12372.51 12596.06 12352.21 12600.17 12369.18 12603.95 12367.34 12606.02 12382.65 12635.85 12369.76
10 5798.63 15206.82 5826.55 15256.42 5818.27 15288.99 5802.99 15320.28 5757.16 15331.03 5742.83 15322.24 5717.97 15302.34 5712.61 15258.74 5722.46 15240.68 5744.60 15212.64
6 7315.51 7358.49 7263.13 7350.39 7264.39 7322.02 7258.41 7305.36 7303.49 7305.69 7305.45 7318.73
13 12518.01 2139.10 12514.81 2136.56 12516.65 2140.78 12507.62 2146.90 12495.27 2170.42 12494.58 2140.22 12492.58 2154.45 12456.01 2124.07 12464.57 2116.43 12469.97 2075.49 12486.74 2098.93 12489.07 2103.10 12533.88 2071.18
9 14133.90 6055.13 14059.09 6050.21 14072.49 6027.26 14024.14 6006.99 14055.00 5997.64 14084.37 5995.97 14101.60 5963.24 14129.09 5927.61 14157.38 5951.60
6 10761.51 7131.44 10827.42 7080.01 10841.61 7092.83 10866.47 7128.42 10868.07 7163.33 10824.92 7195.28
7 9031.52 2623.93 9009.87 2626.30 8929.06 2567.99 8964.08 2541.16 8964.93 2523.37 8991.82 2527.46 9055.52 2540.38
9 6197.99 4326.86 6142.29 4322.85 6121.54 4287.70 6101.18 4252.80 6103.31 4231.66 6155.72 4189.14 6222.68 4200.65 6244.08 4244.10 6240.65 4322.50
7 9099.71 5872.70 9091.66 5880.59 9045.59 5895.04 9013.68 5882.29 9018.85 5871.30 9020.80 5863.24 9070.01 5844.94
12 827.07 14574.74 754.66 14592.97 711.00 14609.01 722.82 14582.86 720.00 14578.97 740.42 14558.88 707.75 14514.07 766.41 14513.37 780.89 14505.49 783.67 14542.40 785.81 14545.91 793.72 14546.83
14 8973.23 9143.04 8942.98 9160.94 8924.58 9162.68 8918.44 9184.96 8858.11 9165.63 8873.73 9128.84 8882.55 9125.32 8886.14 9116.89 8885.00 9115.63 8886.72 9052.70 8891.76 9051.47 8922.57 9062.71 8943.80 9070.86 8937.74 9109.44
9 954.06 10301.72 919.01 10228.42 942.41 10183.50 994.23 10154.07 1014.02 10157.11 1040.91 10170.30 1088.36 10236.06 1071.62 10289.74 992.44 10322.20
12 8593.17 13579.71 8539.80 13560.63 8555.84 13609.74 8526.15 13568.64 8475.12 13570.71 8462.57 13571.18 8460.91 13558.68 8460.47 13555.39 8447.48 13494.91 8552.78 13525.97 8534.31 13534.89 8559.42 13539.37
8 12473.57 14838.02 12457.31 14894.35 12447.81 14898.74 12409.01 14904.72 12377.70 14862.16 12369.64 14840.77 12393.29 14825.38 12451.27 14822.45
5 474.82 13980.49 469.48 14009.25 410.53 14020.18 407.67 13936.15 457.24 13949.11
5 11268.15 10610.00 11281.09 10563.18 11242.35 10587.97 11303.03 10478.83 11332.20 10499.24
9 7449.66 1031.94 7456.98 1002.03 7510.56 959.72 7569.73 988.38 7572.13 1001.14 7580.26 1049.18 7551.39 1075.91 7519.42 1074.09 7469.33 1052.69
7 12925.93 4691.09 12902.35 4752.21 12880.32 4762.93 12863.96 4735.66 12832.67 4741.94 12813.82 4627.21 12864.99 4673.89
5 3682.95 2279.23 3638.80 2305.89 3667.88 2275.56 3643.40 2245.92 3691.67 2260.58
6 4044.38 9610.65 4099.77 9670.71 4069.77 9717.45 4015.93 9719.07 3978.07 9701.95 3990.88 9631.44
6 6036.86 5098.20 6005.67 5051.89 5964.32 5040.57 6005.49 5003.12 6012.77 4992.00 6031.21 5003.54
13 1407.24 12946.48 1395.99 12936.38 1398.01 12941.57 1393.40 12955.95 1373.12 12983.09 1368.75 12962.08 1374.23 12947.27 1350.91 12908.56 1368.73 12890.32 1383.23 12899.89 1402.47 12870.44 1400.37 12891.37 1426.31 12905.80
15 3127.51 10984.07 3127.16 10984.64 3108.10 10975.89 3115.28 11000.64 3074.76 10977.71 3078.49 10974.78 3080.44 10963.37 3075.25 10950.88 3080.69 10910.16 3106.27 10913.05 3103.24 10937.74 3114.67 10921.67 3124.77 10918.82 3132.19 10943.46 3140.25 10959.32
7 5179.54 218.85 5266.87 150.95 5282.64 154.48 5326.91 177.43 5336.43 182.97 5337.13 276.93 5235.72 299.98
6 6532.33 3570.76 6523.16 3592.42 6510.63 3617.39 6489.41 3604.31 6482.30 3613.59 6459.09 3579.01
5 12285.64 2340.26 12284.10 2375.72 12210.31 2320.53 12250.08 2302.86 12291.81 2296.94
10 2271.70 7649.61 2298.27 7627.78 2346.48 7611.77 2353.80 7638.48 2364.82 7683.34 2355.05 7705.36 2340.03 7715.71 2316.72 7717.08 2297.62 7705.37 2276.05 7685.70
9 14508.37 8086.96 14497.30 8037.29 14540.13 7984.45 14623.97 7992.12 14630.59 7997.28 14662.59 8061.55 14638.05 8083.55 14590.70 8119.25 14561.15 8121.21
8 1968.23 8344.67 1981.42 8355.40 1955.74 8362.78 1943.37 8345.42 1944.51 8335.36 1952.55 8315.69 1974.36 8334.22 1972.81 8342.52
11 8255.22 12999.29 8253.02 12979.62 8258.51 12936.93 8268.55 12932.91 8280.83 12929.18 8281.23 12929.15 8335.17 12935.03 8349.12 12963.06 8309.23 13020.85 8305.97 13021.84 8266.42 13032.96
10 7461.43 1544.39 7448.59 1505.71 7470.01 1472.80 7479.04 1461.21 7535.30 1444.58 7560.46 1444.45 7594.84 1476.18 7588.47 1498.88 7572.33 1551.09 7550.40 1565.95
9 10462.66 4095.02 10452.39 4078.61 10457.59 4057.71 10492.01 4050.10 10533.62 4071.19 10534.85 4088.18 10535.14 4095.92 10523.34 4116.42 10494.02 4140.88
10 1030.09 15408.17 1047.79 15333.08 1075.60 15313.83 1106.87 15305.38 1171.80 15373.39 1188.64 15406.65 1190.95 15441.32 1116.04 15451.75 1108.94 15451.88 1043.07 15436.26
10 13023.97 9685.84 13029.43 9633.58 13057.42 9610.02 13089.61 9619.97 13102.71 9624.49 13132.27 9675.88 13133.79 9702.38 13094.39 9713.00 13036.69 9711.02 13034.76 9708.71
7 9773.18 7379.94 9800.40 7344.56 9855.44 7348.59 9862.32 7429.05 9821.12 7442.87 9803.51 7433.93 9778.55 7406.82
9 6764.09 2128.67 6779.46 2173.42 6755.35 2195.67 6743.73 2198.20 6720.69 2181.52 6705.93 2165.63 6703.48 2157.29 6709.85 2147.15 6728.57 2138.68
10 4567.75 2779.57 4565.24 2782.37 4527.34 2790.21 4470.66 2758.38 4419.09 2763.71 4464.18 2748.17 4455.07 2726.71 4498.04 2656.69 4520.16 2709.54 4549.40 2695.64
7 3847.40 14746.65 3812.88 14796.14 3763.97 14791.79 3744.64 14772.49 3755.27 14719.10 3805.69 14708.11 3814.47 14708.74
14 7808.05 1954.12 7797.41 1975.24 7781.01 1977.16 7756.84 1970.82 7759.12 1956.96 7766.88 1948.96 7753.88 1944.67 7731.83 1935.26 7762.79 1925.94 7739.87 1912.72 7776.65 1926.47 7767.50 1889.78 7780.23 1903.78 7800.34 1929.91
7 7786.21 6152.75 7813.45 6172.96 7716.84 6165.28 7731.99 6145.28 7686.93 6128.58 7792.07 6114.20 7781.59 6120.29
11 1510.95 15292.95 1502.36 15305.87 1529.96 15342.04 1482.81 15314.74 1416.54 15343.59 1429.22 15232.12 1474.05 15199.04 1531.05 15212.92 1508.19 15273.57 1510.12 15274.85 1564.64 15274.13
13 10889.10 9419.08 10902.12 9462.26 10872.43 9462.74 10825.49 9452.89 10774.06 9469.97 10797.87 9438.11 10775.58 9409.10 10791.08 9393.71 10829.68 9400.99 10831.85 9400.07 10844.09 9339.25 10848.85 9367.70 10881.04 9376.70
9 9957.77 14281.71 9932.19 14228.43 9940.89 14199.20 9998.75 14141.69 10036.80 14162.83 10041.55 14188.34 10045.05 14249.59 10023.57 14272.26 9987.43 14277.98
11 14108.86 2467.23 14080.94 2420.54 14084.47 2409.77 14104.75 2375.77 14136.47 2358.14 14172.26 2374.70 14190.57 2406.72 14196.71 2424.11 14180.71 2451.43 14146.58 2464.47 14128.75 2467.20
5 14965.64 1065.67 14976.96 1040.61 14992.54 1031.79 14986.70 1018.91 15040.01 1022.62
8 2620.31 13113.06 2577.73 13039.38 2593.82 12990.01 2612.20 12982.92 2666.43 12984.10 2700.11 13027.00 2683.77 13080.33 2668.53 13101.34
10 2052.59 10256.11 2023.78 10255.38 2020.66 10254.46 2005.78 10251.28 2021.73 10227.95 2010.80 10231.25 1987.81 10225.76 2001.73 10191.32 2004.30 10178.27 2048.39 10195.82
10 949.00 12766.88 952.02 12832.83 948.67 12838.28 895.31 12859.46 854.50 12830.26 842.79 12817.39 852.38 12756.09 861.48 12750.82 888.39 12750.60 905.81 12752.70
11 1328.58 7568.67 1370.97 7525.42 1402.31 7524.61 1454.81 7548.74 1466.12 7562.06 1459.47 7603.36 1453.94 7622.11 1418.58 7630.33 1374.42 7636.90 1362.66 7636.43 1337.78 7610.46
13 2073.27 9494.43 2083.76 9526.16 2052.22 9497.20 1980.18 9509.51 1948.32 9525.80 2000.71 9477.73 1977.10 9478.40 1983.71 9461.53 1967.34 9454.12 1947.99 9427.98 1957.82 9428.10 2009.83 9422.79 2122.17 9455.87
8 4884.05 8839.57 4888.12 8868.09 4864.33 8860.22 4850.92 8880.23 4835.46 8819.70 4849.12 8826.25 4860.57 8822.26 4868.16 8805.91
7 12943.78 12208.81 12953.61 12228.81 12942.21 12249.95 12882.54 12248.85 12892.14 12222.91 12908.91 12177.26 12961.84 12203.04
8 14269.32 2147.00 14297.50 2232.16 14238.79 2273.11 14195.94 2279.65 14167.97 2225.16 14165.08 2195.49 14165.92 2182.53 14197.48 2142.67
7 4122.42 11844.95 4146.92 11872.23 4135.55 11908.57 4103.72 11915.93 4072.12 11886.03 4067.50 11861.19 4090.79 11848.34
14 2738.79 3834.07 2718.33 3798.60 2706.51 3812.95 2672.42 3783.96 2673.49 3778.65 2678.09 3771.01 2667.84 3756.34 2691.46 3754.32 2743.26 3727.15 2773.43 3728.20 2756.09 3757.32 2752.32 3768.24 2763.49 3770.92 2780.02 3778.24
5 3684.59 3997.19 3634.04 3888.43 3665.01 3920.53 3712.90 3927.97 3691.80 3956.18
7 4020.66 14923.38 4000.30 14882.46 4001.00 14853.06 4048.80 14820.03 4081.54 14864.03 4088.82 14890.61 4073.64 14904.30
5 13597.26 12000.07 13580.21 11982.76 13573.11 11932.30 13590.97 11946.36 13602.33 11955.24
7 9120.95 11555.32 9169.03 11458.83 9217.44 11466.03 9247.38 11513.27 9259.58 11535.11 9252.66 11563.74 9139.48 11590.17
14 9749.66 5373.78 9768.20 5438.51 9736.95 5410.44 9729.88 5388.49 9689.11 5393.81 9683.64 5392.91 9668.99 5347.52 9668.83 5343.45 9695.63 5337.11 9731.55 5338.04 9733.68 5297.27 9754.23 5326.56 9772.58 5339.27 9767.78 5358.44
11 714.40 9858.14 671.03 9896.50 673.63 9873.40 629.31 9872.76 631.92 9866.02 656.41 9809.69 672.82 9815.61 683.07 9813.10 703.00 9806.57 720.81 9775.15 737.68 9819.28
12 6229.81 1918.54 6220.03 1926.99 6185.03 1942.27 6179.66 1923.61 6130.14 1856.11 6166.33 1861.79 6168.47 1861.39 6167.15 1847.36 6174.62 1858.99 6189.18 1840.72 6194.90 1823.02 6242.43 1869.90
7 6432.89 12181.18 6518.90 12179.07 6548.15 12223.76 6488.66 12260.84 6451.41 12261.62 6443.41 12232.75 6435.53 12202.51
9 4223.63 1359.61 4195.28 1278.69 4217.44 1262.07 4221.08 1260.32 4265.55 1254.88 4292.15 1278.90 4289.18 1321.93 4273.46 1340.25 4254.63 1356.45
7 6954.26 12258.88 6885.14 12238.51 6894.40 12137.14 6922.70 12123.82 6991.72 12136.60 6997.64 12178.02 6965.47 12245.68
8 11423.24 3918.11 11433.66 3875.91 11477.18 3871.31 11506.75 3894.17 11463.97 3943.66 11457.34 3949.68 11453.13 3948.95 11423.94 3933.03
13 13674.80 3320.42 13658.45 3361.12 13647.43 3360.31 13639.87 3333.54 13638.79 3358.72 13629.06 3352.54 13627.85 3351.90 13577.12 3349.58 13585.04 3335.17 13598.48 3319.13 13605.85 3311.84 13598.20 3279.11 13656.32 3261.40
10 12654.59 632.51 12689.45 591.92 12753.31 605.29 12764.05 638.15 12760.17 667.01 12749.63 680.71 12726.27 694.54 12707.91 696.21 12672.53 677.39 12664.25 663.91
9 1878.60 8040.89 1852.70 8036.88 1843.60 7997.88 1840.03 7976.62 1874.25 7965.09 1903.41 7965.23 1915.93 7975.19 1917.31 8006.64 1909.65 8013.76
7 3531.67 13353.26 3588.24 13392.65 3577.05 13441.27 3540.89 13458.85 3504.54 13439.17 3483.45 13426.39 3521.73 13360.79
7 14106.99 11983.43 14087.19 11991.33 14089.55 11946.35 14056.20 11928.03 14056.85 11920.82 14057.31 11919.00 14132.06 11882.19
6 7083.98 6682.53 7089.82 6756.84 7085.89 6760.47 7072.68 6768.47 7009.40 6726.31 7051.76 6696.03
9 5785.55 12921.56 5788.70 12866.90 5859.55 12853.15 5915.12 12891.85 5912.81 12909.99 5908.40 12937.79 5832.38 12967.01 5807.63 12962.07 5800.71 12957.60
10 15170.89 9870.42 15170.18 9888.50 15143.32 9877.78 15140.58 9877.70 15074.37 9882.31 15094.50 9868.13 15104.02 9836.31 15104.72 9831.42 15107.64 9832.11 15122.71 9826.22
8 15399.58 9878.87 15414.67 9944.88 15406.57 9963.41 15394.52 9963.13 15360.63 9949.87 15349.48 9926.77 15341.65 9902.74 15382.12 9885.77
15 9197.26 6386.11 9218.40 6416.96 9200.87 6400.24 9185.29 6391.53 9175.10 6404.21 9162.26 6400.32 9155.07 6403.77 9154.52 6375.73 9159.34 6362.82 9165.96 6354.36 9175.94 6365.69 9198.03 6350.48 9196.85 6365.87 9230.73 6376.27 9236.26 6378.01
5 10629.78 13588.07 10605.90 13558.60 10614.34 13514.23 10623.39 13480.37 10672.60 13488.11
12 11857.96 8236.36 11849.10 8249.24 11843.02 8244.90 11834.75 8272.57 11830.17 8267.17 11826.79 8261.31 11816.85 8255.94 11795.28 8217.23 11803.79 8207.41 11826.74 8225.65 11855.76 8223.95 11856.99 8225.70
13 10256.08 13041.38 10234.03 13070.13 10141.40 13095.80 10096.76 13057.74 10153.65 13029.42 10127.62 13013.69 10131.34 13002.76 10130.02 12994.09 10124.92 12966.54 10160.82 12943.07 10184.68 12952.80 10206.10 12980.51 10211.21 12976.19
8 13325.92 9789.78 13343.82 9751.63 13364.89 9746.22 13389.44 9764.63 13378.23 9815.67 13368.32 9831.27 13363.29 9828.98 13331.54 9800.19
9 10338.75 13485.75 10353.76 13501.46 10277.56 13508.33 10276.63 13502.82 10288.77 13438.89 10288.45 13416.50 10331.87 13401.41 10362.65 13432.80 10366.45 13439.42
9 15450.68 7872.88 15419.78 7864.14 15427.27 7875.68 15410.26 7896.46 15380.85 7900.30 15380.31 7861.53 15388.94 7810.60 15427.61 7829.82 15451.26 7852.52
13 14401.24 4084.99 14333.81 4145.70 14333.10 4070.73 14309.04 4109.19 14314.72 4089.40 14322.08 4059.54 14248.62 4064.95 14301.32 4040.99 14316.84 4012.20 14345.48 3996.80 14399.29 4037.88 14372.19 4047.24 14405.82 4049.79
7 11990.95 13103.24 11956.40 13147.85 11909.60 13136.19 11881.19 13111.41 11895.50 13073.96 11919.22 13050.95 11964.78 13070.02
12 4699.80 9189.62 4728.45 9237.46 4685.42 9188.78 4637.40 9248.78 4596.59 9189.64 4614.66 9130.28 4666.02 9150.92 4647.20 9118.37 4670.58 9113.88 4712.12 9139.72 4739.83 9125.56 4723.61 9140.83
13 12365.31 12987.38 12368.06 12960.38 12376.19 12947.90 12384.53 12940.24 12397.34 12934.54 12406.61 12938.23 12418.74 12949.97 12425.14 12960.39 12433.63 12974.39 12428.35 12995.45 12412.71 13013.69 12404.27 13014.16 12365.98 12997.01
13 2691.37 3075.78 2659.14 3077.12 2699.94 3104.09 2671.43 3093.84 2621.53 3100.81 2611.54 3106.91 2588.09 3054.51 2617.65 3055.58 2589.00 3037.30 2635.60 3057.94 2698.81 3034.72 2682.69 3068.03 2676.13 3069.20
11 9156.35 8602.48 9209.95 8609.85 9105.41 8665.86 9053.75 8610.50 9099.99 8603.14 9075.92 8589.75 9071.85 8582.47 9104.93 8579.83 9097.47 8569.28 9183.14 8544.26 9198.70 8598.89
8 258.22 10942.05 215.60 11028.12 176.90 11028.03 118.48 10985.87 100.90 10948.62 139.00 10901.13 160.01 10877.62 203.74 10882.51
5 7071.02 6881.57 7058.99 6924.12 7013.02 6913.70 7005.55 6894.37 7022.32 6880.15
7 14500.14 717.62 14542.28 635.46 14593.72 646.55 14621.95 658.97 14622.35 684.47 14617.16 739.63 14549.44 730.40
9 11520.05 9294.73 11490.79 9246.95 11492.91 9219.17 11523.44 9178.14 11561.79 9180.97 11567.20 9188.97 11600.97 9244.47 11591.98 9267.88 11577.84 9275.69
10 12126.44 11991.07 12099.49 12059.87 12049.80 11994.75 12084.76 11953.14 12077.41 11928.76 12127.09 11949.48 12139.01 11944.71 12139.66 11956.09 12174.68 11944.81 12173.17 11973.16
6 13211.84 13439.52 13213.40 13366.58 13247.85 13355.00 13301.28 13380.53 13303.22 13405.70 13225.39 13456.00
14 13858.10 5669.67 13826.13 5649.75 13808.17 5659.49 13818.38 5641.06 13817.02 5639.37 13811.60 5617.57 13825.52 5607.23 13827.90 5604.73 13841.86 5616.54 13849.85 5620.79 13875.40 5615.14 13860.16 5633.62 13864.51 5635.87 13875.36 5638.47
7 13113.99 286.79 13160.96 221.61 13212.92 221.65 13217.67 224.41 13220.51 228.08 13225.78 296.65 13154.31 325.32
8 4458.81 8381.13 4551.25 8298.39 4579.94 8303.31 4618.48 8334.32 4629.48 8369.88 4633.27 8406.43 4576.94 8477.94 4530.73 8478.52
7 15081.85 9535.10 15124.84 9589.29 15111.12 9642.08 15066.17 9661.09 15021.78 9644.97 14990.73 9622.70 15027.43 9538.51
11 4757.34 10690.30 4767.57 10695.68 4722.58 10724.88 4722.49 10716.34 4725.74 10700.49 4697.64 10723.35 4699.06 10679.83 4711.02 10672.85 4705.24 10669.05 4764.56 10639.96 4793.81 10680.52
9 2047.50 4327.80 2053.60 4283.31 2098.68 4249.39 2159.02 4256.05 2179.86 4274.71 2191.83 4316.22 2135.79 4383.39 2122.55 4392.62 2058.73 4341.29
11 8591.72 14812.60 8564.17 14798.39 8548.68 14811.26 8525.67 14837.63 8528.82 14813.48 8515.99 14822.51 8500.59 14805.73 8498.87 14764.54 8523.18 14763.85 8519.21 14737.90 8566.91 14754.93
12 9867.97 12460.93 9839.68 12402.64 9842.42 12385.49 9878.32 12347.64 9914.32 12334.02 9958.10 12349.33 9967.56 12361.43 9990.91 12413.34 9977.06 12441.60 9944.89 12482.37 9941.55 12486.41 9920.58 12487.47
8 14607.55 2477.86 14575.83 2505.14 14571.37 2503.26 14540.90 2476.70 14541.05 2464.86 14557.53 2444.92 14576.54 2443.75 14595.77 2453.36
12 12083.88 12187.12 12071.42 12192.41 12057.96 12219.39 12038.89 12206.46 12038.28 12189.91 12031.75 12194.23 12030.62 12180.90 12023.15 12161.83 12036.82 12161.00 12035.45 12153.53 12072.36 12165.65 12081.26 12169.42
6 3123.73 11311.91 3104.69 11315.35 3086.45 11248.53 3090.56 11237.52 3130.33 11227.26 3162.47 11238.28
12 6658.41 6516.11 6656.80 6530.89 6675.70 6547.87 6650.67 6551.09 6600.88 6538.19 6598.98 6504.11 6591.87 6438.25 6617.53 6487.66 6621.81 6480.03 6627.56 6452.99 6645.44 6455.03 6659.67 6495.95
9 9308.83 898.19 9286.69 835.64 9325.36 809.64 9365.12 801.43 9365.77 801.65 9427.55 830.41 9429.95 854.16 9385.05 907.04 9324.69 916.39
8 8184.38 14379.96 8220.61 14337.54 8236.44 14341.24 8250.69 14346.21 8254.33 14356.87 8252.87 14368.80 8247.23 14413.80 8189.70 14392.90
9 9786.56 7221.28 9829.59 7179.20 9897.08 7198.65 9923.69 7230.04 9927.70 7247.33 9905.91 7302.86 9859.63 7319.69 9813.40 7299.04 9798.91 7282.27
7 15104.59 1164.43 15092.41 1141.81 15050.45 1116.65 15068.31 1106.83 15093.38 1047.65 15134.09 1087.57 15118.48 1103.23
7 5008.81 13776.28 4992.15 13808.81 4959.97 13781.55 4970.27 13762.66 4976.96 13706.06 4990.60 13742.86 4996.63 13750.44
7 490.53 11981.02 466.64 11928.66 475.92 11905.25 509.84 11895.56 532.21 11915.30 557.87 11938.99 528.74 11957.29
11 1613.75 12752.08 1601.15 12776.18 1588.87 12788.91 1585.17 12755.16 1571.77 12727.62 1576.29 12714.91 1577.13 12703.18 1586.04 12705.18 1595.32 12701.56 1616.25 12715.08 1613.85 12736.22
10 7010.87 12650.79 7061.07 12651.43 7006.30 12687.53 6967.37 12680.41 6939.28 12658.79 6930.28 12655.02 6911.69 12644.70 6901.93 12626.38 6919.96 12628.61 7039.67 12617.34
15 14864.71 8516.37 14868.95 8537.11 14856.08 8526.41 14869.13 8541.29 14823.96 8557.50 14774.71 8506.72 14782.94 8492.44 14782.92 8489.58 14784.65 8459.41 14802.31 8454.35 14814.44 8467.63 14822.68 8481.36 14816.66 8440.35 14838.11 8435.75 14846.08 8479.24
8 4243.88 12103.82 4222.80 12063.19 4235.11 12026.10 4263.65 12001.08 4278.70 12018.61 4301.27 12054.46 4305.24 12066.83 4280.09 12096.87
8 11959.21 3190.61 12025.88 3156.58 12048.07 3177.20 12056.94 3200.46 12062.16 3238.72 12037.83 3261.48 11990.38 3257.87 11966.00 3210.25
12 5609.20 14150.10 5600.87 14127.80 5586.74 14137.13 5587.54 14120.33 5562.19 14134.33 5552.39 14097.49 5582.12 14100.72 5597.72 14093.46 5603.52 14105.49 5607.45 14109.84 5633.09 14113.61 5624.89 14114.58
7 7058.39 5963.69 7055.95 5985.60 6995.87 5974.72 7046.46 5916.23 7060.95 5903.17 7045.75 5933.05 7080.17 5931.74
13 12221.95 13971.23 12207.86 13980.65 12182.84 14025.99 12181.59 14013.43 12167.36 14022.43 12120.64 13997.03 12146.75 13976.45 12162.72 13967.74 12113.84 13973.38 12154.80 13959.49 12144.52 13921.56 12202.53 13923.87 12225.45 13890.18
13 6647.56 5807.23 6571.50 5834.33 6556.35 5812.66 6519.37 5768.14 6498.44 5739.60 6544.91 5761.33 6562.99 5774.93 6548.35 5729.21 6558.75 5720.92 6609.54 5717.89 6596.03 5760.34 6596.79 5773.30 6616.94 5761.27
9 2614.46 3496.25 2598.21 3469.47 2600.76 3460.64 2627.30 3447.97 2627.67 3417.03 2639.95 3451.67 2666.94 3440.46 2669.37 3440.20 2668.26 3454.05
7 9546.74 7816.91 9544.91 7822.85 9564.06 7847.20 9517.18 7803.72 9494.47 7770.11 9524.80 7770.71 9539.23 7774.02
11 12691.61 4640.67 12734.79 4639.48 12738.77 4642.18 12754.42 4662.90 12755.33 4701.65 12740.29 4714.98 12720.32 4729.17 12715.19 4727.26 12671.99 4692.07 12668.90 4682.72 12684.02 4646.64
12 12293.45 6301.49 12250.60 6310.90 12242.68 6292.73 12234.08 6299.77 12198.14 6285.98 12200.22 6274.12 12163.71 6244.47 12191.83 6222.61 12197.18 6220.55 12195.52 6206.54 12246.56 6218.97 12248.31 6235.29
5 2519.39 15291.57 2492.31 15289.74 2493.60 15304.59 2459.98 15236.67 2499.51 15255.34
13 4564.56 1007.37 4543.39 1009.62 4556.42 1019.93 4538.06 1039.39 4520.90 1053.38 4498.01 986.07 4499.02 982.23 4517.54 971.89 4533.34 955.36 4537.28 967.45 4547.48 977.21 4552.64 1000.05 4583.11 998.45
9 8438.70 7282.96 8461.40 7270.10 8523.48 7241.74 8553.30 7253.36 8561.15 7335.52 8557.58 7342.07 8471.32 7362.44 8460.99 7356.72 8451.93 7330.56
13 9559.74 5566.95 9555.42 5566.06 9540.48 5581.88 9514.27 5549.14 9525.88 5535.88 9535.89 5544.19 9542.14 5527.06 9538.95 5548.34 9541.62 5546.45 9548.19 5545.33 9571.52 5542.19 9547.41 5553.03 9578.40 5549.79
9 2588.50 1485.63 2616.56 1459.25 2657.94 1466.56 2670.20 1487.56 2665.93 1494.58 2639.25 1534.95 2608.86 1538.52 2591.16 1500.30 2590.83 1499.07
11 1681.72 2689.48 1692.69 2688.48 1721.94 2689.68 1739.81 2697.47 1743.72 2705.86 1749.97 2729.11 1746.78 2760.74 1721.96 2778.06 1680.76 2765.20 1658.11 2744.94 1658.30 2737.50
15 4671.61 7042.79 4649.32 7035.56 4632.87 7037.67 4623.86 7050.77 4626.19 7043.48 4618.24 7043.81 4621.08 7037.83 4624.02 7034.00 4619.62 7025.24 4610.84 7025.25 4613.91 6992.55 4617.73 6986.81 4631.58 6977.67 4639.72 6998.50 4642.65 7011.60
9 4413.19 4261.37 4316.65 4320.87 4295.46 4297.41 4295.56 4296.83 4335.85 4267.90 4331.88 4251.12 4374.83 4232.71 4395.02 4223.02 4398.56 4254.79
9 5609.10 15059.06 5592.82 15058.75 5574.18 15067.81 5558.58 15086.62 5556.19 15077.91 5554.83 15058.55 5554.73 15056.56 5570.26 15052.73 5607.55 15018.31
10 10868.75 6857.92 10823.15 6918.21 10729.78 6904.43 10724.20 6891.76 10733.58 6825.04 10745.56 6786.82 10758.29 6772.61 10784.74 6761.80 10835.34 6778.82 10868.11 6837.56
6 3875.35 6102.65 3831.64 6108.25 3800.89 6113.59 3755.17 6020.54 3785.23 6016.34 3799.20 6013.17
8 14207.55 11686.87 14185.51 11660.60 14186.08 11616.17 14212.84 11612.84 14224.88 11614.16 14253.28 11620.30 14264.44 11664.31 14248.17 11678.89
10 7798.43 6534.45 7796.77 6545.79 7780.28 6534.68 7774.12 6498.21 7762.03 6497.29 7777.93 6462.50 7784.88 6473.76 7790.99 6464.75 7806.26 6463.23 7810.82 6459.12
10 13288.93 6190.59 13293.31 6210.59 13268.52 6200.27 13227.03 6210.01 13253.50 6167.51 13243.03 6159.96 13240.99 6131.19 13258.73 6137.77 13299.15 6133.66 13287.14 6150.07
6 13221.08 13044.22 13114.52 13034.30 13123.69 12939.34 13221.96 12904.25 13247.27 12948.94 13234.31 13008.94
11 2606.76 2748.30 2595.17 2749.79 2587.66 2755.75 2591.35 2791.42 2553.17 2761.01 2555.67 2737.81 2553.49 2737.34 2560.79 2735.79 2563.74 2720.13 2586.33 2685.63 2584.52 2696.93
10 10184.53 10831.80 10165.49 10785.53 10169.20 10780.54 10192.86 10754.92 10232.19 10776.30 10240.50 10787.13 10240.84 10790.59 10239.63 10811.18 10239.09 10813.95 10218.54 10829.45
14 13619.26 11895.82 13633.42 11903.69 13613.78 11906.23 13626.39 11923.58 13617.17 11916.17 13613.12 11913.39 13603.21 11917.11 13562.59 11886.46 13593.87 11883.90 13601.78 11878.27 13606.88 11850.56 13611.91 11884.88 13640.30 11893.16 13634.17 11893.76
10 12283.18 1292.18 12302.27 1253.91 12320.06 1228.53 12341.24 1206.00 12374.11 1216.01 12391.11 1257.82 12394.36 1296.29 12375.92 1310.53 12343.12 1328.81 12288.50 1320.78
14 11056.87 11769.47 11076.89 11779.86 11051.56 11784.90 11053.78 11790.76 11043.96 11778.93 11033.85 11798.34 11020.67 11799.96 11016.47 11785.31 11035.50 11762.38 11040.87 11733.46 11062.47 11730.37 11071.32 11753.77 11067.35 11755.98 11051.82 11768.76
9 717.10 13922.83 681.97 13882.85 683.60 13865.19 696.34 13851.35 705.18 13846.88 709.15 13847.51 728.42 13862.00 737.34 13883.93 741.70 13901.14
8 1666.86 8607.27 1672.72 8675.67 1668.73 8678.04 1655.18 8684.82 1630.36 8690.57 1604.26 8656.67 1602.10 8642.95 1629.29 8610.99
9 12865.92 1018.75 12910.90 1012.30 12958.01 1026.02 12971.02 1094.07 12960.20 1104.57 12897.84 1131.80 12874.11 1132.86 12864.52 1127.37 12865.24 1032.95
13 5387.66 410.00 5404.66 427.58 5393.35 418.36 5379.23 432.28 5359.53 446.94 5358.72 429.03 5354.96 415.02 5351.12 410.45 5330.28 390.98 5358.24 368.58 5356.15 361.98 5376.40 380.86 5425.16 400.64
8 4344.79 3322.39 4281.34 3291.91 4266.63 3260.83 4281.53 3269.32 4286.84 3259.72 4312.78 3266.21 4318.65 3266.90 4340.79 3251.89
15 13346.27 4571.02 13316.85 4595.77 13282.75 4598.61 13276.88 4611.93 13278.05 4559.33 13270.97 4559.55 13224.20 4549.49 13254.59 4542.28 13257.08 4542.70 13271.29 4532.91 13262.26 4492.71 13311.30 4504.98 13302.17 4539.04 13330.53 4523.49 13342.23 4544.30
9 6279.73 15122.70 6239.37 15086.22 6262.88 15038.04 6290.46 15028.60 6309.04 15033.45 6331.27 15063.36 6332.50 15089.85 6321.38 15110.76 6289.99 15121.92
10 234.26 9197.62 239.33 9223.57 190.44 9193.87 111.02 9181.20 114.95 9164.97 123.98 9165.45 142.28 9146.16 136.09 9125.34 166.67 9144.10 239.05 9174.76
10 5308.62 14582.03 5323.01 14508.08 5372.80 14488.52 5453.80 14534.99 5460.49 14549.44 5460.53 14567.91 5460.07 14584.57 5420.13 14645.38 5371.58 14634.10 5317.23 14609.13
7 532.40 10045.90 492.22 10064.53 481.55 10051.21 463.14 10012.89 479.86 10011.92 514.17 9979.82 514.78 10008.71
9 15030.46 614.72 14976.28 600.00 14983.70 526.74 14992.53 499.36 15070.61 502.08 15086.99 515.18 15103.23 541.56 15100.82 559.74 15073.82 593.06
7 2301.53 10568.39 2293.58 10578.90 2249.97 10533.79 2262.16 10545.52 2284.83 10536.05 2281.23 10542.93 2281.14 10564.27
11 5895.44 4033.68 5905.80 4001.10 5912.67 3998.36 5942.30 3997.48 5964.93 4007.55 5977.98 4055.68 5978.45 4067.14 5951.68 4089.87 5928.88 4091.17 5903.64 4059.68 5898.66 4049.50
6 11239.47 3571.11 11205.44 3560.47 11185.50 3528.10 11193.51 3520.38 11199.91 3494.67 11219.32 3516.98
9 11376.72 12682.19 11373.00 12636.29 11389.97 12580.64 11460.83 12545.36 11492.89 12575.20 11516.31 12597.72 11525.73 12624.25 11513.04 12683.12 11431.18 12721.54
15 234.15 7504.76 238.14 7539.00 218.01 7520.89 215.71 7522.81 210.21 7523.59 186.39 7498.05 169.49 7453.69 182.06 7446.00 186.92 7453.90 194.65 7459.05 209.22 7479.49 223.14 7446.65 244.81 7486.38 255.92 7487.79 228.87 7496.48
10 2222.95 13325.37 2229.18 13280.83 2267.75 13265.44 2281.47 13261.74 2312.26 13277.86 2327.74 13294.11 2323.43 13321.56 2313.76 13334.20 2292.24 13355.34 2264.27 13358.90
9 501.46 12074.01 482.20 12108.22 479.46 12105.04 416.93 12109.22 420.21 12103.26 452.90 12049.01 448.73 12018.57 498.74 12050.10 511.90 12047.15
9 13163.97 10626.22 13168.66 10639.30 13142.73 10653.24 13127.67 10646.24 13120.55 10622.23 13085.18 10631.96 13144.09 10609.13 13175.75 10590.86 13153.00 10614.98
10 914.23 6851.54 805.22 6839.77 813.31 6766.36 818.30 6722.45 869.83 6696.42 885.80 6692.60 915.67 6709.34 938.42 6723.78 935.70 6764.86 929.78 6812.50
10 14867.39 1494.59 14948.41 1427.34 15003.74 1429.67 15024.60 1437.88 15049.03 1469.93 15052.48 1556.87 15031.83 1576.75 15009.02 1594.75 14942.96 1589.22 14885.04 1568.91
6 885.22 11311.63 881.12 11305.08 886.84 11288.48 903.44 11245.90 904.81 11248.67 921.05 11262.35
11 9342.63 6724.93 9368.41 6720.95 9401.62 6722.86 9443.85 6771.04 9445.83 6788.62 9425.78 6819.74 9374.89 6846.09 9344.65 6846.82 9306.63 6810.85 9310.06 6789.20 9319.76 6764.87
8 11025.61 4409.05 11000.78 4432.06 10939.79 4405.15 10956.53 4385.54 10966.31 4345.17 10996.70 4360.62 11012.37 4340.95 11035.40 4383.79
7 11975.69 10547.20 11979.34 10493.38 12082.79 10484.84 12079.70 10596.33 12050.57 10616.58 12037.64 10618.21 11984.85 10589.66
9 1090.61 5465.68 1123.81 5410.66 1198.69 5374.69 1223.11 5379.97 1262.04 5477.73 1257.70 5495.26 1241.28 5521.88 1192.64 5550.22 1172.19 5536.52
5 10190.09 14718.85 10159.11 14713.19 10179.34 14672.51 10174.37 14697.57 10177.62 14703.67
5 6920.67 10022.45 6882.89 10025.33 6938.05 9927.06 6948.67 9962.82 6976.97 9976.37
5 11994.37 9364.09 11952.19 9359.16 11896.82 9325.78 11947.79 9234.79 11949.00 9260.18
13 11232.27 2445.49 11218.46 2421.59 11188.87 2408.40 11143.66 2399.10 11147.63 2397.59 11162.17 2388.52 11178.36 2370.45 11171.54 2349.12 11183.51 2338.29 11187.96 2334.09 11217.92 2332.38 11238.18 2381.68 11269.73 2381.31
13 9977.11 8537.14 9970.20 8539.59 10011.86 8570.96 9975.55 8568.96 9951.50 8577.80 9946.63 8611.39 9915.17 8579.55 9904.47 8584.72 9917.86 8535.58 9874.40 8522.45 9912.93 8524.64 9956.42 8459.83 9955.63 8510.35
15 14961.33 12215.45 14941.34 12213.01 14948.12 12243.61 14909.09 12223.31 14870.44 12248.05 14874.64 12196.74 14890.02 12195.52 14865.69 12191.77 14874.34 12167.92 14869.23 12160.98 14861.07 12153.46 14923.74 12136.83 14926.32 12150.74 14936.60 12165.36 14942.28 12171.83
9 4622.91 4996.60 4564.47 4938.84 4578.19 4911.52 4600.51 4882.56 4666.82 4882.37 4687.40 4893.49 4692.92 4902.30 4705.76 4927.47 4673.74 4974.14
14 4466.87 1404.51 4439.77 1416.71 4439.93 1455.41 4413.29 1420.36 4396.10 1429.05 4387.18 1409.71 4393.75 1383.66 4413.19 1394.98 4431.31 1382.65 4443.92 1380.27 4451.79 1370.67 4435.50 1392.87 4433.91 1395.76 4468.58 1378.14
6 14801.73 11035.57 14883.55 10966.49 14947.26 10997.57 14932.49 11021.84 14880.47 11098.86 14843.44 11095.29
11 6965.86 8612.62 6917.06 8613.32 6918.88 8610.06 6932.07 8585.65 6914.57 8571.65 6897.37 8562.12 6927.04 8561.01 6918.20 8543.14 6963.18 8523.80 6977.15 8520.99 6975.49 8526.89
7 12851.39 9219.47 12817.75 9167.64 12850.47 9072.65 12906.13 9068.05 12952.55 9077.21 12973.26 9142.51 12955.74 9170.96
9 6837.38 11524.61 6820.51 11578.16 6779.73 11578.47 6760.64 11572.17 6745.10 11565.48 6740.37 11506.65 6760.51 11498.34 6798.55 11490.68 6810.05 11496.89
14 14647.24 14495.07 14626.80 14472.01 14597.81 14497.29 14566.95 14484.38 14585.43 14467.16 14548.40 14465.43 14564.92 14424.54 14570.22 14411.31 14584.06 14403.18 14619.44 14402.22 14623.15 14425.54 14622.08 14442.85 14662.83 14441.64 14664.41 14453.04
8 6534.85 8105.86 6525.50 8147.01 6501.28 8159.44 6488.05 8130.61 6480.25 8143.18 6465.86 8119.49 6447.62 8121.14 6456.33 8087.08
6 10490.35 9994.51 10472.01 10000.89 10443.01 10014.89 10447.25 10004.88 10439.92 9982.90 10488.70 9978.66
15 10867.49 4194.94 10873.49 4200.34 10871.36 4235.66 10866.39 4238.79 10860.89 4225.46 10843.78 4235.22 10821.79 4223.25 10820.08 4203.61 10833.68 4190.16 10819.52 4189.06 10837.07 4178.99 10794.23 4156.45 10822.47 4155.67 10846.24 4138.09 10886.21 4163.47
9 9245.48 11613.56 9314.52 11522.27 9343.58 11536.18 9373.15 11558.56 9382.97 11624.05 9363.45 11651.19 9321.01 11677.50 9272.90 11648.37 9247.08 11617.18
9 5059.63 5738.52 5067.38 5720.07 5118.83 5680.80 5132.36 5687.30 5160.29 5711.20 5171.89 5755.30 5132.70 5783.97 5102.41 5795.62 5071.46 5761.86
6 5572.08 8660.46 5657.00 8583.26 5717.77 8634.95 5707.25 8664.70 5670.27 8694.54 5582.14 8678.67
13 13266.08 12785.47 13242.42 12778.51 13266.44 12791.85 13224.05 12825.06 13158.96 12793.07 13169.74 12745.88 13208.70 12733.15 13207.12 12699.29 13217.63 12751.55 13221.27 12742.43 13252.26 12733.02 13259.56 12745.34 13239.89 12760.37
12 5626.98 10419.22 5631.79 10479.83 5622.80 10509.72 5617.11 10511.64 5588.00 10504.92 5565.79 10498.52 5526.35 10480.73 5529.85 10445.90 5533.90 10414.40 5540.07 10400.40 5602.45 10383.22 5618.59 10381.69
7 10728.66 2188.07 10744.74 2137.80 10786.45 2161.18 10799.13 2178.09 10790.90 2205.69 10757.05 2214.50 10731.91 2214.62
15 4736.91 12887.00 4773.57 12895.54 4778.43 12896.70 4762.59 12899.10 4766.02 12902.55 4745.18 12897.44 4730.21 12899.84 4755.14 12916.23 4770.30 12934.14 4698.97 12907.13 4682.22 12902.03 4641.80 12877.73 4678.69 12868.18 4653.44 12826.58 4680.62 12831.18
9 6194.15 3530.58 6203.07 3514.45 6225.37 3501.64 6234.99 3496.25 6254.45 3523.01 6256.24 3555.14 6232.96 3571.85 6213.36 3567.36 6203.34 3559.76
7 7843.47 11410.02 7816.11 11414.37 7803.30 11409.82 7781.00 11365.63 7762.07 11329.25 7880.49 11353.04 7874.27 11380.66
10 13978.08 15372.92 13969.23 15344.93 13949.86 15342.98 13935.14 15330.11 13925.85 15248.29 13959.53 15275.57 13961.54 15276.35 13984.23 15225.28 14020.10 15231.13 14024.49 15241.53
15 13692.55 5639.73 13687.76 5646.16 13683.89 5644.44 13680.10 5642.17 13660.27 5632.28 13664.27 5658.06 13616.76 5651.10 13602.58 5657.18 13596.88 5615.91 13597.88 5594.61 13626.09 5603.47 13623.68 5570.93 13646.73 5571.01 13679.57 5603.83 13704.30 5606.29
6 1768.62 9645.31 1754.07 9571.93 1759.48 9550.16 1797.80 9571.43 1792.14 9558.02 1832.53 9565.92
7 721.02 12104.61 732.80 12188.54 684.41 12206.22 638.21 12172.05 627.33 12141.42 654.96 12116.14 693.14 12107.47
9 1494.14 2372.25 1506.42 2334.05 1551.82 2326.91 1570.20 2340.02 1571.84 2379.80 1572.63 2400.76 1541.50 2411.87 1519.82 2411.35 1499.23 2380.82
15 12521.18 1817.95 12520.20 1843.05 12491.08 1829.19 12493.53 1841.53 12495.72 1850.51 12469.50 1870.07 12462.43 1864.40 12452.70 1827.95 12454.31 1823.63 12434.41 1825.15 12503.44 1775.42 12505.03 1790.98 12529.46 1791.61 12528.58 1804.59 12543.34 1804.29
10 11128.78 10437.65 11103.41 10465.14 11101.61 10481.91 11099.18 10505.11 11052.02 10478.76 11019.78 10470.74 11058.99 10417.29 11037.53 10393.80 11044.41 10377.37 11081.35 10366.34
9 3612.52 5921.73 3566.37 5882.77 3585.41 5835.63 3626.98 5823.11 3645.94 5828.59 3652.96 5841.91 3660.61 5869.77 3654.30 5895.93 3640.90 5911.06
5 6798.14 2998.11 6769.45 3036.65 6745.15 3007.02 6735.73 3018.66 6728.05 2957.91
8 3805.97 2107.88 3822.78 2157.04 3806.42 2177.09 3756.01 2202.52 3742.54 2175.61 3739.39 2120.07 3756.24 2104.77 3770.28 2102.17
13 3489.76 11848.19 3519.47 11882.67 3489.73 11866.07 3471.96 11891.29 3438.99 11880.46 3441.59 11843.18 3437.77 11844.89 3411.74 11854.06 3437.79 11833.72 3406.65 11816.53 3446.69 11753.09 3495.91 11772.19 3534.58 11808.97
9 13998.05 338.09 13953.71 321.28 13945.62 376.25 13902.75 353.27 13922.98 256.65 13928.89 279.08 13951.31 253.45 13952.12 286.85 13965.40 277.84
6 4132.15 11251.34 4093.86 11260.61 4105.16 11237.72 4124.28 11218.40 4155.76 11221.78 4149.90 11240.96
11 12546.92 3540.13 12527.95 3584.05 12495.18 3578.96 12470.13 3572.95 12463.33 3548.17 12462.81 3534.84 12467.54 3526.21 12476.34 3516.16 12486.12 3508.56 12492.07 3508.56 12530.30 3511.96
10 12191.30 1558.79 12196.60 1579.18 12163.65 1544.43 12172.25 1527.33 12173.83 1522.91 12176.63 1519.95 12167.12 1483.12 12178.42 1517.00 12185.10 1511.43 12186.30 1524.19
8 7526.64 7090.81 7523.80 7121.54 7510.54 7110.15 7467.44 7069.83 7489.98 7079.17 7488.63 7078.00 7509.19 7077.11 7509.31 7078.24
7 12371.36 1807.85 12349.26 1755.40 12380.61 1728.64 12392.51 1726.76 12452.79 1746.31 12448.10 1784.18 12441.57 1789.50
9 742.15 6023.13 693.16 5980.68 704.37 5927.75 747.70 5920.83 782.30 5928.71 788.86 5934.57 794.26 5966.75 786.88 6004.43 769.03 6016.87
8 12041.13 15226.77 12003.13 15139.18 12010.61 15119.70 12034.53 15087.02 12114.00 15095.27 12128.77 15116.89 12142.02 15150.78 12087.72 15201.48
10 15309.85 14409.71 15309.55 14367.40 15351.16 14351.27 15354.69 14352.32 15370.09 14357.94 15388.71 14372.26 15380.80 14395.38 15374.12 14413.58 15354.46 14423.50 15318.96 14419.84
6 11714.98 3196.62 11693.14 3246.88 11614.94 3176.86 11694.51 3138.84 11686.69 3174.19 11714.32 3165.96
6 9645.12 374.39 9638.29 374.92 9616.86 372.77 9607.22 361.70 9628.69 362.13 9628.79 358.43
6 14938.80 4882.99 14920.24 4937.82 14879.34 4933.35 14851.23 4924.92 14844.09 4892.27 14923.06 4848.22
11 2570.40 5180.14 2536.31 5187.91 2514.86 5223.40 2512.68 5231.33 2517.00 5192.42 2504.87 5187.25 2504.30 5184.34 2500.19 5184.64 2469.55 5189.44 2515.06 5160.63 2519.91 5159.06
9 1552.57 8102.16 1578.19 8110.58 1564.29 8139.11 1512.99 8125.46 1492.21 8133.21 1497.07 8005.33 1497.70 8011.33 1520.31 8034.98 1534.79 8068.01
15 11092.75 10843.07 11101.33 10869.90 11055.99 10850.64 11057.36 10837.02 11065.01 10829.68 11062.94 10825.61 11073.86 10828.35 11058.43 10814.81 11075.33 10827.65 11070.58 10808.69 11080.50 10795.24 11095.34 10793.02 11106.56 10816.00 11094.77 10829.98 11108.55 10826.61
12 992.48 13338.91 1004.27 13361.77 982.27 13339.10 984.71 13355.35 990.32 13370.53 971.23 13372.90 963.86 13342.21 910.69 13329.43 956.09 13313.85 932.92 13266.48 982.50 13313.05 996.32 13310.30
9 13973.17 4575.58 13950.33 4560.87 13954.02 4551.18 13961.57 4531.74 13978.27 4497.09 14008.62 4490.98 14009.62 4494.76 14018.96 4543.51 14006.29 4559.11
6 10961.23 1443.74 10957.46 1397.15 10977.36 1392.95 10984.97 1390.21 10987.05 1381.47 10987.35 1392.84
9 14386.83 476.21 14375.65 459.84 14351.93 458.17 14332.02 430.19 14322.73 408.56 14313.60 353.29 14352.60 360.09 14391.69 367.15 14416.48 400.42
10 12437.42 1969.49 12460.53 2010.92 12453.93 2030.02 12440.15 2054.45 12369.89 2039.81 12361.73 2030.47 12362.88 2016.21 12371.47 1980.09 12403.08 1951.85 12405.76 1950.64
7 5855.03 7914.73 5821.49 7853.82 5832.10 7821.28 5850.85 7815.57 5883.21 7819.81 5895.81 7823.03 5883.20 7908.97
9 10905.13 10789.20 10825.73 10740.38 10829.63 10653.19 10833.95 10647.25 10867.91 10629.11 10932.66 10640.83 10967.27 10672.50 10964.77 10719.57 10959.39 10744.77
6 12982.38 8731.03 12919.21 8752.49 12924.61 8708.84 12936.44 8716.15 12931.08 8705.37 12941.53 8709.54
6 7410.61 2570.29 7456.35 2624.22 7431.77 2657.41 7400.25 2655.14 7387.66 2609.82 7393.23 2588.68
9 12518.46 8542.15 12489.79 8544.64 12455.51 8591.34 12418.63 8557.76 12391.78 8563.30 12467.43 8492.43 12464.25 8514.37 12504.20 8488.19 12486.07 8513.93
8 10725.47 1030.97 10703.69 1038.76 10715.65 1010.94 10714.53 1007.26 10704.06 982.32 10724.86 955.53 10727.85 983.04 10759.26 970.32
11 9337.31 13185.88 9373.14 13251.30 9364.36 13299.33 9347.12 13311.40 9311.61 13320.81 9266.50 13299.88 9244.42 13271.58 9239.28 13248.62 9258.85 13203.75 9283.69 13195.61 9319.79 13188.07
9 12382.93 9095.09 12368.55 9115.95 12348.34 9092.29 12347.96 9088.99 12359.99 9079.65 12365.18 9076.42 12384.62 9081.91 12375.58 9087.27 12380.67 9086.26
8 5801.61 10472.32 5843.20 10446.76 5852.81 10448.11 5890.87 10467.47 5890.77 10474.61 5872.39 10511.58 5831.39 10529.42 5815.48 10522.20
15 2296.73 8646.14 2284.28 8636.74 2247.65 8641.30 2255.51 8626.31 2239.76 8612.95 2249.40 8606.54 2252.68 8605.48 2249.65 8591.92 2304.07 8582.27 2296.89 8610.99 2313.06 8590.68 2302.77 8609.12 2304.27 8608.10 2318.24 8595.64 2305.85 8612.06
11 10061.43 15374.14 10025.68 15416.46 10009.70 15415.80 9969.92 15398.35 9952.63 15385.89 9958.34 15356.70 9971.22 15316.87 10014.74 15320.82 10016.21 15321.52 10028.93 15330.32 10047.78 15350.56
11 2762.08 7369.01 2758.04 7428.65 2731.59 7384.66 2725.17 7382.85 2713.18 7384.83 2721.33 7357.04 2676.84 7346.10 2728.31 7352.01 2676.86 7324.21 2737.36 7281.35 2760.61 7316.03
8 13226.21 6838.91 13241.58 6811.88 13258.98 6817.01 13287.75 6862.81 13292.31 6873.45 13286.84 6887.21 13261.23 6887.78 13229.89 6881.78
9 2725.17 3977.58 2728.83 3894.96 2787.99 3879.44 2881.42 3908.50 2898.40 3951.13 2867.11 4014.54 2836.54 4022.63 2810.74 4025.50 2747.73 4009.89
7 9913.06 2115.05 9888.93 2051.06 9900.20 2040.62 9925.67 2026.78 9992.37 2006.91 10021.47 2018.45 10014.62 2066.07
10 3869.92 13989.16 3844.86 13975.09 3873.07 13943.38 3858.83 13944.41 3863.40 13941.46 3834.54 13941.03 3866.64 13919.55 3868.95 13876.68 3889.02 13878.31 3910.31 13915.57
12 15034.36 4310.39 15029.29 4330.18 15008.50 4344.46 14999.34 4302.54 14984.43 4365.84 14969.41 4322.27 14915.73 4310.55 14958.62 4265.58 14930.82 4245.62 14968.38 4248.65 14994.17 4238.19 15048.45 4204.88
8 9507.91 12406.46 9493.63 12376.42 9469.68 12353.59 9509.57 12330.10 9509.41 12316.38 9521.76 12317.79 9553.28 12350.10 9538.25 12373.61
9 1484.99 560.30 1449.38 525.02 1456.92 504.23 1476.31 451.37 1493.46 446.87 1577.98 477.74 1579.04 513.99 1578.73 516.47 1561.66 552.89
6 4984.42 3691.46 5061.66 3673.90 5062.10 3744.50 5029.95 3762.99 4988.96 3741.65 4987.73 3732.30
13 13301.76 3810.77 13303.04 3835.72 13272.03 3835.10 13255.29 3833.09 13271.60 3815.24 13268.67 3805.16 13252.18 3794.00 13284.92 3771.52 13293.57 3778.65 13297.56 3791.89 13291.09 3798.41 13312.37 3785.47 13301.10 3800.09
10 13083.18 3813.88 13068.06 3825.14 13041.99 3839.42 13009.09 3840.08 12956.45 3785.37 12986.09 3767.05 13008.97 3774.59 13004.86 3768.84 12965.81 3733.27 13076.19 3756.60
10 932.60 7308.02 979.77 7243.53 999.08 7234.47 1022.77 7230.51 1034.34 7235.39 1049.23 7268.29 1065.21 7304.84 1045.80 7340.31 1011.06 7356.58 962.10 7334.05
6 14765.63 6471.25 14738.64 6512.75 14698.40 6433.66 14692.93 6405.35 14718.71 6425.62 14755.56 6443.23
7 7449.18 10768.50 7477.25 10777.53 7468.63 10838.52 7452.66 10843.88 7426.95 10835.74 7388.58 10819.80 7401.14 10792.38
9 9519.57 9723.87 9455.49 9654.01 9466.37 9626.60 9488.38 9601.72 9529.12 9611.74 9549.24 9624.87 9560.43 9652.18 9565.24 9669.92 9565.86 9674.71
12 6614.74 8525.36 6634.86 8497.76 6682.48 8499.96 6684.49 8508.00 6690.72 8543.37 6689.28 8547.79 6683.75 8560.92 6653.81 8578.85 6651.05 8579.00 6635.46 8576.56 6610.04 8557.78 6610.63 8537.23
10 866.01 3907.12 866.20 3924.40 856.82 3935.10 834.91 3906.12 821.21 3865.33 845.57 3865.60 869.95 3846.62 863.32 3884.65 873.45 3877.71 889.04 3867.40
11 2506.54 5504.37 2515.96 5483.85 2544.92 5470.58 2553.12 5471.74 2563.68 5475.18 2584.13 5513.56 2586.63 5523.99 2571.38 5533.51 2524.29 5547.00 2509.64 5528.90 2508.69 5526.91
7 627.89 4291.51 584.01 4323.78 558.13 4311.69 552.32 4301.48 566.40 4266.88 601.70 4256.89 616.66 4257.72
9 1744.02 8911.45 1687.33 8988.27 1625.00 8944.08 1612.75 8913.03 1623.44 8880.38 1664.94 8874.29 1690.30 8873.48 1731.90 8876.55 1741.61 8895.95
9 14766.49 11475.97 14785.08 11458.13 14801.43 11453.18 14805.44 11456.25 14814.05 11465.98 14830.31 11507.50 14813.28 11517.70 14786.10 11523.27 14776.65 11509.29
9 8653.74 3873.37 8680.39 3964.48 8655.03 4010.66 8640.79 4012.93 8632.28 4011.44 8586.74 3994.42 8583.19 3919.94 8584.22 3897.62 8602.25 3872.69
11 4829.87 3468.25 4829.26 3510.23 4823.81 3505.14 4811.60 3509.71 4750.40 3490.71 4745.97 3424.95 4745.89 3414.15 4772.18 3428.81 4781.30 3415.75 4817.23 3409.10 4815.51 3414.97
11 7874.09 3665.62 7870.47 3668.79 7866.96 3681.86 7854.62 3687.28 7852.05 3695.23 7844.65 3676.83 7826.49 3667.96 7827.30 3664.39 7837.00 3661.65 7836.55 3640.31 7840.92 3642.60
7 1084.62 9330.04 987.40 9309.01 1002.24 9304.08 1003.35 9302.32 1029.30 9244.37 1072.24 9280.22 1087.06 9293.73
8 12954.88 6283.22 12910.36 6257.72 12948.88 6211.73 12964.73 6195.28 12979.91 6193.28 12999.90 6217.81 12985.61 6266.69 12968.93 6286.29
7 8108.58 2798.24 8129.37 2733.36 8184.26 2747.69 8188.80 2765.31 8193.52 2810.93 8134.36 2836.59 8122.48 2825.78
6 1818.06 4447.87 1758.91 4461.79 1742.38 4463.33 1737.42 4465.98 1724.04 4462.23 1748.90 4410.77
6 4724.46 12327.15 4687.61 12369.34 4653.20 12356.19 4653.05 12353.93 4657.66 12339.89 4704.11 12313.19
14 5918.93 2881.23 5940.19 2918.26 5914.90 2893.70 5931.16 2919.87 5857.76 2923.55 5874.38 2881.86 5868.98 2874.39 5906.19 2807.21 5899.13 2851.23 5920.32 2801.08 5937.66 2845.00 5937.30 2845.57 5950.06 2838.11 5944.27 2869.12
8 1709.56 11126.62 1699.62 11076.83 1711.32 11053.50 1718.27 11052.12 1759.05 11070.24 1765.06 11081.51 1771.98 11104.77 1757.67 11112.81
6 2942.31 4456.57 2923.70 4430.44 2971.83 4366.84 2999.73 4379.83 2997.17 4430.55 2965.72 4448.67
13 13818.15 6744.04 13820.18 6747.40 13817.34 6748.52 13806.29 6745.11 13805.48 6745.62 13800.52 6745.60 13792.76 6739.75 13759.96 6764.86 13761.85 6750.50 13749.90 6747.90 13773.72 6695.34 13808.97 6704.09 13804.36 6725.33
5 11781.07 9503.89 11755.01 9538.78 11731.34 9486.32 11772.31 9465.50 11834.92 9437.70
6 7552.27 4926.14 7556.16 4934.63 7489.05 4935.21 7517.39 4888.86 7551.06 4880.32 7556.90 4903.75
7 15181.39 9472.97 15158.90 9514.36 15114.53 9529.70 15095.34 9515.42 15130.32 9447.89 15133.87 9445.33 15160.44 9455.60
7 4760.42 5778.06 4776.30 5799.95 4758.75 5813.00 4722.03 5760.84 4715.61 5729.29 4732.36 5752.80 4725.69 5743.01
9 12507.26 10637.80 12557.02 10686.20 12544.17 10714.98 12515.60 10749.29 12493.65 10747.52 12485.57 10740.08 12455.25 10712.02 12452.66 10676.17 12454.65 10663.77
8 4365.35 3922.33 4315.07 3940.82 4291.60 3943.81 4307.47 3813.42 4335.94 3861.19 4362.99 3839.07 4341.73 3869.08 4326.67 3883.31
10 12291.65 15053.64 12284.99 15070.33 12283.81 15076.93 12246.77 14985.81 12254.74 15002.87 12271.30 15024.82 12315.81 15041.08 12289.96 15047.12 12312.27 15047.11 12315.82 15048.90
12 14365.36 11397.97 14334.06 11407.76 14305.65 11385.14 14286.22 11383.76 14304.62 11378.71 14272.07 11377.10 14279.11 11373.87 14297.57 11320.61 14330.93 11323.68 14334.74 11319.69 14331.41 11354.33 14345.72 11348.69
8 14177.47 7215.79 14153.08 7292.61 14101.61 7285.81 14079.00 7230.01 14118.45 7162.88 14124.25 7162.85 14150.89 7179.14 14157.12 7185.88
9 7085.20 4475.64 7121.09 4449.45 7195.25 4484.75 7228.14 4529.12 7228.73 4541.41 7191.37 4607.80 7160.89 4614.74 7126.42 4614.97 7087.90 4536.75
7 6172.89 2850.22 6146.08 2827.23 6165.41 2802.47 6165.27 2799.60 6175.27 2804.89 6199.55 2790.68 6230.82 2801.49
14 806.53 7418.95 768.10 7414.15 768.56 7398.03 797.46 7379.79 791.58 7375.36 782.11 7365.30 771.80 7360.92 769.78 7349.49 787.19 7346.96 815.16 7332.60 817.44 7342.12 838.91 7331.10 850.25 7309.21 894.42 7346.41
11 426.68 3075.53 420.21 3056.69 429.26 3048.08 467.86 3023.89 489.12 3021.09 498.56 3021.87 522.07 3037.30 522.32 3052.18 518.63 3082.22 458.69 3100.07 434.85 3082.40
13 14321.03 12758.28 14319.30 12766.89 14281.82 12809.35 14261.58 12785.31 14246.14 12795.66 14249.39 12840.44 14243.41 12795.13 14177.63 12726.90 14221.81 12698.99 14254.62 12720.48 14251.69 12728.24 14282.93 12697.37 14310.93 12717.34
8 12638.80 13727.74 12636.47 13701.48 12663.49 13663.40 12695.31 13658.43 12716.18 13665.48 12727.19 13678.02 12729.21 13721.99 12687.06 13736.39
5 4833.28 9847.23 4822.26 9859.78 4764.06 9862.80 4761.42 9857.03 4820.48 9816.97
9 5800.39 2097.30 5787.38 2050.31 5794.08 2037.34 5830.70 2015.87 5851.62 2020.63 5869.31 2044.51 5864.95 2086.47 5860.77 2096.50 5833.90 2099.56
13 13768.13 5259.11 13761.38 5260.63 13773.73 5285.39 13732.68 5275.11 13718.34 5271.01 13708.00 5260.12 13722.91 5250.16 13710.44 5236.60 13726.15 5245.42 13724.30 5229.74 13766.68 5217.35 13762.36 5229.91 13764.30 5246.92
10 6152.39 3980.00 6130.64 3946.88 6135.14 3935.10 6146.03 3927.77 6159.41 3921.74 6177.29 3914.43 6199.14 3929.64 6223.69 3955.03 6221.63 3979.30 6220.96 3982.75
9 2548.86 926.36 2517.32 902.56 2506.78 904.49 2502.18 948.37 2467.80 913.48 2464.02 868.95 2474.23 872.61 2471.42 861.83 2521.60 857.16
10 5927.36 8702.18 5977.73 8634.88 6029.37 8645.62 6071.33 8691.42 6077.31 8701.25 6066.21 8758.30 5958.40 8754.70 5938.61 8739.15 5931.46 8731.12 5928.32 8721.67
11 9408.43 8859.50 9490.04 8847.36 9523.93 8887.97 9535.07 8909.08 9532.88 8919.47 9492.23 8973.03 9480.14 8977.96 9462.47 8977.17 9426.64 8964.82 9396.80 8952.79 9404.90 8884.98
