Medium_750_A
6141.12 6084.78
5995.75 1455.26
4 0.00 0.00 11200.00 0.00 11200.00 11200.00 0.00 11200.00
750
9 6248.45 7393.36 6227.20 7355.73 6237.94 7308.52 6265.59 7279.92 6313.85 7269.88 6341.29 7269.79 6385.61 7333.29 6353.56 7398.91 6315.39 7415.37
8 10187.34 1849.63 10209.59 1891.61 10209.18 1896.32 10195.94 1923.19 10166.88 1931.99 10144.56 1910.28 10134.09 1864.47 10166.95 1852.02
7 712.51 6733.45 713.33 6643.09 780.49 6623.04 795.95 6662.76 808.06 6726.14 793.14 6766.10 752.86 6774.36
9 2993.10 549.13 3031.11 467.06 3100.10 447.75 3148.68 477.80 3163.55 558.33 3129.87 615.34 3111.69 623.02 3052.78 626.11 3032.28 616.44
11 5935.14 8452.23 5926.62 8491.24 5920.04 8497.76 5904.32 8494.76 5887.64 8488.30 5875.57 8480.49 5868.19 8471.25 5877.44 8455.48 5891.83 8434.04 5904.41 8422.47 5935.10 8444.52
12 2472.39 10510.15 2454.86 10529.27 2407.45 10513.22 2399.63 10510.02 2392.19 10498.57 2401.96 10483.67 2420.55 10465.17 2428.31 10462.05 2449.87 10458.55 2460.24 10467.59 2466.46 10478.63 2470.87 10499.10
11 6246.15 2755.40 6292.33 2689.01 6329.94 2687.22 6353.29 2692.45 6375.00 2716.07 6402.73 2761.93 6416.95 2807.66 6416.76 2837.67 6315.62 2863.75 6306.68 2859.53 6248.20 2784.72
10 8471.26 454.79 8485.15 415.34 8509.66 407.78 8537.81 400.55 8576.13 430.97 8578.82 480.66 8552.88 517.18 8490.08 517.27 8476.17 514.89 8471.34 468.38
7 6160.70 9870.10 6198.39 9906.75 6189.87 9933.12 6148.09 9934.36 6122.46 9930.17 6108.72 9892.25 6135.89 9871.49
9 6321.65 4045.87 6341.12 3992.31 6376.47 3952.82 6425.34 3973.20 6443.67 3993.83 6497.41 4057.07 6455.53 4113.84 6433.67 4127.66 6403.85 4120.35
9 1201.31 1164.26 1253.24 1103.51 1317.94 1109.36 1342.40 1133.37 1354.71 1177.54 1354.21 1249.30 1332.32 1262.97 1299.77 1268.34 1223.60 1252.95
7 6316.03 8815.93 6369.85 8872.85 6323.46 8959.31 6264.39 8964.66 6225.55 8939.67 6214.33 8931.56 6225.37 8829.39
8 317.67 9684.66 360.55 9668.29 375.37 9672.81 396.61 9699.27 386.31 9727.39 340.79 9759.32 327.42 9755.00 319.36 9713.33
10 3551.69 1772.47 3568.97 1746.68 3601.51 1730.65 3613.75 1740.06 3622.86 1750.97 3636.42 1768.55 3637.43 1774.24 3633.35 1788.33 3603.27 1810.47 3570.62 1803.04
8 7585.23 3774.63 7646.55 3743.94 7666.70 3751.53 7692.70 3802.40 7691.52 3831.92 7645.72 3844.79 7615.31 3842.08 7591.19 3835.33
7 3251.21 7357.45 3277.61 7277.99 3373.13 7287.75 3388.74 7300.81 3409.97 7329.16 3386.61 7392.90 3335.70 7401.92
6 9074.00 5083.94 9105.23 5079.89 9122.26 5104.84 9111.50 5120.79 9091.10 5139.36 9075.04 5130.25
6 4055.36 2808.69 4028.55 2869.02 3991.66 2855.72 3982.98 2824.28 3999.33 2790.23 4012.26 2783.67
12 2146.45 1114.87 2106.10 1087.09 2092.70 1070.35 2082.20 1045.55 2109.19 1028.92 2126.71 1020.24 2136.09 1018.02 2159.27 1020.32 2184.77 1055.21 2178.91 1074.13 2167.96 1096.89 2159.85 1106.80
10 772.93 6981.88 798.40 6931.17 826.76 6937.50 836.43 6948.41 842.70 6962.10 846.51 6980.80 829.18 6994.00 793.26 7007.16 779.06 7006.64 776.47 7003.74
11 3694.49 9790.79 3695.21 9789.01 3739.13 9707.53 3773.57 9714.19 3809.78 9726.10 3862.78 9753.01 3865.41 9763.03 3857.47 9807.24 3832.50 9851.12 3744.31 9857.18 3699.18 9817.84
7 2498.20 4193.38 2532.73 4257.93 2520.84 4280.15 2462.10 4305.36 2422.30 4272.72 2403.09 4235.96 2419.16 4221.55
8 6275.30 1161.64 6283.66 1174.28 6277.05 1184.04 6242.99 1226.75 6224.12 1198.57 6220.73 1184.41 6219.56 1159.75 6228.52 1159.63
6 3771.44 9339.76 3813.08 9300.68 3881.63 9395.45 3853.18 9414.39 3820.55 9425.36 3779.35 9387.33
9 10760.87 9074.29 10751.83 9038.16 10767.64 9017.80 10820.29 8990.56 10822.16 8991.45 10869.65 9017.60 10896.55 9049.90 10861.31 9106.72 10789.12 9129.29
9 5719.18 2082.54 5674.67 2157.09 5663.52 2156.78 5621.11 2135.84 5602.46 2092.50 5601.71 2045.36 5608.91 2015.11 5690.12 1989.06 5718.72 2077.97
10 5884.29 2244.98 5849.21 2161.02 5872.92 2127.63 5883.24 2119.77 5916.19 2108.61 5930.85 2110.94 5963.40 2125.68 5970.98 2141.19 5949.75 2226.51 5887.14 2245.21
8 5485.90 9988.22 5538.58 9953.70 5565.93 9953.45 5609.37 9994.05 5617.87 10051.14 5608.42 10097.34 5593.26 10108.14 5500.40 10041.04
9 1979.77 10303.85 2006.14 10254.23 2026.25 10233.57 2052.29 10223.48 2069.21 10250.31 2093.53 10335.32 2088.44 10361.03 2047.49 10364.98 1991.18 10314.28
9 10395.14 5629.69 10410.19 5653.63 10404.93 5666.21 10385.08 5703.53 10379.77 5711.03 10317.22 5674.39 10301.61 5652.59 10307.95 5648.53 10335.99 5632.79
7 7331.23 10601.68 7351.61 10624.09 7348.78 10633.78 7328.61 10662.67 7318.61 10657.58 7282.88 10636.25 7291.72 10609.69
7 10935.46 7207.56 10886.64 7283.34 10815.09 7226.05 10788.40 7163.84 10832.44 7118.00 10901.64 7104.51 10913.01 7136.90
13 1288.37 3144.65 1327.78 3122.87 1357.16 3135.68 1359.65 3137.09 1363.91 3149.21 1360.84 3161.78 1345.01 3191.69 1334.59 3204.17 1331.83 3204.71 1303.59 3205.15 1275.36 3178.35 1274.69 3176.60 1275.42 3173.48
12 2223.23 7992.76 2165.60 7967.55 2152.31 7923.16 2148.46 7884.18 2158.11 7865.72 2203.99 7849.60 2232.37 7842.01 2272.70 7841.86 2300.22 7899.99 2310.78 7930.75 2261.29 7970.86 2243.75 7984.37
11 10498.73 7978.72 10515.68 7939.75 10575.44 7952.42 10591.46 7957.07 10604.65 7985.76 10604.93 7994.18 10595.06 8011.45 10577.41 8023.37 10549.93 8036.51 10519.92 8038.79 10519.00 8036.25
8 887.52 5352.48 967.86 5402.73 949.97 5501.27 892.24 5516.13 859.32 5492.30 825.68 5463.36 849.05 5411.17 885.46 5353.66
8 8322.53 8322.86 8306.47 8271.66 8310.60 8259.67 8353.52 8228.51 8384.03 8239.45 8429.20 8268.52 8398.88 8341.13 8367.75 8347.68
11 3498.05 5671.59 3522.25 5723.65 3521.78 5727.95 3517.79 5746.91 3476.71 5758.49 3443.72 5748.38 3438.83 5746.80 3426.92 5721.84 3425.89 5673.85 3441.02 5657.12 3445.94 5656.00
8 4284.64 10187.81 4239.44 10120.50 4254.39 10080.37 4326.64 10043.06 4359.72 10056.90 4380.53 10104.31 4392.48 10176.78 4314.85 10196.53
7 1507.28 3035.65 1533.55 2988.60 1567.32 3003.97 1584.09 3014.15 1568.32 3038.48 1558.28 3046.60 1523.56 3040.40
6 7883.97 3541.36 7936.26 3589.28 7927.29 3617.26 7887.04 3649.44 7823.70 3662.83 7831.80 3565.49
6 8945.34 9557.62 8875.21 9620.53 8802.95 9569.41 8786.62 9541.93 8818.36 9515.21 8860.58 9508.58
8 6258.70 3800.63 6271.36 3761.92 6291.88 3769.54 6312.18 3790.53 6308.14 3808.92 6296.13 3836.58 6269.62 3838.88 6265.35 3824.26
6 5500.91 6135.03 5407.20 6081.08 5437.17 6020.07 5450.69 6009.90 5549.67 6055.31 5541.59 6078.12
11 2847.88 10474.88 2817.47 10542.52 2779.61 10561.12 2771.52 10560.71 2732.81 10531.62 2730.05 10526.17 2728.40 10499.43 2742.49 10475.17 2759.05 10458.48 2783.26 10450.71 2836.04 10465.54
9 5445.95 4102.51 5475.60 4063.52 5484.13 4064.85 5520.54 4071.92 5537.62 4100.46 5536.67 4120.31 5521.03 4142.78 5485.19 4164.20 5462.74 4132.15
9 3707.84 10014.00 3723.41 10136.79 3712.61 10175.65 3653.32 10185.60 3594.69 10127.45 3588.13 10083.90 3596.57 10052.97 3612.95 10023.01 3654.17 10014.72
8 4432.70 7797.47 4477.30 7869.48 4472.01 7897.91 4394.37 7939.15 4349.64 7930.63 4348.24 7904.65 4346.37 7861.32 4364.22 7804.03
10 7903.13 8343.83 7868.72 8330.84 7848.28 8315.47 7815.22 8281.59 7824.12 8252.47 7884.13 8251.41 7898.73 8253.62 7945.14 8275.71 7950.92 8285.75 7936.65 8339.35
8 5628.98 8896.78 5661.83 8851.26 5722.56 8843.71 5768.59 8892.85 5770.94 8921.96 5768.73 8944.77 5717.25 8979.48 5638.99 8964.79
9 8087.76 692.77 8072.92 716.76 8021.80 714.13 8011.55 705.99 8017.58 685.17 8018.00 683.87 8039.44 640.08 8062.85 646.96 8073.31 665.70
10 1924.66 5480.97 1874.00 5479.76 1861.31 5459.63 1848.49 5423.63 1847.71 5386.65 1895.64 5372.86 1933.75 5378.05 1954.78 5423.74 1947.82 5450.24 1940.70 5465.95
8 6528.50 7454.74 6506.55 7419.04 6523.05 7392.42 6531.75 7390.03 6557.57 7407.73 6571.18 7419.27 6565.65 7441.06 6556.20 7459.31
11 10793.34 5951.95 10795.06 5994.32 10769.03 6040.20 10760.01 6046.35 10744.89 6039.32 10713.64 6022.35 10682.31 5998.59 10691.69 5962.69 10703.64 5949.41 10714.93 5943.87 10773.22 5924.56
9 1968.43 9818.02 2004.64 9853.61 2000.19 9865.67 1987.95 9887.95 1971.14 9889.59 1944.01 9883.23 1925.13 9874.00 1918.91 9835.63 1952.21 9823.60
9 937.53 3141.84 936.14 3118.80 941.23 3099.77 951.94 3060.30 988.65 3065.15 1009.70 3072.96 1013.79 3076.58 1011.77 3108.74 1000.82 3147.44
8 9334.54 3590.36 9367.84 3625.95 9361.50 3642.96 9350.76 3658.84 9341.80 3664.81 9292.70 3652.74 9276.11 3617.21 9299.16 3597.04
10 10115.36 10733.10 10116.97 10707.24 10130.46 10692.90 10153.90 10681.83 10176.71 10687.87 10184.87 10695.79 10192.85 10724.02 10181.08 10747.13 10148.86 10765.16 10127.74 10751.27
9 10834.52 10670.46 10780.63 10599.31 10782.03 10562.05 10806.59 10535.33 10868.94 10537.35 10881.60 10543.15 10939.20 10614.48 10908.95 10668.64 10870.23 10690.39
11 2768.32 8671.23 2795.60 8662.82 2812.89 8678.15 2816.89 8683.20 2821.74 8701.85 2819.40 8711.75 2813.22 8727.76 2793.03 8737.89 2763.06 8727.48 2758.69 8703.77 2764.75 8678.58
11 1708.74 10750.83 1684.67 10837.31 1626.40 10851.83 1591.68 10839.41 1581.20 10834.77 1569.83 10829.72 1549.56 10798.35 1555.13 10751.79 1596.59 10701.83 1608.08 10699.72 1683.45 10714.49
6 4937.18 4053.73 4950.33 4152.96 4919.84 4178.55 4882.46 4172.48 4854.87 4122.34 4869.64 4077.31
8 739.73 1830.08 840.70 1788.99 866.65 1795.83 897.46 1838.58 890.54 1905.05 839.72 1938.40 794.61 1911.05 744.42 1858.44
7 3890.85 10383.94 3920.74 10334.88 3954.37 10337.85 3983.42 10367.47 3992.27 10390.17 3959.94 10437.00 3894.13 10398.88
9 7060.25 5787.27 7053.69 5762.40 7060.98 5744.73 7080.19 5736.08 7112.57 5744.37 7142.34 5759.50 7144.54 5797.87 7109.71 5811.97 7077.43 5821.13
8 205.40 908.09 256.60 867.82 285.07 856.26 312.08 890.63 326.25 949.13 276.92 978.63 234.81 966.96 214.93 951.42
11 8710.10 3301.52 8689.89 3395.76 8659.66 3405.37 8634.63 3404.15 8589.87 3391.23 8572.69 3357.24 8554.28 3297.76 8571.74 3278.45 8626.09 3239.77 8677.75 3244.36 8691.14 3253.74
7 10380.36 4944.61 10362.49 5036.72 10307.82 5022.37 10262.44 5002.05 10264.11 4975.78 10293.92 4910.22 10325.25 4903.18
6 9820.24 272.75 9906.01 277.49 9931.69 300.81 9867.28 374.08 9853.88 377.72 9835.85 361.12
10 6867.84 10169.36 6835.26 10116.24 6843.42 10078.96 6881.63 10049.67 6902.23 10049.67 6931.62 10058.87 6955.42 10081.41 6961.37 10093.60 6941.35 10131.63 6892.00 10159.39
11 3869.51 1557.39 3893.68 1619.76 3873.31 1641.21 3852.17 1657.20 3830.40 1655.77 3825.28 1654.40 3820.66 1652.45 3793.63 1590.97 3792.69 1572.40 3811.39 1560.68 3845.76 1549.06
12 10541.38 10603.95 10567.81 10598.73 10607.44 10616.22 10626.24 10696.69 10612.46 10718.68 10577.19 10733.13 10541.05 10730.50 10528.49 10703.85 10524.90 10684.82 10523.00 10663.04 10521.60 10644.18 10522.53 10629.47
10 5270.88 9103.56 5286.42 9098.68 5302.09 9100.41 5322.42 9129.30 5320.46 9157.37 5298.18 9165.91 5284.02 9169.65 5256.44 9164.96 5247.34 9143.10 5248.84 9136.27
8 7925.49 212.93 7857.83 211.66 7849.69 160.27 7841.62 96.05 7913.26 107.81 7952.56 114.91 7968.71 148.06 7967.34 170.45
13 617.28 10213.58 608.44 10185.32 618.84 10166.41 633.77 10148.11 639.81 10144.26 692.95 10177.33 700.61 10187.08 698.98 10195.59 689.26 10210.80 675.98 10227.43 647.76 10233.12 643.16 10232.98 630.55 10225.37
7 9613.39 3860.09 9547.54 3942.06 9497.05 3904.98 9464.81 3873.37 9522.95 3800.59 9548.37 3784.25 9581.77 3793.03
8 6541.83 8975.81 6640.11 8880.12 6661.09 8883.93 6702.69 8959.62 6707.97 8982.77 6656.95 9056.41 6585.39 9017.26 6553.88 8989.88
7 10746.49 10098.16 10774.74 10095.64 10793.28 10179.66 10794.48 10193.36 10786.68 10203.90 10723.79 10178.82 10727.73 10142.52
9 2244.16 1752.79 2183.15 1689.69 2212.89 1661.61 2229.08 1660.52 2270.16 1674.69 2285.97 1686.77 2299.66 1700.57 2292.71 1729.30 2286.57 1738.72
8 4653.48 10181.98 4659.77 10149.43 4706.43 10133.04 4715.92 10130.22 4765.74 10131.60 4752.68 10237.49 4729.50 10240.67 4671.36 10229.85
7 10158.61 2631.48 10129.24 2564.33 10134.42 2525.21 10152.90 2511.05 10254.01 2512.75 10272.76 2531.29 10282.95 2560.50
7 134.99 6800.24 165.97 6712.46 179.24 6722.21 261.38 6817.73 238.80 6830.06 192.01 6842.97 147.25 6815.90
9 1104.80 2429.45 1175.14 2373.62 1202.83 2379.31 1227.12 2396.02 1245.30 2415.27 1246.90 2447.58 1228.78 2499.56 1114.15 2481.85 1110.72 2476.02
10 3575.30 2829.83 3542.06 2856.04 3519.05 2850.52 3460.96 2820.31 3440.36 2808.76 3444.56 2790.64 3503.91 2720.85 3519.89 2721.60 3555.95 2730.55 3568.54 2770.66
9 8316.70 2293.65 8354.39 2358.25 8342.87 2396.22 8326.85 2411.79 8262.07 2403.90 8235.62 2400.57 8238.34 2342.03 8251.06 2305.92 8282.09 2297.73
9 1041.73 6910.68 1046.76 6898.84 1078.89 6871.35 1081.34 6872.22 1110.85 6919.49 1109.74 6934.15 1074.13 6947.62 1048.54 6925.93 1042.34 6914.10
7 9383.71 10640.96 9335.42 10594.53 9354.63 10552.97 9375.87 10546.04 9410.01 10546.79 9426.01 10563.45 9426.84 10616.11
8 5442.92 10858.53 5449.95 10803.50 5501.94 10800.14 5525.83 10811.63 5545.23 10844.15 5523.88 10879.73 5461.11 10881.97 5444.00 10861.10
8 467.87 4683.49 498.12 4652.00 518.00 4664.75 543.80 4694.43 537.24 4717.06 530.64 4729.12 487.00 4715.34 472.79 4699.33
9 9639.67 6887.46 9533.54 6934.71 9516.61 6932.83 9458.52 6875.70 9474.65 6819.07 9506.81 6791.73 9551.46 6779.41 9606.26 6805.17 9633.86 6833.17
10 2292.00 10741.37 2242.00 10712.12 2258.50 10644.50 2279.81 10620.80 2288.13 10617.43 2308.59 10611.92 2353.59 10645.06 2356.94 10668.70 2358.92 10717.68 2303.68 10737.75
9 10910.97 2719.70 10936.34 2685.36 10998.12 2619.01 11028.88 2622.57 11044.40 2635.92 11082.36 2717.54 11079.79 2738.47 11024.97 2773.45 10927.02 2759.70
6 5302.60 8670.41 5376.20 8780.53 5295.71 8798.88 5238.31 8762.87 5245.54 8721.82 5276.35 8677.19
6 5034.82 5679.68 5037.87 5728.55 5013.30 5744.13 4973.09 5743.90 4975.01 5714.36 4983.86 5682.17
7 2978.21 9934.89 3036.61 10007.60 2999.66 10106.68 2937.45 10107.31 2884.65 10064.30 2871.92 10006.72 2901.15 9956.26
6 4657.90 7973.03 4761.79 7924.09 4802.22 7983.61 4748.43 8020.68 4712.16 8030.63 4677.31 7997.48
10 6869.85 3982.59 6811.29 4024.49 6762.39 3982.90 6744.87 3966.34 6757.87 3929.92 6778.82 3913.73 6831.67 3907.92 6853.36 3919.31 6862.38 3953.01 6866.86 3970.22
7 7040.08 3814.28 7033.55 3827.58 7006.07 3829.10 6974.41 3820.63 6980.69 3775.88 6990.05 3771.65 7033.64 3794.26
7 5336.85 6356.70 5357.92 6268.61 5466.15 6273.30 5485.80 6283.13 5498.31 6334.73 5473.08 6386.43 5391.86 6399.56
8 1221.26 1384.92 1174.00 1348.56 1179.93 1335.00 1229.91 1314.72 1238.09 1312.66 1243.16 1320.98 1248.69 1343.19 1229.19 1380.31
11 8181.23 6999.28 8183.18 7025.98 8147.94 7091.84 8113.66 7102.79 8074.19 7099.98 8005.26 7035.65 8020.81 6975.63 8035.46 6950.59 8076.20 6937.82 8126.62 6937.33 8167.99 6979.50
9 7799.62 8162.01 7733.80 8210.93 7685.41 8204.14 7656.29 8163.75 7654.71 8151.36 7664.55 8078.48 7709.15 8059.87 7736.12 8049.86 7794.16 8093.54
9 7136.19 10206.28 7114.07 10206.16 7091.72 10188.78 7077.18 10175.06 7079.21 10124.30 7119.76 10094.02 7164.39 10093.05 7181.59 10103.10 7173.30 10184.48
7 8961.36 2980.66 8915.77 2892.91 8927.94 2841.54 8984.39 2813.92 9019.91 2817.58 9075.63 2924.43 9027.47 2971.43
8 10264.61 8119.55 10322.22 8207.32 10313.17 8225.45 10262.47 8281.96 10196.38 8264.92 10187.01 8171.88 10226.52 8133.74 10243.56 8121.01
10 10751.68 9823.24 10770.23 9785.61 10843.62 9776.07 10873.20 9810.52 10891.05 9858.36 10893.66 9867.25 10861.08 9884.40 10798.97 9910.48 10784.47 9901.48 10755.27 9868.39
11 1045.84 3342.19 1044.03 3329.70 1057.00 3299.72 1066.73 3288.99 1086.94 3276.55 1139.28 3288.17 1154.27 3301.31 1149.82 3337.29 1148.01 3347.07 1139.30 3357.20 1087.12 3379.32
8 10176.78 8103.49 10077.51 8046.60 10095.61 7943.72 10118.89 7930.62 10155.79 7929.80 10198.12 7957.49 10239.33 7990.91 10209.18 8084.37
6 2334.79 4348.80 2271.05 4337.37 2271.72 4294.15 2326.59 4280.68 2362.48 4298.54 2341.62 4347.60
8 10923.65 913.27 11023.62 865.82 11054.05 882.91 11075.67 957.34 11062.01 982.67 11011.20 996.01 10973.78 997.31 10956.29 980.49
10 4220.44 1874.73 4212.65 1850.89 4214.10 1837.12 4224.70 1811.29 4249.01 1802.05 4291.22 1809.32 4312.48 1851.11 4297.65 1876.95 4258.26 1893.62 4240.66 1900.77
7 1183.65 4409.05 1153.51 4460.26 1106.30 4441.28 1099.57 4430.12 1098.77 4419.23 1124.82 4399.13 1158.90 4381.94
10 3348.07 3966.40 3353.72 3988.56 3351.94 4006.80 3340.75 4045.44 3318.85 4048.05 3292.82 4036.23 3297.48 4002.43 3310.50 3970.16 3314.57 3965.93 3340.82 3963.60
7 10041.89 8177.55 10109.04 8156.81 10123.39 8187.00 10144.41 8256.17 10146.55 8271.50 10068.62 8274.10 10058.02 8261.57
7 4966.76 9446.95 4878.64 9478.78 4867.63 9463.83 4862.07 9446.46 4898.25 9382.12 4919.24 9367.00 4943.78 9385.54
11 852.01 2661.02 841.46 2609.39 905.54 2558.56 935.59 2542.59 948.57 2545.79 988.91 2555.79 1001.29 2571.72 1008.19 2606.88 968.14 2681.82 923.16 2711.08 878.14 2683.68
9 2311.51 4988.24 2309.34 4970.69 2335.08 4952.48 2369.54 4957.45 2373.23 4962.25 2385.20 4989.46 2370.59 5002.84 2347.07 5015.01 2335.06 5016.77
9 3436.63 4463.39 3440.20 4423.63 3484.35 4393.25 3511.47 4422.19 3535.66 4469.86 3528.42 4485.02 3494.85 4508.66 3478.46 4497.44 3444.40 4472.81
8 2948.38 3666.92 2996.84 3633.17 3025.67 3652.79 3025.65 3664.81 3019.38 3681.37 3017.37 3684.18 2973.04 3715.17 2955.32 3698.08
10 4323.55 9948.54 4291.26 9901.20 4299.38 9856.34 4310.41 9837.66 4324.08 9837.29 4336.42 9839.04 4350.99 9841.58 4388.96 9871.00 4401.72 9887.71 4377.82 9941.12
11 800.52 1113.97 831.46 1076.08 844.92 1080.63 867.78 1096.47 882.66 1107.02 898.94 1130.82 902.36 1149.33 879.70 1167.98 864.28 1178.22 819.35 1148.64 811.13 1140.91
9 6047.80 11033.80 6005.22 11064.12 5970.66 11063.44 5947.95 11009.58 5946.69 10995.36 5969.97 10967.45 5981.38 10964.57 6024.60 10972.06 6037.39 10985.16
6 329.71 4886.09 381.60 4857.22 421.90 4897.68 393.74 4938.53 375.62 4938.59 338.33 4903.52
7 5815.79 5922.47 5860.75 5998.61 5847.90 6041.11 5780.97 6065.90 5720.90 5972.18 5720.17 5943.34 5745.43 5910.33
9 7504.52 7460.85 7558.97 7437.99 7584.49 7477.43 7586.97 7495.02 7581.93 7524.39 7569.56 7532.05 7536.83 7530.81 7507.30 7509.87 7506.11 7499.49
6 3077.23 5713.83 3145.80 5691.08 3170.00 5773.27 3141.93 5793.05 3122.64 5788.05 3078.29 5743.47
11 1394.56 10917.21 1467.88 10960.68 1465.19 10996.97 1451.92 11069.93 1415.36 11097.47 1395.31 11106.81 1341.79 11078.40 1329.00 11069.54 1314.38 11004.12 1312.60 10991.44 1343.88 10956.06
8 1981.44 2522.10 2011.60 2465.25 2047.12 2470.66 2058.33 2505.67 2063.12 2520.94 2050.99 2540.41 2017.22 2549.15 1991.11 2541.29
9 6831.34 391.17 6914.77 466.45 6897.48 533.69 6890.23 543.40 6827.44 568.66 6753.18 511.86 6744.09 503.97 6751.83 448.22 6760.80 431.25
9 5007.98 2862.97 4881.85 2838.61 4884.89 2793.46 4924.89 2724.55 4979.37 2699.89 5039.28 2750.75 5045.40 2792.80 5030.81 2849.97 5018.23 2857.19
8 4907.79 4910.06 4860.72 4942.73 4840.10 4941.74 4821.55 4902.11 4810.77 4865.28 4809.85 4858.01 4841.66 4824.23 4882.28 4832.51
8 6744.78 6258.79 6762.69 6227.01 6829.12 6185.25 6875.99 6206.17 6894.25 6243.39 6838.70 6297.84 6787.02 6319.06 6758.79 6280.60
8 7628.77 8421.85 7606.22 8402.78 7616.43 8380.70 7644.88 8362.15 7654.92 8362.32 7664.03 8383.70 7670.45 8407.14 7669.17 8414.90
10 4873.87 770.72 4846.38 747.71 4846.71 729.44 4865.28 715.82 4898.60 703.09 4903.92 708.92 4907.44 712.78 4920.54 751.09 4911.01 759.07 4894.56 768.08
10 4277.29 9103.02 4297.52 9066.08 4324.78 9065.02 4349.33 9073.35 4384.52 9095.79 4377.04 9130.34 4361.64 9152.50 4335.95 9162.72 4319.15 9149.85 4284.83 9121.46
8 4710.51 5751.60 4719.97 5722.37 4760.50 5690.73 4770.33 5697.14 4804.07 5725.33 4802.44 5767.27 4787.94 5784.46 4737.82 5789.60
8 608.35 7514.55 674.53 7548.82 663.97 7586.12 653.50 7620.64 648.65 7628.55 587.22 7609.92 574.93 7591.04 587.92 7536.79
9 10574.96 6768.26 10543.80 6768.86 10516.82 6748.36 10514.83 6731.53 10517.57 6705.70 10579.92 6699.74 10592.95 6703.30 10592.80 6709.94 10586.10 6748.04
11 4591.14 6664.81 4590.79 6628.73 4600.34 6594.24 4613.53 6594.08 4654.45 6600.29 4671.96 6615.90 4673.35 6628.39 4667.16 6650.13 4638.41 6683.90 4612.96 6686.52 4600.57 6681.03
12 7593.04 5449.50 7566.34 5444.21 7548.41 5371.67 7546.13 5347.83 7557.22 5316.65 7564.95 5310.09 7592.51 5294.03 7650.69 5321.72 7675.11 5344.59 7690.65 5401.58 7669.13 5429.34 7627.61 5442.26
7 427.49 10301.72 464.58 10319.04 362.84 10380.31 346.59 10376.41 344.83 10367.52 352.84 10346.03 365.15 10314.10
8 8388.34 5391.75 8355.45 5298.53 8369.25 5276.75 8431.99 5251.50 8468.67 5264.18 8485.15 5271.69 8450.33 5398.15 8429.73 5399.93
9 2276.09 8390.95 2279.76 8454.66 2244.18 8465.17 2216.29 8444.87 2200.52 8431.94 2201.08 8405.80 2208.53 8399.21 2228.66 8382.64 2243.45 8384.30
9 6593.10 1365.10 6589.56 1333.75 6597.69 1304.38 6663.52 1300.06 6676.89 1312.81 6685.31 1335.80 6684.97 1376.91 6629.50 1399.56 6622.95 1397.69
9 9958.77 5957.60 10043.98 5946.65 10084.73 5948.33 10101.85 5971.51 10119.36 6015.58 10109.67 6049.81 9969.62 6086.40 9942.45 6046.71 9945.18 5972.60
7 1625.62 8121.62 1640.06 8082.91 1681.24 8091.02 1696.40 8103.66 1690.19 8137.30 1651.57 8145.24 1626.90 8125.52
10 10853.74 2517.50 10888.32 2421.43 10939.56 2390.05 10979.29 2404.07 10993.31 2432.28 11008.08 2464.65 11009.68 2469.68 11002.66 2483.34 10944.00 2567.78 10875.27 2533.25
9 443.47 9978.72 477.62 9942.66 483.81 9941.84 497.79 9958.88 521.21 10001.80 503.56 10026.83 489.44 10038.38 458.21 10015.87 450.82 9998.88
9 3727.94 10289.56 3790.42 10277.93 3827.02 10307.17 3850.81 10355.44 3825.02 10418.71 3786.89 10440.89 3747.68 10442.93 3712.78 10425.00 3717.69 10373.25
8 6771.40 968.11 6691.19 924.11 6700.08 850.12 6766.60 835.60 6791.45 851.15 6812.82 876.78 6808.20 940.64 6793.18 956.45
9 418.41 7338.57 480.84 7337.27 516.06 7342.80 556.51 7424.99 450.81 7460.40 425.35 7457.37 403.61 7446.50 401.87 7440.32 408.89 7376.31
7 9535.36 8382.34 9589.57 8339.83 9612.62 8351.82 9697.92 8407.58 9687.46 8438.07 9623.34 8508.45 9568.83 8483.17
8 6354.57 604.85 6415.33 649.79 6399.94 720.81 6396.56 727.85 6362.87 730.95 6298.62 725.42 6272.75 653.60 6300.04 612.94
9 889.78 4425.07 916.60 4405.83 933.89 4413.97 960.28 4451.11 955.34 4458.83 923.95 4475.27 915.51 4479.13 909.77 4476.95 895.68 4457.70
13 9478.14 4595.96 9411.18 4648.35 9367.53 4634.93 9317.32 4617.12 9314.05 4597.35 9316.14 4574.49 9350.54 4530.93 9390.08 4501.02 9394.47 4497.72 9413.01 4492.62 9453.78 4508.72 9465.87 4521.25 9470.06 4537.35
11 7829.96 5232.71 7890.15 5178.33 7912.10 5186.21 7931.25 5200.56 7937.43 5211.49 7936.20 5254.54 7930.26 5263.44 7906.91 5271.96 7876.73 5279.17 7835.09 5241.58 7833.02 5238.39
7 4597.53 1188.17 4636.90 1126.24 4732.65 1162.07 4720.43 1205.04 4694.75 1227.35 4674.19 1240.48 4635.64 1235.09
9 7045.86 4117.39 7042.21 4185.24 6979.19 4183.53 6956.71 4182.90 6928.28 4146.70 6934.45 4128.44 6970.88 4046.87 6994.61 4049.49 7027.72 4072.04
9 10243.08 8493.45 10195.86 8422.82 10217.15 8406.88 10245.16 8391.35 10259.87 8387.96 10273.74 8400.10 10289.10 8431.12 10288.54 8464.34 10275.53 8488.61
11 1782.44 6375.49 1812.26 6326.49 1823.99 6320.39 1883.86 6302.37 1896.48 6299.02 1913.04 6314.36 1923.40 6429.09 1922.14 6436.26 1904.30 6441.22 1850.19 6448.51 1804.88 6400.60
7 815.87 8599.50 718.74 8704.23 651.63 8660.15 649.10 8656.16 635.11 8623.77 699.72 8539.95 748.92 8550.69
8 9695.50 1586.00 9734.35 1552.61 9856.53 1613.86 9854.95 1667.61 9833.75 1709.86 9811.46 1713.56 9710.69 1716.03 9696.13 1659.03
7 8293.86 9356.35 8245.88 9412.06 8215.75 9403.12 8166.98 9381.29 8162.52 9318.22 8210.00 9269.14 8290.43 9309.37
7 808.76 7886.11 828.53 7937.40 766.18 7977.89 743.53 7967.04 739.68 7951.14 748.45 7923.18 774.25 7886.62
10 4052.57 9959.66 4054.12 9926.50 4081.27 9906.79 4086.44 9907.86 4108.19 9920.49 4127.03 9947.49 4128.28 9953.27 4122.05 9979.15 4114.01 9986.93 4094.51 9985.47
7 9676.89 1246.48 9730.08 1288.23 9726.40 1365.49 9708.51 1371.71 9641.68 1380.94 9589.41 1373.56 9601.06 1278.07
10 1236.02 5478.53 1295.59 5434.47 1361.20 5478.48 1377.73 5494.16 1383.93 5540.46 1374.02 5554.74 1321.09 5618.01 1263.15 5614.29 1216.86 5556.85 1224.15 5523.06
12 375.74 7760.91 385.81 7729.04 427.17 7680.20 440.30 7676.98 482.12 7694.18 490.55 7700.31 509.04 7731.47 512.99 7741.16 483.77 7778.98 446.64 7821.37 403.68 7788.91 381.31 7768.01
10 2640.80 1535.38 2595.13 1500.04 2603.16 1456.12 2608.19 1449.41 2652.00 1456.83 2681.68 1476.63 2686.81 1481.30 2694.26 1498.54 2688.83 1513.95 2650.35 1531.49
9 10111.31 9332.29 10110.06 9313.57 10132.91 9273.90 10159.14 9263.03 10190.68 9275.11 10194.29 9310.67 10191.48 9337.08 10162.37 9362.32 10140.82 9354.50
12 8454.92 8533.65 8484.82 8542.30 8498.25 8564.60 8501.67 8570.49 8496.52 8582.11 8479.75 8597.58 8450.31 8596.12 8423.68 8583.82 8422.78 8569.96 8427.54 8557.82 8431.64 8551.79 8445.76 8539.80
10 7086.75 10449.33 7126.55 10401.07 7157.05 10381.23 7189.49 10402.82 7209.83 10458.91 7199.41 10479.99 7176.47 10504.44 7138.06 10499.87 7109.75 10490.54 7091.90 10476.81
9 10830.33 4279.78 10792.09 4229.52 10801.03 4212.07 10841.39 4180.24 10862.55 4178.24 10888.08 4182.91 10915.85 4226.51 10912.22 4244.56 10868.02 4300.13
7 874.48 4282.73 907.91 4231.20 974.52 4264.98 978.83 4288.10 976.96 4291.87 933.26 4328.55 901.49 4325.02
8 243.54 9125.95 195.01 9061.15 264.39 8996.52 284.96 8982.73 346.12 9021.99 354.35 9053.03 345.32 9077.72 307.95 9137.24
7 4354.23 1272.42 4344.65 1321.17 4234.25 1347.25 4208.15 1294.31 4186.80 1248.55 4207.36 1245.71 4316.28 1239.02
7 9812.73 3538.92 9810.67 3483.68 9835.66 3461.65 9838.42 3463.02 9886.92 3487.34 9890.51 3494.71 9878.49 3532.06
6 5004.40 9716.73 4988.04 9613.88 5086.10 9630.04 5118.32 9635.63 5128.01 9659.95 5094.99 9690.79
10 4338.11 5371.36 4350.09 5333.37 4356.31 5323.74 4368.51 5312.97 4388.38 5324.93 4406.57 5341.46 4412.12 5367.67 4394.39 5387.00 4381.34 5388.96 4373.75 5388.47
10 9773.90 6491.60 9788.20 6592.07 9763.11 6605.82 9710.99 6595.70 9672.79 6587.46 9656.30 6573.89 9662.67 6542.59 9670.95 6502.86 9677.21 6486.09 9702.82 6472.86
10 10932.68 1609.69 10934.24 1586.27 10936.66 1582.20 10949.00 1562.23 10999.83 1563.38 11019.66 1600.01 10994.79 1631.64 10974.88 1640.24 10963.75 1635.26 10940.44 1624.76
6 3150.56 10183.71 3101.54 10118.78 3115.79 10096.73 3186.69 10059.31 3212.91 10075.43 3240.53 10160.25
9 9880.39 2982.50 9898.38 2952.08 9929.52 2952.05 9944.07 2958.23 9950.13 2979.21 9949.88 2994.87 9929.37 3021.52 9904.43 3023.41 9888.51 3015.18
6 5317.39 2793.19 5288.74 2666.22 5372.40 2621.66 5460.87 2700.75 5463.51 2728.60 5369.74 2781.65
10 6442.35 3179.01 6474.01 3172.19 6485.49 3179.01 6487.72 3184.94 6497.14 3223.03 6494.42 3231.35 6451.85 3251.46 6429.93 3234.88 6421.21 3208.50 6434.31 3185.00
8 10050.13 6388.56 10048.77 6313.99 10110.79 6270.43 10136.83 6266.07 10192.73 6319.39 10197.17 6354.89 10163.78 6403.19 10065.64 6421.27
8 10422.93 8733.64 10381.69 8687.72 10384.91 8658.23 10438.71 8639.72 10447.22 8652.88 10462.79 8678.48 10468.45 8687.97 10436.61 8720.44
9 1848.39 3757.26 1900.41 3783.66 1870.38 3857.07 1833.97 3858.52 1828.10 3857.59 1799.02 3827.49 1797.20 3819.14 1794.63 3795.27 1806.41 3772.09
11 864.75 2137.79 935.97 2121.78 971.40 2161.19 972.63 2255.99 964.84 2268.09 931.53 2285.19 890.14 2269.67 864.62 2220.94 851.78 2189.78 852.35 2159.96 857.49 2148.56
7 8876.71 7946.89 8859.40 7871.55 8861.05 7856.41 8884.69 7841.91 8935.52 7814.76 8979.67 7873.00 8930.76 7939.81
9 6143.59 854.93 6151.85 781.59 6204.54 786.92 6248.19 807.95 6263.73 822.92 6261.73 856.46 6239.43 903.45 6169.89 897.96 6145.32 873.60
9 10066.02 3144.78 10041.32 3077.98 10057.72 3066.25 10134.18 3021.54 10142.50 3022.42 10155.96 3030.12 10150.69 3114.97 10118.93 3141.19 10071.56 3144.68
9 4007.92 2314.69 4028.74 2396.15 4014.97 2440.26 3924.12 2486.35 3870.08 2427.71 3869.25 2348.79 3902.51 2320.51 3922.72 2307.17 3972.83 2307.17
9 5362.05 3669.84 5354.80 3609.05 5371.12 3589.90 5378.53 3587.43 5437.68 3607.34 5445.06 3638.45 5441.32 3648.90 5406.79 3674.02 5374.80 3686.24
12 3458.60 9675.28 3421.27 9642.48 3436.89 9621.16 3441.72 9615.38 3454.44 9601.33 3467.19 9605.06 3472.22 9606.99 3486.89 9619.49 3483.96 9645.25 3483.21 9650.30 3481.96 9655.90 3470.35 9671.87
7 4523.30 8105.16 4487.24 8119.21 4463.37 8116.59 4449.28 8102.95 4475.94 8057.56 4490.67 8050.26 4504.62 8059.45
8 4568.80 630.29 4548.57 590.63 4552.54 566.07 4566.91 565.26 4602.96 564.00 4605.74 573.07 4606.38 622.42 4583.31 629.00
8 7800.24 611.32 7853.62 576.15 7895.58 600.14 7886.66 617.36 7873.60 641.30 7866.90 643.38 7854.68 645.73 7805.45 618.96
8 644.01 3326.02 615.92 3300.26 620.48 3239.17 627.26 3225.77 636.82 3216.48 676.37 3218.52 673.41 3306.18 650.78 3329.17
6 4264.58 6255.45 4382.16 6206.28 4407.14 6276.23 4408.15 6324.80 4372.04 6369.27 4328.99 6375.73
8 8817.34 6066.90 8714.02 6014.36 8730.74 5964.37 8783.15 5961.45 8799.37 5961.66 8836.98 5962.99 8857.62 6009.74 8861.00 6056.83
12 2897.00 9622.48 2884.06 9613.34 2838.13 9569.55 2834.37 9563.34 2838.90 9537.42 2872.39 9509.91 2899.32 9512.21 2938.27 9524.31 2944.08 9540.79 2946.70 9567.97 2931.47 9608.16 2912.30 9617.18
8 3867.47 5875.53 3916.42 5771.48 4020.16 5801.42 4045.90 5851.29 4048.40 5880.17 4026.17 5903.63 3956.85 5937.17 3896.10 5902.85
9 4571.81 2947.99 4624.65 3030.08 4611.28 3062.64 4555.75 3114.19 4500.74 3088.40 4471.68 3051.81 4455.10 2998.09 4497.60 2949.74 4531.63 2948.89
9 4960.30 4228.02 5014.34 4176.59 5023.96 4181.44 5049.09 4194.22 5052.94 4201.54 5053.46 4256.66 5030.90 4272.72 4982.64 4266.22 4965.73 4243.78
10 7349.64 6544.40 7405.48 6600.71 7404.59 6637.16 7354.61 6700.72 7285.56 6710.39 7252.42 6703.47 7251.39 6702.61 7231.09 6584.57 7244.43 6569.59 7327.30 6545.23
8 7974.77 3698.11 7997.45 3633.57 8023.41 3623.28 8071.69 3631.95 8080.00 3637.96 8071.58 3716.19 8053.07 3726.89 8010.12 3714.01
11 2223.58 6815.38 2194.40 6748.51 2217.99 6713.07 2258.59 6689.99 2284.69 6690.87 2294.79 6702.95 2314.05 6726.88 2317.63 6734.59 2321.76 6745.82 2320.33 6769.85 2294.10 6810.59
6 3981.35 8122.99 3984.80 8180.72 3963.04 8184.39 3929.74 8175.05 3931.72 8134.55 3960.11 8113.95
7 3004.71 4967.14 3085.37 5013.33 3061.54 5072.86 3006.09 5140.10 2986.95 5116.36 2941.61 5031.12 2996.07 4972.23
10 9036.59 9386.99 9026.64 9352.39 9059.32 9293.75 9062.96 9291.51 9116.12 9305.67 9121.90 9313.49 9132.74 9330.78 9132.55 9376.80 9113.39 9393.42 9071.76 9402.41
11 5019.95 4692.64 4972.60 4738.61 4905.42 4748.53 4872.09 4738.53 4873.57 4711.14 4879.79 4617.62 4911.13 4600.68 4919.00 4602.75 4962.38 4617.44 4963.99 4618.40 4993.76 4638.09
8 1932.37 3774.97 1973.55 3706.04 1987.29 3710.39 2023.26 3733.63 2050.34 3788.86 2039.60 3821.00 1953.17 3805.10 1933.54 3795.95
7 9795.96 9904.74 9760.83 9853.99 9783.04 9829.81 9810.48 9807.73 9845.09 9828.48 9850.12 9845.37 9845.65 9899.91
9 5738.93 3508.68 5720.92 3436.45 5730.52 3395.41 5749.57 3397.99 5802.15 3413.26 5829.07 3448.95 5830.84 3463.11 5822.18 3486.11 5780.92 3515.23
5 10084.97 5005.55 10172.75 4900.54 10240.37 4947.91 10203.73 5045.10 10129.75 5054.98
10 5293.56 4771.79 5306.36 4752.63 5330.67 4727.93 5359.76 4732.92 5369.79 4772.39 5363.85 4781.70 5345.85 4800.27 5326.87 4798.81 5312.49 4794.77 5297.35 4780.52
10 10254.11 2255.35 10204.78 2256.03 10194.41 2252.73 10184.09 2218.32 10179.98 2202.22 10191.92 2180.89 10211.00 2152.46 10252.14 2139.96 10278.89 2152.84 10272.73 2197.78
12 5951.32 6023.47 5928.12 6014.21 5924.71 6006.51 5909.38 5965.02 5914.66 5956.84 5923.84 5945.22 5933.07 5941.42 5946.21 5940.14 5956.16 5945.14 5976.89 5956.54 5986.59 5969.54 5981.80 6002.67
7 4356.35 9280.00 4377.30 9194.57 4422.18 9179.26 4440.92 9186.91 4454.80 9227.55 4449.64 9241.59 4436.60 9248.69
11 4987.36 5472.77 5018.49 5495.27 5017.80 5535.98 5012.14 5555.13 4971.36 5578.87 4963.75 5581.30 4945.88 5575.51 4923.59 5545.43 4919.62 5497.29 4936.43 5480.89 4961.29 5474.97
12 1463.62 10346.85 1509.41 10336.13 1552.80 10347.88 1610.80 10425.93 1563.33 10516.62 1540.62 10525.06 1524.01 10527.39 1490.17 10521.74 1437.92 10477.00 1424.07 10456.99 1439.68 10404.18 1442.28 10397.44
12 334.54 10637.24 317.82 10587.74 333.07 10566.99 350.24 10553.31 379.40 10540.11 401.72 10533.30 417.72 10548.59 426.92 10562.68 425.99 10611.32 421.47 10636.96 410.14 10643.25 382.49 10656.17
10 3804.11 2011.18 3813.28 1972.32 3866.33 1966.66 3888.42 1985.18 3889.67 1994.29 3877.32 2033.80 3864.69 2048.86 3834.23 2053.04 3824.73 2052.95 3811.46 2028.90
10 4049.98 4427.66 4078.97 4400.58 4110.07 4400.75 4132.34 4408.76 4129.41 4444.96 4107.02 4470.84 4088.53 4479.03 4081.41 4479.04 4069.93 4466.45 4051.27 4430.89
7 533.77 2897.72 575.69 2948.91 572.76 2968.35 502.08 3028.89 471.61 2997.02 441.74 2960.46 467.88 2909.52
9 683.04 10277.49 680.78 10346.75 655.66 10355.62 634.37 10359.13 616.46 10349.51 589.73 10290.32 638.38 10262.45 650.84 10256.36 674.84 10258.98
7 6002.29 563.99 6041.00 652.58 6000.54 711.08 5978.65 710.73 5911.72 697.98 5880.15 643.63 5932.31 586.71
11 4117.44 7558.24 4075.39 7557.48 4053.27 7536.04 4031.00 7497.44 4043.31 7478.92 4087.68 7441.24 4104.50 7438.12 4146.41 7454.96 4187.40 7481.19 4179.80 7514.11 4152.91 7553.25
8 2111.37 672.15 2137.17 713.71 2130.62 736.39 2125.68 743.82 2057.68 730.28 2052.23 696.68 2056.39 679.72 2059.88 676.41
10 2578.10 2586.20 2553.58 2495.76 2563.92 2468.45 2620.69 2433.34 2679.73 2447.41 2701.80 2465.92 2692.27 2521.19 2682.22 2540.80 2639.46 2604.94 2627.06 2607.75
10 8894.01 5364.67 8950.50 5421.14 8926.43 5453.81 8915.99 5464.24 8876.90 5469.77 8841.09 5462.01 8831.00 5438.58 8835.42 5427.93 8866.57 5377.60 8883.07 5369.70
7 2740.09 9115.86 2749.16 9163.51 2740.70 9181.34 2728.98 9186.50 2688.74 9183.70 2674.21 9178.20 2687.62 9123.31
8 3232.69 5107.11 3212.43 5187.42 3130.81 5178.39 3117.36 5165.86 3129.71 5100.89 3168.60 5078.84 3228.71 5096.85 3231.15 5102.83
8 7434.46 6451.98 7442.01 6496.88 7415.22 6507.63 7393.71 6510.83 7366.64 6504.04 7376.19 6456.85 7380.22 6440.93 7402.97 6444.27
6 10534.12 10410.04 10522.30 10449.19 10491.32 10445.68 10457.42 10410.94 10469.66 10389.57 10511.86 10374.04
11 2360.93 6214.40 2360.82 6209.08 2379.62 6178.07 2387.82 6169.53 2428.89 6169.24 2458.55 6173.53 2470.58 6190.35 2475.43 6217.46 2430.13 6253.19 2420.93 6257.59 2401.41 6258.96
7 6162.28 7731.85 6219.32 7786.48 6209.73 7805.72 6170.35 7831.85 6134.50 7820.11 6132.42 7789.78 6151.40 7732.56
9 8480.45 6772.52 8444.29 6848.98 8427.32 6848.68 8382.39 6839.49 8361.65 6820.48 8358.88 6814.04 8357.23 6793.27 8390.97 6730.06 8430.85 6743.25
8 7572.88 9286.00 7545.66 9256.24 7555.01 9223.52 7562.64 9212.68 7578.41 9196.10 7624.09 9201.33 7648.70 9235.59 7626.15 9262.69
11 1431.77 6170.51 1452.71 6166.30 1520.64 6243.47 1534.54 6272.42 1519.15 6334.10 1452.20 6344.60 1444.47 6342.70 1427.59 6333.92 1416.98 6323.65 1374.45 6258.24 1380.27 6233.89
11 678.03 5318.79 615.88 5398.00 599.50 5398.79 562.88 5396.69 520.53 5361.55 520.85 5352.58 524.75 5303.16 554.29 5257.84 578.18 5256.22 621.96 5265.12 658.00 5292.15
8 1435.78 2300.66 1410.39 2265.40 1419.32 2250.61 1436.57 2240.83 1463.18 2240.19 1492.04 2259.66 1487.19 2281.76 1480.07 2291.91
12 8373.44 3304.56 8359.55 3255.06 8369.55 3207.86 8380.11 3197.14 8415.63 3183.59 8447.10 3185.74 8499.92 3202.72 8518.09 3253.17 8503.26 3320.76 8430.39 3350.44 8426.54 3348.34 8420.91 3344.25
9 3021.53 9388.63 3015.63 9418.61 3011.49 9419.18 2972.82 9421.39 2977.48 9360.72 2984.39 9351.62 2994.12 9343.61 3010.25 9358.01 3020.72 9369.65
11 267.95 644.69 253.14 605.14 255.91 596.48 270.91 580.83 293.92 568.00 299.41 567.57 318.66 585.68 337.69 609.95 325.86 637.88 317.32 648.56 292.35 652.37
7 8583.01 1569.99 8621.50 1667.87 8621.43 1673.36 8559.65 1705.43 8481.66 1657.64 8485.71 1625.25 8524.65 1592.50
11 1114.30 9310.19 1161.86 9261.96 1190.32 9259.47 1211.68 9273.84 1230.93 9306.21 1242.23 9335.25 1243.65 9373.69 1223.23 9390.28 1182.38 9419.01 1171.77 9409.90 1149.65 9379.56
7 1622.99 195.26 1707.18 156.44 1731.16 191.30 1724.14 236.74 1716.42 253.95 1679.92 307.28 1628.67 284.04
10 6471.97 5419.79 6436.89 5394.96 6462.07 5324.61 6489.82 5307.24 6551.25 5313.49 6591.52 5331.42 6589.50 5365.35 6586.75 5408.69 6572.31 5442.50 6562.36 5462.37
11 4599.96 169.42 4596.00 159.88 4605.55 121.56 4667.66 103.36 4731.42 113.13 4746.41 175.27 4723.79 221.11 4710.55 232.32 4694.33 240.42 4669.59 249.07 4638.33 249.45
6 4265.64 7510.86 4330.86 7452.01 4367.28 7469.31 4368.79 7549.79 4332.62 7563.21 4313.17 7561.98
7 8158.28 6066.90 8210.18 6005.21 8266.94 6015.77 8290.44 6067.69 8286.14 6105.21 8249.78 6154.63 8186.41 6133.18
7 9515.55 2569.23 9461.58 2504.94 9498.46 2448.83 9531.50 2451.90 9563.51 2460.22 9578.81 2471.84 9577.24 2520.96
9 2414.03 506.47 2456.08 456.07 2521.32 470.55 2525.48 472.28 2556.61 528.20 2513.54 583.19 2506.12 585.73 2456.28 581.20 2441.61 564.90
8 10732.13 1428.00 10690.81 1426.61 10700.72 1363.29 10721.86 1348.49 10760.30 1370.98 10768.55 1397.10 10765.81 1408.32 10748.29 1419.02
5 2213.48 3535.78 2312.70 3503.18 2306.14 3573.73 2256.01 3581.57 2234.43 3564.33
8 10275.16 3097.08 10342.76 3046.16 10411.72 3084.17 10416.72 3105.17 10419.59 3163.96 10375.79 3192.05 10349.84 3192.06 10302.33 3178.71
9 4066.08 2559.05 4060.40 2531.67 4065.29 2505.99 4131.51 2479.98 4173.95 2499.19 4187.15 2547.41 4178.10 2564.07 4154.05 2599.94 4118.07 2602.73
8 6382.14 1376.48 6322.88 1303.48 6329.98 1290.11 6360.34 1249.28 6431.46 1284.03 6442.23 1316.78 6444.67 1328.33 6441.62 1348.12
8 1403.64 5721.05 1500.31 5747.30 1498.14 5800.09 1479.32 5850.55 1417.04 5864.84 1401.15 5857.39 1367.54 5797.31 1386.50 5740.08
7 5337.00 5820.52 5331.14 5864.28 5298.51 5879.11 5278.85 5864.73 5267.07 5843.37 5263.35 5810.68 5305.89 5804.52
11 2859.11 2456.57 2933.81 2458.77 2942.17 2474.86 2945.59 2483.03 2952.21 2533.93 2928.76 2555.66 2920.28 2561.48 2884.89 2554.78 2864.36 2531.36 2841.62 2499.44 2843.15 2465.16
9 7210.71 1365.00 7247.25 1396.21 7231.28 1441.84 7198.15 1450.16 7174.50 1431.58 7171.74 1427.23 7162.90 1387.71 7162.93 1386.02 7178.69 1372.54
9 1915.62 4859.52 1932.26 4860.81 1938.62 4890.61 1943.71 4923.88 1929.27 4934.15 1912.72 4937.83 1877.45 4923.52 1881.47 4890.36 1884.04 4885.32
8 7608.51 3420.65 7635.41 3360.63 7674.94 3367.81 7706.58 3385.42 7734.18 3406.86 7746.96 3451.73 7709.06 3460.05 7692.65 3460.48
6 872.40 9304.27 901.00 9304.85 940.56 9340.81 927.92 9368.59 916.13 9373.89 874.75 9308.06
8 6930.97 10224.99 6940.22 10147.61 6980.93 10131.66 7028.43 10139.16 7053.33 10158.00 7039.15 10260.82 7004.26 10278.30 6973.82 10269.11
6 6089.14 6377.36 6024.07 6355.97 6036.13 6306.39 6092.51 6292.90 6129.09 6316.42 6120.38 6336.23
12 7117.49 9725.78 7102.64 9728.91 7071.76 9722.21 7060.66 9712.03 7052.95 9701.00 7052.53 9670.78 7075.69 9653.52 7088.12 9651.55 7113.82 9661.31 7126.71 9670.88 7134.52 9694.49 7127.14 9712.25
8 2631.88 6667.36 2727.92 6729.84 2721.49 6797.19 2714.72 6807.48 2650.48 6841.83 2605.42 6815.36 2564.63 6784.23 2587.80 6712.07
12 1078.19 6223.69 1101.04 6186.93 1118.64 6175.94 1140.85 6169.46 1154.56 6173.29 1168.92 6185.43 1177.57 6201.35 1190.13 6243.40 1184.28 6265.60 1161.48 6278.08 1136.97 6287.73 1081.99 6256.43
7 7501.17 3707.61 7456.65 3745.59 7428.54 3719.73 7425.95 3696.86 7440.95 3660.12 7482.86 3673.93 7489.70 3686.00
13 4216.68 1585.64 4210.91 1596.27 4168.85 1591.84 4155.06 1586.98 4152.73 1582.70 4146.73 1558.06 4150.88 1546.01 4180.35 1512.19 4196.65 1498.44 4204.56 1498.19 4231.38 1503.10 4240.06 1519.88 4228.81 1552.88
10 3355.62 4354.35 3417.03 4410.92 3392.80 4452.76 3386.16 4463.06 3378.27 4471.81 3324.10 4469.49 3244.24 4420.84 3252.17 4386.42 3257.98 4374.94 3287.72 4364.52
9 4691.71 4055.96 4677.46 3985.36 4691.21 3964.93 4750.39 3923.91 4769.85 3937.45 4831.41 4012.68 4788.91 4051.22 4751.09 4082.56 4717.97 4080.76
10 6664.46 7567.28 6686.44 7530.22 6723.21 7533.76 6727.40 7553.41 6727.65 7577.01 6722.57 7595.72 6721.05 7599.30 6715.80 7599.50 6688.54 7595.24 6667.75 7578.80
9 7266.50 1997.88 7250.85 1978.36 7270.88 1952.21 7313.21 1938.42 7335.40 1941.08 7344.38 1963.86 7342.01 1987.07 7334.00 2021.50 7311.59 2037.02
10 7979.91 1836.56 8027.12 1861.94 8024.76 1906.01 8023.11 1915.30 7985.66 1935.31 7972.09 1939.14 7947.45 1928.15 7942.83 1901.97 7942.74 1896.08 7952.64 1865.62
11 7778.51 6857.52 7784.19 6933.84 7752.70 6966.55 7722.22 6965.50 7655.71 6949.48 7634.46 6923.04 7639.49 6890.87 7652.62 6846.20 7669.17 6822.63 7716.30 6833.93 7763.99 6851.81
11 5766.89 10167.72 5799.88 10160.81 5821.58 10170.17 5845.26 10248.92 5850.74 10268.45 5849.16 10274.71 5802.37 10289.57 5764.60 10292.86 5740.34 10277.98 5724.76 10227.64 5725.02 10212.72
10 10511.47 10195.65 10518.73 10168.65 10530.45 10149.62 10541.72 10149.84 10543.57 10150.02 10597.80 10163.69 10602.39 10196.36 10580.28 10225.11 10548.70 10234.47 10524.49 10221.72
8 5490.27 8640.35 5566.23 8666.58 5564.81 8711.76 5540.16 8735.79 5510.70 8739.01 5503.11 8733.02 5474.03 8702.82 5476.03 8675.01
9 851.28 467.21 813.37 418.03 822.22 377.42 839.60 365.51 874.43 350.29 897.33 360.45 912.25 371.41 920.67 390.32 905.15 444.27
10 9886.18 8271.80 9898.53 8210.01 9930.32 8195.97 9988.03 8196.43 9997.22 8205.83 10011.00 8258.15 10003.83 8276.33 9963.41 8319.98 9903.03 8299.82 9889.53 8277.40
6 164.00 10628.27 195.42 10559.21 252.81 10578.73 264.46 10590.84 241.55 10630.72 169.35 10651.19
11 594.90 171.61 633.33 137.06 667.76 138.71 698.70 193.38 705.08 208.77 708.80 235.26 679.12 258.47 653.48 264.31 587.41 237.25 572.66 203.02 580.15 190.28
10 6228.26 6366.30 6249.27 6305.19 6353.35 6287.72 6394.39 6318.34 6399.23 6402.34 6310.71 6450.23 6294.88 6451.69 6278.16 6451.77 6253.68 6427.61 6252.02 6424.07
10 6384.67 5982.22 6410.49 5924.85 6477.86 5929.23 6505.55 5942.92 6527.02 5963.62 6527.71 6005.76 6504.45 6041.62 6439.12 6031.84 6396.97 6021.59 6396.36 6020.37
10 1726.83 10608.27 1742.01 10554.28 1795.40 10532.62 1819.96 10554.58 1836.27 10589.74 1838.68 10625.87 1834.73 10643.47 1829.12 10660.25 1798.19 10665.08 1742.50 10634.63
7 10140.05 3897.39 10184.84 3862.60 10245.54 3875.77 10298.37 3924.72 10257.66 3997.05 10176.55 4040.63 10162.81 4008.89
10 4472.69 5630.91 4456.00 5546.72 4474.81 5518.73 4511.25 5506.05 4542.92 5504.57 4556.50 5505.51 4579.74 5530.91 4608.98 5593.74 4574.72 5629.30 4534.82 5639.43
8 8153.08 6492.84 8134.73 6574.36 8061.99 6563.81 8037.13 6529.59 8064.46 6485.40 8093.59 6471.55 8104.47 6466.47 8137.09 6464.61
7 10657.65 6114.86 10551.47 6171.60 10536.56 6166.10 10522.08 6144.58 10511.11 6094.12 10507.68 6069.83 10540.00 6039.40
6 7573.30 1002.39 7567.89 1075.79 7536.27 1094.44 7497.50 1045.31 7479.69 1011.03 7546.19 991.23
11 9708.47 6964.51 9698.08 7003.37 9688.84 7002.55 9656.07 6998.87 9642.98 6992.58 9635.88 6969.66 9643.76 6944.91 9648.82 6934.72 9658.17 6925.66 9670.82 6925.29 9708.07 6945.64
9 1917.79 2113.54 1908.97 2087.09 1912.04 2079.03 1930.79 2045.30 1959.97 2038.21 1992.94 2061.86 1993.84 2068.26 1987.99 2119.38 1957.94 2135.50
10 6771.45 5923.09 6767.97 5883.83 6789.90 5850.48 6808.71 5843.30 6831.39 5837.66 6866.62 5862.16 6886.11 5898.14 6879.15 5929.20 6804.92 5943.67 6786.75 5940.94
8 4226.12 6191.57 4248.91 6218.10 4247.79 6252.97 4212.46 6267.59 4177.18 6249.38 4170.00 6213.92 4185.31 6197.73 4218.20 6191.49
10 428.79 8710.14 425.52 8733.61 372.92 8747.75 352.07 8734.57 367.01 8676.23 369.16 8670.73 382.64 8644.35 389.94 8649.08 416.58 8675.85 425.71 8691.39
9 1787.85 1870.18 1763.51 1927.94 1711.47 1925.20 1689.85 1896.81 1682.15 1856.14 1678.06 1799.92 1721.18 1780.80 1736.94 1782.86 1783.65 1797.00
11 6351.73 9834.41 6392.26 9831.81 6436.26 9842.57 6458.82 9848.56 6475.90 9914.94 6455.66 9973.05 6426.72 9988.48 6381.68 9982.75 6334.57 9931.90 6309.48 9904.08 6310.47 9886.50
8 2801.79 8931.57 2816.68 8953.33 2816.06 8976.79 2782.08 9005.00 2749.72 8979.86 2746.10 8971.31 2741.68 8950.10 2764.97 8930.68
11 9816.52 4897.62 9810.06 4821.78 9825.32 4807.39 9876.97 4789.62 9887.49 4788.07 9924.75 4808.41 9934.15 4814.34 9957.90 4837.49 9953.58 4851.55 9890.54 4948.72 9851.52 4923.30
11 2744.24 7863.67 2740.62 7821.97 2756.96 7805.25 2775.23 7799.31 2796.57 7796.28 2799.54 7798.09 2829.96 7852.10 2822.59 7885.29 2807.91 7894.36 2799.67 7894.82 2775.95 7883.53
9 492.12 7972.32 464.76 7954.59 486.58 7915.38 559.97 7907.51 564.79 7909.80 589.67 7930.94 601.06 7943.01 589.97 7983.16 530.60 7990.53
12 3252.80 1204.71 3242.92 1297.94 3174.16 1300.42 3159.42 1300.37 3145.52 1296.13 3133.35 1291.45 3122.51 1257.58 3112.90 1223.76 3123.45 1180.75 3125.42 1178.41 3182.18 1158.62 3239.71 1177.66
7 1144.39 429.87 1185.25 376.85 1212.78 377.82 1244.45 397.35 1257.79 458.01 1217.95 476.37 1158.73 439.37
7 8794.86 755.26 8834.80 679.36 8860.00 660.83 8880.72 659.75 8892.46 690.85 8905.20 767.82 8868.81 771.15
7 295.28 9486.17 282.23 9517.69 247.57 9516.21 239.02 9508.23 234.82 9471.14 235.80 9453.27 275.90 9449.01
7 9503.63 1975.24 9514.00 2027.01 9492.27 2050.16 9454.74 2034.28 9408.13 2011.14 9421.53 1969.57 9448.42 1954.04
9 1628.51 6192.14 1624.68 6168.15 1634.92 6160.31 1657.72 6143.37 1703.56 6150.40 1723.22 6161.38 1730.16 6191.92 1689.03 6229.50 1639.11 6230.66
11 2769.48 9147.44 2765.15 9115.13 2766.25 9110.95 2777.96 9082.85 2793.65 9076.74 2799.36 9075.76 2817.66 9074.65 2824.88 9076.93 2835.62 9132.02 2829.05 9149.46 2815.97 9149.70
11 3625.59 8203.02 3637.59 8184.94 3661.28 8166.59 3675.16 8164.22 3688.77 8186.90 3693.38 8221.67 3692.75 8229.38 3670.02 8240.20 3637.54 8229.08 3636.49 8228.31 3627.82 8208.63
9 9400.66 6486.67 9309.94 6424.70 9329.29 6332.43 9359.86 6318.93 9413.88 6314.12 9481.20 6346.21 9474.34 6428.22 9460.73 6451.85 9458.29 6453.85
7 5637.17 5015.51 5611.61 4920.25 5620.98 4912.07 5694.92 4926.55 5706.29 4929.51 5707.66 4966.82 5666.45 5009.62
8 2913.29 7289.97 2869.19 7369.35 2861.72 7368.93 2778.00 7343.15 2762.98 7295.84 2807.93 7229.69 2862.69 7230.72 2886.72 7235.75
7 2597.35 5275.69 2501.69 5273.32 2497.18 5260.98 2495.58 5181.81 2522.48 5153.75 2556.74 5152.99 2581.50 5178.92
10 1805.23 6077.05 1788.06 6108.92 1657.40 6101.09 1641.01 6079.08 1642.60 6042.74 1646.21 6029.04 1714.49 5986.16 1735.60 5993.48 1758.85 6003.25 1800.97 6049.69
8 8507.36 6026.53 8494.05 6002.13 8508.30 5966.07 8515.06 5960.07 8537.70 5981.93 8543.75 5989.84 8543.25 6014.89 8525.09 6031.83
5 4581.15 8340.73 4619.02 8295.70 4681.73 8352.14 4658.63 8395.96 4581.16 8385.80
8 5767.38 8402.96 5736.06 8313.18 5751.49 8272.50 5785.43 8252.44 5882.89 8309.13 5877.63 8339.01 5857.72 8391.67 5827.25 8395.86
9 5585.77 9300.45 5596.59 9272.06 5618.31 9257.77 5624.60 9260.02 5663.88 9292.03 5638.25 9317.10 5621.85 9331.93 5613.05 9327.07 5588.92 9311.84
9 10972.84 10568.47 10934.59 10534.53 10957.98 10468.23 11021.69 10467.72 11034.01 10469.88 11036.77 10480.68 11039.52 10501.37 11034.60 10556.41 10986.52 10566.48
9 10557.53 7017.57 10555.31 7002.32 10555.58 6978.69 10566.88 6962.17 10573.61 6959.82 10582.69 6962.16 10613.54 6975.30 10605.70 7024.54 10578.56 7031.28
6 6828.41 5671.21 6821.08 5626.40 6847.44 5600.37 6894.56 5615.20 6903.11 5632.70 6890.59 5667.29
7 8397.15 6247.15 8422.95 6363.48 8342.93 6398.22 8317.83 6395.80 8282.75 6370.63 8302.16 6277.30 8310.45 6258.81
6 10467.25 3395.72 10375.93 3374.62 10382.82 3360.76 10412.88 3318.78 10448.17 3331.43 10476.55 3373.74
8 2096.95 3719.90 2027.86 3639.70 2033.50 3606.46 2056.93 3584.97 2079.59 3578.00 2159.77 3564.72 2180.70 3612.22 2162.98 3669.48
8 7679.64 299.82 7603.79 359.29 7552.64 320.33 7551.47 307.15 7549.23 280.14 7571.53 265.24 7635.31 239.39 7645.85 237.11
9 2435.23 10841.82 2481.01 10771.67 2491.89 10763.02 2531.97 10753.60 2575.89 10775.51 2596.97 10875.01 2547.85 10913.62 2491.99 10920.01 2476.42 10909.67
9 9106.03 1451.14 9075.09 1453.44 9059.87 1444.33 9029.88 1417.98 9028.91 1376.71 9091.79 1356.34 9107.70 1365.19 9126.65 1380.37 9125.82 1398.50
11 3548.05 964.17 3561.05 922.26 3607.86 901.34 3624.19 895.79 3645.26 917.78 3656.77 933.06 3670.14 967.28 3663.40 978.15 3621.62 1000.50 3576.56 994.10 3549.00 967.23
7 2977.95 2854.88 2947.05 2854.02 2924.37 2818.84 2924.23 2787.78 2981.45 2761.32 2997.82 2767.38 2994.14 2843.83
6 2374.02 1348.29 2425.99 1397.89 2388.87 1438.12 2358.27 1431.56 2340.23 1391.09 2361.40 1353.90
9 5894.32 6571.45 5847.83 6521.38 5851.51 6438.93 5897.21 6403.83 5911.43 6392.99 6012.49 6427.48 6016.70 6504.15 5987.54 6555.35 5976.33 6559.40
12 8238.96 5828.19 8237.70 5785.29 8250.00 5748.41 8266.77 5724.99 8298.25 5726.26 8324.47 5733.86 8362.10 5776.40 8373.35 5807.78 8370.65 5835.60 8329.82 5864.91 8314.22 5865.00 8282.72 5855.46
7 7005.24 5543.02 6944.02 5490.10 6965.42 5444.24 7029.14 5431.74 7052.25 5473.71 7053.01 5512.55 7034.02 5533.28
7 6706.38 3585.62 6732.50 3659.64 6712.38 3688.11 6664.99 3708.05 6631.04 3657.40 6624.13 3630.96 6635.96 3607.36
9 893.37 10424.92 842.10 10333.82 862.64 10283.31 889.47 10274.94 949.56 10282.84 953.38 10326.32 947.20 10363.46 932.76 10418.16 914.15 10421.77
7 10229.59 6732.98 10275.34 6781.92 10212.61 6844.90 10187.09 6848.39 10164.61 6839.72 10142.48 6819.09 10156.76 6754.20
9 6196.60 2332.35 6159.10 2377.07 6107.20 2360.94 6087.67 2351.65 6074.51 2332.89 6088.63 2291.30 6104.09 2280.08 6124.64 2273.75 6181.72 2275.24
9 8778.06 10074.16 8822.83 10021.56 8851.98 10031.41 8857.47 10035.72 8895.25 10077.49 8882.18 10127.05 8866.99 10139.22 8842.60 10141.61 8781.86 10115.31
10 6991.72 8972.21 7006.62 8969.29 7032.55 8972.57 7050.80 9005.21 7060.19 9028.84 7053.66 9042.56 7023.45 9067.20 6984.83 9041.66 6976.53 9031.41 6977.17 9004.96
11 6891.52 3562.71 6891.46 3547.59 6921.08 3480.44 6951.74 3473.61 7009.50 3479.81 7030.30 3497.15 7051.56 3523.51 7045.19 3583.79 7015.67 3609.94 7011.92 3612.93 6959.15 3634.93
7 1468.70 1607.13 1503.93 1652.84 1498.00 1671.86 1474.42 1693.58 1457.75 1689.42 1416.89 1675.86 1423.74 1642.50
11 3373.42 7822.93 3394.89 7792.61 3447.47 7726.77 3495.25 7746.13 3530.76 7788.53 3541.00 7820.29 3524.86 7860.72 3496.25 7894.90 3442.73 7896.48 3412.63 7886.38 3375.71 7856.95
9 436.36 10183.77 500.61 10145.09 583.06 10181.97 600.82 10226.88 582.10 10261.73 545.31 10311.35 508.79 10308.74 485.01 10293.78 452.00 10254.56
7 4850.46 2723.61 4833.76 2792.80 4764.43 2775.50 4749.25 2762.38 4735.26 2737.11 4754.29 2688.85 4780.24 2668.67
8 9003.89 3605.66 9041.37 3541.29 9047.12 3540.85 9060.66 3544.96 9094.43 3563.76 9079.15 3631.40 9049.65 3638.32 9006.36 3622.35
7 7504.97 6630.79 7558.21 6548.60 7599.13 6569.87 7622.62 6590.94 7608.40 6640.53 7536.99 6671.44 7528.73 6671.68
10 8826.89 1028.15 8833.18 965.62 8878.43 916.56 8896.35 911.05 8916.84 921.93 8938.41 949.46 8940.54 952.40 8957.28 1031.86 8894.28 1055.36 8874.04 1051.21
8 887.81 9604.33 876.85 9582.85 880.50 9552.88 900.12 9513.83 954.40 9511.67 993.46 9539.61 978.35 9602.58 947.83 9628.15
7 9057.34 4053.40 8954.29 4006.88 8963.55 3938.14 8976.12 3932.63 9036.18 3925.42 9091.41 3960.78 9095.14 3996.85
10 3879.98 9357.19 3872.79 9311.83 3873.11 9305.21 3877.46 9299.14 3914.54 9273.32 3929.82 9270.07 3954.29 9279.10 3979.48 9325.19 3975.13 9346.50 3906.99 9372.59
9 2853.57 3767.25 2853.41 3722.99 2880.36 3695.56 2914.37 3704.28 2937.55 3715.41 2962.65 3744.56 2947.52 3785.04 2932.31 3785.71 2886.40 3780.77
9 3472.41 10316.66 3474.11 10263.55 3487.73 10230.01 3499.07 10226.10 3510.32 10230.12 3542.51 10271.50 3537.52 10284.22 3524.33 10307.77 3474.06 10321.73
9 6127.88 10290.36 6063.17 10352.81 5995.11 10349.86 5972.32 10326.11 5994.49 10236.25 6004.69 10201.10 6048.76 10187.28 6095.75 10218.00 6114.48 10253.17
10 4163.43 4974.91 4195.63 4944.82 4216.78 4928.03 4241.82 4945.43 4246.89 4949.61 4251.60 4982.66 4204.64 5016.75 4196.24 5019.49 4183.12 5020.30 4167.03 5002.10
10 2878.12 9901.93 2840.83 9864.69 2832.19 9849.29 2826.93 9832.48 2834.09 9817.14 2864.10 9797.09 2902.01 9816.29 2926.80 9834.69 2914.46 9892.90 2905.10 9895.90
9 7570.96 5727.03 7611.26 5668.92 7661.94 5675.24 7732.24 5702.36 7749.58 5734.63 7734.43 5802.38 7689.48 5830.08 7614.75 5836.55 7598.55 5804.73
7 5910.04 8091.34 5975.53 8029.86 6020.50 8030.18 6054.15 8102.15 5995.34 8129.70 5952.51 8137.88 5944.41 8137.95
6 3848.00 3857.08 3895.40 3916.52 3864.56 3952.51 3813.32 3957.88 3803.45 3944.98 3805.78 3883.00
9 9870.48 2723.15 9862.43 2683.07 9862.69 2668.24 9900.92 2638.31 9928.32 2646.80 9933.29 2650.56 9944.02 2669.52 9939.79 2690.62 9920.84 2700.31
11 5737.99 10363.11 5762.88 10312.15 5826.81 10313.02 5830.36 10318.23 5842.00 10338.28 5845.53 10351.54 5845.59 10358.10 5815.77 10399.65 5797.27 10411.17 5773.63 10416.38 5755.70 10400.22
8 6579.56 9920.61 6527.23 9834.30 6569.72 9766.43 6630.29 9760.71 6649.81 9766.76 6700.38 9821.45 6656.69 9924.20 6615.60 9928.71
10 9907.09 7782.47 9955.55 7841.68 9934.80 7870.28 9908.36 7901.33 9859.77 7942.32 9816.84 7915.49 9802.20 7902.44 9839.31 7828.75 9866.13 7794.15 9894.95 7783.98
9 7828.91 10096.86 7826.89 10067.42 7849.04 10023.19 7891.52 10015.87 7919.19 10033.26 7935.31 10058.98 7930.33 10078.11 7925.66 10094.39 7886.19 10129.69
10 4905.43 6763.23 4927.28 6719.78 4985.23 6715.65 5018.09 6738.90 5062.74 6789.08 5067.41 6804.20 5036.26 6856.57 4949.75 6848.60 4919.97 6844.34 4910.66 6806.97
9 8827.34 1918.04 8824.89 1829.23 8873.28 1793.16 8884.15 1786.12 8935.80 1807.17 8952.21 1822.39 8968.32 1867.12 8928.83 1927.96 8887.70 1942.98
8 3561.90 9240.62 3528.60 9189.84 3546.57 9148.41 3563.11 9136.27 3609.56 9148.21 3624.56 9168.67 3615.75 9231.26 3582.17 9252.44
10 10781.49 8569.28 10771.88 8538.38 10796.27 8500.37 10831.41 8473.04 10849.69 8471.88 10891.57 8499.64 10903.64 8522.84 10900.49 8550.28 10870.79 8581.38 10848.45 8599.25
7 5801.56 849.91 5820.85 885.64 5812.25 927.03 5794.06 930.51 5764.37 929.85 5741.72 878.62 5773.34 859.25
8 1640.67 6876.41 1657.24 6859.99 1706.16 6868.36 1720.73 6884.84 1711.89 6890.10 1663.03 6910.69 1654.25 6908.71 1653.37 6906.95
10 6596.81 1792.05 6567.78 1756.03 6552.22 1735.84 6550.88 1733.97 6565.54 1700.14 6591.93 1644.08 6619.52 1630.11 6648.42 1627.39 6699.06 1668.49 6671.85 1760.51
12 2267.69 1909.37 2190.55 1977.16 2161.65 1977.04 2140.66 1971.87 2090.16 1939.27 2089.46 1936.87 2088.17 1912.17 2090.04 1885.70 2113.97 1830.02 2133.32 1815.68 2250.78 1843.60 2266.00 1862.55
9 6043.63 10680.15 6025.60 10674.25 6019.18 10655.98 6014.94 10619.55 6020.72 10588.44 6056.21 10576.88 6095.46 10627.68 6099.89 10640.56 6098.84 10650.59
7 357.25 3175.29 380.67 3224.13 355.45 3247.02 309.58 3286.80 286.20 3252.21 266.67 3207.82 286.47 3182.79
9 8808.34 7703.83 8816.80 7641.03 8879.83 7638.45 8923.58 7697.06 8889.98 7745.21 8875.94 7760.53 8844.85 7763.11 8817.96 7753.97 8809.22 7735.80
8 5864.94 3097.54 5806.70 3181.52 5773.75 3159.47 5739.77 3085.73 5757.09 3050.53 5789.78 3032.28 5845.88 3052.56 5851.42 3062.38
7 9641.30 7500.43 9599.66 7539.07 9565.99 7531.30 9548.86 7505.80 9548.66 7466.27 9588.66 7433.15 9616.41 7433.67
9 3568.17 9602.45 3613.03 9648.01 3612.43 9672.97 3610.79 9675.76 3549.22 9706.06 3532.84 9704.93 3518.43 9690.57 3508.18 9661.06 3535.83 9611.06
6 1049.24 7644.18 1088.59 7661.75 1069.42 7688.74 1041.70 7705.09 1026.45 7699.70 1029.63 7655.63
6 10208.33 10395.82 10226.31 10334.36 10298.91 10358.50 10301.77 10410.66 10263.55 10428.62 10208.90 10403.48
9 4876.59 669.21 4838.46 599.58 4864.87 569.10 4870.05 569.02 4934.66 570.66 4951.21 597.89 4948.56 635.45 4934.66 655.75 4904.33 671.43
9 7346.64 9634.28 7337.45 9605.73 7381.41 9567.60 7398.77 9570.47 7417.39 9586.33 7440.17 9633.46 7436.95 9638.96 7419.70 9661.36 7360.07 9662.55
11 2696.94 3111.94 2702.93 3081.18 2719.59 3053.95 2739.21 3036.93 2791.09 3059.78 2811.81 3069.79 2828.37 3104.77 2802.93 3135.87 2788.05 3146.21 2756.50 3149.75 2737.88 3148.84
9 5059.98 2225.06 5011.59 2205.58 4992.74 2178.35 4977.46 2146.01 5003.46 2072.73 5051.05 2052.51 5138.25 2075.02 5161.13 2120.91 5145.71 2150.35
10 10552.07 7842.54 10541.97 7792.55 10562.24 7770.12 10591.68 7756.54 10598.53 7753.80 10620.52 7760.70 10647.44 7811.70 10631.55 7846.42 10596.73 7867.13 10571.42 7867.38
11 1860.23 746.40 1845.29 713.64 1845.48 699.59 1868.31 649.58 1887.90 638.94 1927.59 643.52 1943.78 646.17 1953.56 683.78 1953.12 738.44 1946.02 756.39 1927.51 757.73
9 6163.25 8116.90 6066.04 8062.72 6108.98 7983.06 6176.91 7964.25 6212.45 8012.25 6222.87 8061.53 6221.19 8076.41 6201.01 8098.26 6179.92 8109.37
7 3560.43 5440.44 3649.16 5389.90 3679.57 5399.57 3715.54 5477.81 3696.47 5503.31 3673.84 5528.27 3568.53 5508.67
8 1717.74 3615.66 1709.55 3531.55 1731.61 3519.21 1792.16 3530.44 1803.86 3557.38 1805.26 3585.65 1784.84 3607.62 1720.26 3638.47
7 4331.49 7359.71 4372.42 7326.33 4449.87 7344.52 4465.66 7375.20 4412.41 7446.95 4367.94 7452.36 4342.34 7442.92
5 10589.17 5564.79 10509.66 5581.06 10522.41 5549.41 10540.11 5524.98 10569.84 5532.01
11 3493.94 7002.98 3503.82 6933.47 3519.01 6920.78 3568.39 6914.21 3608.67 6928.55 3625.87 6943.18 3641.49 6978.64 3617.67 7013.91 3566.73 7040.79 3546.81 7049.41 3502.26 7014.20
7 10875.61 10327.59 10915.77 10286.62 10930.72 10289.82 10951.65 10312.44 10965.52 10347.65 10904.93 10373.54 10876.90 10350.11
9 5639.21 4254.09 5617.73 4312.47 5574.88 4311.91 5536.76 4309.80 5516.59 4257.78 5522.06 4238.04 5542.32 4207.61 5563.58 4204.45 5622.10 4220.15
7 6638.49 3863.07 6587.45 3776.11 6629.78 3757.57 6661.25 3752.96 6703.60 3780.36 6691.83 3830.86 6669.71 3855.24
8 2384.62 9649.12 2352.28 9593.74 2416.55 9515.82 2452.04 9511.66 2499.20 9530.48 2500.23 9629.49 2493.46 9635.98 2427.72 9657.88
6 1855.44 8866.03 1885.41 8840.03 1931.98 8873.36 1914.65 8920.52 1886.67 8921.77 1859.03 8901.29
10 6402.15 3639.24 6387.15 3552.64 6415.87 3515.78 6437.55 3506.45 6450.12 3506.69 6483.07 3522.79 6521.55 3568.47 6489.73 3640.91 6478.93 3660.93 6440.82 3654.63
10 7943.71 6906.83 7971.51 6900.37 7988.67 6931.71 7989.00 6967.03 7981.83 6972.07 7971.65 6979.16 7970.65 6979.80 7922.62 6970.71 7922.85 6958.18 7925.65 6948.66
8 2887.40 4720.66 2927.81 4670.99 3002.45 4665.55 3008.93 4668.17 3048.38 4769.59 3039.26 4775.59 2956.63 4807.25 2903.79 4777.08
9 1299.11 7128.53 1311.62 7116.97 1375.88 7097.49 1387.84 7108.78 1399.15 7126.82 1400.97 7159.70 1341.79 7193.21 1324.77 7190.00 1301.70 7155.40
9 8397.80 6432.38 8420.07 6496.42 8417.60 6516.54 8388.22 6518.37 8365.17 6514.34 8339.06 6506.89 8324.34 6479.43 8321.77 6461.61 8365.49 6434.07
7 5843.35 2661.78 5780.54 2615.08 5789.48 2583.58 5812.24 2571.09 5857.31 2563.35 5879.88 2591.43 5858.19 2656.37
7 3211.08 6102.09 3214.68 6156.78 3210.07 6185.64 3146.70 6211.15 3137.31 6195.26 3109.89 6147.98 3120.06 6135.23
11 10953.97 464.44 10928.14 515.81 10884.77 505.16 10872.78 472.63 10880.70 455.90 10898.72 431.92 10903.74 427.83 10906.62 426.87 10929.11 430.96 10949.49 441.28 10952.44 450.50
9 6226.69 10259.50 6247.04 10204.77 6290.79 10182.48 6327.06 10214.40 6355.63 10261.91 6332.18 10327.64 6321.51 10333.85 6281.81 10325.66 6234.53 10307.16
11 6934.25 10307.56 6969.82 10293.64 7014.45 10325.47 7016.30 10328.96 7009.60 10356.01 7005.50 10362.14 6986.19 10383.94 6945.17 10376.86 6926.64 10366.28 6929.06 10324.97 6931.96 10311.51
8 3595.33 6686.05 3615.15 6747.86 3594.37 6788.37 3547.65 6798.17 3544.16 6796.48 3498.91 6733.23 3515.22 6714.31 3534.48 6696.60
7 4856.87 8581.39 4879.16 8663.56 4857.41 8686.53 4809.82 8678.78 4775.07 8655.42 4778.80 8604.81 4799.48 8588.60
11 3620.31 3083.91 3615.09 3161.22 3601.59 3169.11 3537.50 3201.06 3498.91 3185.76 3475.93 3171.06 3464.45 3159.15 3463.21 3131.13 3491.08 3035.10 3548.68 3017.09 3566.70 3026.85
10 5645.87 7734.94 5637.19 7680.42 5661.59 7647.25 5674.03 7644.00 5715.21 7643.98 5749.65 7653.79 5770.78 7706.12 5721.03 7758.84 5677.07 7767.44 5648.09 7738.19
6 4156.82 10835.91 4123.71 10793.92 4148.77 10758.60 4204.34 10751.92 4203.69 10808.70 4179.55 10835.36
10 9456.32 9129.79 9400.13 9213.69 9307.39 9209.17 9301.83 9205.87 9266.52 9119.70 9267.72 9109.67 9290.66 9094.03 9358.97 9066.34 9420.51 9078.22 9438.10 9084.63
10 2482.89 1762.14 2472.12 1761.98 2425.55 1723.67 2417.69 1711.40 2423.80 1698.55 2448.49 1669.67 2512.10 1681.40 2515.56 1685.98 2525.08 1718.25 2521.96 1745.89
8 10363.49 9810.60 10389.60 9758.18 10417.07 9731.60 10428.59 9747.28 10486.91 9840.40 10426.41 9857.63 10381.76 9855.65 10364.67 9844.16
7 6272.43 4359.74 6242.37 4274.01 6264.05 4267.35 6293.45 4268.61 6325.48 4294.59 6306.36 4356.51 6296.19 4359.69
10 5592.13 8419.40 5605.91 8390.96 5622.63 8368.25 5628.40 8361.61 5668.57 8381.37 5673.72 8417.56 5672.80 8422.57 5663.60 8436.80 5630.84 8447.52 5601.68 8433.22
9 6356.19 5738.37 6358.47 5657.60 6433.29 5655.57 6454.50 5680.37 6458.14 5736.38 6456.91 5745.51 6420.94 5770.71 6381.98 5763.11 6373.43 5758.33
9 8736.82 9894.30 8742.12 9865.65 8771.36 9836.68 8818.75 9848.67 8843.43 9889.77 8830.47 9925.44 8819.34 9927.04 8765.71 9924.94 8748.83 9914.84
8 9243.76 5349.58 9257.35 5330.15 9336.11 5306.46 9373.37 5334.68 9384.10 5409.13 9350.52 5433.67 9297.38 5422.94 9266.77 5386.13
10 6452.30 7609.11 6428.11 7629.45 6407.92 7634.62 6403.76 7633.21 6398.68 7630.65 6394.15 7615.67 6388.67 7572.37 6396.99 7569.57 6433.18 7567.07 6452.21 7597.50
7 2703.49 3231.43 2719.09 3186.09 2767.74 3165.95 2800.90 3181.74 2796.32 3195.39 2761.55 3276.71 2742.13 3275.24
6 5442.75 10225.85 5462.15 10260.31 5449.64 10271.75 5395.96 10259.62 5408.87 10238.19 5422.72 10224.29
10 3322.23 4766.62 3385.42 4719.75 3401.72 4723.55 3413.14 4730.05 3427.09 4740.80 3434.00 4756.85 3445.43 4786.53 3421.15 4828.35 3382.31 4838.61 3325.76 4778.66
11 10907.50 9325.34 10867.09 9274.12 10868.51 9213.98 10902.80 9164.84 10959.40 9147.63 11018.47 9178.55 11036.21 9207.31 11023.20 9275.90 11010.54 9306.21 10963.31 9332.73 10954.93 9333.61
10 6508.52 9500.10 6438.93 9534.81 6434.82 9533.88 6418.02 9517.22 6413.75 9498.09 6414.49 9459.87 6426.50 9424.76 6446.92 9418.90 6459.53 9427.90 6483.13 9458.72
7 2622.99 5002.64 2542.95 4944.74 2563.94 4915.27 2597.90 4904.85 2643.17 4914.98 2657.00 4921.39 2652.71 4967.81
9 10920.34 5639.76 10899.78 5596.17 10906.14 5567.33 10916.67 5537.99 10932.66 5513.26 10997.83 5536.63 11064.23 5571.17 11047.24 5658.37 10968.48 5676.67
9 6626.15 2886.52 6697.67 2926.83 6681.89 2987.94 6640.07 3022.99 6620.82 3027.71 6593.85 2997.90 6563.72 2936.87 6570.50 2924.09 6598.41 2893.00
11 458.65 326.63 516.21 323.48 544.55 330.57 561.93 336.43 571.99 421.85 570.10 440.65 544.90 459.50 485.40 462.18 438.26 416.32 429.98 376.06 447.07 333.82
10 1382.31 10368.23 1396.91 10387.62 1396.75 10405.99 1396.21 10421.02 1394.71 10430.25 1387.05 10437.63 1365.09 10445.28 1328.06 10450.24 1309.95 10435.68 1327.11 10368.56
10 4435.19 2151.14 4447.99 2146.17 4479.95 2154.92 4484.66 2179.06 4489.15 2216.45 4465.59 2227.60 4425.35 2214.58 4417.53 2198.73 4417.07 2181.64 4420.02 2172.91
7 1473.12 9348.17 1540.79 9323.66 1584.04 9378.14 1560.21 9422.79 1543.11 9436.05 1517.56 9419.62 1473.27 9377.20
9 2249.07 5464.70 2241.56 5377.17 2316.60 5322.01 2326.81 5320.86 2409.35 5367.54 2415.62 5401.19 2410.96 5433.58 2342.05 5498.31 2326.39 5498.03
10 4951.00 8437.75 4859.07 8498.66 4817.97 8479.10 4793.18 8433.04 4820.03 8395.68 4837.72 8377.01 4865.54 8350.79 4887.05 8356.64 4918.08 8375.87 4948.98 8420.07
6 4009.77 6328.46 3971.03 6211.78 4011.86 6194.54 4098.21 6205.32 4117.53 6210.93 4099.59 6326.86
8 7310.60 5122.76 7251.77 5156.39 7187.26 5127.63 7187.02 5125.17 7192.64 5086.35 7216.40 5070.14 7233.50 5062.73 7270.09 5065.22
10 7340.49 1192.17 7354.21 1142.15 7401.06 1121.55 7444.61 1102.59 7477.43 1132.12 7490.00 1248.26 7464.35 1264.13 7446.55 1267.33 7380.70 1261.04 7369.58 1251.40
10 2675.39 4627.21 2670.51 4572.26 2682.43 4534.35 2696.24 4534.06 2736.41 4536.49 2772.96 4574.21 2774.78 4603.07 2723.10 4633.15 2715.42 4637.09 2696.29 4636.61
10 10111.42 9572.49 10093.12 9659.54 10073.00 9667.52 10038.46 9660.30 10028.50 9657.39 10015.46 9645.75 10008.84 9624.16 10013.63 9607.65 10033.62 9558.71 10092.42 9568.88
10 217.92 7679.15 241.84 7636.87 261.03 7631.88 276.77 7642.88 282.39 7651.62 290.01 7685.55 265.98 7715.16 251.64 7724.54 240.32 7719.15 229.69 7709.01
10 7374.31 1553.53 7409.63 1469.89 7429.34 1457.05 7443.19 1454.12 7450.74 1454.86 7493.13 1472.56 7523.00 1496.01 7502.63 1532.12 7428.51 1602.33 7383.48 1569.66
8 5089.30 10425.92 5131.11 10374.15 5221.54 10382.15 5246.14 10419.68 5210.25 10508.69 5186.89 10512.92 5161.24 10508.45 5096.98 10464.02
11 1282.56 9070.60 1280.75 9062.87 1280.88 9041.19 1304.88 9019.59 1315.16 9016.59 1328.28 9015.68 1343.04 9030.42 1353.99 9047.60 1347.17 9077.47 1324.16 9093.51 1315.49 9097.19
8 10211.92 6200.82 10188.93 6126.73 10194.63 6103.72 10288.68 6056.65 10301.83 6065.10 10324.42 6096.81 10321.56 6179.62 10294.82 6211.73
7 9857.67 10839.77 9901.66 10804.43 9922.96 10811.74 9938.01 10848.38 9915.67 10885.16 9904.40 10888.50 9880.08 10867.69
11 9328.47 10860.21 9335.63 10891.73 9334.57 10898.11 9330.17 10905.90 9306.88 10918.35 9290.97 10926.66 9279.37 10892.24 9271.11 10865.08 9288.02 10858.56 9291.28 10858.15 9320.28 10859.47
8 9973.92 10191.67 9978.52 10157.72 10079.76 10127.11 10113.39 10203.32 10114.52 10232.83 10081.37 10263.17 10022.90 10253.01 9978.48 10238.74
11 2036.93 6872.22 2028.37 6832.78 2039.27 6831.27 2065.26 6832.01 2067.06 6832.92 2083.26 6846.24 2095.66 6862.45 2103.02 6877.97 2092.98 6886.74 2086.85 6890.00 2048.80 6909.29
7 1739.32 8806.03 1731.96 8743.20 1776.21 8722.15 1821.97 8724.13 1839.86 8756.31 1827.03 8792.59 1816.09 8810.55
10 7310.43 7056.47 7286.69 7086.26 7234.59 7075.46 7219.24 7053.24 7220.33 7012.82 7229.59 7000.87 7252.55 6986.49 7269.80 6979.59 7298.99 6977.48 7307.26 7001.59
9 8101.91 5642.59 8077.84 5593.07 8088.82 5530.93 8154.51 5497.82 8216.42 5522.28 8223.32 5562.44 8217.03 5605.21 8204.35 5618.34 8166.58 5654.29
8 3287.58 9718.78 3267.74 9749.78 3226.21 9745.92 3207.02 9739.75 3200.59 9737.36 3205.49 9695.67 3251.42 9679.08 3273.04 9694.72
9 388.34 2585.43 437.89 2570.08 445.86 2578.60 464.80 2599.95 463.58 2639.44 460.89 2646.62 427.05 2654.89 386.40 2642.96 387.13 2601.54
7 3529.04 8295.01 3464.21 8248.72 3508.69 8160.10 3521.58 8138.72 3544.60 8151.82 3594.08 8193.53 3613.35 8210.09
11 6628.80 7246.11 6599.05 7299.73 6571.12 7294.28 6536.55 7258.90 6546.44 7234.35 6563.88 7206.96 6569.87 7200.32 6589.50 7197.74 6606.38 7198.69 6612.41 7205.42 6622.45 7217.59
9 9093.20 7314.26 9089.09 7285.87 9099.41 7257.59 9125.10 7240.70 9170.75 7237.06 9191.61 7273.06 9182.15 7293.30 9165.89 7323.49 9143.26 7328.72
10 7363.84 8648.57 7362.92 8625.52 7369.75 8614.62 7403.57 8598.48 7423.33 8602.22 7431.79 8605.81 7438.04 8632.18 7411.69 8670.42 7390.94 8676.89 7380.72 8674.52
6 319.70 7273.12 235.31 7302.52 237.02 7242.20 254.27 7206.87 291.77 7212.62 330.76 7250.35
13 6926.26 8019.44 6873.48 8010.08 6849.06 7971.02 6836.10 7943.74 6836.40 7904.80 6859.53 7882.92 6884.40 7860.66 6909.03 7858.05 6949.85 7859.53 6970.48 7876.15 6985.62 7929.06 6982.64 7968.67 6969.54 8004.55
10 1415.49 553.92 1324.69 511.83 1329.23 473.73 1352.74 420.18 1373.14 409.28 1382.83 405.44 1436.84 407.27 1466.51 447.37 1462.32 491.66 1456.44 518.24
11 6370.66 9771.07 6362.42 9761.88 6357.94 9727.80 6356.38 9715.91 6359.33 9701.62 6371.29 9694.12 6426.21 9702.84 6431.91 9705.05 6436.73 9731.97 6421.03 9755.61 6393.25 9769.86
11 3838.78 8587.02 3849.87 8605.56 3839.37 8626.56 3827.40 8632.98 3770.58 8631.56 3764.28 8625.06 3755.81 8598.62 3761.10 8582.24 3768.27 8566.59 3777.15 8560.65 3810.63 8558.72
7 5098.41 1865.56 5058.43 1942.48 5024.61 1937.06 4974.59 1849.92 4989.33 1815.48 5040.18 1801.95 5061.21 1820.30
6 8068.82 4079.29 7995.95 4015.02 8008.60 3986.26 8123.92 3969.08 8109.78 4023.84 8085.33 4063.68
9 3691.75 1062.67 3711.24 989.63 3797.02 985.15 3846.02 1018.17 3860.10 1044.57 3813.59 1108.32 3780.78 1144.59 3777.36 1142.52 3734.19 1110.95
8 7878.02 4935.89 7884.48 4894.50 7958.58 4858.45 7985.16 4873.77 7992.81 4905.92 7970.75 4928.97 7931.93 4961.45 7888.97 4952.80
9 3057.89 10218.15 3021.54 10181.31 3023.38 10165.39 3026.33 10157.99 3032.03 10152.71 3083.79 10142.91 3112.97 10168.25 3110.76 10190.92 3085.59 10213.30
9 1987.02 5665.91 2019.72 5739.85 1971.59 5787.98 1938.50 5789.22 1880.71 5787.51 1870.92 5782.60 1838.93 5702.81 1892.76 5677.53 1936.39 5667.25
6 5897.14 2283.27 5900.28 2426.03 5864.40 2430.27 5821.50 2383.35 5784.03 2332.55 5808.10 2288.16
8 956.68 1278.76 957.37 1247.16 968.71 1202.83 999.04 1208.61 1036.45 1254.90 1034.99 1314.76 1006.91 1331.67 998.48 1328.70
9 1907.16 9806.66 1869.97 9790.51 1879.33 9745.87 1894.49 9719.62 1922.77 9717.45 1950.10 9746.85 1952.03 9760.10 1948.94 9776.48 1921.74 9796.49
9 9976.01 5730.69 9959.08 5770.02 9878.92 5773.47 9855.25 5754.81 9837.69 5736.98 9851.88 5709.90 9917.71 5640.78 9954.15 5630.94 9959.79 5644.39
7 917.91 7382.66 888.78 7342.07 901.55 7309.09 995.74 7263.92 1019.50 7301.45 1003.46 7344.70 972.86 7374.86
9 8842.17 10335.23 8859.28 10301.29 8920.69 10277.72 8923.64 10277.80 8953.61 10352.11 8924.75 10379.33 8855.92 10375.08 8848.63 10358.22 8842.54 10337.75
10 3372.64 1340.98 3359.60 1284.83 3373.52 1266.91 3420.38 1228.45 3466.04 1245.73 3493.06 1259.41 3463.76 1331.37 3442.52 1359.43 3403.17 1377.84 3382.05 1355.01
9 2427.93 6085.72 2441.76 6035.07 2452.80 6015.97 2483.65 5973.43 2525.93 5989.08 2543.45 6030.61 2541.25 6066.17 2490.30 6118.96 2457.22 6105.74
7 183.98 3640.85 235.64 3697.47 178.16 3756.69 175.84 3757.75 143.12 3741.36 134.59 3682.43 145.90 3660.64
13 10344.30 783.94 10325.20 765.45 10323.14 760.69 10320.92 740.80 10322.46 725.09 10340.18 700.13 10366.44 688.88 10399.18 708.96 10412.51 728.13 10398.35 774.64 10393.79 776.45 10383.06 779.50 10374.51 780.64
10 2602.49 10694.19 2603.51 10656.75 2652.96 10605.25 2709.06 10609.85 2732.91 10612.59 2742.65 10630.35 2752.79 10721.68 2735.62 10732.98 2698.76 10750.05 2621.44 10734.20
10 5400.04 9846.91 5415.00 9812.37 5454.23 9815.42 5482.45 9860.98 5483.58 9888.80 5465.54 9910.59 5423.86 9919.56 5405.70 9896.47 5395.08 9866.44 5395.85 9859.49
8 7887.69 5150.22 7864.41 5084.88 7872.46 5078.09 7919.88 5071.56 7955.25 5105.84 7939.38 5131.06 7930.90 5139.16 7925.39 5140.68
8 1843.50 2202.22 1856.22 2260.35 1819.68 2285.46 1805.46 2292.22 1786.91 2297.73 1757.26 2279.79 1758.09 2216.51 1790.70 2196.31
6 9077.90 5917.98 9121.99 5995.37 9117.62 6052.22 9052.58 6094.43 8942.47 6035.16 8961.57 5948.90
11 8160.07 6307.15 8239.70 6339.38 8244.74 6350.70 8251.82 6376.88 8252.67 6385.48 8244.18 6395.01 8198.75 6406.78 8169.27 6402.47 8116.46 6390.84 8122.13 6370.94 8153.91 6312.44
10 10634.98 9396.52 10611.71 9311.75 10664.79 9268.92 10678.64 9263.28 10723.94 9274.62 10766.14 9300.20 10766.32 9354.15 10760.95 9365.55 10734.17 9404.12 10705.55 9412.10
11 7459.65 6337.10 7461.83 6311.25 7483.96 6293.09 7492.06 6287.30 7509.46 6291.14 7523.90 6301.18 7536.23 6341.64 7511.15 6362.29 7507.27 6364.80 7502.43 6365.45 7472.03 6357.37
13 1331.00 3953.48 1369.78 3931.43 1389.10 3937.59 1396.22 3940.60 1409.78 3975.43 1402.46 3993.49 1399.93 3998.00 1390.48 4007.14 1368.23 4014.85 1354.18 4014.97 1346.62 4011.01 1327.08 3990.96 1328.90 3964.10
9 4197.58 2095.24 4111.74 2030.47 4113.36 2007.78 4143.81 1942.99 4169.83 1937.32 4240.63 1933.71 4261.31 1944.84 4264.20 1965.84 4252.49 2034.68
8 4595.25 5326.03 4636.80 5291.27 4649.51 5281.64 4674.01 5301.80 4690.21 5343.38 4666.29 5377.33 4637.54 5384.85 4603.48 5348.75
11 5352.89 7565.91 5361.65 7526.68 5418.91 7495.65 5438.23 7489.87 5458.36 7497.45 5511.22 7527.18 5522.45 7560.34 5513.71 7591.53 5486.08 7602.65 5426.23 7615.43 5386.46 7606.97
8 2772.46 6696.20 2727.33 6669.51 2739.55 6600.88 2743.78 6581.68 2802.70 6580.09 2819.16 6607.15 2815.76 6650.61 2804.47 6695.90
8 748.53 9667.91 710.44 9703.62 705.81 9702.92 658.07 9666.59 659.89 9648.05 689.88 9631.51 709.71 9635.88 735.57 9654.24
12 5454.34 4950.38 5457.33 4954.80 5460.01 4972.13 5466.93 5018.03 5465.19 5028.35 5445.44 5053.07 5400.58 5039.10 5382.89 5028.95 5350.75 5000.15 5374.14 4959.72 5375.94 4956.72 5449.25 4950.45
9 10651.71 10441.77 10718.88 10397.40 10766.99 10406.46 10771.15 10467.27 10763.52 10496.79 10749.10 10507.46 10673.37 10492.89 10663.44 10487.36 10653.64 10453.06
7 1012.85 4351.10 1067.52 4236.01 1156.48 4297.67 1168.49 4329.70 1149.62 4355.55 1117.11 4385.69 1095.45 4402.91
11 6371.47 2304.68 6394.00 2256.66 6435.82 2203.98 6476.39 2220.64 6511.62 2245.03 6544.51 2268.25 6551.85 2293.26 6553.71 2302.10 6532.62 2357.75 6474.45 2390.87 6452.47 2385.02
9 5899.72 4821.28 5982.18 4885.86 5978.18 4921.61 5945.93 4970.66 5874.26 4974.92 5843.06 4955.46 5821.28 4900.50 5827.69 4866.33 5861.83 4842.12
7 2513.51 6232.55 2537.31 6193.28 2574.45 6203.36 2592.68 6232.96 2580.20 6258.61 2537.60 6261.17 2520.98 6246.31
11 325.89 5807.78 289.75 5839.49 274.28 5833.44 265.55 5820.95 261.98 5799.47 260.90 5790.74 269.16 5777.97 304.34 5753.38 320.31 5759.35 342.42 5770.53 336.34 5786.12
8 3155.52 3238.47 3183.00 3316.82 3174.47 3335.15 3134.03 3358.61 3066.51 3366.87 3029.58 3317.12 3040.19 3232.69 3048.39 3231.72
9 4689.87 3720.02 4670.44 3666.62 4677.97 3613.45 4694.57 3585.95 4780.06 3588.98 4798.56 3619.93 4787.23 3677.12 4734.75 3716.00 4726.28 3721.20
9 1625.57 9944.48 1630.22 9931.03 1680.82 9909.25 1687.28 9919.68 1692.23 9932.94 1688.60 9949.20 1671.25 9961.27 1647.02 9965.34 1628.27 9953.68
6 3133.58 4210.30 3096.03 4182.03 3099.54 4154.20 3109.57 4099.75 3137.50 4100.73 3179.75 4189.20
6 9122.89 3159.86 9152.04 3077.37 9268.48 3087.89 9278.32 3118.11 9283.96 3189.95 9148.68 3166.14
8 4609.28 6330.16 4677.10 6273.52 4734.50 6327.41 4751.20 6347.06 4761.58 6360.40 4732.42 6377.21 4667.55 6407.80 4620.62 6383.90
9 5303.18 10828.78 5306.91 10824.48 5353.20 10776.11 5394.62 10803.56 5412.30 10832.38 5381.55 10880.79 5377.79 10881.55 5349.78 10879.27 5338.37 10876.96
9 9891.85 3348.41 9917.42 3316.63 9962.08 3318.99 9965.60 3320.00 9977.66 3331.39 9960.23 3390.09 9958.04 3396.72 9926.59 3423.12 9901.72 3376.69
9 7666.64 7275.21 7677.74 7366.90 7596.65 7366.43 7531.30 7330.26 7526.13 7309.59 7531.18 7302.66 7561.35 7264.38 7614.43 7254.96 7657.04 7267.47
9 8168.85 6738.32 8126.69 6759.59 8101.91 6752.03 8087.21 6744.34 8092.07 6720.29 8106.18 6690.80 8153.65 6705.68 8159.08 6713.62 8168.48 6733.99
8 9264.70 7093.15 9289.34 6975.63 9299.49 6941.79 9355.52 6965.25 9408.63 7007.43 9368.85 7094.70 9344.57 7110.73 9268.46 7102.32
7 843.97 9878.58 766.73 9835.32 786.09 9821.49 834.44 9791.08 873.92 9788.57 897.36 9798.77 892.34 9862.23
7 4918.34 8638.49 4894.94 8604.10 4913.92 8558.43 4967.93 8556.33 4993.15 8574.37 4985.75 8607.75 4929.20 8636.65
8 9753.29 2886.20 9824.44 2854.15 9876.46 2877.02 9888.55 2893.46 9885.29 2919.95 9871.53 2951.40 9848.00 3001.96 9793.25 2982.59
7 2803.98 2003.27 2715.41 2081.67 2675.82 2059.00 2675.60 1933.16 2722.63 1922.84 2743.53 1928.79 2774.28 1965.04
10 122.26 3286.58 131.58 3242.58 144.29 3238.93 178.46 3246.18 180.39 3246.91 191.81 3267.61 191.14 3294.89 169.34 3306.79 167.83 3307.33 138.08 3298.98
12 8266.86 1621.75 8149.19 1570.86 8150.39 1550.52 8155.14 1529.66 8164.54 1494.41 8194.37 1469.01 8236.51 1464.11 8258.18 1466.46 8268.81 1470.24 8297.53 1511.40 8301.78 1518.18 8300.78 1589.42
10 7186.36 1968.75 7153.59 1961.39 7149.01 1953.75 7128.06 1916.56 7141.53 1895.15 7157.93 1880.33 7193.14 1879.61 7208.55 1901.46 7218.61 1924.45 7199.36 1963.49
11 7349.43 10001.74 7343.07 9976.53 7343.36 9959.58 7343.63 9951.55 7355.30 9932.18 7380.87 9927.34 7394.60 9929.15 7407.57 9934.95 7418.50 9949.90 7412.04 9991.75 7405.28 10004.42
9 7360.64 7366.65 7424.50 7342.10 7431.81 7361.98 7463.81 7449.26 7439.70 7477.39 7345.89 7470.12 7334.34 7464.42 7312.19 7421.04 7323.98 7405.20
9 2327.25 4046.14 2306.36 3985.76 2326.74 3960.72 2381.51 3935.48 2409.17 3942.04 2439.08 3968.64 2445.97 4047.53 2403.39 4085.69 2356.13 4093.57
8 223.83 10770.61 230.83 10729.97 273.00 10726.40 286.39 10732.77 312.32 10757.93 312.12 10808.03 248.59 10842.67 241.93 10828.73
8 606.19 6167.74 622.01 6118.36 666.94 6116.88 677.38 6123.64 702.45 6152.96 701.01 6174.19 669.02 6198.11 629.01 6198.80
9 2619.64 4386.63 2668.32 4317.48 2741.76 4309.57 2792.53 4356.61 2789.09 4389.24 2766.38 4428.04 2719.19 4455.92 2704.98 4453.71 2673.15 4448.58
8 7888.75 2271.67 7835.88 2248.23 7840.61 2225.90 7862.91 2178.84 7903.44 2154.09 7920.99 2171.36 7928.04 2200.21 7918.90 2227.08
8 5445.59 1323.45 5438.60 1391.42 5416.80 1404.71 5394.17 1407.48 5382.93 1397.62 5363.24 1361.49 5350.34 1331.41 5379.85 1301.90
12 2143.01 5636.94 2156.00 5635.74 2192.17 5648.28 2197.69 5651.00 2218.84 5676.77 2215.90 5684.24 2199.97 5704.77 2165.29 5720.99 2144.50 5717.68 2128.93 5706.13 2111.87 5692.38 2131.13 5657.15
6 10653.38 3674.13 10680.09 3636.76 10716.61 3640.83 10762.39 3785.23 10720.26 3785.81 10659.83 3736.73
11 972.16 8149.94 1005.23 8144.99 1059.52 8167.04 1067.37 8243.86 1050.08 8267.85 1007.31 8289.25 959.91 8278.67 943.03 8266.65 929.72 8223.57 927.90 8190.13 960.92 8159.29
7 8986.95 880.52 8900.04 851.06 8908.41 832.10 8919.07 809.54 8968.64 811.41 8999.16 812.86 9006.24 819.43
12 8307.04 1052.73 8293.69 1029.25 8314.63 992.12 8343.75 966.04 8369.07 966.57 8385.85 973.08 8451.35 1013.26 8454.35 1032.30 8439.03 1072.29 8434.32 1077.52 8392.93 1107.06 8360.38 1089.60
7 9848.67 5338.02 9853.40 5381.14 9806.50 5418.55 9800.19 5416.94 9782.09 5377.67 9786.81 5354.13 9790.39 5342.61
11 10057.35 7347.10 10083.85 7325.34 10161.32 7378.80 10165.87 7391.15 10167.24 7397.06 10144.09 7449.43 10114.95 7460.76 10078.44 7449.99 10058.64 7444.05 10039.30 7391.40 10046.26 7368.48
11 3367.09 784.50 3367.48 746.59 3385.16 725.72 3404.04 704.79 3427.51 701.25 3465.56 705.42 3488.60 747.63 3452.17 789.67 3431.42 796.14 3412.10 800.12 3381.96 797.89
6 8136.99 4291.55 8210.51 4219.02 8292.23 4237.28 8319.67 4344.29 8190.83 4361.89 8145.90 4329.34
6 7495.56 9664.59 7461.42 9636.75 7467.74 9606.27 7476.17 9603.69 7518.68 9611.37 7534.95 9645.13
10 3912.13 6994.58 3934.67 6952.31 4002.00 6925.04 4046.48 6936.79 4075.82 6974.90 4095.80 7007.18 4054.00 7036.91 3993.59 7065.69 3950.47 7059.56 3912.54 7053.58
10 8752.41 989.51 8808.52 1039.92 8793.04 1102.60 8755.58 1115.63 8721.80 1110.51 8682.11 1070.80 8670.24 1039.44 8677.80 1004.83 8694.00 999.06 8711.39 993.69
8 1132.52 9110.01 1190.23 9062.84 1283.86 9155.84 1283.09 9177.68 1262.43 9199.91 1204.24 9211.16 1169.11 9190.78 1145.84 9161.78
8 9673.85 10811.64 9682.62 10786.04 9706.70 10772.96 9741.70 10761.14 9769.76 10797.08 9770.46 10846.68 9736.04 10847.19 9676.34 10822.22
13 3015.10 8872.20 2984.20 8935.71 2977.32 8941.03 2933.10 8916.23 2909.60 8899.91 2903.14 8893.21 2887.39 8867.57 2906.22 8838.22 2915.36 8827.07 2936.17 8819.43 2960.76 8819.69 2968.40 8820.01 2974.99 8821.92
8 4090.28 7044.64 4131.87 7072.81 4130.86 7081.51 4125.53 7102.37 4069.64 7152.84 4024.68 7097.21 4024.54 7082.98 4041.04 7060.19
8 8471.24 10773.73 8516.78 10730.73 8571.62 10747.24 8585.52 10782.51 8576.61 10846.70 8519.83 10865.93 8486.75 10821.30 8476.17 10790.57
9 458.24 9412.49 489.30 9383.93 541.55 9401.36 548.10 9407.48 564.43 9443.86 541.92 9482.80 525.97 9493.89 504.94 9485.41 459.63 9458.93
11 9955.97 8817.39 9950.17 8719.42 9956.34 8696.53 9959.62 8684.35 10062.38 8685.82 10089.01 8717.44 10090.26 8732.34 10073.50 8771.78 10050.87 8808.65 10027.19 8816.36 9960.60 8821.81
11 8564.33 6093.01 8578.94 6069.60 8615.84 6035.79 8659.48 6041.11 8684.96 6086.80 8686.57 6097.20 8684.95 6131.72 8673.95 6138.46 8654.86 6146.47 8622.25 6152.90 8582.15 6126.69
9 4748.98 9209.18 4780.97 9164.42 4830.61 9166.79 4867.47 9229.24 4850.08 9264.14 4793.29 9274.86 4749.44 9256.83 4738.60 9247.24 4743.61 9220.37
9 7486.73 5661.43 7468.85 5708.40 7404.19 5703.10 7394.11 5701.27 7385.99 5668.59 7383.68 5643.61 7393.83 5629.51 7457.71 5626.53 7463.26 5627.92
9 4276.45 9359.82 4271.87 9315.48 4279.21 9305.58 4305.90 9275.49 4320.49 9274.92 4364.44 9304.15 4387.16 9329.36 4378.68 9354.03 4360.51 9399.53
8 7301.59 10158.29 7326.61 10216.86 7320.22 10231.40 7297.84 10239.74 7257.47 10243.54 7243.63 10229.05 7248.42 10187.70 7286.94 10159.65
11 7267.24 6422.60 7255.29 6400.25 7258.61 6377.35 7259.33 6373.99 7269.67 6365.94 7301.91 6353.12 7315.34 6360.92 7320.77 6366.97 7322.65 6380.61 7320.90 6400.32 7305.74 6428.87
9 1672.65 8298.30 1679.65 8338.56 1645.10 8350.61 1607.77 8356.59 1590.98 8350.11 1581.98 8343.55 1588.66 8300.66 1617.50 8281.96 1622.20 8279.76
9 2949.86 1205.94 3038.58 1172.20 3061.05 1180.74 3095.20 1206.74 3085.58 1262.06 3031.58 1307.14 3001.62 1303.50 2970.32 1289.24 2951.92 1220.24
8 6873.56 6715.41 6852.45 6794.19 6820.45 6798.62 6783.55 6801.16 6736.74 6750.96 6740.21 6681.66 6794.84 6655.77 6843.49 6686.78
7 10206.50 10967.52 10296.11 10889.16 10352.33 10955.79 10351.04 11011.59 10333.05 11023.81 10285.66 11040.30 10226.56 11027.83
8 4421.53 2804.58 4400.52 2735.32 4433.64 2684.60 4481.96 2673.53 4495.51 2672.85 4537.91 2707.97 4526.24 2789.08 4478.48 2807.22
9 3013.65 9159.43 3009.22 9116.34 3022.90 9099.56 3054.43 9094.77 3080.58 9103.18 3082.56 9131.59 3083.13 9147.71 3066.50 9156.00 3024.25 9164.71
12 10561.30 7638.30 10591.57 7615.90 10608.53 7618.47 10628.04 7627.07 10629.29 7629.81 10648.89 7689.20 10626.01 7712.45 10610.81 7711.22 10562.43 7706.46 10553.80 7703.90 10542.35 7670.80 10552.86 7652.55
5 537.00 3759.28 504.42 3865.38 487.94 3841.61 479.22 3816.81 496.06 3771.68
8 8010.72 931.61 8020.65 881.99 8104.18 885.68 8107.23 914.29 8104.47 926.25 8097.29 952.11 8034.99 957.48 8014.73 938.54
10 5960.10 5762.73 5965.67 5745.50 5987.69 5699.76 6045.49 5711.88 6078.48 5731.60 6096.28 5806.83 6065.36 5839.41 6037.25 5834.90 6004.45 5816.94 5981.41 5792.96
11 8696.93 3592.22 8677.51 3511.91 8705.68 3478.24 8731.54 3465.90 8750.97 3471.17 8763.38 3476.62 8778.04 3493.66 8804.28 3524.32 8818.08 3547.75 8793.58 3586.53 8761.82 3606.59
13 2479.65 10266.44 2495.00 10234.58 2501.27 10225.88 2511.87 10216.47 2520.39 10217.93 2528.98 10223.78 2556.01 10248.32 2557.45 10267.83 2550.07 10287.00 2543.37 10289.50 2531.79 10290.08 2531.45 10290.08 2485.32 10282.27
8 9778.30 9963.83 9697.30 9966.92 9675.92 9941.74 9670.74 9919.75 9669.16 9904.88 9679.54 9886.50 9722.98 9849.04 9774.13 9934.89
9 2418.31 2685.92 2430.19 2742.77 2368.17 2792.65 2341.49 2799.22 2319.47 2769.02 2298.27 2710.81 2371.32 2687.57 2394.94 2686.21 2415.60 2685.60
8 7929.05 4729.08 7920.24 4627.90 7942.81 4616.11 7998.63 4598.27 8014.06 4604.92 8063.89 4639.57 8044.62 4721.05 8006.43 4748.55
10 6616.27 2167.92 6663.65 2132.97 6691.68 2124.43 6711.14 2155.08 6726.18 2208.90 6725.73 2223.26 6715.30 2232.68 6697.14 2240.00 6668.42 2245.52 6617.85 2183.61
9 1500.49 3397.53 1543.25 3386.76 1576.46 3434.97 1577.59 3456.79 1552.80 3486.21 1552.21 3486.85 1490.46 3477.27 1481.05 3446.21 1493.67 3407.21
11 4076.07 3089.91 4063.17 3030.86 4088.27 3005.25 4116.59 2996.87 4125.84 2997.70 4136.72 3003.66 4163.51 3030.04 4159.02 3056.44 4140.04 3082.62 4138.02 3085.12 4113.88 3107.15
11 3288.65 10883.66 3274.73 10793.88 3312.08 10773.25 3332.92 10774.49 3360.58 10779.87 3395.23 10795.38 3381.47 10862.65 3378.65 10867.52 3357.53 10896.34 3340.22 10901.23 3314.16 10897.21
9 3767.75 7031.93 3768.11 7021.85 3803.39 6987.98 3844.89 6998.52 3851.58 7003.37 3860.28 7036.13 3837.10 7059.85 3822.19 7070.53 3773.21 7045.43
7 5125.65 6166.03 5157.22 6117.82 5174.64 6128.07 5217.68 6154.94 5219.32 6172.81 5212.78 6200.34 5156.97 6208.97
10 8426.82 7368.55 8444.72 7337.22 8480.58 7362.05 8486.57 7383.59 8485.03 7387.85 8474.19 7404.59 8453.72 7418.16 8421.37 7410.59 8415.73 7403.26 8418.42 7388.43
6 9782.60 6669.44 9857.45 6659.38 9882.34 6700.50 9881.99 6715.54 9869.12 6726.28 9797.24 6718.37
7 379.34 2705.64 339.31 2775.52 268.93 2772.09 223.30 2700.14 291.47 2649.65 331.42 2636.38 345.38 2638.22
9 3058.80 10486.78 3062.18 10410.02 3140.86 10356.03 3182.83 10374.50 3183.92 10376.67 3208.86 10479.47 3179.65 10515.03 3162.58 10533.96 3105.47 10527.00
11 10912.31 3960.42 10903.19 3897.25 10908.21 3886.60 10939.82 3881.20 10988.06 3874.86 11012.48 3910.98 11016.07 3940.90 11007.08 3954.67 10975.01 3981.65 10929.82 3988.31 10919.69 3981.51
9 2799.10 7626.78 2721.15 7654.81 2663.49 7618.76 2652.97 7587.57 2669.82 7541.45 2700.96 7501.70 2723.52 7498.32 2762.30 7515.79 2794.03 7585.00
6 10608.15 6425.81 10557.73 6492.26 10504.60 6490.17 10480.77 6396.68 10514.96 6343.73 10587.65 6363.94
9 6680.46 7164.42 6763.25 7128.80 6825.38 7160.68 6842.21 7172.55 6801.96 7259.26 6801.07 7260.35 6784.83 7268.12 6738.34 7238.30 6690.16 7179.20
9 3758.86 2626.91 3782.82 2615.15 3811.91 2646.89 3814.97 2661.71 3810.27 2672.11 3755.24 2676.86 3741.60 2657.95 3738.69 2652.43 3748.58 2637.14
6 7244.94 8524.12 7224.33 8557.59 7195.56 8554.34 7178.15 8498.55 7203.92 8476.93 7244.56 8507.15
8 3156.39 7814.31 3203.39 7848.86 3199.69 7872.24 3178.85 7907.72 3139.74 7891.61 3121.32 7864.30 3124.90 7841.74 3133.86 7832.21
9 7386.45 5497.62 7421.60 5496.43 7435.63 5513.38 7437.19 5530.75 7417.28 5553.48 7391.40 5569.40 7376.30 5563.80 7368.14 5537.39 7368.29 5520.75
10 2619.63 9664.57 2664.77 9633.81 2676.45 9638.87 2696.20 9649.67 2711.31 9664.70 2708.47 9691.00 2683.72 9724.43 2677.10 9724.56 2637.73 9715.82 2628.78 9707.04
10 7426.49 8311.64 7439.24 8362.34 7405.43 8406.48 7402.26 8410.25 7312.79 8388.48 7299.27 8364.87 7309.42 8334.79 7334.43 8315.20 7353.09 8307.55 7410.74 8299.45
10 3172.00 9227.54 3173.38 9207.52 3209.06 9134.46 3218.44 9136.81 3244.55 9149.00 3281.92 9171.87 3281.48 9214.02 3231.75 9241.98 3217.61 9249.91 3198.27 9248.27
8 1911.17 296.40 1948.44 264.95 2003.76 262.76 2011.67 284.00 2010.62 329.87 1971.09 361.13 1933.74 346.19 1932.91 345.78
9 9865.60 9034.62 9854.36 8986.58 9857.81 8968.62 9901.51 8935.85 9926.64 8951.75 9956.53 8984.58 9959.20 8990.66 9942.26 9039.83 9893.09 9052.36
9 3196.44 3852.12 3196.19 3809.40 3244.81 3753.36 3254.54 3751.14 3290.93 3761.86 3317.40 3787.31 3316.10 3816.41 3308.04 3852.48 3254.49 3882.79
8 10880.88 3738.05 10820.34 3663.17 10849.36 3608.67 10876.64 3599.02 10945.87 3596.93 10968.07 3644.87 10972.99 3686.59 10917.31 3727.60
7 5213.91 7614.67 5143.69 7517.57 5208.70 7502.42 5262.74 7510.73 5271.51 7518.60 5277.77 7532.43 5237.21 7606.40
6 6213.01 549.21 6320.96 454.61 6360.84 503.59 6376.54 585.72 6311.26 594.89 6281.18 591.12
8 345.78 10939.13 363.35 10892.83 418.35 10865.92 463.25 10905.15 468.80 10951.68 465.14 10971.01 453.61 10995.91 359.13 10977.24
8 10887.27 9439.35 10919.95 9371.47 10960.63 9351.01 10998.27 9361.28 11024.31 9402.06 10986.33 9459.87 10944.44 9477.75 10929.53 9473.89
9 3847.01 7297.86 3841.93 7253.56 3889.58 7210.23 3926.80 7200.38 3942.00 7197.83 3953.03 7213.38 3961.68 7252.34 3936.53 7295.43 3890.06 7309.02
10 5734.52 8759.81 5740.85 8678.57 5808.98 8650.02 5860.91 8646.80 5883.49 8657.54 5889.33 8672.63 5894.26 8748.53 5875.01 8781.73 5837.48 8803.18 5786.91 8801.55
8 7377.89 11012.17 7356.81 10980.21 7373.18 10929.54 7397.14 10924.14 7423.61 10922.16 7456.15 10928.03 7463.68 10965.58 7418.35 11000.26
5 8079.73 1863.88 8142.15 1919.73 8122.70 1983.47 8020.61 1990.49 8042.82 1866.18
11 4408.48 2386.92 4458.06 2329.30 4492.01 2297.56 4541.88 2302.86 4565.05 2345.96 4577.66 2381.84 4587.48 2414.68 4573.65 2424.99 4520.04 2457.05 4476.89 2471.65 4471.72 2470.67
10 3005.52 1967.17 3002.43 1953.06 3006.34 1930.53 3017.94 1911.71 3047.30 1902.19 3084.21 1923.82 3089.07 1928.52 3083.38 1958.49 3052.31 1995.68 3030.36 1982.84
8 4589.32 8103.26 4636.03 8048.06 4685.97 8093.35 4693.00 8108.65 4685.69 8136.95 4639.48 8160.94 4638.72 8161.00 4621.86 8159.64
9 9657.78 4224.86 9645.52 4200.98 9651.66 4170.06 9673.45 4161.98 9707.76 4172.78 9724.74 4202.50 9722.52 4219.78 9702.65 4248.14 9673.39 4252.42
11 9437.82 9747.22 9436.43 9784.16 9420.98 9797.45 9387.30 9810.68 9377.82 9809.18 9359.84 9794.56 9344.25 9765.01 9342.93 9749.08 9354.67 9739.85 9399.78 9714.83 9435.29 9741.13
9 9810.64 8518.21 9795.97 8489.30 9808.39 8443.51 9830.34 8427.32 9866.20 8435.54 9884.84 8451.15 9880.34 8491.66 9868.51 8504.55 9830.57 8529.61
7 3011.05 8823.41 2963.20 8704.40 2990.36 8674.38 3030.29 8691.12 3108.62 8729.28 3104.74 8782.76 3062.63 8806.88
8 5811.32 2974.88 5788.11 2941.19 5797.20 2912.89 5822.05 2909.39 5839.17 2920.46 5845.48 2926.43 5858.28 2959.88 5819.59 2973.10
8 2931.31 6790.81 2981.24 6788.00 2994.01 6824.74 2995.41 6840.92 2999.80 6897.77 2918.61 6905.44 2875.39 6900.89 2913.17 6814.81
8 7834.96 8693.60 7858.88 8635.66 7973.18 8657.31 7997.46 8698.07 7983.77 8739.67 7867.23 8761.21 7842.46 8734.88 7835.93 8715.05
9 6159.37 621.49 6220.75 701.65 6214.78 724.34 6172.35 758.29 6144.47 750.11 6096.03 725.60 6088.88 676.76 6108.56 644.92 6126.68 629.31
12 825.23 5756.49 809.25 5791.59 780.88 5795.39 759.49 5796.60 751.16 5795.76 742.69 5770.98 748.11 5737.35 757.34 5729.74 777.92 5729.08 802.03 5734.76 804.92 5736.80 807.12 5738.54
8 8999.71 5239.02 8955.90 5271.43 8932.72 5258.42 8879.93 5208.53 8888.04 5152.83 8964.58 5143.02 8977.95 5169.61 8988.17 5196.42
10 10922.22 4393.33 10923.34 4349.89 10932.40 4337.50 10958.98 4333.82 11007.05 4337.01 11028.79 4374.00 11022.81 4390.81 10989.31 4421.20 10972.08 4423.09 10925.49 4412.88
9 4310.43 8273.34 4341.96 8251.78 4379.91 8260.88 4381.21 8277.94 4378.64 8307.73 4358.34 8332.17 4343.03 8333.91 4324.36 8303.37 4314.06 8283.33
8 4416.57 8653.74 4322.64 8589.12 4333.63 8572.37 4367.89 8534.70 4413.30 8487.45 4478.62 8528.34 4475.55 8578.10 4458.95 8646.37
7 10849.51 146.27 10824.06 214.64 10780.05 219.13 10711.49 209.75 10719.25 108.46 10772.27 84.29 10820.76 102.45
8 9562.58 7268.33 9535.72 7302.52 9517.69 7293.55 9496.50 7283.00 9479.77 7252.16 9496.86 7237.33 9532.65 7218.73 9561.18 7229.54
10 3738.10 8407.90 3681.69 8509.33 3610.57 8464.38 3607.01 8438.35 3616.63 8389.23 3631.01 8378.69 3679.57 8350.35 3698.41 8342.99 3716.70 8345.87 3736.86 8380.37
6 9448.48 1500.47 9342.06 1464.72 9370.17 1445.81 9415.13 1434.11 9443.80 1442.75 9449.78 1472.48
11 1572.31 1909.23 1572.83 1902.43 1589.34 1876.35 1615.86 1877.30 1623.34 1878.59 1633.64 1889.02 1644.39 1906.68 1647.76 1923.58 1636.68 1940.55 1625.87 1946.30 1602.24 1938.25
6 9661.44 6043.61 9705.60 6106.71 9661.16 6143.90 9629.80 6146.55 9602.65 6099.28 9608.08 6060.89
13 8373.90 3068.67 8349.85 3062.72 8339.19 3045.43 8336.34 3040.35 8331.30 3019.69 8339.27 3004.99 8355.41 2990.89 8363.03 2987.32 8384.53 2990.53 8410.30 3013.27 8410.40 3030.59 8391.12 3062.56 8387.46 3065.04
10 7606.47 2938.35 7609.39 2983.88 7571.58 3007.12 7565.46 3009.14 7522.95 2989.09 7510.29 2948.37 7536.66 2906.44 7542.96 2901.56 7548.81 2899.21 7586.73 2897.60
12 6074.38 3329.74 6063.34 3315.59 6066.12 3281.54 6069.40 3253.67 6082.13 3238.06 6113.68 3221.32 6170.44 3223.85 6210.62 3269.09 6206.42 3283.73 6196.39 3310.46 6182.21 3341.33 6123.76 3387.84
10 6807.86 9206.15 6891.17 9252.12 6884.89 9273.47 6849.38 9357.31 6829.08 9359.52 6810.12 9354.04 6773.07 9318.85 6758.03 9284.73 6748.84 9262.54 6750.90 9244.74
9 3724.16 765.98 3733.50 714.39 3783.18 701.92 3842.20 708.28 3859.52 713.29 3846.75 794.64 3837.67 807.75 3809.09 840.93 3730.91 796.71
7 2018.20 7564.12 2000.99 7537.46 2010.20 7483.71 2045.71 7465.51 2090.19 7478.93 2102.21 7528.56 2050.47 7560.57
7 4982.85 5274.89 5047.85 5287.58 5030.18 5369.55 4985.70 5374.13 4964.37 5365.14 4941.91 5327.31 4963.29 5285.88
7 3704.32 3242.08 3745.50 3297.83 3713.84 3348.42 3700.15 3370.24 3610.95 3342.27 3621.65 3267.35 3637.68 3248.89
11 4914.84 3950.64 4941.06 3933.31 4956.20 3937.10 4998.60 3950.56 5004.90 3966.38 4998.79 3996.69 4997.12 4003.70 4988.52 4012.35 4964.52 4016.31 4936.56 4004.24 4914.91 3959.55
11 5771.21 10631.47 5760.20 10597.18 5761.95 10581.94 5790.72 10567.50 5810.22 10571.55 5829.64 10580.90 5830.26 10583.59 5825.63 10619.12 5819.43 10628.21 5812.17 10632.56 5787.12 10632.64
10 9496.04 229.67 9543.29 206.62 9586.22 230.94 9595.86 265.36 9579.96 288.57 9547.84 313.99 9536.81 314.39 9501.63 298.28 9482.97 260.80 9487.69 240.51
7 6166.09 1650.48 6179.49 1615.52 6206.13 1604.87 6220.25 1625.68 6228.43 1666.18 6215.98 1667.33 6179.32 1660.02
8 2200.86 6233.21 2246.09 6159.86 2292.05 6166.71 2323.72 6201.01 2327.21 6212.92 2325.89 6240.62 2283.29 6270.67 2257.30 6270.94
9 2932.25 7357.68 2938.89 7316.01 3007.26 7257.90 3055.48 7285.52 3064.34 7370.19 3062.65 7372.00 3025.87 7391.16 2987.24 7395.34 2937.90 7380.44
8 3730.24 7294.06 3682.17 7343.51 3678.28 7343.36 3651.90 7332.84 3639.50 7295.63 3639.77 7278.07 3665.67 7246.58 3720.06 7263.75
13 9306.34 2680.31 9296.96 2731.91 9292.96 2738.46 9291.61 2740.51 9253.26 2781.38 9226.08 2776.01 9205.55 2760.47 9184.45 2703.28 9183.65 2685.85 9227.18 2664.97 9258.85 2652.41 9272.72 2654.49 9294.38 2670.37
9 4631.55 2987.99 4604.70 2970.71 4607.21 2921.40 4611.62 2908.48 4663.35 2892.39 4686.26 2906.71 4686.55 2937.13 4680.97 2957.23 4661.45 3002.62
13 10580.62 3129.31 10594.66 3157.08 10590.43 3172.81 10575.39 3205.68 10563.97 3208.39 10540.32 3204.38 10509.03 3195.61 10506.33 3193.80 10494.78 3167.87 10495.68 3146.82 10519.45 3126.37 10528.84 3121.70 10561.00 3111.52
7 4518.40 9779.92 4554.90 9805.70 4549.20 9822.50 4539.66 9841.49 4496.19 9847.80 4477.31 9826.39 4492.03 9789.10
7 527.04 1338.93 472.92 1319.42 476.18 1228.16 476.81 1218.88 582.18 1197.36 609.25 1227.03 596.25 1313.44
8 5408.04 9691.70 5492.12 9595.36 5550.87 9619.20 5575.15 9655.12 5559.26 9713.53 5517.68 9758.63 5462.05 9757.74 5432.95 9734.88
8 6506.98 4062.02 6542.87 4015.26 6607.02 4049.39 6604.17 4074.87 6595.47 4092.65 6554.69 4113.57 6533.09 4110.50 6508.71 4079.10
9 6219.67 9597.75 6242.60 9569.83 6263.10 9560.89 6276.23 9564.29 6296.63 9584.42 6300.20 9619.43 6255.50 9633.81 6238.28 9637.51 6220.70 9616.02
9 5274.95 5013.31 5302.17 5033.39 5290.90 5059.27 5282.65 5077.43 5252.12 5086.15 5247.74 5086.13 5222.15 5071.19 5222.93 5050.26 5236.29 5033.55
9 2677.15 3502.89 2691.46 3477.37 2743.55 3477.72 2750.13 3478.13 2752.44 3486.76 2754.03 3508.89 2751.72 3519.12 2721.13 3532.95 2681.95 3510.25
11 8442.65 9097.28 8428.99 9047.24 8444.69 9034.34 8483.05 9010.57 8509.09 9016.28 8520.38 9031.04 8531.23 9063.86 8534.77 9080.32 8519.28 9095.23 8505.42 9106.44 8471.94 9104.30
8 4150.04 8903.18 4104.65 8939.52 4064.29 8931.85 4056.56 8926.51 4044.14 8889.88 4061.55 8858.86 4094.50 8841.75 4128.98 8858.02
9 5492.48 6900.24 5423.59 6873.20 5435.22 6824.76 5468.47 6774.18 5497.26 6771.96 5529.88 6807.04 5540.85 6843.75 5551.13 6880.88 5519.97 6900.76
7 4954.33 2177.50 4894.28 2210.89 4807.19 2163.91 4791.04 2143.71 4819.33 2109.38 4858.95 2076.20 4930.70 2109.65
6 8143.81 7818.02 8097.14 7884.48 8038.22 7837.31 8022.92 7800.00 8049.00 7750.69 8124.57 7750.37
8 3460.03 10487.56 3432.11 10523.04 3397.41 10501.19 3394.04 10498.35 3414.15 10463.80 3435.10 10452.70 3437.34 10453.02 3458.39 10468.02
9 6158.58 2138.78 6162.70 2113.89 6198.86 2109.11 6202.40 2110.20 6215.56 2131.76 6233.25 2173.34 6233.21 2181.24 6182.96 2194.94 6166.53 2178.48
9 6989.43 1350.30 6931.15 1420.12 6856.78 1366.42 6834.70 1332.35 6833.61 1325.63 6853.77 1279.03 6866.45 1250.91 6898.92 1246.56 6971.55 1299.53
9 7221.60 5968.68 7179.19 5970.63 7161.80 5957.55 7161.00 5950.78 7156.48 5911.10 7164.74 5895.35 7235.94 5894.46 7248.09 5913.24 7243.89 5946.65
9 11060.33 2357.54 11024.63 2400.32 10987.70 2389.63 10957.19 2375.94 10935.91 2308.79 10934.43 2299.45 10961.26 2266.73 11009.04 2283.01 11041.67 2305.63
10 4180.37 7943.87 4194.10 7910.02 4240.35 7868.56 4285.45 7883.61 4303.60 7932.77 4287.72 7963.93 4245.87 7987.17 4240.17 7988.56 4209.62 7977.99 4191.40 7969.24
9 1139.77 10220.34 1171.75 10198.91 1198.57 10213.44 1199.68 10226.08 1198.80 10233.54 1173.50 10270.23 1160.71 10267.92 1128.24 10257.31 1128.85 10240.53
9 8264.67 9128.03 8231.45 9087.51 8234.81 9044.30 8277.80 9014.34 8375.21 9028.47 8380.38 9057.50 8375.55 9087.81 8345.67 9141.14 8294.49 9139.16
9 6846.15 1726.54 6850.27 1681.44 6882.17 1670.41 6925.43 1678.35 6943.25 1686.35 6938.69 1733.97 6918.14 1754.03 6913.05 1758.39 6871.56 1755.36
6 7136.43 4371.94 7103.01 4401.36 7074.35 4390.78 7060.15 4382.51 7054.68 4340.29 7117.02 4323.08
7 5755.37 5740.17 5776.93 5688.35 5816.14 5689.09 5819.41 5692.75 5836.26 5727.04 5795.79 5747.40 5756.84 5744.82
7 5416.53 634.98 5471.04 664.25 5470.12 727.16 5458.99 729.45 5369.15 717.67 5366.32 692.25 5377.91 672.22
8 9837.85 6864.97 9860.77 6986.09 9852.54 7000.09 9801.64 7044.48 9738.67 7006.91 9734.12 6999.76 9734.50 6982.32 9776.12 6876.24
6 3859.09 6394.38 3963.43 6359.45 3992.80 6383.35 3973.42 6441.60 3921.58 6497.77 3861.06 6445.88
8 5466.24 502.28 5510.86 530.00 5501.40 582.09 5462.20 607.37 5448.10 610.53 5425.20 604.93 5425.02 589.21 5430.56 539.32
9 2393.66 3429.99 2382.81 3394.60 2390.21 3385.66 2403.17 3371.23 2424.66 3378.08 2457.40 3416.30 2428.93 3441.23 2426.52 3441.84 2400.29 3434.61
10 3287.77 3395.16 3263.91 3354.68 3280.84 3325.43 3310.97 3313.07 3325.99 3316.74 3348.63 3326.59 3357.19 3351.51 3349.13 3365.99 3333.57 3392.61 3319.04 3404.66
7 9768.93 4745.19 9698.85 4716.34 9701.11 4649.14 9733.07 4617.41 9790.80 4632.75 9796.49 4663.37 9803.21 4704.97
9 2053.75 8514.62 2053.36 8561.50 2040.14 8567.28 1988.09 8570.84 1982.94 8563.58 1977.46 8552.45 1992.51 8498.44 2023.99 8486.36 2050.59 8506.66
10 10161.74 10650.10 10152.93 10615.30 10158.38 10603.73 10191.15 10576.22 10193.77 10575.19 10210.94 10575.22 10249.28 10599.27 10262.81 10627.47 10228.44 10676.23 10213.04 10680.59
10 1546.46 4188.02 1552.21 4149.49 1560.08 4138.14 1567.20 4129.47 1580.68 4137.73 1622.79 4168.12 1623.48 4169.14 1618.85 4195.26 1590.90 4212.52 1557.17 4194.72
10 4858.66 6901.98 4895.49 6880.76 4901.35 6883.28 4936.75 6902.28 4939.77 6920.00 4933.54 6931.48 4917.82 6954.23 4867.79 6945.24 4855.09 6930.33 4856.96 6914.99
9 10489.81 4729.14 10478.97 4686.31 10480.27 4678.81 10526.73 4634.03 10545.69 4634.91 10551.64 4646.23 10564.90 4702.98 10554.59 4717.87 10537.41 4732.20
11 8946.26 2267.25 8913.09 2260.08 8878.96 2208.77 8875.21 2161.56 8909.25 2130.53 8936.41 2118.19 8985.29 2104.59 9019.30 2129.90 9037.16 2143.88 9040.69 2185.71 9021.64 2239.21
9 3896.61 4725.36 3919.20 4659.42 3940.55 4634.74 3979.21 4622.12 4017.06 4636.21 4056.50 4705.88 4012.18 4764.19 3984.82 4779.22 3911.56 4755.74
6 10161.57 2499.11 10112.41 2433.29 10145.46 2378.60 10195.37 2377.59 10260.61 2430.22 10202.26 2478.22
11 719.17 1665.44 722.85 1628.83 759.25 1611.62 814.15 1607.09 836.23 1660.52 841.71 1692.22 818.56 1717.01 806.22 1730.18 797.55 1732.19 771.39 1724.51 732.72 1702.57
6 8776.20 1131.61 8823.33 1174.32 8789.70 1202.81 8779.60 1200.63 8748.93 1189.64 8756.15 1162.39
9 10671.45 7096.41 10659.37 7049.52 10663.47 7007.67 10667.60 6985.91 10703.04 6978.42 10757.88 7014.83 10738.87 7085.63 10709.46 7114.11 10693.17 7114.01
9 7878.50 9026.25 7799.88 8970.32 7803.55 8915.92 7811.27 8905.84 7867.90 8859.78 7926.71 8881.85 7936.68 8915.44 7937.13 8964.28 7931.14 9010.10
8 9281.93 4300.18 9339.68 4359.00 9335.92 4368.53 9306.04 4413.99 9234.14 4395.68 9219.22 4353.55 9240.56 4321.40 9259.93 4305.53
11 10064.51 764.10 10123.94 734.44 10139.43 740.39 10149.08 762.44 10161.63 793.09 10160.23 821.38 10145.11 830.04 10113.61 831.57 10086.34 826.75 10060.90 807.29 10061.77 779.27
15 8618.26 2100.95 8644.81 2110.03 8652.49 2116.42 8689.11 2156.43 8683.97 2167.95 8659.92 2186.88 8632.13 2188.04 8619.43 2188.11 8617.36 2188.03 8610.97 2186.19 8578.43 2176.73 8574.75 2146.30 8578.08 2135.38 8588.31 2117.06 8600.70 2106.58
7 630.56 9056.16 677.23 9138.86 670.43 9166.06 578.08 9224.61 543.55 9213.14 494.93 9125.74 535.60 9056.98
12 10294.23 2296.06 10328.63 2276.05 10393.50 2300.66 10402.98 2308.90 10408.36 2353.71 10397.56 2376.64 10384.17 2401.26 10326.88 2402.18 10301.46 2381.14 10282.92 2356.53 10276.70 2345.87 10279.49 2326.12
7 6732.44 3072.69 6697.01 3044.92 6699.57 3040.15 6718.59 3015.57 6756.38 3011.35 6757.95 3015.36 6758.98 3029.23
9 6078.98 5590.11 6153.95 5523.15 6187.55 5537.65 6224.66 5624.28 6187.99 5674.75 6136.06 5692.25 6121.17 5695.10 6092.03 5678.79 6083.09 5649.70
10 6855.86 10908.99 6821.66 10949.25 6819.51 10948.81 6776.07 10896.26 6790.61 10876.62 6793.50 10873.59 6802.20 10869.47 6815.95 10871.66 6850.66 10885.52 6854.98 10898.19
6 6300.38 5224.45 6333.97 5262.73 6300.14 5314.36 6256.71 5320.51 6214.77 5290.60 6228.01 5258.70
9 1244.42 9874.62 1183.43 9795.05 1195.24 9733.55 1223.99 9715.44 1286.22 9707.14 1328.57 9741.22 1323.86 9785.79 1302.35 9866.50 1287.99 9873.94
5 2272.33 406.84 2181.68 369.96 2186.46 320.11 2261.29 323.82 2300.39 344.98
7 4278.88 8293.96 4359.49 8455.24 4339.16 8465.44 4293.53 8464.51 4232.64 8426.30 4236.34 8338.25 4256.04 8308.88
8 9253.26 4853.02 9200.86 4814.26 9211.09 4776.67 9245.74 4748.02 9277.77 4761.58 9303.12 4773.96 9300.36 4825.64 9287.43 4837.32
9 6447.35 3422.47 6464.34 3391.14 6482.38 3367.51 6504.85 3379.65 6513.00 3389.29 6527.30 3411.80 6520.09 3424.79 6490.08 3455.72 6474.82 3446.79
7 879.59 8652.39 891.86 8603.56 914.03 8609.14 947.29 8636.25 925.19 8687.03 904.41 8688.78 886.93 8683.11
9 2743.98 1707.95 2741.33 1676.82 2753.29 1646.25 2798.39 1621.19 2849.07 1636.87 2867.18 1670.09 2850.32 1721.03 2823.26 1757.17 2780.38 1741.15
9 7355.35 9493.51 7337.00 9457.49 7371.71 9407.85 7419.20 9405.21 7458.90 9430.36 7508.57 9481.50 7508.17 9494.98 7429.03 9520.33 7390.56 9532.60
7 9695.67 615.95 9722.38 539.64 9795.39 544.11 9818.24 594.81 9792.97 650.79 9775.34 660.79 9732.53 638.54
8 1551.90 7902.95 1602.66 7968.41 1578.34 8012.96 1534.24 8020.57 1510.55 7983.94 1508.48 7968.17 1513.57 7943.61 1536.53 7904.35
7 2668.12 10345.41 2692.16 10311.00 2739.93 10315.22 2796.86 10338.19 2779.53 10399.27 2705.17 10435.22 2675.48 10404.93
9 1350.95 9456.80 1292.66 9422.70 1294.90 9399.65 1319.89 9386.39 1366.44 9388.80 1372.82 9399.84 1380.92 9419.04 1367.94 9438.55 1359.48 9448.34
6 3134.38 5374.36 3253.01 5335.67 3287.52 5394.97 3259.89 5464.90 3252.73 5479.86 3149.36 5456.03
8 7106.32 1921.45 6980.60 1934.37 6983.87 1901.34 7014.35 1852.18 7029.46 1835.65 7076.29 1854.78 7101.74 1883.38 7103.93 1890.99
8 9061.02 4270.96 9086.56 4229.80 9119.77 4206.23 9182.93 4243.97 9203.03 4315.33 9165.62 4359.61 9099.61 4362.70 9086.97 4345.20
9 7324.48 8054.88 7313.46 8024.77 7332.43 7976.61 7345.74 7971.70 7408.53 7966.57 7433.57 7999.55 7431.24 8029.02 7426.30 8033.77 7374.02 8078.38
9 10401.29 2170.84 10496.94 2103.09 10547.73 2127.65 10563.94 2153.69 10574.31 2215.62 10539.16 2262.82 10518.52 2283.54 10469.14 2276.40 10430.03 2265.05
11 6012.99 8892.26 5958.04 8879.94 5922.91 8853.56 5912.61 8839.10 5901.99 8811.60 5928.06 8769.32 5964.96 8722.76 5985.64 8719.85 5999.42 8724.33 6071.67 8786.56 6034.38 8861.67
8 9889.02 7538.33 9902.84 7603.53 9900.04 7613.95 9894.72 7624.67 9882.64 7627.66 9843.85 7622.57 9829.13 7584.74 9855.03 7558.78
11 6588.85 1092.52 6626.15 1026.35 6667.98 1015.77 6689.32 1025.96 6708.13 1051.53 6713.54 1079.21 6718.75 1131.15 6695.03 1153.82 6664.91 1161.65 6645.39 1158.65 6617.23 1132.97
8 8333.30 9559.27 8308.77 9511.03 8326.21 9489.19 8366.02 9469.41 8381.58 9484.74 8409.03 9519.88 8433.11 9566.49 8398.77 9573.84
11 6603.87 1822.19 6617.51 1799.91 6696.16 1806.22 6722.92 1836.08 6732.71 1875.33 6688.13 1903.17 6668.76 1914.33 6632.75 1933.59 6604.36 1904.99 6601.79 1866.07 6602.57 1832.36
6 9725.91 4758.65 9748.13 4818.47 9726.84 4844.58 9659.96 4832.57 9645.54 4815.89 9658.39 4794.85
6 5446.79 8904.30 5445.18 8825.60 5558.95 8789.23 5590.52 8814.50 5537.86 8900.16 5494.16 8931.67
10 9610.40 2783.45 9594.17 2738.66 9605.42 2707.74 9634.33 2667.98 9681.45 2687.51 9699.18 2702.70 9712.98 2717.22 9735.09 2741.33 9741.34 2752.97 9706.22 2775.98
7 2098.79 5268.71 2075.32 5198.78 2094.35 5164.38 2105.58 5160.58 2133.94 5160.02 2183.43 5232.52 2134.71 5266.01
7 5051.34 4310.24 5118.09 4299.79 5123.17 4339.46 5098.34 4363.28 5083.71 4362.91 5058.80 4331.29 5057.65 4329.58
7 1914.54 4116.40 1904.27 4164.91 1880.02 4160.24 1854.49 4146.72 1862.50 4111.87 1874.83 4099.39 1892.79 4097.28
8 10647.10 9925.84 10678.80 9979.40 10671.28 10039.81 10645.36 10060.78 10568.54 10047.23 10544.32 9990.24 10551.05 9964.92 10605.08 9929.31
8 9159.88 10751.95 9156.07 10741.73 9161.03 10736.08 9202.08 10701.45 9230.31 10732.56 9245.06 10756.75 9242.18 10768.52 9183.96 10814.23
9 4862.71 8730.99 4882.46 8705.73 4913.88 8701.49 4942.72 8718.36 4940.77 8755.94 4934.79 8767.40 4922.65 8782.93 4899.64 8783.29 4871.24 8761.02
8 7715.81 10253.76 7736.35 10208.42 7840.56 10217.64 7871.36 10250.54 7858.58 10280.95 7848.08 10288.40 7733.84 10310.57 7729.42 10297.81
8 8693.49 8737.07 8647.41 8765.93 8617.52 8745.71 8614.22 8731.89 8627.56 8702.74 8656.48 8691.66 8684.48 8708.30 8689.14 8711.19
9 3831.76 8949.21 3831.89 8911.28 3869.65 8869.83 3940.18 8882.24 3977.72 8931.47 3971.02 8968.89 3888.27 9008.06 3868.38 8993.37 3838.87 8961.11
9 6406.13 4979.90 6406.46 4956.16 6436.38 4913.22 6463.76 4922.29 6483.99 4939.24 6499.75 4954.15 6487.42 4989.38 6473.30 5004.43 6439.59 5003.31
7 4154.87 10641.87 4196.51 10614.68 4218.42 10622.13 4244.07 10657.57 4215.31 10689.98 4200.62 10704.42 4178.32 10692.80
10 8687.18 7458.21 8677.22 7430.76 8706.21 7403.87 8760.69 7386.16 8782.57 7415.47 8792.71 7438.21 8774.16 7479.39 8756.59 7493.94 8723.82 7499.88 8718.86 7498.44
8 1274.35 7396.65 1342.40 7346.64 1399.36 7369.88 1426.97 7413.24 1425.72 7422.37 1389.30 7488.20 1360.82 7494.17 1304.01 7485.24
8 8219.50 6857.46 8247.00 6928.98 8228.27 6954.77 8168.82 6962.16 8155.17 6942.30 8128.82 6898.76 8146.42 6865.60 8163.62 6859.91
7 288.05 2532.09 311.14 2560.04 310.82 2582.94 296.40 2602.18 249.90 2594.49 243.21 2587.70 272.82 2536.86
8 4386.44 9420.30 4432.69 9382.18 4454.52 9380.32 4466.33 9379.94 4491.98 9401.03 4487.62 9462.06 4458.89 9476.94 4408.61 9467.74
12 4076.31 10342.71 4074.38 10267.83 4078.95 10263.20 4097.73 10256.15 4134.15 10248.14 4143.50 10247.06 4147.20 10249.66 4164.03 10266.07 4184.58 10317.03 4171.67 10333.47 4133.10 10342.03 4083.60 10343.16
9 1710.19 9154.65 1705.01 9118.12 1708.41 9108.23 1727.11 9091.68 1769.43 9101.44 1775.45 9107.76 1776.16 9138.53 1775.26 9149.55 1767.94 9160.70
8 10144.66 9608.55 10103.53 9532.14 10112.66 9506.94 10152.31 9474.44 10218.89 9503.94 10230.63 9522.03 10225.15 9567.21 10196.85 9585.20
11 433.24 1011.99 446.32 981.97 467.83 971.62 509.31 961.46 538.21 989.30 542.63 1035.19 533.81 1051.20 520.78 1061.12 493.41 1066.74 479.92 1063.05 457.95 1056.49
6 4995.90 8373.74 4994.02 8376.96 4991.76 8376.50 4956.25 8353.92 4954.31 8342.34 4963.41 8346.50
12 4823.30 5540.35 4836.22 5523.43 4860.07 5511.76 4870.25 5509.80 4895.62 5530.22 4906.03 5564.06 4903.79 5573.57 4869.25 5595.35 4857.11 5593.92 4840.15 5583.19 4832.93 5577.83 4825.64 5550.37
8 1794.81 5994.71 1793.67 5896.11 1831.25 5856.34 1864.96 5875.28 1929.69 5916.92 1917.45 5963.34 1882.69 5992.13 1858.05 6008.71
7 3103.20 8338.61 3157.84 8439.05 3141.69 8446.89 3070.63 8475.88 3028.90 8454.96 3040.97 8386.58 3061.26 8343.13
9 1238.55 3375.32 1235.33 3331.63 1250.97 3314.79 1262.06 3309.88 1297.63 3312.17 1305.18 3319.31 1300.40 3359.72 1281.58 3382.99 1270.19 3394.34
9 9473.38 10277.70 9504.48 10324.75 9495.26 10346.09 9486.56 10359.40 9464.27 10365.41 9451.49 10366.82 9440.26 10360.36 9426.08 10348.23 9431.78 10286.40
7 4347.84 1466.27 4353.84 1406.84 4437.27 1390.56 4486.62 1414.17 4489.96 1442.23 4470.58 1471.55 4389.81 1494.61
7 2771.64 5814.14 2732.89 5725.22 2746.67 5697.02 2751.78 5691.21 2801.03 5664.60 2898.44 5719.68 2888.19 5758.42
9 5551.94 1537.05 5513.73 1505.15 5521.62 1484.03 5530.01 1473.44 5551.12 1460.33 5591.72 1458.06 5603.12 1471.50 5603.40 1520.45 5586.81 1538.25
10 4206.86 6541.42 4176.86 6564.55 4149.15 6556.98 4139.24 6548.95 4120.17 6528.84 4130.96 6492.46 4143.81 6470.72 4153.27 6461.62 4197.42 6490.08 4205.68 6522.00
7 7294.46 2497.45 7241.22 2382.43 7294.36 2348.23 7349.63 2333.87 7408.77 2398.85 7396.06 2417.39 7363.92 2453.43
