Giant_1000_C
8027.84 560.71
2563.26 3084.92
4 0.00 0.00 12800.00 0.00 12800.00 12800.00 0.00 12800.00
1000
15 1691.73 3347.21 1660.81 3383.41 1646.28 3359.62 1646.69 3377.50 1622.15 3365.70 1583.93 3353.39 1636.65 3314.02 1660.19 3310.95 1653.85 3323.96 1665.62 3322.53 1653.15 3336.53 1698.67 3327.54 1659.72 3338.77 1678.05 3337.77 1696.88 3336.38
13 12430.35 936.08 12418.30 935.21 12428.37 982.80 12424.44 973.10 12386.12 948.10 12372.88 952.10 12364.14 943.75 12364.57 900.91 12393.60 918.26 12415.56 917.60 12445.67 891.94 12429.16 907.94 12465.26 921.59
12 12295.25 10483.01 12271.67 10498.10 12242.31 10490.16 12197.79 10492.99 12230.50 10477.63 12209.69 10445.54 12238.30 10450.97 12249.10 10447.33 12275.47 10429.55 12294.78 10451.99 12310.65 10454.16 12280.44 10465.50
14 403.29 988.61 382.39 980.76 382.70 1006.75 324.46 1007.52 337.90 985.44 333.88 981.81 322.06 978.26 343.19 952.69 342.94 922.35 371.71 926.65 381.15 956.04 399.57 941.14 415.97 946.83 378.09 967.33
8 7626.28 3453.05 7625.00 3455.66 7610.78 3455.38 7595.86 3457.33 7584.28 3447.20 7631.63 3411.18 7631.05 3427.23 7642.68 3441.11
8 2579.65 6365.77 2566.43 6420.90 2551.21 6385.21 2548.89 6389.40 2533.03 6399.28 2532.30 6367.50 2577.72 6305.71 2575.75 6348.81
6 9231.84 7741.99 9249.33 7734.41 9261.45 7712.44 9290.50 7706.55 9292.09 7723.68 9306.37 7741.69
6 221.76 1025.21 139.14 1003.12 116.52 997.55 128.18 967.33 149.52 938.30 205.44 921.16
13 9316.98 9702.88 9276.99 9699.58 9279.13 9710.20 9262.08 9725.20 9233.17 9732.47 9226.82 9722.20 9209.44 9736.70 9243.18 9674.45 9247.73 9676.15 9247.24 9643.28 9257.77 9657.23 9323.33 9655.61 9328.36 9678.62
8 1918.60 8981.81 1888.53 8961.86 1873.21 8951.37 1874.40 8944.71 1872.16 8923.77 1907.79 8922.35 1912.14 8930.11 1928.86 8929.64
8 11476.19 8088.58 11464.66 8117.42 11459.37 8111.26 11468.65 8079.03 11444.82 8095.94 11470.97 8033.22 11482.81 8047.88 11531.24 8069.96
13 12279.38 10744.83 12193.31 10759.74 12197.71 10756.33 12180.48 10730.95 12209.29 10719.18 12232.42 10728.13 12222.42 10719.50 12223.41 10699.43 12229.89 10707.78 12263.47 10706.20 12257.05 10720.94 12261.59 10723.03 12285.03 10722.10
13 1811.93 6871.26 1830.69 6915.70 1814.45 6903.99 1812.93 6916.63 1803.85 6899.47 1758.02 6934.43 1752.07 6895.95 1722.45 6906.24 1752.82 6878.07 1726.35 6845.23 1835.44 6790.42 1828.68 6841.74 1818.77 6852.45
15 2017.96 9617.71 1995.29 9623.34 1960.81 9631.74 1946.35 9639.73 1911.51 9656.39 1943.47 9625.36 1909.93 9635.24 1923.12 9628.77 1927.57 9619.86 1917.79 9615.98 1925.81 9606.70 1924.40 9572.16 1955.80 9557.42 2019.05 9554.10 1987.60 9614.52
13 9871.79 3612.21 9846.77 3614.51 9868.07 3624.79 9812.35 3657.65 9789.61 3645.27 9792.63 3628.67 9775.06 3612.04 9813.06 3593.02 9804.14 3564.73 9820.50 3585.40 9837.90 3579.31 9848.40 3586.05 9858.74 3593.03
13 6691.04 11680.38 6720.03 11699.44 6668.62 11706.68 6664.81 11714.71 6646.27 11708.35 6649.60 11684.96 6633.59 11677.72 6650.20 11672.50 6643.04 11668.98 6668.12 11667.64 6667.26 11658.43 6681.06 11664.98 6690.76 11670.79
12 7670.44 6562.38 7635.82 6596.83 7598.08 6546.55 7585.71 6545.49 7608.66 6540.11 7582.86 6531.61 7624.81 6521.87 7612.36 6499.19 7636.26 6524.49 7655.43 6482.86 7659.27 6497.09 7659.73 6510.12
9 8110.76 1727.27 8022.64 1773.75 8017.67 1767.01 8023.47 1736.16 8031.19 1720.66 7978.20 1707.24 8021.83 1682.09 8052.90 1640.55 8086.67 1671.54
9 9232.83 9819.11 9230.93 9818.05 9226.74 9822.04 9222.58 9821.08 9213.64 9820.70 9192.48 9821.21 9202.46 9790.76 9200.10 9789.18 9221.15 9777.20
14 8966.87 856.24 8961.86 853.16 8935.87 864.01 8951.44 842.60 8941.65 841.95 8940.19 828.94 8919.22 821.06 8935.20 822.57 8929.68 820.42 8955.35 788.71 8964.33 776.81 8967.09 782.70 8973.75 798.65 8975.51 803.90
14 8093.64 3413.22 8075.57 3412.73 8072.48 3427.50 8072.07 3429.12 8083.74 3451.24 8062.68 3427.83 8067.27 3462.23 8054.32 3438.99 8062.97 3368.69 8071.73 3360.33 8079.17 3384.79 8090.89 3380.19 8119.47 3382.45 8086.29 3407.89
10 5535.15 11986.94 5527.88 12002.19 5519.22 12005.84 5513.59 11997.86 5522.15 12033.67 5507.02 12016.53 5506.50 12002.02 5477.04 12020.52 5495.26 11989.28 5476.05 11938.84
11 10825.96 7832.26 10815.37 7839.02 10758.16 7874.23 10756.33 7868.79 10712.54 7835.57 10759.07 7807.78 10745.45 7789.14 10783.02 7802.28 10791.29 7781.54 10817.69 7769.78 10846.38 7786.41
11 10527.51 1332.03 10523.82 1359.47 10495.60 1342.77 10497.76 1387.49 10465.96 1365.95 10459.57 1402.49 10444.84 1402.08 10448.12 1379.41 10451.10 1360.08 10434.97 1240.13 10541.60 1283.17
5 6948.50 216.51 6902.81 158.77 6907.24 149.71 6926.44 152.65 6950.05 155.16
12 9095.22 6151.25 9043.47 6192.62 9051.86 6162.25 9044.83 6157.94 9005.83 6144.22 9009.72 6141.67 9011.23 6108.42 9055.67 6116.44 9078.52 6113.56 9085.87 6100.97 9073.52 6126.27 9087.08 6121.18
14 966.11 958.01 953.80 981.16 941.11 950.32 931.84 938.07 952.26 939.67 937.25 919.89 957.36 940.21 962.16 940.43 970.49 923.83 967.87 942.34 987.63 925.23 987.72 936.13 974.13 943.73 986.85 948.41
15 924.83 2421.01 916.49 2421.75 932.36 2447.83 912.02 2420.87 912.05 2430.22 906.36 2440.49 899.69 2429.73 893.17 2447.36 894.94 2431.59 865.05 2407.83 868.37 2400.57 867.30 2380.06 931.39 2375.04 927.28 2383.26 956.04 2405.49
7 6016.51 5484.42 5936.88 5487.60 5951.47 5448.10 5963.49 5443.05 5965.17 5407.97 5967.29 5403.38 5996.64 5428.07
14 11816.23 2462.46 11781.40 2468.00 11776.82 2480.41 11728.40 2505.24 11726.49 2487.58 11721.19 2475.19 11725.61 2456.61 11723.99 2433.99 11720.08 2409.05 11720.67 2394.40 11754.47 2453.48 11769.31 2459.12 11796.91 2457.46 11788.21 2460.71
10 12018.13 11466.51 12038.68 11495.47 12009.83 11490.25 12006.29 11498.99 11989.68 11511.45 11968.20 11459.04 11994.80 11448.89 12006.51 11423.21 12042.87 11430.97 12014.61 11464.22
13 8054.84 249.30 8058.51 250.46 8047.11 273.02 8036.20 271.64 8014.28 318.08 8017.53 273.05 8018.13 266.68 8008.64 217.66 8023.37 186.19 8029.72 219.25 8044.61 196.09 8057.61 203.49 8056.24 210.46
8 12223.55 4152.36 12147.06 4156.85 12162.63 4136.27 12141.03 4147.16 12157.59 4133.38 12142.05 4137.46 12111.80 4130.01 12129.18 4119.34
5 6908.89 2266.66 6892.48 2292.71 6891.86 2307.93 6868.87 2300.69 6830.62 2256.66
13 8784.38 7016.53 8797.44 7038.46 8784.36 7052.77 8781.00 7041.92 8772.40 7039.44 8769.31 7028.21 8769.41 7026.18 8770.10 6997.72 8762.40 6975.43 8773.64 6993.70 8773.24 6981.63 8788.39 6982.88 8804.21 6978.68
10 1844.18 7514.44 1823.25 7510.09 1823.34 7510.94 1766.60 7525.04 1779.82 7519.13 1793.33 7510.85 1757.25 7513.52 1789.62 7472.41 1810.14 7480.23 1837.48 7485.29
11 8957.08 2180.00 8943.16 2187.25 8932.14 2169.61 8944.67 2204.98 8905.89 2169.37 8907.33 2150.20 8910.51 2119.92 8925.61 2121.29 8931.88 2140.02 8965.12 2118.19 8939.88 2140.74
8 9028.76 9342.71 9007.92 9331.68 9033.62 9325.58 9013.23 9313.46 9037.55 9290.99 9047.22 9313.63 9072.75 9303.44 9073.67 9312.01
6 9598.39 8277.59 9588.22 8320.24 9484.38 8197.82 9562.85 8225.23 9604.85 8194.35 9579.03 8237.78
10 6803.08 3434.60 6809.67 3451.56 6793.20 3455.07 6763.30 3451.57 6756.00 3452.57 6745.80 3479.58 6722.98 3433.97 6775.25 3368.77 6780.72 3374.10 6800.34 3374.73
13 1504.78 5647.23 1481.00 5651.87 1513.34 5669.76 1496.78 5676.59 1453.78 5660.45 1441.60 5663.13 1432.50 5668.65 1391.33 5688.47 1419.83 5646.27 1405.36 5607.00 1434.97 5570.07 1457.61 5626.39 1497.23 5632.90
15 11462.27 7464.23 11441.08 7468.26 11492.59 7489.61 11444.68 7517.49 11436.03 7515.01 11418.16 7480.65 11411.10 7500.54 11372.65 7514.89 11342.43 7459.95 11387.31 7453.66 11362.16 7432.51 11401.65 7440.10 11407.92 7380.60 11437.85 7452.45 11440.91 7452.86
15 8287.11 7437.64 8273.18 7439.81 8290.00 7458.38 8280.41 7470.28 8268.59 7451.55 8255.54 7470.68 8257.15 7454.17 8238.81 7410.18 8253.78 7420.89 8254.94 7399.66 8268.19 7412.40 8274.46 7399.80 8272.42 7407.05 8270.87 7424.02 8304.70 7427.46
10 1199.87 1963.65 1173.07 1946.52 1142.24 1947.72 1135.08 1950.82 1141.61 1933.61 1148.69 1917.56 1170.71 1904.44 1175.48 1901.31 1180.26 1893.07 1213.60 1899.49
11 12212.45 7803.30 12170.85 7781.88 12170.80 7811.29 12138.05 7828.63 12106.77 7807.50 12098.15 7725.69 12123.58 7728.27 12144.17 7686.08 12154.91 7702.59 12166.47 7715.97 12184.63 7752.51
14 12169.52 212.22 12195.60 227.65 12179.33 264.53 12168.51 276.11 12146.22 252.67 12060.32 212.26 12062.93 175.91 12076.82 169.97 12089.47 150.55 12103.49 143.42 12119.16 160.24 12127.61 161.30 12135.03 181.05 12144.80 173.31
9 9017.46 6928.56 8975.06 6984.94 8938.34 6930.68 8949.63 6913.19 8961.63 6895.32 8973.89 6892.53 8974.84 6894.44 9035.10 6890.18 9038.30 6916.67
8 628.89 8464.39 574.97 8478.32 563.80 8498.98 521.72 8422.71 543.91 8403.30 603.81 8395.69 604.13 8422.06 622.01 8430.00
9 11181.29 12091.93 11179.13 12104.52 11142.77 12094.11 11076.78 12056.71 11139.23 12054.13 11147.27 12051.06 11191.21 12037.20 11171.23 12057.35 11161.29 12061.35
5 3517.68 9371.61 3509.41 9392.37 3499.44 9391.81 3522.80 9330.55 3544.85 9337.43
9 4289.75 3944.31 4240.02 3967.73 4228.55 3961.56 4240.30 3943.17 4231.93 3943.21 4256.55 3897.34 4260.09 3901.16 4277.28 3895.40 4287.11 3897.97
14 4148.15 6805.43 4111.90 6838.65 4102.87 6816.61 4069.12 6827.47 4047.23 6828.91 4055.06 6807.91 4041.75 6795.30 4084.43 6786.98 4036.24 6771.61 4069.70 6767.42 4080.58 6763.24 4107.31 6741.86 4107.34 6747.49 4114.78 6754.80
14 5550.00 2853.38 5494.59 2828.61 5467.90 2817.06 5428.37 2826.68 5452.67 2794.45 5444.51 2749.18 5500.73 2748.71 5502.97 2738.16 5538.64 2732.58 5549.95 2716.78 5538.30 2751.69 5531.51 2759.60 5586.41 2752.95 5522.55 2791.09
15 10923.87 1563.19 10862.90 1581.53 10858.54 1578.74 10820.18 1619.44 10826.48 1606.41 10830.06 1579.98 10836.92 1572.19 10791.06 1603.92 10794.97 1517.13 10860.08 1531.03 10881.86 1502.53 10899.96 1508.49 10915.55 1556.47 10886.90 1558.46 10924.77 1557.95
12 4207.20 1949.29 4229.98 1962.67 4181.27 1979.13 4170.59 1997.60 4168.62 2010.00 4159.43 1984.78 4124.34 1957.69 4123.63 1907.59 4217.62 1919.96 4207.76 1929.25 4196.18 1942.89 4226.23 1943.83
10 4814.84 11595.39 4753.79 11589.30 4713.81 11608.77 4732.23 11544.48 4696.20 11552.43 4657.11 11521.67 4689.30 11523.23 4791.54 11454.19 4833.26 11491.51 4820.90 11533.29
9 7291.07 7579.53 7283.31 7578.02 7271.02 7577.88 7265.05 7572.35 7245.12 7581.65 7235.05 7581.56 7302.19 7472.25 7307.24 7490.39 7300.56 7550.52
10 8091.40 7705.83 8069.22 7686.52 8051.97 7692.60 8059.54 7662.57 8068.23 7662.94 8049.53 7646.19 8053.63 7635.41 8113.81 7651.79 8100.84 7661.78 8111.90 7662.85
5 7008.07 4947.42 6967.60 4958.77 6960.58 4949.67 6931.54 4960.82 6979.25 4919.15
8 4438.61 8093.30 4424.95 8090.89 4421.54 8089.51 4409.21 8109.19 4402.16 8095.29 4400.70 8090.56 4364.61 8063.73 4394.78 8028.02
15 4468.26 5855.73 4436.29 5897.47 4430.50 5859.91 4429.18 5878.50 4422.63 5882.89 4386.11 5876.97 4415.03 5832.02 4423.94 5825.17 4414.32 5789.63 4425.77 5803.95 4444.36 5796.14 4450.80 5807.91 4476.02 5813.38 4451.13 5832.27 4465.72 5830.52
14 6425.20 8135.39 6360.23 8136.08 6378.74 8148.47 6392.07 8189.17 6369.09 8167.19 6346.64 8213.56 6311.57 8173.09 6309.40 8167.77 6259.18 8149.40 6267.21 8122.86 6383.66 8052.52 6373.25 8102.16 6386.00 8095.36 6416.27 8094.88
13 7182.51 4220.73 7180.10 4235.87 7176.30 4236.49 7152.87 4223.66 7158.75 4215.08 7162.60 4187.73 7168.37 4200.77 7171.76 4202.85 7173.46 4205.54 7172.95 4190.58 7187.35 4203.45 7183.47 4208.92 7187.22 4213.81
5 7696.78 5814.69 7669.63 5799.26 7662.70 5801.39 7566.87 5764.18 7603.70 5718.87
7 2117.96 4425.00 2111.85 4440.78 2099.96 4437.09 2078.62 4394.25 2092.72 4369.32 2115.18 4373.41 2130.18 4369.78
7 4800.53 10305.80 4801.26 10244.59 4782.68 10195.47 4784.05 10184.96 4794.72 10176.43 4829.63 10201.29 4868.26 10193.15
14 8027.86 10452.93 7973.02 10455.86 7949.05 10450.57 7929.45 10420.89 7950.46 10413.96 7949.48 10378.05 7965.97 10385.88 7981.07 10412.93 7969.68 10363.65 7988.39 10385.97 7998.85 10406.64 8024.87 10384.66 8038.56 10387.40 8039.10 10393.08
9 6856.56 11627.69 6886.52 11635.72 6856.87 11629.96 6861.51 11642.27 6815.01 11650.96 6841.57 11616.58 6844.91 11586.97 6855.13 11616.95 6871.44 11622.01
5 12402.96 4179.03 12387.18 4185.17 12371.23 4167.27 12322.70 4136.44 12385.08 4109.49
8 5601.48 652.89 5582.93 674.18 5524.53 692.59 5522.47 651.39 5569.25 605.06 5603.98 547.66 5605.10 547.89 5628.73 567.44
12 9724.35 11458.67 9667.86 11432.59 9616.89 11476.23 9607.15 11422.60 9627.73 11350.62 9649.83 11373.64 9629.24 11340.02 9644.08 11353.39 9655.97 11363.68 9671.90 11384.42 9710.70 11344.28 9742.83 11392.03
15 3981.24 12160.11 3962.39 12177.33 3941.01 12166.08 3900.61 12156.14 3914.98 12142.25 3907.54 12125.65 3872.57 12118.25 3903.53 12118.75 3922.59 12124.72 3878.19 12106.08 3873.97 12091.62 3881.61 12088.42 3929.97 12091.18 3937.87 12112.20 3981.71 12065.94
15 1099.73 8242.80 1092.34 8257.75 1052.99 8255.69 1007.20 8281.89 1027.50 8252.66 985.43 8247.54 1024.51 8222.82 1028.73 8220.01 1026.90 8206.47 1037.20 8220.47 1032.65 8206.96 1030.23 8182.85 1049.01 8211.34 1080.25 8205.69 1106.41 8223.59
14 4313.23 12161.02 4272.71 12129.29 4257.27 12129.37 4245.09 12127.34 4193.61 12102.50 4209.61 12055.98 4206.56 12034.46 4250.85 12066.48 4295.20 12027.65 4295.61 12051.49 4285.41 12079.02 4298.67 12094.31 4335.68 12091.43 4289.14 12104.80
11 364.26 8446.82 332.77 8442.04 329.48 8400.99 275.41 8374.18 320.40 8371.75 311.70 8360.65 327.51 8352.10 337.49 8362.65 339.19 8355.70 345.08 8321.17 376.00 8364.20
11 1807.25 11283.55 1797.93 11309.45 1803.91 11333.50 1791.75 11320.15 1778.93 11295.43 1769.45 11330.32 1752.13 11304.96 1710.62 11274.10 1754.16 11246.51 1761.35 11209.36 1781.29 11230.75
9 4265.28 2971.87 4305.37 2994.90 4268.52 2987.46 4244.24 3012.94 4174.04 3040.78 4155.47 2993.71 4238.85 2916.09 4256.42 2892.24 4252.46 2904.27
12 4282.14 8242.55 4325.87 8261.16 4279.00 8254.82 4266.60 8304.36 4211.00 8256.68 4223.47 8241.50 4242.33 8215.51 4272.96 8153.62 4272.69 8181.44 4267.84 8205.35 4289.92 8216.27 4278.55 8226.57
15 2234.60 11079.25 2231.30 11104.65 2223.71 11120.57 2223.25 11099.73 2217.79 11094.46 2215.82 11082.66 2199.18 11093.25 2202.98 11087.40 2192.47 11092.18 2201.05 11076.35 2210.38 11025.45 2218.58 11024.09 2226.13 11039.90 2227.85 11060.51 2251.66 11045.92
5 8155.78 12641.77 8147.84 12645.17 8144.03 12606.84 8184.46 12591.18 8185.51 12625.87
5 7303.64 3754.02 7226.06 3692.53 7228.13 3689.15 7298.83 3699.20 7272.64 3724.65
15 9416.46 3706.48 9455.82 3738.46 9385.99 3792.84 9363.06 3792.71 9368.22 3724.71 9353.71 3777.15 9350.59 3754.84 9324.30 3740.98 9308.54 3714.90 9343.75 3684.04 9354.10 3651.97 9380.36 3654.86 9398.66 3620.30 9379.49 3687.28 9393.86 3673.67
13 7679.60 7920.43 7647.34 7923.72 7658.09 7950.41 7607.29 7994.74 7550.02 7970.71 7588.67 7914.58 7595.47 7867.69 7597.41 7821.64 7605.55 7859.92 7610.52 7861.54 7619.83 7815.62 7629.19 7857.88 7647.98 7823.29
9 6499.20 438.19 6512.27 451.01 6482.39 472.10 6435.38 421.75 6481.20 402.97 6511.60 382.42 6508.39 412.37 6513.79 414.61 6500.49 425.00
9 2853.04 6983.09 2836.85 6980.95 2829.55 6991.24 2816.05 6980.09 2801.82 6984.18 2790.27 6969.08 2812.71 6936.99 2832.00 6945.71 2854.22 6948.32
14 270.27 3818.40 235.66 3818.53 176.81 3838.10 191.40 3805.89 134.43 3828.44 137.73 3822.89 165.96 3794.38 141.65 3779.55 184.81 3773.50 195.09 3765.25 216.64 3763.53 222.16 3765.97 264.01 3766.56 221.29 3784.04
11 470.66 7468.65 463.84 7501.39 430.78 7485.97 411.39 7486.91 391.44 7482.59 381.18 7471.22 416.14 7466.17 411.76 7420.35 432.91 7430.90 442.67 7450.54 455.50 7455.76
8 2116.41 594.41 2057.20 614.21 2045.03 639.43 2010.45 588.49 2003.30 550.03 2037.30 492.69 2047.99 551.23 2061.41 557.40
15 2193.62 10461.18 2164.77 10442.69 2147.37 10436.83 2138.96 10468.81 2133.63 10445.15 2107.37 10482.96 2104.48 10454.18 2068.20 10448.87 2068.57 10402.69 2116.38 10405.50 2110.95 10392.92 2116.39 10387.56 2112.52 10372.17 2165.86 10376.06 2163.64 10389.47
15 8817.27 5238.66 8833.54 5241.53 8873.86 5255.28 8826.25 5273.86 8787.24 5292.23 8777.53 5298.26 8764.35 5298.35 8762.48 5242.38 8728.20 5242.59 8710.17 5240.47 8719.03 5221.86 8776.90 5220.14 8757.27 5186.49 8836.92 5221.42 8871.72 5214.08
10 4343.94 11653.03 4345.32 11657.77 4352.59 11666.75 4315.92 11673.96 4303.93 11677.78 4317.17 11652.08 4313.85 11649.26 4287.76 11631.16 4305.94 11634.20 4311.97 11628.15
10 11367.75 2312.39 11287.93 2313.82 11289.08 2337.10 11287.05 2362.17 11244.92 2294.47 11259.83 2276.86 11210.40 2269.02 11216.86 2252.34 11243.20 2242.33 11300.06 2267.64
6 9624.29 5884.51 9631.75 5909.49 9609.38 5909.33 9588.08 5843.89 9604.15 5850.75 9614.48 5868.69
10 1480.64 10084.81 1474.37 10113.58 1423.06 10125.71 1399.60 10087.88 1415.53 10051.36 1436.68 10012.26 1467.59 10022.20 1475.20 9996.71 1486.71 9996.37 1505.19 10039.68
7 3753.34 767.46 3757.95 822.58 3738.21 795.34 3689.36 768.02 3777.69 673.23 3765.75 698.05 3814.79 721.84
7 12420.74 6358.51 12384.87 6418.34 12346.01 6376.14 12374.28 6360.65 12316.67 6353.77 12338.01 6334.58 12377.22 6295.75
11 10593.93 2174.17 10553.54 2195.16 10538.62 2228.33 10529.58 2198.14 10539.04 2075.50 10548.69 2083.25 10549.20 2122.20 10552.59 2135.30 10565.60 2129.86 10594.13 2102.19 10562.37 2137.23
12 7660.56 620.82 7663.00 629.50 7659.21 628.39 7650.51 643.04 7655.98 656.82 7627.30 642.51 7625.43 643.78 7624.59 658.93 7591.54 618.37 7580.08 604.75 7576.31 602.64 7583.15 597.58
9 5562.36 12487.55 5520.34 12487.47 5520.30 12460.05 5495.61 12425.66 5546.96 12401.61 5544.42 12435.37 5541.34 12449.59 5548.20 12434.23 5577.86 12426.44
13 7905.94 8611.86 7854.75 8615.56 7880.05 8646.24 7832.99 8660.37 7816.61 8628.86 7807.78 8636.05 7812.72 8622.98 7785.24 8594.89 7811.32 8596.09 7828.72 8528.98 7854.03 8576.83 7903.27 8551.66 7893.08 8564.43
8 2314.80 11425.03 2304.38 11452.37 2260.47 11431.38 2257.35 11411.73 2245.93 11407.32 2267.87 11377.69 2325.38 11384.35 2308.56 11405.24
13 1777.31 2194.98 1749.23 2238.36 1725.89 2250.59 1721.11 2226.20 1706.90 2198.04 1673.56 2200.03 1705.23 2178.65 1648.70 2188.11 1679.62 2129.65 1682.90 2100.08 1766.28 2107.80 1748.61 2160.15 1794.90 2168.79
6 4367.78 9545.46 4325.38 9572.77 4294.48 9565.08 4261.81 9536.02 4372.91 9509.79 4357.41 9526.62
12 313.91 1359.98 326.32 1370.17 309.80 1372.93 297.17 1364.08 280.18 1363.75 289.70 1353.94 297.13 1349.23 304.82 1343.51 306.71 1343.29 314.08 1339.33 311.39 1348.53 338.45 1352.90
13 9334.96 180.17 9345.86 182.98 9355.29 189.10 9354.69 193.80 9332.84 183.08 9290.37 202.62 9313.21 176.88 9288.94 154.55 9317.36 150.97 9322.43 154.92 9322.68 150.93 9323.99 157.81 9324.93 163.70
12 4748.87 9083.94 4765.43 9113.72 4743.12 9098.83 4733.36 9127.24 4720.02 9093.24 4712.17 9119.36 4707.32 9100.07 4682.54 9095.43 4697.09 9065.93 4710.29 9070.02 4727.55 9040.50 4756.85 9075.71
9 10385.17 6044.00 10380.35 6046.36 10396.98 6071.30 10373.46 6068.20 10344.76 6035.19 10356.24 6034.41 10355.81 6031.74 10346.97 6014.24 10399.19 6036.77
13 650.71 10673.05 649.59 10691.67 596.61 10696.37 587.44 10721.92 559.04 10712.31 501.71 10685.66 537.94 10668.85 525.21 10647.96 555.70 10647.04 561.24 10652.24 575.33 10596.93 584.57 10608.50 621.66 10633.63
11 3970.01 7576.89 3960.82 7582.63 3946.33 7585.47 3925.01 7578.94 3940.24 7566.51 3934.71 7544.06 3947.92 7549.35 3944.25 7540.34 3977.48 7536.88 3993.01 7528.78 3980.48 7544.03
5 8615.75 5867.45 8580.08 5802.29 8653.07 5813.86 8621.71 5826.66 8661.53 5820.24
15 10463.05 7057.96 10442.22 7069.33 10427.36 7068.82 10436.41 7085.49 10435.04 7089.80 10411.39 7109.27 10390.34 7117.67 10401.43 7087.49 10402.08 7067.80 10370.50 7076.95 10395.04 6995.69 10403.16 7013.41 10415.30 6996.06 10430.04 7038.93 10453.54 7022.61
15 2018.33 859.63 1984.52 839.32 1978.41 854.11 1953.20 876.55 1949.89 862.78 1940.66 873.23 1910.24 830.57 1916.18 811.74 1922.62 798.13 1944.03 764.36 1957.29 787.93 1964.54 795.07 1976.09 751.34 1978.08 776.32 1991.20 792.44
14 6993.11 870.46 6991.38 888.05 6981.20 895.77 6960.40 875.14 6966.68 907.99 6958.65 876.04 6909.83 875.00 6923.59 862.28 6938.43 843.42 6933.65 814.73 6948.86 846.38 6945.07 810.53 6951.14 803.99 6962.26 830.96
14 6546.60 4297.67 6527.57 4296.31 6525.87 4342.57 6514.14 4341.10 6477.50 4319.19 6473.87 4314.15 6431.84 4336.27 6432.78 4324.65 6457.08 4291.16 6413.75 4272.24 6437.47 4274.03 6465.58 4272.47 6465.38 4234.57 6480.39 4205.04
5 844.15 8364.19 866.71 8382.12 791.58 8381.61 845.76 8302.98 852.40 8331.68
5 6170.32 5444.56 6090.87 5390.14 6097.02 5355.15 6123.44 5367.99 6153.89 5376.79
6 1985.11 9096.83 1974.79 9050.79 2019.44 9013.42 2027.47 9036.15 2035.27 9044.54 2046.06 9074.74
7 2920.61 11526.35 2892.30 11506.82 2887.81 11533.50 2864.49 11482.96 2836.83 11482.45 2894.69 11420.23 2908.09 11452.80
6 11320.35 287.77 11259.13 289.76 11300.65 224.89 11322.31 235.60 11341.61 223.90 11332.43 242.74
11 1970.81 10015.56 1938.03 10067.64 1919.66 10044.48 1909.82 10042.17 1916.86 10078.16 1905.34 10041.67 1881.71 10024.38 1824.57 10010.11 1859.76 9988.95 1947.82 9928.04 1928.49 9971.61
8 2641.84 10807.03 2601.80 10813.15 2593.51 10817.54 2568.01 10848.07 2569.67 10840.24 2591.98 10770.66 2610.64 10796.40 2629.40 10805.06
9 9661.56 5253.79 9662.59 5284.56 9654.66 5271.59 9643.18 5250.91 9643.83 5246.23 9626.96 5232.47 9633.55 5231.42 9657.04 5229.66 9683.99 5232.12
6 8313.54 11775.52 8332.05 11787.19 8294.60 11782.40 8218.46 11786.53 8259.04 11746.64 8279.49 11708.26
12 1398.16 5096.55 1358.14 5077.47 1331.34 5063.18 1278.11 5073.18 1277.76 5029.40 1291.64 5025.17 1320.51 5028.85 1317.18 4986.78 1347.36 5033.20 1395.40 5014.78 1413.09 5004.33 1376.68 5041.74
9 10418.53 748.67 10407.92 738.40 10400.55 743.16 10409.99 730.98 10344.60 678.81 10390.88 677.72 10435.54 675.83 10479.99 700.08 10465.95 705.30
11 8924.63 4831.30 8856.61 4824.93 8874.74 4888.31 8843.47 4890.92 8824.90 4861.70 8783.50 4846.57 8755.16 4802.13 8809.14 4792.16 8802.86 4759.18 8817.20 4759.88 8870.77 4784.59
9 747.47 3680.72 744.06 3706.19 721.15 3695.28 705.48 3691.22 677.95 3696.79 686.19 3666.40 705.24 3646.53 739.15 3660.66 724.28 3674.93
13 2482.85 8893.34 2471.98 8895.89 2452.80 8903.56 2450.17 8903.45 2437.62 8909.74 2458.60 8890.85 2456.10 8892.08 2446.64 8896.14 2442.22 8854.99 2470.90 8866.00 2481.35 8841.93 2482.87 8866.89 2481.00 8872.18
8 5441.24 12169.22 5388.21 12188.27 5315.58 12174.04 5352.54 12131.61 5363.53 12098.08 5380.80 12135.56 5421.56 12105.50 5438.82 12140.66
7 5324.00 400.59 5295.46 405.00 5290.81 366.49 5313.34 357.53 5326.93 347.06 5334.07 379.11 5347.08 386.17
10 1888.22 10840.08 1878.40 10838.06 1813.97 10856.48 1830.32 10836.40 1839.55 10835.49 1836.45 10817.37 1826.81 10795.76 1856.71 10819.89 1863.89 10808.19 1894.37 10795.79
6 5730.77 3242.04 5684.64 3279.39 5677.11 3261.34 5673.76 3257.78 5662.43 3207.88 5659.21 3200.69
12 7298.83 11937.76 7286.10 11965.89 7296.47 11990.81 7281.68 11994.86 7230.68 11934.39 7219.78 11922.24 7240.69 11929.14 7228.94 11895.57 7241.76 11910.11 7232.99 11884.25 7235.02 11879.36 7317.23 11922.24
10 1368.15 4648.87 1333.49 4695.30 1328.25 4665.94 1302.61 4657.03 1305.81 4643.58 1297.91 4642.89 1330.23 4602.49 1347.45 4621.21 1342.47 4592.92 1374.11 4582.79
6 1870.81 2510.08 1834.22 2526.34 1823.65 2520.79 1815.56 2523.13 1818.13 2504.42 1861.23 2495.34
15 6188.44 1108.85 6175.87 1124.64 6173.38 1135.28 6160.81 1128.96 6152.09 1115.68 6151.84 1138.65 6124.70 1129.88 6134.35 1111.91 6136.42 1103.08 6130.43 1097.25 6133.19 1095.13 6135.52 1091.52 6135.80 1059.62 6154.59 1092.16 6178.02 1096.57
9 11342.17 10587.24 11323.89 10598.02 11314.93 10589.45 11303.06 10570.06 11308.54 10561.70 11331.36 10541.17 11331.87 10567.37 11345.46 10552.36 11333.46 10574.55
6 6236.97 520.06 6199.04 483.17 6160.65 504.27 6160.63 479.41 6190.18 465.87 6243.60 438.83
12 2317.72 3799.76 2336.00 3809.95 2320.83 3823.39 2297.01 3808.82 2301.38 3831.08 2282.56 3837.80 2272.59 3810.89 2252.48 3785.85 2273.73 3777.83 2275.04 3770.69 2304.69 3757.62 2306.36 3780.63
15 8312.65 10698.12 8306.59 10701.71 8303.82 10709.44 8291.30 10706.15 8289.57 10739.22 8270.98 10731.81 8267.37 10698.95 8243.93 10682.91 8276.20 10685.06 8285.04 10653.54 8295.64 10660.88 8309.22 10656.47 8304.67 10664.11 8307.71 10669.29 8318.11 10668.39
9 3282.03 9588.58 3284.80 9607.07 3270.87 9629.81 3255.50 9613.40 3190.36 9612.69 3158.52 9562.80 3225.24 9564.32 3253.04 9571.74 3302.83 9576.31
11 4348.91 977.16 4348.79 985.22 4324.45 1014.40 4314.89 1011.21 4317.39 971.76 4302.53 1003.18 4298.57 1001.52 4289.47 970.68 4294.48 938.91 4293.70 918.82 4348.95 939.30
14 2365.47 7067.74 2346.51 7067.40 2331.86 7102.48 2326.97 7079.84 2334.60 7050.95 2287.42 7082.79 2308.43 7043.82 2329.07 7019.85 2330.65 7001.80 2325.75 6974.70 2343.74 6985.99 2355.82 6991.77 2399.64 7028.68 2365.62 7033.72
11 7252.52 11323.31 7242.90 11319.70 7229.63 11385.47 7216.06 11348.68 7198.17 11391.49 7179.72 11386.51 7138.74 11339.23 7164.11 11324.01 7188.04 11250.63 7213.85 11251.48 7271.98 11303.74
10 677.75 9841.56 598.26 9886.12 567.63 9891.67 577.21 9851.27 552.13 9781.93 597.82 9810.16 586.12 9781.59 606.24 9748.93 649.46 9779.59 665.57 9804.42
11 6468.31 7235.54 6472.34 7275.80 6455.81 7244.42 6443.60 7230.58 6408.30 7229.34 6407.48 7229.60 6395.24 7212.88 6438.06 7178.97 6471.88 7154.86 6476.32 7161.87 6472.93 7179.84
13 1278.14 5755.18 1266.55 5773.21 1235.59 5768.91 1218.20 5785.10 1209.13 5791.46 1203.09 5779.66 1219.21 5761.82 1169.26 5749.67 1197.20 5739.08 1211.63 5739.13 1199.99 5731.24 1272.75 5697.31 1291.93 5718.13
5 8778.55 12185.74 8682.08 12194.32 8669.19 12182.65 8760.24 12137.29 8802.96 12126.50
12 8455.65 1281.30 8461.22 1285.51 8445.96 1281.49 8453.23 1288.95 8458.43 1293.46 8415.34 1293.28 8407.79 1276.42 8406.98 1273.99 8423.68 1258.89 8429.47 1248.75 8437.71 1243.80 8463.57 1263.63
10 1421.47 10444.67 1421.24 10445.24 1415.12 10451.88 1402.41 10458.27 1351.96 10440.47 1386.99 10416.93 1403.30 10399.65 1443.21 10392.33 1441.79 10417.96 1413.75 10425.94
5 7263.77 5463.99 7236.27 5413.80 7229.24 5407.84 7223.74 5360.89 7300.80 5384.65
15 527.58 3126.10 498.75 3123.37 501.39 3135.68 510.13 3157.72 481.98 3136.85 452.03 3180.32 422.48 3150.16 449.64 3123.82 444.70 3122.26 465.28 3114.75 437.17 3077.54 441.92 3077.73 503.21 3066.17 507.32 3091.70 499.80 3109.92
6 11643.96 8928.06 11623.78 8933.23 11612.43 8865.92 11630.03 8857.95 11668.00 8818.83 11675.54 8819.50
8 1369.26 12120.35 1347.97 12122.24 1336.30 12131.14 1327.57 12147.53 1320.10 12155.64 1325.10 12130.84 1321.93 12091.27 1351.85 12114.82
13 4133.74 5198.57 4089.75 5208.87 4059.26 5251.08 4047.54 5244.09 4006.91 5250.98 3987.75 5222.98 3994.56 5196.30 3970.64 5178.62 4007.61 5139.58 4043.12 5170.52 4102.37 5146.78 4095.36 5156.66 4128.11 5189.81
7 9081.89 4628.05 9070.79 4641.37 9077.10 4592.61 9053.08 4561.62 9060.18 4561.10 9082.50 4586.44 9112.56 4581.17
9 5769.34 9259.68 5757.90 9275.36 5697.65 9274.43 5677.73 9290.42 5668.82 9272.98 5614.27 9233.26 5659.03 9227.08 5656.15 9220.37 5667.11 9206.15
15 1928.83 2297.46 1901.53 2300.08 1889.53 2291.95 1901.77 2305.47 1885.21 2298.29 1863.43 2303.94 1846.67 2317.62 1843.08 2266.98 1844.86 2259.44 1861.16 2266.42 1863.46 2249.66 1891.10 2219.83 1893.01 2242.75 1886.60 2263.24 1910.95 2260.92
15 5852.66 2834.45 5836.54 2834.36 5816.23 2832.86 5820.72 2875.83 5810.66 2823.70 5799.62 2818.95 5798.27 2818.47 5741.49 2836.26 5776.85 2814.82 5782.39 2735.28 5800.83 2762.21 5799.01 2751.17 5799.23 2734.44 5840.76 2754.04 5831.11 2800.49
13 8530.38 11790.98 8517.31 11796.25 8495.47 11781.50 8487.84 11785.85 8488.29 11799.23 8476.56 11800.83 8471.06 11800.38 8472.96 11792.84 8474.69 11778.36 8457.31 11777.94 8435.10 11758.69 8499.47 11742.21 8496.96 11752.78
15 10469.09 11606.00 10500.39 11636.93 10442.63 11616.08 10434.84 11655.31 10402.03 11620.79 10353.72 11588.10 10361.31 11562.27 10381.72 11567.07 10409.58 11545.21 10440.48 11565.22 10446.70 11562.27 10447.04 11575.27 10471.93 11525.82 10486.88 11567.68 10490.86 11573.63
10 9512.73 9323.21 9522.33 9330.31 9519.53 9333.93 9501.93 9342.03 9478.44 9320.51 9490.72 9315.47 9493.29 9292.88 9497.79 9305.82 9511.97 9307.48 9537.44 9296.80
12 756.59 11532.16 698.26 11553.11 692.16 11598.50 672.30 11569.53 639.40 11541.81 640.66 11498.71 675.49 11498.06 634.79 11458.25 657.02 11443.82 662.84 11436.07 675.41 11437.89 711.37 11499.68
11 11128.16 11426.88 11101.39 11442.46 11096.28 11476.71 11083.43 11421.54 11064.97 11403.47 11073.35 11401.76 11053.36 11351.49 11059.45 11358.89 11086.77 11366.50 11096.47 11389.86 11125.29 11359.92
10 1143.04 7087.08 1158.00 7147.36 1120.67 7096.47 1092.69 7130.39 1090.43 7114.09 1081.12 7084.82 1100.28 7042.32 1088.07 7014.87 1118.84 7023.90 1170.70 7003.42
10 7611.16 4464.05 7604.82 4492.49 7604.08 4503.47 7585.55 4514.17 7570.06 4506.27 7558.73 4462.84 7534.17 4445.36 7533.67 4429.38 7545.38 4433.77 7550.14 4417.64
7 3955.68 11276.42 3892.08 11302.28 3887.84 11239.32 3918.71 11243.28 3944.13 11208.89 3955.02 11240.06 3950.95 11248.19
5 2028.33 5045.71 1996.08 5022.27 2006.69 5009.00 2009.02 5009.02 2038.59 4990.04
15 12489.05 3571.19 12444.68 3591.42 12442.84 3590.20 12427.42 3593.39 12413.57 3601.24 12396.37 3650.66 12394.65 3636.22 12375.46 3628.28 12350.31 3607.19 12364.11 3541.49 12396.77 3555.72 12388.49 3535.26 12400.05 3531.92 12432.68 3561.67 12471.34 3568.92
6 3367.98 10846.42 3350.04 10820.42 3321.80 10842.49 3305.72 10802.82 3317.81 10737.11 3371.74 10752.64
7 10239.46 11525.92 10199.62 11546.73 10195.16 11546.74 10193.50 11548.57 10183.31 11547.74 10198.18 11502.98 10215.35 11481.75
14 705.23 2827.85 727.18 2829.39 692.33 2862.94 681.46 2866.60 659.04 2857.99 672.91 2809.46 694.28 2816.57 698.02 2808.71 708.71 2805.99 714.02 2802.46 710.72 2810.92 714.93 2814.20 720.20 2815.00 734.10 2821.01
7 12464.44 11673.54 12379.89 11743.19 12341.81 11716.36 12345.00 11667.34 12280.56 11646.82 12334.56 11635.85 12398.49 11640.86
12 559.52 5759.59 532.61 5753.49 541.97 5757.90 548.09 5763.66 516.03 5773.28 494.57 5782.76 492.86 5760.65 490.52 5755.18 461.35 5788.18 451.46 5761.17 503.71 5700.95 514.06 5717.37
8 3812.67 3878.43 3746.94 3888.11 3778.41 3875.81 3782.57 3815.16 3812.05 3812.78 3810.75 3825.16 3823.04 3838.46 3850.09 3867.50
7 2200.36 6069.33 2175.34 6099.92 2160.18 6104.18 2133.29 6108.87 2129.17 6031.18 2123.18 6000.22 2179.62 5992.54
12 8576.54 10837.54 8577.50 10864.03 8577.90 10881.00 8562.16 10860.60 8551.56 10880.61 8528.34 10846.06 8526.07 10836.36 8536.83 10826.30 8559.98 10792.22 8564.43 10796.47 8577.55 10815.65 8590.88 10813.90
13 6063.42 3208.69 6012.44 3210.01 6017.05 3194.61 5993.90 3177.19 6018.50 3162.98 6047.50 3120.24 6067.19 3114.81 6089.02 3120.37 6067.90 3159.76 6085.10 3138.57 6071.68 3168.45 6073.12 3168.63 6074.05 3175.86
13 8910.33 8959.12 8935.28 8985.70 8841.60 8988.75 8845.80 8974.38 8853.18 8967.19 8796.27 8978.67 8821.75 8942.56 8813.68 8932.79 8836.24 8925.66 8880.13 8899.52 8882.69 8906.12 8885.56 8897.97 8895.22 8905.20
8 9019.89 4025.72 9017.88 4042.54 8985.46 4021.99 8983.49 4029.47 8941.85 4033.60 8927.73 4024.68 8942.74 4010.83 9010.50 3990.46
13 6410.11 10771.94 6383.60 10748.47 6367.81 10758.90 6339.07 10707.64 6294.41 10723.77 6308.47 10712.28 6302.96 10703.36 6331.06 10692.95 6323.89 10624.49 6355.29 10666.42 6373.98 10612.28 6390.16 10642.75 6386.25 10693.15
5 2734.67 553.85 2749.68 570.72 2728.76 569.10 2664.97 545.16 2709.42 502.61
10 11715.00 8257.21 11695.14 8243.52 11704.31 8250.87 11663.67 8248.89 11665.74 8236.45 11660.22 8232.04 11637.68 8240.30 11639.24 8239.15 11628.08 8231.15 11668.49 8188.03
15 8034.43 5564.57 8016.42 5599.21 8002.90 5611.63 7971.81 5586.63 7947.03 5572.42 7979.64 5554.43 7978.96 5550.47 7986.81 5551.72 7966.66 5529.60 7981.21 5518.53 7990.74 5529.46 8008.09 5532.77 8008.74 5554.71 8031.84 5549.48 8035.83 5556.97
9 3716.42 1016.19 3700.84 1038.32 3674.90 1063.68 3680.69 999.22 3649.11 986.03 3638.56 978.47 3714.91 958.43 3722.93 977.03 3743.75 955.81
15 11902.65 9836.87 11911.05 9839.90 11900.20 9879.69 11856.90 9853.88 11858.59 9875.84 11795.40 9860.74 11767.95 9870.77 11772.21 9867.47 11771.16 9836.26 11769.82 9831.96 11819.69 9831.21 11775.87 9824.09 11767.31 9818.90 11815.66 9811.18 11858.34 9756.11
15 587.61 11447.45 572.03 11453.59 550.73 11456.78 541.29 11454.98 483.08 11452.86 497.28 11440.56 446.15 11393.45 466.76 11399.44 505.91 11417.07 518.39 11412.79 527.76 11381.69 534.41 11358.75 529.61 11405.11 546.35 11417.89 548.88 11421.03
11 1752.88 11680.92 1669.65 11659.51 1654.19 11652.14 1662.39 11645.86 1629.30 11637.14 1607.85 11608.77 1671.91 11566.84 1711.51 11564.44 1785.08 11624.34 1711.96 11649.54 1784.14 11647.38
7 6888.94 11311.91 6903.42 11364.82 6852.05 11329.59 6833.73 11329.21 6885.72 11279.60 6897.18 11270.10 6929.83 11271.60
10 6920.02 5047.15 6919.58 5050.16 6898.43 5042.07 6887.69 5061.01 6870.75 5015.95 6861.87 4976.95 6916.41 4978.03 6916.37 4995.64 6927.60 5003.98 6911.49 5012.36
6 12341.80 4527.52 12265.29 4484.02 12254.90 4444.94 12276.55 4444.96 12330.27 4446.36 12300.19 4472.77
10 3741.60 7062.82 3783.71 7108.82 3756.28 7087.67 3722.82 7075.81 3647.04 7097.33 3666.75 7049.46 3726.67 7025.22 3756.44 7025.35 3772.76 7023.91 3760.77 7040.24
14 6956.16 9503.49 6954.19 9510.97 6955.73 9540.21 6935.07 9509.07 6904.82 9509.70 6923.20 9497.78 6920.56 9496.34 6889.39 9504.49 6891.65 9503.80 6922.46 9481.33 6917.75 9473.19 6932.58 9448.31 6937.22 9433.24 6949.98 9485.36
12 5859.74 4828.36 5852.22 4839.11 5851.50 4852.92 5829.40 4840.74 5824.33 4842.73 5823.55 4846.63 5823.22 4853.96 5809.90 4851.88 5808.05 4830.04 5774.14 4812.14 5789.87 4806.20 5844.63 4811.73
7 4478.60 1616.87 4454.79 1638.51 4429.72 1597.28 4435.38 1585.34 4445.47 1586.52 4472.65 1601.84 4493.79 1605.12
10 4236.60 7140.71 4201.29 7170.83 4202.45 7181.64 4153.99 7173.94 4096.88 7181.02 4116.43 7116.25 4184.20 7057.23 4205.85 7050.69 4188.22 7085.05 4200.01 7105.56
5 11721.46 4433.85 11708.08 4410.17 11678.60 4416.29 11786.20 4373.99 11802.44 4371.91
11 9961.06 2125.88 9938.60 2168.40 9894.81 2169.62 9890.09 2159.90 9888.69 2134.15 9844.54 2119.15 9898.13 2079.25 9911.05 2086.34 9906.72 2051.43 9913.47 2085.91 9969.42 2084.28
7 6453.87 1703.15 6411.57 1722.47 6340.51 1715.29 6311.20 1682.44 6349.21 1654.84 6415.60 1661.50 6427.87 1684.13
7 10117.82 2833.23 10064.92 2851.76 10049.34 2858.96 10024.92 2867.73 10015.12 2855.25 10008.99 2857.67 10025.61 2784.10
7 9625.18 3560.52 9587.78 3567.40 9605.23 3506.67 9645.76 3508.23 9686.07 3522.14 9675.30 3526.40 9674.89 3529.70
11 3758.88 10383.93 3747.52 10389.11 3742.71 10410.78 3742.43 10406.94 3740.48 10405.40 3739.23 10406.87 3726.78 10403.57 3706.95 10370.52 3729.70 10358.06 3756.45 10351.22 3773.45 10357.78
12 4981.10 6929.13 4988.83 6936.89 4978.61 6949.91 4962.73 6943.78 4943.70 6955.31 4949.12 6928.46 4931.46 6933.58 4915.36 6920.83 4916.97 6920.25 4948.86 6900.53 4957.01 6879.91 4957.19 6911.71
15 8792.66 2624.60 8795.60 2632.90 8716.44 2655.74 8696.68 2601.89 8675.37 2590.59 8650.79 2560.44 8677.54 2524.91 8688.06 2511.15 8692.28 2498.45 8709.93 2544.38 8720.43 2551.64 8742.45 2525.82 8752.19 2505.90 8761.14 2556.82 8802.03 2570.00
12 7304.39 8815.06 7328.63 8847.20 7314.71 8865.64 7279.89 8831.94 7267.92 8801.11 7271.36 8800.32 7269.22 8794.55 7267.76 8734.27 7279.86 8753.06 7329.61 8755.10 7304.76 8790.01 7354.96 8788.42
13 9444.03 996.45 9438.03 1000.95 9383.72 1009.24 9390.46 1039.83 9382.28 1030.39 9357.02 1017.31 9361.81 1001.43 9338.39 1016.80 9361.23 997.72 9360.63 992.16 9322.78 958.02 9396.07 977.93 9425.68 968.66
7 6602.07 10438.58 6601.56 10486.55 6511.68 10448.19 6461.59 10411.53 6509.91 10348.05 6557.29 10386.49 6576.22 10428.65
10 7852.85 2360.31 7828.76 2326.69 7826.43 2338.54 7805.23 2315.14 7798.98 2269.29 7808.80 2282.79 7808.38 2250.79 7831.85 2271.80 7829.98 2282.22 7857.57 2266.01
15 8609.13 824.94 8576.00 829.14 8590.39 832.60 8582.71 832.47 8550.72 851.58 8545.91 859.37 8538.04 898.41 8539.62 881.10 8526.47 831.40 8514.33 816.89 8476.70 775.40 8478.63 764.20 8551.87 766.00 8561.58 783.77 8642.25 820.22
12 4225.07 8505.75 4213.46 8511.36 4208.70 8510.58 4198.27 8516.36 4197.64 8519.30 4178.20 8531.97 4165.03 8504.29 4168.40 8497.20 4169.58 8496.24 4167.54 8472.88 4189.92 8493.59 4202.08 8500.54
12 11150.84 998.95 11141.75 1031.38 11087.14 1043.46 11075.43 1029.03 11058.13 1019.40 11011.90 987.66 11036.80 953.32 11030.08 935.69 11064.15 946.49 11115.06 966.71 11147.01 920.16 11161.55 941.48
6 4695.74 5739.39 4630.57 5758.90 4635.83 5718.97 4645.77 5663.97 4656.36 5627.28 4694.44 5653.06
5 545.08 2766.17 539.84 2776.32 534.22 2779.49 544.55 2732.07 573.19 2742.81
12 3438.51 1986.33 3451.67 2002.02 3417.02 2041.98 3389.79 2009.25 3377.36 2004.38 3378.99 1980.21 3401.99 1955.83 3418.38 1951.83 3432.28 1940.77 3436.88 1942.64 3422.25 1971.83 3437.38 1976.30
7 4892.90 9027.34 4882.46 9052.99 4872.93 9066.49 4854.52 9051.28 4858.26 9020.37 4806.77 9029.74 4856.92 9008.68
12 2064.87 5323.42 2067.77 5344.48 2048.09 5324.18 2035.97 5316.64 2019.50 5323.15 2012.47 5322.75 2038.94 5300.49 2041.72 5301.48 2034.69 5290.12 2036.84 5276.55 2066.97 5303.22 2075.37 5301.56
11 4074.64 1473.89 4049.74 1474.52 4041.71 1521.40 3964.74 1491.88 3936.44 1466.62 4021.40 1413.57 4043.73 1390.04 4067.56 1398.76 4044.13 1443.78 4097.97 1429.41 4106.11 1459.31
9 368.33 8261.06 314.72 8272.36 319.06 8249.35 325.88 8233.61 327.49 8222.28 331.58 8235.63 350.65 8250.45 371.61 8256.05 354.39 8257.76
5 4057.88 6578.46 4001.55 6551.92 4020.39 6525.18 4040.95 6517.37 4029.62 6547.40
5 10806.96 5068.77 10793.21 5101.14 10692.16 5053.70 10744.33 5040.76 10772.73 5050.05
15 3325.22 4377.30 3288.54 4382.79 3292.09 4390.86 3294.83 4406.67 3268.94 4387.40 3250.16 4418.69 3265.06 4381.62 3226.98 4404.48 3264.51 4366.66 3261.21 4320.67 3281.18 4314.20 3299.02 4334.05 3326.56 4332.75 3297.98 4364.58 3295.87 4368.66
5 517.59 9454.92 351.57 9419.76 424.15 9393.37 457.76 9360.75 470.20 9381.08
9 9197.99 6253.85 9182.06 6255.19 9193.51 6266.69 9176.44 6264.70 9169.33 6270.92 9131.96 6258.11 9157.09 6250.69 9157.79 6247.71 9147.40 6217.25
5 4047.01 7129.82 4030.11 7113.43 3987.81 7110.74 3955.58 7075.00 4041.90 7035.16
9 534.25 767.64 561.29 790.10 515.57 822.21 518.67 838.92 495.54 798.72 464.89 836.20 410.49 713.89 415.17 713.96 534.50 698.81
12 12638.52 10653.98 12614.57 10647.09 12598.15 10669.55 12575.35 10641.91 12575.22 10624.38 12574.89 10618.91 12584.06 10611.04 12605.20 10615.51 12612.81 10602.55 12651.23 10587.53 12654.25 10605.03 12633.96 10618.29
11 5943.58 10350.76 5942.13 10384.95 5912.30 10376.04 5926.15 10351.17 5899.37 10360.99 5897.72 10359.73 5899.25 10337.57 5937.49 10306.06 5939.75 10324.58 5952.14 10306.13 5954.10 10332.22
13 1020.83 9519.93 946.19 9554.44 951.83 9517.06 910.79 9492.59 963.06 9476.63 906.11 9426.67 933.89 9440.75 931.82 9438.95 945.08 9431.96 979.57 9452.12 1010.57 9410.17 1007.87 9457.49 1079.60 9468.94
7 11178.61 2228.65 11239.14 2172.82 11274.46 2179.05 11289.40 2196.05 11303.06 2187.50 11292.78 2214.84 11277.58 2228.16
5 11196.24 8344.68 11139.70 8336.17 11160.73 8304.02 11173.37 8311.01 11198.42 8317.67
8 10203.93 7509.71 10193.62 7504.84 10166.15 7482.24 10188.47 7483.68 10191.49 7471.53 10204.93 7482.87 10211.95 7474.74 10230.79 7469.59
11 7974.67 1153.29 7944.24 1154.25 7965.89 1188.90 7906.95 1188.40 7903.80 1166.52 7847.06 1111.83 7892.12 1128.79 7922.31 1087.77 7934.92 1107.73 7932.53 1124.48 7959.76 1110.54
5 5309.08 12214.04 5279.68 12189.48 5250.87 12151.74 5263.56 12135.33 5272.66 12159.73
11 11502.35 1054.72 11476.70 1078.59 11460.02 1038.24 11426.48 1053.18 11439.84 1026.41 11449.52 1008.04 11468.31 971.12 11482.59 1008.66 11483.01 1017.25 11495.38 1018.26 11493.39 1019.62
9 8373.24 2693.90 8358.66 2655.04 8323.96 2647.17 8327.21 2644.31 8351.10 2622.67 8341.05 2602.94 8357.20 2599.99 8377.66 2571.73 8425.26 2633.98
9 9694.91 9918.04 9658.12 9925.30 9599.07 9926.70 9594.95 9902.92 9617.36 9895.51 9574.43 9847.95 9659.27 9810.99 9651.97 9869.73 9669.06 9880.12
14 7856.89 5643.71 7848.45 5643.47 7852.44 5673.64 7819.64 5654.82 7798.49 5664.78 7798.44 5641.54 7807.68 5636.30 7791.82 5623.10 7810.63 5629.78 7803.85 5600.55 7819.87 5603.34 7821.92 5603.21 7824.07 5615.98 7843.65 5635.58
9 10883.19 1722.41 10890.55 1761.48 10791.33 1754.27 10811.50 1730.78 10834.46 1706.96 10814.42 1664.60 10857.91 1627.06 10906.60 1640.95 10883.78 1711.68
13 424.55 10418.86 397.18 10435.20 371.38 10461.63 355.15 10451.57 363.04 10434.75 318.13 10444.99 341.21 10431.62 372.74 10376.13 376.56 10369.21 374.41 10351.01 403.79 10377.82 413.24 10386.51 431.36 10381.03
15 11840.42 7737.57 11798.42 7803.79 11728.17 7804.13 11708.29 7752.56 11711.62 7706.83 11758.18 7722.43 11733.90 7665.32 11769.00 7708.77 11759.07 7644.81 11765.99 7642.19 11771.91 7662.26 11776.28 7664.53 11783.80 7674.67 11789.85 7690.72 11826.59 7706.00
15 10088.96 10249.54 10039.40 10252.24 10050.95 10270.18 10048.61 10294.73 9981.77 10287.93 9997.26 10271.02 10002.56 10241.45 9996.06 10235.36 9955.91 10227.79 9999.02 10211.28 9995.91 10206.51 10021.06 10214.57 10054.60 10194.35 10058.92 10187.71 10061.66 10225.93
15 4435.48 5586.33 4405.44 5585.08 4433.41 5618.26 4418.66 5613.10 4399.57 5604.29 4396.19 5617.59 4388.24 5638.88 4356.57 5607.22 4362.43 5586.44 4343.77 5583.09 4357.51 5579.09 4345.96 5564.83 4353.97 5552.42 4350.63 5549.01 4389.38 5566.87
6 8254.97 7190.65 8278.34 7198.15 8229.90 7213.74 8123.45 7147.99 8190.54 7155.09 8221.87 7143.74
8 8946.18 7918.44 8875.85 7917.50 8869.45 7953.12 8869.44 7922.06 8836.38 7912.09 8829.65 7882.17 8795.66 7873.92 8905.30 7852.72
5 391.98 4496.11 349.99 4473.67 348.93 4439.53 380.07 4433.98 408.69 4459.06
8 1059.41 9782.48 1031.37 9829.75 1015.58 9794.63 1016.10 9781.90 1015.37 9752.62 1032.89 9746.31 1051.33 9716.51 1067.46 9749.70
7 9121.57 6489.72 9107.71 6513.52 9084.75 6474.69 9077.73 6432.45 9102.35 6459.59 9150.73 6467.52 9152.51 6467.92
5 1392.30 3208.67 1397.83 3217.64 1332.62 3206.89 1306.26 3208.35 1335.39 3170.58
5 7986.31 9136.75 7988.68 9171.16 7943.74 9133.51 7993.15 9099.80 8018.34 9108.16
8 9202.98 11809.60 9170.90 11792.78 9097.85 11790.54 9092.52 11777.27 9135.56 11732.93 9152.62 11765.80 9169.62 11746.10 9169.69 11776.68
8 960.17 3666.66 873.61 3744.93 847.95 3740.99 836.87 3694.43 803.03 3661.39 855.37 3638.33 866.37 3634.30 921.57 3594.45
6 269.69 8812.90 276.12 8809.02 262.06 8783.63 282.34 8790.41 285.95 8793.34 303.07 8802.28
5 3256.11 3354.14 3245.92 3346.97 3224.02 3364.87 3205.52 3314.44 3249.79 3312.75
15 2541.32 652.82 2531.86 660.56 2510.17 679.59 2506.66 717.24 2501.43 686.18 2486.72 666.65 2476.81 670.28 2487.32 659.27 2480.00 661.93 2440.63 646.09 2442.55 615.53 2462.90 612.54 2459.97 607.54 2549.44 584.41 2540.62 634.09
14 4450.30 7652.58 4472.49 7673.06 4469.73 7716.31 4455.73 7703.09 4356.39 7660.70 4369.77 7575.20 4381.60 7588.57 4422.81 7562.40 4417.79 7611.23 4421.79 7605.47 4441.04 7626.15 4437.73 7632.72 4502.51 7620.35 4439.06 7644.53
9 6654.74 1382.87 6649.84 1398.37 6625.03 1387.23 6608.98 1403.47 6621.94 1364.92 6630.81 1338.79 6644.02 1351.62 6635.74 1363.68 6632.19 1378.47
6 3280.53 3447.07 3258.70 3447.60 3191.18 3425.95 3260.81 3399.58 3274.99 3355.69 3309.10 3407.05
13 7155.26 1567.40 7154.28 1585.80 7122.94 1574.64 7102.84 1594.91 7087.50 1601.34 7072.45 1575.28 7086.80 1542.91 7098.16 1517.37 7111.00 1527.19 7135.98 1506.28 7129.76 1541.75 7132.61 1551.16 7150.39 1549.66
8 4001.15 9426.45 3972.40 9378.32 3941.15 9377.84 3988.54 9362.82 3965.92 9354.59 3992.55 9339.37 4056.94 9334.56 4030.05 9354.88
15 12237.69 12431.12 12210.02 12469.48 12203.98 12446.21 12195.76 12472.42 12193.48 12452.30 12192.89 12432.28 12191.51 12433.17 12147.72 12404.25 12163.13 12403.30 12158.30 12398.37 12220.42 12364.16 12220.84 12407.88 12250.20 12389.71 12248.41 12396.19 12217.38 12415.96
11 2625.18 1686.75 2612.57 1695.05 2579.97 1676.14 2574.52 1675.23 2565.64 1676.19 2554.85 1675.56 2578.08 1647.47 2585.98 1657.75 2607.74 1642.26 2603.42 1657.59 2622.97 1653.44
9 5196.65 7952.55 5188.81 7975.22 5167.16 7956.53 5164.41 7981.97 5123.61 7952.57 5128.03 7949.06 5125.58 7920.74 5147.23 7925.62 5160.53 7915.66
13 4830.64 11713.62 4812.42 11758.94 4782.41 11762.69 4756.24 11731.68 4784.14 11716.30 4742.21 11722.21 4725.55 11706.91 4773.89 11684.15 4768.46 11674.59 4787.60 11647.98 4808.42 11688.94 4838.76 11670.98 4876.08 11703.26
7 950.06 3275.09 936.25 3282.34 928.36 3279.01 906.14 3290.03 921.86 3266.49 912.50 3217.34 939.91 3245.33
5 6215.84 9964.27 6153.41 9948.93 6182.40 9913.82 6184.36 9906.68 6186.18 9899.37
10 3880.98 10711.97 3872.55 10714.06 3866.49 10752.63 3860.54 10725.53 3820.62 10719.67 3856.20 10685.41 3854.16 10672.90 3882.27 10679.69 3905.60 10667.64 3917.90 10693.61
15 4543.71 4857.68 4536.25 4843.99 4533.08 4852.68 4527.47 4851.03 4517.08 4870.30 4516.52 4856.99 4513.65 4853.17 4522.50 4837.09 4509.93 4825.78 4496.00 4819.24 4514.68 4815.29 4525.39 4825.17 4526.73 4826.64 4528.78 4823.40 4538.25 4825.14
8 10427.51 11937.89 10420.90 11934.96 10387.90 11933.14 10340.42 11918.85 10382.30 11885.46 10391.84 11852.33 10442.97 11868.47 10499.33 11893.05
9 5448.38 10368.38 5429.31 10388.31 5434.82 10402.03 5398.75 10414.85 5354.11 10385.27 5441.37 10298.55 5440.56 10304.10 5466.74 10322.64 5457.19 10328.63
13 11485.31 6195.20 11495.03 6201.85 11466.52 6201.00 11465.57 6204.61 11444.40 6208.44 11438.67 6205.74 11454.20 6192.77 11439.14 6179.55 11451.74 6173.70 11454.12 6171.20 11461.85 6182.95 11483.66 6166.11 11474.60 6191.79
11 2374.44 2240.47 2371.69 2255.47 2350.29 2237.62 2309.62 2259.22 2302.64 2242.78 2284.93 2247.14 2317.67 2200.04 2355.72 2169.86 2366.94 2214.80 2349.89 2219.20 2385.59 2219.58
8 7243.11 10980.52 7227.80 10986.36 7219.66 10993.05 7189.29 10998.77 7177.91 10986.66 7189.09 10957.08 7207.31 10961.93 7248.23 10966.37
10 12043.67 8633.75 12019.34 8625.58 12022.41 8663.20 12009.09 8634.15 12004.17 8631.61 12003.44 8628.61 12000.91 8599.04 12011.95 8566.14 12012.68 8601.91 12021.55 8597.49
10 10828.99 1400.69 10790.83 1398.46 10795.40 1356.71 10786.28 1345.44 10783.88 1343.71 10734.76 1327.00 10754.85 1322.12 10780.14 1329.73 10822.83 1321.79 10841.29 1331.45
5 7507.31 3353.43 7464.96 3361.85 7453.74 3356.32 7451.47 3319.38 7454.15 3321.60
15 1228.12 9141.91 1214.94 9155.39 1174.89 9154.75 1150.66 9147.07 1152.52 9135.68 1166.51 9126.81 1163.59 9126.97 1154.56 9123.91 1164.92 9102.86 1176.18 9113.50 1172.18 9093.90 1178.25 9090.27 1180.99 9088.34 1190.59 9096.25 1199.41 9100.54
12 5626.74 7517.86 5599.49 7511.24 5592.92 7512.31 5596.65 7520.61 5604.64 7540.26 5545.40 7489.76 5571.45 7476.43 5584.93 7481.10 5585.26 7466.41 5589.92 7482.77 5593.98 7465.50 5602.66 7473.88
12 3219.86 6334.22 3189.04 6394.30 3190.85 6337.76 3167.63 6362.36 3165.80 6359.70 3161.34 6349.20 3157.49 6321.93 3153.27 6312.56 3186.63 6258.51 3220.16 6279.57 3230.49 6261.25 3271.36 6298.20
6 6399.18 6890.31 6363.78 6883.33 6295.83 6896.51 6339.00 6844.40 6398.16 6843.53 6388.85 6868.78
13 4747.57 2797.57 4770.49 2808.32 4744.37 2803.03 4727.93 2803.44 4725.18 2860.61 4687.30 2835.66 4670.03 2806.49 4676.58 2787.66 4677.53 2745.08 4720.51 2753.78 4759.73 2765.98 4759.70 2783.85 4791.90 2783.91
6 856.72 12006.97 885.59 12029.23 784.55 11985.78 837.00 11914.59 885.23 11966.77 878.92 11987.00
11 9553.01 12356.29 9527.26 12339.86 9521.45 12338.00 9499.11 12337.24 9473.15 12354.60 9460.81 12295.66 9504.57 12304.74 9505.59 12298.13 9495.50 12267.42 9534.82 12295.20 9523.32 12309.27
12 2048.27 7762.96 2008.39 7776.87 2001.46 7787.68 1968.69 7772.75 1965.66 7764.57 1935.77 7725.00 1961.20 7713.40 1988.84 7700.04 2016.14 7713.94 2035.64 7673.61 2048.00 7680.45 2065.45 7746.69
12 4202.45 4923.39 4166.63 4924.72 4168.07 4929.70 4165.13 4923.98 4128.31 4911.62 4122.71 4885.82 4102.22 4877.32 4125.79 4878.90 4141.33 4870.58 4179.23 4826.00 4178.53 4836.82 4172.23 4857.59
5 3491.90 7937.99 3447.33 7968.20 3346.49 7924.04 3400.48 7897.83 3407.58 7830.93
9 4634.12 4744.38 4631.88 4747.99 4621.63 4761.81 4599.04 4762.01 4591.30 4747.95 4594.90 4742.02 4628.48 4687.09 4627.63 4708.42 4646.22 4715.45
6 246.70 2117.11 163.51 2117.30 180.81 2076.11 175.90 2049.12 238.38 2031.93 264.86 2062.53
8 2820.91 8079.51 2805.47 8085.64 2768.12 8051.54 2823.54 8043.26 2846.91 8011.14 2856.05 8051.35 2841.65 8058.23 2840.59 8060.63
14 10248.16 5849.34 10227.69 5857.31 10240.27 5904.71 10177.69 5837.09 10157.67 5822.21 10172.30 5816.49 10168.20 5811.48 10168.32 5799.88 10190.53 5803.10 10202.79 5817.32 10215.55 5818.81 10224.29 5797.54 10231.11 5834.54 10268.43 5818.42
9 6051.49 1850.21 6080.39 1880.88 6037.16 1891.05 6022.86 1909.66 5990.07 1920.25 5957.60 1883.61 5946.05 1857.35 5936.72 1857.29 5994.41 1839.81
5 7305.05 7038.88 7286.25 7023.87 7297.08 7018.21 7346.64 6985.89 7343.21 7007.69
10 11120.65 12304.64 11112.52 12285.79 11099.53 12309.40 11075.98 12301.97 11071.68 12275.97 11094.13 12266.06 11098.95 12224.81 11128.09 12239.44 11137.66 12257.35 11151.44 12261.12
13 7887.83 7264.38 7881.73 7265.93 7901.54 7272.05 7862.15 7297.57 7851.25 7288.75 7857.55 7346.30 7806.75 7317.90 7803.07 7310.39 7811.44 7276.29 7784.63 7229.17 7805.02 7239.53 7848.24 7182.27 7872.09 7193.39
13 6168.84 12054.40 6147.84 12013.56 6120.05 12031.46 6130.56 12015.72 6120.13 12013.07 6120.37 12010.47 6105.33 11975.42 6119.86 11967.58 6139.47 11952.69 6143.32 11925.38 6153.32 11916.93 6173.64 11928.27 6170.95 11974.21
5 12325.16 2777.52 12301.04 2779.41 12290.64 2835.78 12280.18 2796.83 12261.38 2743.59
5 4452.86 3646.04 4411.64 3624.52 4388.52 3620.00 4409.62 3612.09 4402.49 3577.41
14 4255.72 11692.45 4203.04 11691.82 4201.70 11728.44 4190.62 11691.08 4168.76 11682.83 4138.31 11674.33 4174.10 11634.31 4155.86 11609.15 4185.09 11594.71 4190.68 11612.67 4190.85 11604.72 4218.21 11643.30 4224.30 11659.21 4255.84 11660.60
6 10082.73 6047.81 10014.73 6034.68 10006.86 6028.32 10036.87 6019.62 10028.89 5999.48 10060.87 6014.44
8 8315.68 7755.39 8240.88 7755.66 8250.64 7731.71 8214.10 7711.45 8247.42 7697.34 8248.12 7678.29 8285.46 7690.94 8322.99 7699.35
11 7043.67 4423.62 7060.38 4438.83 7024.71 4439.05 7013.74 4479.26 7013.14 4439.94 7009.33 4450.77 6992.54 4462.23 6988.49 4458.33 7018.21 4407.83 7056.13 4412.49 7050.89 4419.71
6 11149.92 11831.07 11112.93 11821.34 11132.63 11724.25 11143.74 11750.22 11194.81 11769.81 11163.41 11806.18
12 6132.59 1573.68 6158.74 1577.50 6111.38 1594.71 6075.75 1620.78 6076.50 1569.71 6078.75 1546.89 6098.33 1534.11 6107.79 1550.31 6095.47 1509.79 6135.03 1549.81 6138.23 1557.90 6153.00 1561.53
11 8923.51 3366.65 8927.16 3387.55 8936.15 3396.04 8911.18 3386.72 8918.33 3434.92 8901.73 3420.62 8864.02 3389.29 8874.48 3368.58 8848.91 3359.08 8871.43 3319.31 8909.95 3317.11
12 2826.59 9463.31 2788.41 9466.67 2831.75 9485.21 2820.77 9487.65 2816.87 9488.95 2730.49 9469.26 2705.43 9412.53 2715.81 9401.87 2738.56 9424.02 2774.18 9404.90 2784.22 9431.75 2794.43 9435.46
5 2229.56 9779.80 2219.82 9797.42 2196.93 9756.48 2191.16 9774.04 2152.83 9692.14
10 11267.70 4877.07 11233.86 4878.43 11232.46 4865.09 11224.37 4886.61 11179.43 4792.56 11203.38 4800.82 11209.26 4767.99 11222.33 4787.54 11243.90 4797.74 11267.48 4802.18
13 6387.68 5427.12 6382.88 5432.54 6382.22 5439.53 6376.89 5406.90 6356.61 5413.03 6354.81 5405.19 6363.53 5391.23 6346.20 5367.49 6346.90 5367.63 6374.38 5379.58 6391.73 5382.91 6397.20 5383.11 6412.25 5384.51
12 8337.86 9580.19 8293.23 9598.49 8311.60 9632.12 8233.60 9602.13 8223.52 9579.05 8244.65 9559.83 8207.07 9551.03 8244.01 9557.99 8238.91 9525.22 8258.04 9544.01 8274.19 9521.21 8301.33 9530.63
5 7856.28 8486.12 7853.55 8471.84 7851.09 8421.42 7889.57 8425.77 7909.21 8433.94
13 5391.40 6921.43 5396.06 6934.77 5377.13 6982.72 5356.30 6977.55 5345.48 6974.10 5342.37 6975.42 5336.27 6973.85 5327.55 6965.01 5318.94 6943.59 5331.75 6921.74 5344.57 6896.27 5358.78 6892.38 5366.21 6856.54
14 385.44 8842.66 376.71 8865.10 363.60 8859.70 367.61 8869.34 349.61 8860.29 339.78 8851.14 314.29 8837.58 311.01 8832.11 330.24 8825.81 343.23 8819.86 342.12 8796.17 353.48 8782.02 358.01 8822.59 380.90 8827.47
15 9791.34 2749.56 9784.52 2753.11 9735.82 2768.85 9719.39 2742.77 9725.64 2735.55 9714.78 2705.20 9747.57 2727.68 9711.09 2680.53 9727.18 2676.95 9751.08 2705.38 9752.37 2692.43 9757.88 2720.17 9762.61 2690.27 9790.94 2677.51 9801.26 2695.92
6 2473.87 10547.20 2456.53 10535.62 2463.96 10554.94 2420.29 10511.77 2420.83 10496.32 2468.41 10512.44
5 2591.72 351.15 2532.56 354.34 2554.73 342.83 2512.26 305.80 2578.15 276.21
9 294.82 6849.08 291.26 6856.20 303.04 6898.15 250.23 6898.41 231.61 6906.95 219.31 6811.72 204.40 6793.38 272.49 6799.30 282.07 6795.42
14 12432.77 8974.57 12446.76 8987.63 12415.15 8991.35 12407.66 8998.49 12375.64 9008.89 12364.11 9014.65 12369.03 8991.21 12369.50 8978.08 12362.68 8971.82 12349.94 8973.97 12360.82 8914.80 12370.30 8919.89 12396.79 8936.04 12398.56 8947.96
7 1970.85 7406.69 1909.16 7383.92 1873.48 7417.96 1868.48 7273.13 1937.61 7280.15 1958.39 7294.55 2015.00 7336.68
10 4640.02 8679.13 4624.51 8680.88 4640.11 8697.73 4612.39 8700.77 4531.71 8673.40 4558.96 8675.42 4534.29 8625.90 4586.69 8637.67 4597.55 8621.38 4595.99 8644.10
7 5211.61 5761.94 5173.29 5717.83 5203.65 5701.18 5167.24 5682.91 5182.35 5675.72 5211.29 5661.74 5234.44 5684.04
13 10922.85 1314.29 10913.19 1326.31 10908.13 1337.68 10895.62 1338.88 10893.00 1325.59 10859.26 1353.35 10854.02 1317.61 10872.32 1283.01 10903.59 1265.27 10952.58 1274.21 10940.45 1297.95 10955.28 1294.04 10956.17 1307.01
11 11727.94 10347.76 11664.73 10397.64 11643.03 10381.75 11611.06 10372.41 11656.90 10330.84 11631.46 10317.15 11658.35 10312.15 11638.39 10278.24 11696.07 10309.50 11706.75 10329.04 11738.41 10326.30
13 10830.33 10959.12 10829.66 10970.16 10788.86 10992.54 10680.66 11004.74 10665.81 10987.65 10664.71 10965.90 10657.39 10929.80 10679.88 10882.87 10694.83 10854.85 10738.70 10854.46 10774.59 10903.54 10770.74 10917.45 10760.57 10931.31
15 5184.65 2772.84 5233.77 2778.05 5175.00 2777.73 5217.06 2822.31 5195.99 2821.29 5151.57 2807.15 5127.86 2860.47 5124.13 2819.30 5062.66 2789.84 5066.47 2754.14 5164.21 2744.10 5219.68 2714.06 5206.72 2746.02 5217.02 2754.83 5234.98 2757.15
14 5283.61 4055.72 5278.71 4054.19 5248.35 4041.07 5249.64 4040.21 5243.79 4040.32 5220.80 4020.26 5220.04 4011.35 5214.51 4000.52 5254.68 4021.18 5231.82 3997.47 5251.86 3996.26 5267.44 4014.72 5276.79 3992.39 5313.87 4007.53
13 11221.53 10290.70 11189.91 10292.97 11194.69 10277.83 11172.82 10291.71 11180.53 10281.23 11171.95 10269.44 11180.86 10265.79 11183.22 10235.53 11201.61 10245.57 11204.33 10239.36 11216.56 10240.12 11217.97 10249.46 11222.25 10254.87
6 5956.94 4028.70 5926.93 4041.55 5901.20 4024.12 5953.71 3938.01 5972.41 3970.87 5978.53 3994.95
13 8135.51 1210.87 8130.32 1214.40 8106.03 1208.69 8103.25 1216.47 8103.80 1229.22 8099.80 1225.81 8088.42 1227.17 8089.61 1203.28 8081.54 1219.11 8075.55 1217.93 8055.78 1197.99 8053.26 1188.49 8130.65 1158.21
5 2614.38 6289.08 2601.57 6194.46 2610.49 6206.90 2613.75 6196.98 2667.63 6251.30
6 212.55 294.84 173.06 316.53 179.03 351.83 128.06 300.64 135.05 282.35 150.39 255.24
7 1196.47 10358.88 1179.87 10348.64 1137.75 10328.18 1142.73 10307.85 1187.17 10290.27 1193.12 10257.27 1225.44 10308.25
7 8083.25 6409.87 8069.09 6428.69 8055.23 6436.37 8050.50 6426.98 8058.67 6413.31 8053.13 6415.94 8061.68 6409.16
6 5785.04 9641.87 5786.35 9636.69 5784.42 9636.06 5810.88 9616.78 5813.96 9609.88 5878.57 9594.10
11 4023.70 8902.27 4019.19 8909.78 4011.93 8902.15 3972.92 8913.46 3968.98 8897.81 3952.78 8883.73 3959.48 8881.69 4023.95 8844.53 4018.48 8860.23 4026.15 8868.35 4028.45 8871.32
10 10918.09 9266.74 10916.81 9314.25 10888.00 9286.52 10878.53 9289.18 10874.79 9275.63 10851.49 9260.83 10880.72 9237.17 10879.62 9227.32 10915.07 9258.91 10918.38 9262.38
8 1509.04 4460.26 1501.53 4438.49 1487.74 4447.44 1451.80 4453.40 1455.23 4428.33 1474.63 4370.84 1486.30 4368.35 1498.13 4382.09
11 9180.31 10181.05 9211.35 10197.33 9177.00 10205.38 9144.77 10209.47 9125.36 10218.46 9137.08 10199.74 9152.81 10184.50 9131.99 10190.04 9148.71 10167.77 9140.68 10152.91 9189.80 10140.26
7 6832.57 10997.49 6800.37 11049.54 6728.92 11033.45 6713.87 10970.78 6710.40 10956.90 6763.06 10934.93 6798.84 10943.44
15 8358.57 6937.20 8316.08 6925.87 8302.85 6945.44 8273.90 6971.93 8210.52 6919.01 8253.31 6897.16 8275.06 6903.09 8249.48 6879.26 8236.34 6866.56 8261.38 6863.94 8274.90 6871.30 8274.61 6870.68 8317.64 6868.38 8320.43 6872.50 8387.76 6902.64
14 11526.26 721.37 11516.91 753.46 11496.23 768.84 11468.59 723.70 11420.92 750.19 11441.00 723.41 11407.10 718.22 11449.28 706.39 11429.12 667.39 11444.61 660.19 11469.98 666.79 11507.96 619.14 11498.58 675.11 11496.18 681.89
12 11594.19 12456.94 11511.16 12472.69 11479.68 12478.92 11470.72 12429.20 11484.88 12424.97 11496.89 12425.21 11518.00 12421.76 11530.56 12416.20 11533.79 12391.18 11596.60 12398.52 11565.03 12423.54 11612.79 12414.76
9 8767.15 6573.42 8744.42 6563.33 8724.11 6560.89 8717.07 6580.92 8720.45 6615.07 8696.13 6572.12 8679.17 6504.10 8697.30 6486.98 8757.51 6537.43
15 10739.49 11105.63 10739.71 11107.11 10787.49 11144.95 10745.92 11125.21 10737.42 11127.64 10730.29 11115.45 10654.75 11107.67 10691.68 11078.02 10664.54 11034.28 10678.91 11033.75 10702.04 11046.74 10697.33 11021.93 10743.26 11075.16 10798.40 11079.43 10805.66 11092.56
13 9981.18 12259.39 9964.21 12269.75 9953.05 12265.34 9931.03 12278.06 9919.34 12270.28 9931.75 12257.81 9926.67 12258.03 9911.11 12248.73 9929.14 12249.31 9926.44 12226.92 9953.24 12227.36 9951.03 12232.83 9980.19 12235.04
12 5683.88 852.37 5640.32 821.62 5639.20 821.58 5638.31 797.53 5631.62 764.66 5655.26 787.83 5663.26 777.73 5677.94 776.62 5692.24 772.31 5684.40 785.81 5684.67 794.72 5677.32 798.69
13 4862.43 5702.86 4871.09 5705.95 4855.00 5745.89 4845.34 5725.29 4844.32 5731.50 4823.41 5716.06 4791.37 5724.62 4794.83 5682.30 4825.88 5647.56 4863.57 5651.71 4869.62 5679.21 4883.17 5680.87 4864.74 5689.35
11 12031.81 8237.50 12020.37 8240.41 12011.12 8247.71 12010.31 8241.56 12008.26 8242.74 12003.25 8234.02 12000.82 8221.05 12017.21 8216.14 12013.31 8205.60 12032.19 8198.25 12058.58 8217.65
12 7648.20 7640.37 7613.04 7629.41 7576.38 7661.46 7584.81 7636.69 7562.46 7628.52 7585.83 7621.25 7558.56 7601.35 7568.42 7597.81 7561.77 7570.45 7615.39 7584.64 7626.47 7563.57 7635.29 7603.94
13 10511.10 6931.58 10519.62 6944.18 10480.85 6952.24 10471.00 6948.02 10470.83 6941.35 10453.59 6951.25 10428.52 6894.50 10455.29 6895.58 10466.04 6887.78 10474.06 6876.68 10536.68 6859.74 10523.83 6894.50 10556.94 6896.91
7 2568.54 6872.22 2557.26 6893.25 2550.04 6896.15 2529.48 6891.21 2560.11 6851.14 2573.11 6850.47 2571.16 6860.55
15 11449.87 11380.17 11461.26 11390.34 11400.13 11417.89 11349.17 11400.40 11358.73 11391.16 11352.78 11384.65 11337.47 11379.40 11314.35 11363.05 11340.86 11353.40 11361.10 11351.48 11352.82 11303.44 11417.55 11324.44 11418.23 11339.36 11440.14 11352.48 11450.30 11349.02
11 3765.01 2220.65 3788.17 2245.95 3740.58 2248.08 3725.59 2240.33 3725.28 2241.26 3694.71 2271.33 3650.59 2264.45 3725.91 2154.70 3737.90 2123.81 3758.80 2184.52 3785.42 2176.76
12 8424.86 298.21 8378.50 320.48 8376.50 312.36 8367.51 318.46 8363.91 292.68 8355.07 281.99 8349.39 272.63 8358.86 262.09 8369.06 235.29 8387.02 259.43 8395.51 264.22 8407.34 268.56
14 904.77 4261.60 893.14 4284.10 891.77 4247.53 892.22 4235.06 864.67 4214.02 883.35 4208.19 900.97 4199.96 903.48 4229.48 914.38 4215.83 908.22 4230.43 921.40 4203.93 910.77 4231.83 933.79 4230.05 933.87 4231.09
13 2009.30 8818.61 1981.50 8820.77 1980.33 8828.59 1953.37 8861.70 1939.86 8869.62 1951.01 8828.56 1896.45 8832.03 1909.96 8812.96 1895.16 8809.93 1925.47 8805.78 1963.63 8772.15 1968.25 8780.63 1990.16 8769.48
7 6200.19 3180.08 6203.80 3188.08 6196.96 3179.07 6198.71 3182.98 6181.97 3168.40 6157.88 3158.88 6199.00 3162.10
9 10158.85 4361.99 10111.16 4388.61 10019.16 4355.57 9993.93 4314.61 10058.13 4342.43 10057.48 4340.22 10068.88 4330.59 10080.76 4324.61 10116.57 4276.15
6 8865.90 5855.17 8783.63 5784.91 8870.32 5767.18 8882.49 5751.27 8920.56 5736.50 8958.73 5769.29
11 12095.51 9634.56 12095.68 9642.96 12089.60 9637.72 12079.91 9655.32 12077.62 9642.08 12047.42 9648.11 12058.59 9638.61 12044.53 9622.04 12074.50 9607.92 12083.40 9616.84 12088.93 9620.01
5 424.10 2493.75 344.24 2498.69 373.95 2470.72 419.23 2423.07 440.48 2437.06
12 10814.85 974.60 10809.44 970.25 10821.49 1001.05 10806.81 996.28 10796.05 972.97 10766.40 998.52 10779.05 982.36 10786.82 971.40 10774.73 970.83 10780.72 957.35 10768.75 927.80 10791.70 940.84
8 8378.61 2360.04 8382.47 2363.00 8359.03 2375.86 8356.25 2368.68 8335.92 2349.25 8329.79 2314.56 8362.95 2312.34 8377.05 2319.93
5 6241.04 12513.72 6199.40 12490.16 6201.00 12467.68 6224.97 12430.60 6306.64 12483.10
11 4779.08 7047.76 4765.80 7046.13 4739.50 7058.97 4710.97 7041.99 4730.28 7016.14 4740.69 7026.51 4743.34 7027.65 4760.63 7023.33 4776.72 7021.01 4764.76 7032.61 4792.17 7016.66
5 10510.93 12266.44 10515.29 12275.43 10465.86 12245.27 10483.51 12193.20 10540.15 12250.09
13 6971.80 4758.38 6966.48 4821.95 6941.17 4797.76 6884.49 4782.16 6905.41 4756.74 6902.74 4725.57 6946.75 4657.60 6952.57 4667.07 6965.67 4693.06 6988.34 4654.71 6987.10 4704.36 7000.39 4702.40 7038.21 4731.93
7 6525.28 1212.38 6495.31 1198.08 6479.90 1242.68 6439.69 1194.41 6461.86 1188.80 6468.68 1129.44 6495.41 1166.95
15 6375.04 6430.47 6380.09 6455.90 6374.00 6463.13 6351.85 6448.53 6347.94 6431.12 6339.25 6424.45 6327.66 6405.67 6356.34 6414.81 6358.05 6415.73 6354.45 6405.44 6375.48 6393.59 6370.84 6408.52 6381.63 6405.06 6391.50 6418.04 6406.48 6416.10
13 3134.14 4969.78 3159.87 4976.32 3148.69 4995.63 3105.43 4997.69 3078.33 4987.22 3086.77 4938.19 3099.38 4935.58 3106.85 4943.59 3115.92 4922.20 3137.61 4933.69 3124.33 4957.40 3136.96 4949.37 3132.99 4960.16
12 7976.95 8087.70 7940.28 8059.49 7928.83 8082.50 7908.51 8060.26 7885.59 8071.69 7881.48 8064.71 7904.36 8032.84 7931.34 8016.90 7935.22 8009.66 7942.76 7983.51 7973.75 8008.38 7984.09 8011.72
10 6097.51 9176.26 6050.38 9186.32 6049.27 9187.47 6048.36 9183.17 6027.94 9187.10 6012.52 9180.80 6045.68 9122.89 6062.16 9145.25 6062.90 9147.19 6074.99 9154.51
14 9004.72 1634.17 8969.12 1623.42 8954.30 1624.79 8926.20 1626.44 8893.29 1645.35 8892.28 1582.19 8913.93 1564.78 8914.45 1540.67 8938.54 1558.27 8943.93 1530.83 8950.98 1525.47 8991.44 1538.67 9001.71 1583.10 9002.03 1587.68
9 9827.53 8744.86 9798.66 8726.12 9764.99 8746.07 9768.43 8715.58 9736.14 8720.03 9808.85 8631.05 9801.39 8672.15 9809.08 8660.65 9829.68 8640.40
14 1569.38 2391.03 1567.20 2402.36 1533.08 2389.15 1521.52 2409.46 1517.30 2392.44 1518.58 2380.10 1506.44 2383.66 1521.86 2367.13 1526.06 2363.59 1525.78 2341.65 1529.77 2343.22 1533.27 2342.91 1537.06 2354.61 1538.54 2341.75
12 6358.57 9013.24 6397.91 9035.12 6387.35 9038.71 6394.12 9053.72 6381.74 9075.31 6380.96 9088.18 6370.75 9092.12 6320.17 9038.39 6254.35 9015.17 6278.80 9009.62 6236.59 9004.90 6249.26 8972.25
10 2671.11 8047.00 2622.76 8074.03 2611.13 8057.45 2608.74 8045.61 2613.56 8039.49 2617.25 8030.60 2608.87 7994.80 2631.28 7995.82 2637.96 7986.65 2673.06 7998.14
12 11985.71 12176.47 11987.04 12214.06 11949.87 12191.70 11945.01 12208.73 11943.71 12202.10 11945.00 12215.91 11881.06 12157.76 11864.65 12150.69 11876.13 12145.93 11922.47 12152.55 11903.21 12110.85 11917.14 12132.06
6 8739.40 2791.13 8626.32 2771.19 8644.53 2758.09 8642.33 2742.28 8677.02 2732.83 8711.23 2747.83
12 8019.31 10590.27 7985.96 10591.66 7993.02 10628.74 7984.27 10632.50 7972.44 10588.89 7903.48 10523.94 7938.40 10498.20 7975.93 10488.08 7986.91 10538.86 8014.29 10500.63 8030.05 10558.97 8003.10 10564.16
10 1109.84 1351.19 1108.38 1363.59 1094.74 1386.61 1074.57 1378.77 1057.04 1396.08 1056.94 1356.15 1056.93 1346.77 1043.17 1348.96 1097.97 1319.59 1118.42 1339.22
6 2374.36 1830.71 2300.84 1872.26 2300.51 1827.11 2309.30 1818.23 2319.61 1814.39 2364.86 1767.97
5 8509.73 9385.48 8518.56 9403.77 8471.00 9388.47 8461.20 9392.15 8453.41 9335.49
10 5829.57 11413.00 5822.62 11411.55 5835.82 11418.79 5830.72 11419.77 5826.59 11427.75 5797.63 11426.93 5775.17 11413.26 5790.31 11400.05 5777.85 11367.15 5811.66 11373.88
12 3977.02 1364.92 3968.31 1380.66 3967.91 1386.99 3923.69 1306.06 3936.13 1295.30 3949.56 1322.56 3956.48 1324.58 3977.15 1305.95 3965.75 1328.45 3971.19 1331.54 3978.16 1334.15 3987.91 1339.05
13 2511.70 1053.49 2528.40 1060.16 2491.83 1075.86 2470.20 1081.89 2470.56 1076.59 2454.47 1080.56 2423.01 1054.21 2431.19 1052.35 2461.26 1037.30 2446.61 1031.21 2441.31 1005.41 2483.32 1024.19 2493.86 1020.32
10 10915.22 8464.24 10903.51 8462.08 10886.37 8456.96 10853.43 8493.03 10815.55 8458.73 10804.60 8439.95 10825.78 8409.60 10861.09 8424.22 10863.15 8409.96 10877.75 8437.58
15 4952.59 4180.24 4920.94 4176.58 4927.95 4185.41 4925.91 4192.80 4887.69 4185.70 4874.34 4189.67 4886.27 4174.86 4884.90 4169.48 4889.11 4167.05 4888.80 4152.38 4881.82 4145.65 4890.42 4140.87 4915.03 4137.47 4916.59 4138.65 4922.26 4151.20
13 1261.55 5303.22 1250.93 5309.27 1219.33 5314.67 1236.24 5355.90 1142.31 5340.77 1146.87 5326.39 1166.99 5309.57 1103.78 5290.28 1130.37 5281.21 1162.93 5290.72 1118.42 5252.33 1134.89 5238.88 1216.95 5296.15
14 7905.61 3588.11 7912.79 3595.36 7903.94 3595.11 7894.08 3596.55 7896.92 3612.74 7884.07 3616.47 7868.09 3604.46 7870.55 3601.38 7881.31 3580.92 7879.50 3569.27 7885.39 3545.21 7892.40 3560.31 7908.15 3546.40 7899.65 3569.34
5 3676.54 11577.81 3676.95 11586.32 3623.71 11566.55 3684.26 11560.01 3682.17 11564.08
15 2937.61 8837.25 2921.55 8852.77 2915.94 8847.93 2911.50 8848.34 2899.90 8865.06 2891.88 8866.51 2881.17 8840.28 2897.18 8836.36 2907.47 8826.38 2909.47 8815.42 2907.19 8800.57 2913.07 8803.34 2917.61 8824.28 2932.68 8819.81 2933.67 8835.11
7 428.97 6281.94 426.09 6215.65 381.04 6260.47 350.78 6216.66 359.07 6201.44 362.46 6171.31 435.42 6116.48
6 8006.03 8160.67 8017.62 8168.72 7956.10 8193.27 7939.11 8137.38 7971.03 8135.27 8011.08 8149.96
10 929.52 5245.66 860.27 5244.70 856.82 5222.71 864.47 5207.49 869.09 5203.00 895.03 5212.62 879.46 5192.05 897.87 5209.05 906.79 5192.77 954.84 5212.71
9 380.21 11335.33 351.15 11375.66 350.32 11330.10 334.21 11321.03 342.44 11320.98 317.76 11308.46 364.86 11313.70 379.81 11286.98 394.06 11320.96
5 10382.24 1014.19 10341.02 1005.27 10323.16 1003.72 10325.87 975.72 10455.34 980.12
5 10541.20 8133.93 10541.74 8160.50 10505.05 8137.53 10479.06 8103.23 10525.20 8103.28
13 3849.51 527.18 3815.81 548.15 3815.02 557.99 3779.16 563.55 3779.08 552.99 3770.46 540.34 3781.62 530.22 3780.08 515.41 3796.90 515.02 3805.85 500.79 3821.31 501.04 3814.59 518.40 3830.37 524.86
11 4566.99 5710.74 4538.44 5705.20 4542.77 5715.24 4530.06 5724.16 4510.27 5733.54 4480.83 5702.05 4473.54 5659.98 4476.13 5660.14 4506.42 5668.90 4519.98 5670.43 4537.74 5644.45
9 3037.06 3028.12 3055.17 3051.11 3029.86 3030.44 3028.94 3030.54 3019.08 3038.26 3019.74 2982.41 3027.56 2983.37 3034.66 2988.03 3047.61 3015.53
10 5960.16 11278.71 5969.13 11289.13 5978.79 11302.13 5901.36 11247.56 5939.95 11245.95 5928.05 11211.54 5935.99 11210.14 5952.58 11244.32 5993.82 11230.98 5980.38 11261.89
15 8269.41 8336.37 8245.03 8350.92 8243.44 8375.49 8237.80 8384.03 8217.64 8328.59 8215.45 8395.54 8214.00 8381.42 8211.15 8340.53 8186.95 8323.24 8147.05 8330.65 8161.34 8294.31 8168.16 8278.43 8172.23 8277.60 8179.36 8237.37 8220.41 8221.63
11 4219.45 3314.87 4179.72 3326.56 4172.06 3350.58 4157.41 3319.86 4133.71 3297.25 4157.06 3279.90 4159.34 3261.14 4168.00 3277.64 4187.47 3293.68 4200.39 3286.02 4196.09 3294.53
13 9166.19 6357.30 9180.17 6380.16 9179.59 6388.21 9166.50 6392.34 9158.78 6364.35 9141.90 6364.94 9128.21 6358.04 9130.09 6342.13 9143.88 6341.27 9143.12 6308.69 9150.35 6313.73 9156.43 6339.37 9175.27 6327.96
11 12617.88 5167.38 12627.65 5179.82 12626.13 5179.66 12623.48 5214.91 12605.13 5187.39 12581.23 5153.33 12594.28 5121.21 12612.17 5148.98 12621.90 5146.08 12654.05 5146.59 12638.19 5160.29
15 3066.58 11900.14 3056.56 11933.63 3049.94 11948.74 2974.57 11966.98 2973.38 11920.13 2937.56 11952.45 2937.49 11929.60 2969.82 11898.54 2955.83 11880.55 2937.19 11864.14 2952.51 11861.81 2957.96 11835.75 3001.16 11880.27 3021.78 11860.61 3027.41 11878.48
5 8584.14 11237.76 8544.18 11215.25 8545.90 11205.43 8532.47 11199.65 8608.73 11162.45
7 8087.82 7552.33 8100.69 7580.90 8108.43 7594.83 8081.48 7562.94 8028.11 7577.46 8041.65 7531.27 8082.23 7522.24
15 3732.63 11130.47 3675.52 11176.12 3668.28 11164.45 3638.42 11158.89 3647.78 11123.87 3668.56 11084.29 3679.88 11099.51 3679.51 11077.50 3707.46 11068.81 3714.45 11082.37 3693.52 11113.24 3720.32 11087.92 3726.15 11110.04 3726.38 11110.56 3744.51 11120.61
15 6187.62 11638.44 6161.18 11621.15 6132.18 11601.27 6123.54 11604.41 6092.62 11580.38 6121.35 11585.35 6110.84 11582.20 6125.08 11584.17 6116.02 11544.93 6137.00 11527.05 6172.71 11568.24 6198.01 11548.17 6189.45 11578.64 6198.74 11579.70 6205.90 11589.20
11 8113.29 9641.60 7987.97 9617.89 8006.21 9612.13 8016.58 9596.97 7996.73 9582.41 7985.89 9575.26 8020.21 9574.58 8042.58 9561.25 8060.04 9591.66 8068.35 9598.89 8103.34 9598.64
15 5429.99 11651.26 5338.64 11664.58 5344.63 11641.18 5314.14 11657.97 5310.08 11624.33 5306.46 11600.55 5323.26 11603.18 5348.61 11552.70 5373.60 11599.49 5378.10 11567.60 5381.14 11562.36 5382.72 11587.09 5391.82 11554.98 5395.32 11564.67 5404.11 11609.10
7 4673.62 12272.29 4687.22 12289.58 4656.98 12294.12 4609.15 12287.69 4658.94 12218.58 4657.01 12243.84 4657.68 12252.85
13 7654.89 12275.39 7617.52 12268.03 7627.25 12278.90 7636.50 12289.18 7613.30 12299.90 7582.69 12275.32 7547.45 12296.54 7562.03 12258.21 7568.69 12256.56 7554.66 12174.17 7579.44 12193.53 7622.94 12222.84 7605.33 12241.35
13 6063.43 9680.22 6012.29 9687.83 6006.31 9723.85 5944.67 9684.38 5969.34 9677.02 5933.16 9649.39 5930.17 9635.73 5995.41 9646.93 6007.65 9657.80 6042.17 9627.80 6033.87 9651.94 6017.84 9665.66 6063.50 9651.62
10 3951.83 5847.71 3936.78 5869.13 3931.30 5852.73 3933.37 5842.25 3930.20 5834.89 3930.49 5832.76 3928.25 5831.49 3933.27 5829.72 3943.87 5785.07 3977.67 5823.64
5 6538.23 11517.43 6507.82 11524.43 6432.94 11407.88 6463.84 11396.03 6516.79 11444.83
12 953.39 9211.14 914.61 9212.80 909.52 9235.39 929.46 9261.81 876.03 9216.83 822.12 9240.67 831.15 9178.87 840.72 9167.81 819.88 9136.46 868.56 9177.04 915.85 9159.28 917.71 9194.00
7 5552.41 6799.17 5519.99 6794.58 5519.96 6792.99 5501.14 6776.58 5511.45 6778.04 5486.71 6765.82 5509.04 6767.55
15 7025.88 1117.54 6993.79 1121.83 7021.62 1158.97 6960.10 1120.66 6952.48 1111.90 6936.33 1103.55 6971.48 1064.19 6976.04 1079.19 6976.38 1076.24 7006.49 1079.23 7042.97 1069.20 7038.38 1074.37 7001.66 1096.07 7022.71 1090.67 6993.12 1102.36
11 12197.70 12564.36 12166.95 12616.04 12160.14 12574.38 12130.99 12524.77 12139.77 12508.39 12173.17 12524.71 12182.91 12528.99 12194.82 12532.25 12217.99 12536.09 12223.90 12536.93 12192.54 12553.25
15 8022.79 6984.68 7979.64 6975.20 7968.86 6973.61 8000.87 6992.45 7967.62 6994.97 7937.65 7015.40 7889.71 7022.07 7901.14 6988.04 7863.60 6974.88 7878.67 6967.51 7913.66 6958.62 7947.32 6915.94 7954.14 6942.41 7973.83 6898.25 8006.14 6955.87
15 1012.58 197.19 1022.83 208.84 996.63 209.34 989.69 205.70 972.99 220.40 963.79 191.17 989.09 191.71 969.97 183.20 977.29 182.17 996.27 168.71 998.74 173.18 1001.95 175.35 1010.73 165.41 1008.70 176.36 1018.51 161.85
15 11755.20 6400.07 11775.51 6422.57 11759.21 6431.53 11719.93 6432.99 11727.29 6411.09 11703.62 6412.19 11707.07 6403.55 11713.13 6397.39 11721.77 6389.21 11709.32 6374.52 11745.16 6387.50 11763.04 6374.92 11782.55 6369.36 11759.17 6388.31 11773.59 6381.59
14 9452.63 10747.07 9443.65 10730.48 9425.72 10750.91 9422.05 10745.07 9420.20 10746.41 9414.71 10726.86 9423.30 10711.67 9406.46 10709.15 9406.10 10682.23 9429.51 10681.41 9463.51 10673.68 9466.18 10704.23 9455.81 10708.50 9484.03 10709.83
8 2432.08 9129.78 2389.70 9108.43 2387.92 9061.43 2387.61 9057.78 2387.46 9048.11 2402.56 9057.91 2451.67 9030.08 2481.75 9040.71
14 11799.95 11517.83 11824.08 11573.69 11784.04 11565.31 11758.38 11595.13 11766.92 11535.19 11717.28 11523.39 11737.59 11451.59 11772.98 11486.93 11773.36 11477.35 11774.68 11431.72 11821.09 11438.18 11813.12 11496.63 11803.40 11504.59 11849.39 11506.48
9 4389.44 5405.18 4392.55 5429.91 4376.31 5415.11 4339.12 5441.73 4325.10 5433.15 4351.93 5403.01 4353.46 5385.99 4346.80 5377.67 4366.06 5388.77
12 3001.04 12435.71 2981.68 12441.24 3010.40 12482.18 2975.54 12517.37 2940.51 12442.83 2907.60 12449.43 2901.02 12417.87 2939.60 12410.74 2941.61 12402.44 2938.48 12399.19 2923.34 12359.46 2997.04 12375.62
14 5859.68 828.85 5819.76 831.31 5825.47 845.82 5823.20 865.01 5823.93 868.68 5786.56 871.78 5796.28 840.70 5791.17 847.05 5777.59 858.60 5775.51 829.76 5797.47 802.73 5823.19 803.56 5832.05 798.51 5834.80 799.64
10 3104.10 6923.81 3097.50 6938.27 3041.45 6970.10 3037.09 6958.06 3001.58 6925.74 3021.43 6870.54 3043.97 6898.55 3049.10 6900.73 3084.91 6884.31 3063.03 6915.92
10 4959.22 11614.59 4957.21 11619.05 4890.80 11589.74 4852.88 11585.77 4870.71 11568.91 4874.13 11565.02 4895.61 11565.93 4907.85 11566.76 4896.28 11517.47 4941.73 11520.15
8 1001.48 3419.87 990.63 3440.51 967.47 3443.02 948.68 3427.60 933.24 3390.85 946.92 3392.77 973.14 3404.56 985.62 3397.15
9 7682.79 6937.15 7701.19 6963.83 7627.25 6992.59 7629.32 6954.47 7615.95 6977.20 7591.17 6936.91 7665.11 6850.85 7685.69 6873.22 7672.88 6903.44
11 2895.33 10653.35 2892.10 10680.38 2853.50 10665.70 2872.19 10635.09 2877.20 10620.11 2885.40 10621.26 2888.16 10622.14 2896.11 10620.14 2896.84 10624.20 2926.78 10606.14 2922.91 10630.10
11 11415.81 973.65 11370.13 1021.07 11338.42 1002.85 11346.01 986.26 11330.22 951.09 11293.47 928.46 11329.69 913.80 11385.89 892.34 11394.26 958.19 11433.96 959.84 11388.53 960.80
13 9659.33 12218.56 9615.52 12219.67 9621.20 12223.00 9635.44 12239.74 9640.03 12269.97 9603.09 12254.47 9568.82 12262.88 9585.17 12210.80 9558.46 12186.81 9558.39 12177.56 9581.62 12158.67 9604.37 12191.49 9621.43 12164.21
11 5575.43 9935.79 5543.32 9936.78 5553.92 9951.43 5532.41 9945.37 5528.00 9932.76 5520.00 9935.64 5527.39 9926.45 5509.75 9917.11 5514.43 9906.69 5533.12 9916.87 5565.21 9911.69
8 7233.44 9665.89 7204.99 9640.28 7126.69 9611.32 7110.61 9607.14 7148.25 9608.42 7137.05 9555.69 7165.07 9550.96 7222.90 9587.85
10 6975.87 6187.33 6917.44 6204.05 6886.12 6169.10 6880.01 6151.54 6918.21 6128.41 6932.14 6141.03 6916.99 6106.37 6925.18 6099.60 6951.44 6142.85 6977.61 6130.04
11 3906.93 4642.59 3896.79 4645.01 3855.41 4645.41 3862.02 4634.68 3870.71 4606.58 3880.34 4618.51 3880.93 4627.04 3893.21 4614.48 3893.21 4628.76 3906.41 4623.83 3921.52 4630.95
8 11416.00 6796.51 11406.72 6818.77 11393.94 6829.97 11381.11 6822.19 11399.85 6772.62 11401.08 6770.11 11419.86 6784.03 11418.20 6787.14
5 6855.81 5959.51 6718.34 5876.77 6752.66 5825.84 6790.47 5816.39 6805.62 5841.96
6 3459.32 667.89 3451.97 676.65 3440.70 649.23 3443.75 640.99 3435.45 603.27 3471.79 614.36
7 8539.27 6999.76 8493.92 7032.20 8491.75 6995.20 8455.59 6986.57 8490.40 6946.17 8511.90 6924.58 8529.39 6939.93
9 10613.75 7174.02 10614.40 7176.03 10571.27 7175.33 10531.58 7165.56 10533.28 7144.91 10524.23 7121.71 10541.11 7095.56 10562.03 7137.17 10601.48 7134.87
9 12054.05 7592.90 12051.30 7609.60 12046.27 7603.82 12029.16 7610.88 12030.30 7603.39 12038.12 7580.97 12033.02 7581.49 12033.27 7577.79 12057.69 7544.48
9 1355.85 11622.77 1300.59 11640.09 1307.44 11682.18 1268.87 11623.46 1260.15 11582.48 1233.60 11524.78 1268.41 11576.73 1312.16 11546.56 1312.81 11590.17
11 4124.83 7261.86 4129.32 7296.17 4111.74 7314.27 4079.41 7264.78 4032.96 7260.70 4076.06 7250.20 4065.07 7248.09 4110.67 7200.89 4119.69 7225.48 4138.05 7215.48 4114.57 7238.90
11 3235.13 12142.99 3261.69 12159.87 3241.59 12191.24 3225.61 12162.90 3208.24 12180.35 3202.12 12151.20 3151.95 12112.03 3192.23 12067.18 3201.80 12053.52 3268.19 12093.85 3290.08 12106.86
6 4111.52 10892.49 4057.75 10913.42 4051.38 10859.36 4082.38 10816.90 4088.11 10833.64 4097.32 10871.69
8 9514.18 2039.07 9539.00 2044.85 9493.99 2076.41 9488.89 2055.08 9482.77 2025.81 9521.78 2022.58 9518.67 2026.96 9547.68 2022.30
11 675.74 12322.49 674.84 12334.60 682.38 12352.69 664.02 12340.32 649.87 12324.03 628.55 12315.19 631.22 12307.70 657.48 12308.27 681.21 12286.75 687.63 12318.03 678.06 12319.26
13 1897.77 1602.59 1882.91 1639.63 1874.33 1621.64 1822.19 1645.04 1842.56 1618.16 1835.69 1598.80 1813.38 1569.86 1830.67 1573.08 1847.57 1574.17 1832.77 1553.65 1859.64 1556.58 1869.96 1552.36 1871.75 1543.82
11 1049.62 1076.18 1027.54 1057.29 1028.92 1073.15 1008.34 1074.31 1011.05 1064.47 989.73 1054.19 978.40 1024.16 985.94 1028.12 997.73 1016.18 1025.97 1040.31 1041.57 1027.96
6 8444.01 10523.79 8452.54 10539.13 8403.49 10531.88 8407.62 10515.58 8415.06 10500.83 8423.36 10498.90
11 8988.76 9479.64 8984.88 9490.30 8990.44 9504.47 8978.20 9493.87 8953.44 9500.64 8952.62 9487.02 8968.76 9477.22 8968.33 9467.19 8980.00 9460.69 8982.69 9446.81 9012.22 9470.94
11 10710.09 11792.24 10640.24 11838.88 10666.36 11811.24 10620.29 11824.16 10620.25 11770.41 10648.71 11779.62 10622.05 11739.29 10676.89 11768.46 10674.66 11733.25 10688.55 11749.34 10733.25 11766.76
13 11378.78 4270.74 11400.18 4316.81 11358.19 4298.91 11376.07 4349.37 11357.94 4325.13 11344.93 4290.04 11338.50 4359.05 11256.68 4286.57 11255.23 4268.81 11261.57 4243.61 11296.86 4182.54 11328.99 4216.98 11364.42 4257.70
8 6495.67 12503.24 6466.25 12521.43 6460.77 12539.94 6451.88 12523.46 6425.29 12507.20 6397.83 12513.52 6432.69 12479.73 6479.48 12482.49
13 5699.46 10264.21 5681.93 10277.58 5673.74 10268.92 5652.19 10277.16 5640.25 10286.04 5634.00 10234.46 5650.12 10230.10 5648.63 10221.55 5656.45 10199.45 5659.72 10212.91 5666.25 10203.38 5694.76 10221.35 5667.48 10241.88
15 9084.88 11221.05 9079.77 11224.03 9057.18 11219.13 9042.36 11210.58 9067.76 11233.52 9070.25 11242.40 9052.94 11243.96 9014.17 11256.04 9006.33 11201.34 9007.62 11193.89 9019.57 11158.15 9038.18 11174.04 9070.16 11146.61 9073.89 11152.66 9051.60 11185.06
8 11894.68 4906.37 11837.74 4931.87 11840.09 4906.89 11824.13 4863.49 11839.05 4830.01 11870.50 4859.03 11911.37 4850.79 11887.45 4878.99
11 3596.90 4064.02 3496.84 4081.83 3494.00 4071.96 3447.94 4010.30 3493.25 4034.46 3477.41 4014.70 3500.66 4023.46 3481.28 3987.48 3481.92 3973.41 3508.14 4020.74 3558.35 3986.11
8 6936.99 1027.82 6952.82 1007.11 6947.31 998.22 6949.79 991.11 6965.32 972.98 6968.96 958.14 6989.57 994.16 7016.85 997.98
9 300.84 5798.86 287.98 5809.11 250.27 5768.54 260.17 5760.14 249.34 5741.54 237.58 5729.88 262.01 5734.48 280.73 5722.27 309.89 5740.39
8 545.57 4427.40 527.61 4424.71 512.79 4427.27 504.42 4423.28 498.55 4408.90 503.15 4385.45 505.06 4385.03 514.44 4383.59
6 1238.89 4352.18 1272.98 4301.66 1281.13 4332.46 1309.53 4325.83 1328.31 4316.39 1298.16 4339.87
12 8419.97 11880.61 8347.62 11963.54 8357.50 11895.74 8354.11 11902.00 8315.93 11923.83 8309.57 11828.86 8309.46 11821.19 8345.25 11854.75 8348.87 11810.24 8427.22 11843.97 8419.56 11854.05 8420.59 11877.93
7 12166.89 7097.83 12176.41 7128.16 12155.95 7100.10 12145.03 7105.71 12130.54 7113.90 12123.25 7094.65 12146.54 7055.16
10 4384.59 1978.45 4318.05 2001.43 4324.59 1989.79 4348.92 1971.50 4332.32 1962.13 4339.28 1951.80 4344.75 1952.65 4347.84 1942.33 4350.19 1910.63 4374.98 1926.60
15 5357.35 9552.96 5321.17 9553.23 5333.42 9572.32 5332.88 9573.04 5307.92 9563.69 5295.26 9600.61 5290.57 9547.29 5286.82 9542.07 5306.01 9524.42 5298.83 9485.95 5313.75 9519.11 5320.99 9529.39 5323.75 9531.43 5364.07 9522.83 5350.93 9530.77
7 2698.82 3812.52 2614.77 3767.94 2623.19 3757.66 2673.45 3751.04 2658.11 3748.52 2743.99 3705.61 2769.19 3746.11
8 5014.30 8979.18 5022.68 8983.18 4997.10 8980.75 4968.98 8998.95 4962.95 8996.46 4967.78 8934.89 5003.35 8924.96 5013.96 8955.88
15 3093.95 3673.83 3085.85 3712.96 3075.99 3734.98 3019.73 3719.72 3036.96 3686.62 3047.40 3679.78 3020.78 3691.36 3049.69 3657.43 3054.53 3601.50 3068.47 3624.61 3067.08 3655.53 3079.63 3622.10 3077.60 3628.86 3074.77 3646.63 3110.32 3623.99
7 10497.34 6390.42 10460.19 6384.80 10429.13 6405.77 10418.73 6329.48 10433.82 6345.50 10442.54 6308.68 10443.44 6341.16
14 4783.48 1833.57 4768.13 1835.72 4678.88 1886.58 4645.72 1880.81 4639.87 1855.45 4656.21 1843.08 4691.90 1808.33 4682.33 1783.44 4704.14 1760.55 4720.58 1766.60 4723.39 1767.22 4719.38 1793.85 4729.63 1765.34 4749.61 1814.92
13 1969.56 4248.66 1969.37 4260.69 1951.64 4266.37 1942.40 4254.55 1939.88 4301.86 1929.70 4254.07 1914.41 4258.88 1868.21 4264.76 1882.15 4257.73 1912.42 4230.11 1905.45 4176.21 1941.68 4213.63 1953.34 4232.44
13 3028.96 2863.38 3024.24 2865.12 2998.19 2864.12 2996.52 2854.05 2985.67 2861.49 2980.03 2861.55 2988.38 2852.01 2983.95 2856.25 2970.73 2860.03 2971.72 2833.10 2993.26 2807.86 3017.73 2820.72 3009.37 2839.96
6 11818.65 10291.49 11738.59 10308.45 11777.87 10292.36 11788.09 10249.83 11790.59 10260.98 11802.41 10273.07
8 3314.90 7364.35 3313.17 7365.76 3310.03 7368.81 3268.73 7368.37 3228.42 7370.87 3249.05 7352.12 3219.25 7347.24 3280.59 7319.41
12 12228.59 12028.94 12229.31 12039.18 12215.58 12027.11 12215.04 12030.38 12164.56 12002.19 12162.73 12000.87 12177.60 11998.32 12183.82 11999.23 12180.37 11959.93 12194.03 11976.27 12194.47 11978.78 12236.41 12006.79
5 2636.73 5399.88 2614.89 5384.60 2584.02 5414.52 2586.93 5381.33 2597.16 5287.19
7 4227.21 8337.89 4201.96 8384.44 4179.94 8355.78 4176.95 8332.17 4138.47 8289.99 4153.85 8273.08 4182.82 8287.04
8 8044.17 11133.34 7980.36 11098.20 7961.98 11076.75 7952.38 11058.09 7960.59 11053.09 8014.36 11055.73 8081.21 11065.88 8066.01 11085.54
7 5480.70 9385.79 5481.19 9411.47 5444.09 9403.31 5442.10 9372.13 5448.30 9323.86 5471.31 9350.23 5490.35 9361.12
11 1259.86 8895.85 1212.78 8898.59 1231.68 8938.81 1199.23 8942.33 1179.68 8918.88 1154.32 8956.84 1158.21 8909.29 1125.57 8939.49 1136.42 8920.16 1131.68 8896.96 1216.10 8848.32
8 8865.59 11196.08 8877.43 11207.95 8867.07 11213.17 8839.71 11193.80 8850.32 11182.44 8851.88 11182.37 8861.10 11174.94 8870.47 11163.44
10 5323.29 4547.77 5367.81 4559.23 5345.09 4568.80 5344.41 4579.08 5229.54 4599.94 5231.92 4589.69 5242.15 4536.75 5249.48 4522.05 5307.16 4458.81 5356.92 4539.96
9 10724.26 9136.14 10714.29 9180.80 10713.03 9140.97 10697.48 9171.80 10693.33 9151.07 10682.89 9131.81 10679.86 9106.08 10694.45 9097.79 10693.18 9088.91
12 276.16 1476.74 271.64 1486.43 310.49 1529.59 262.47 1540.12 260.16 1550.39 254.91 1500.68 194.38 1495.56 241.86 1453.18 217.77 1395.49 259.88 1435.55 338.98 1468.88 293.43 1470.08
6 11661.78 358.47 11636.12 375.26 11606.65 337.00 11615.09 333.98 11646.65 308.00 11647.60 312.74
12 894.59 10619.96 837.69 10645.55 840.12 10653.62 821.20 10642.09 781.47 10559.41 817.91 10579.58 839.08 10534.04 845.50 10552.99 864.37 10574.80 841.03 10601.93 845.48 10600.98 866.01 10598.98
9 3620.00 5840.26 3617.36 5852.05 3585.71 5867.92 3584.67 5878.84 3533.75 5844.43 3566.75 5839.40 3568.74 5812.00 3593.82 5814.68 3615.72 5824.09
6 6670.31 695.84 6661.04 740.66 6612.99 708.43 6619.13 743.37 6608.00 724.66 6543.91 676.88
10 7115.56 7066.34 7123.76 7081.34 7085.10 7076.88 7080.07 7074.11 7070.59 7079.10 7061.98 7045.10 7073.85 7036.81 7072.62 7027.09 7074.31 7027.78 7084.45 7011.35
8 4347.38 9665.95 4373.07 9667.36 4325.58 9714.30 4315.44 9684.14 4274.50 9643.87 4306.57 9638.29 4320.24 9651.59 4355.54 9648.54
10 2698.02 435.40 2678.71 421.94 2670.37 428.32 2645.30 382.84 2675.32 352.88 2689.73 380.69 2696.64 378.87 2719.19 362.67 2739.17 386.35 2706.44 399.22
10 10375.17 12110.36 10393.28 12126.84 10375.28 12125.40 10319.42 12113.79 10335.28 12107.38 10341.66 12065.49 10347.94 12055.31 10379.99 12079.20 10394.53 12066.44 10396.17 12084.07
5 11563.16 6747.19 11541.31 6723.77 11503.14 6707.43 11591.04 6693.62 11619.31 6687.29
15 9651.79 6140.22 9619.35 6138.02 9626.21 6156.37 9606.56 6138.88 9616.39 6168.82 9601.78 6147.76 9585.05 6159.24 9587.39 6142.02 9586.54 6120.63 9576.83 6084.66 9589.71 6089.58 9617.54 6092.68 9631.41 6107.00 9616.11 6122.78 9641.83 6124.67
8 4985.64 5401.20 4943.09 5465.65 4871.53 5470.79 4855.67 5354.67 4919.00 5322.56 4927.53 5364.81 4938.00 5379.07 4960.91 5391.96
7 8024.81 11797.06 8013.98 11837.09 8013.19 11841.50 7940.98 11825.22 7990.36 11777.90 8006.12 11778.44 8058.52 11748.30
11 12145.39 8157.29 12155.03 8164.83 12142.96 8164.78 12123.12 8158.60 12104.92 8142.92 12104.60 8198.06 12074.89 8153.94 12060.07 8142.96 12075.28 8101.05 12061.24 8057.85 12107.35 8068.03
6 1261.96 4706.13 1243.45 4735.48 1189.27 4699.54 1216.86 4694.77 1229.79 4682.72 1272.00 4658.56
10 8074.62 4589.03 8066.25 4584.49 8062.87 4584.97 8074.69 4599.44 8055.44 4611.14 8013.14 4596.95 8028.39 4551.59 8063.08 4543.60 8065.27 4570.12 8087.64 4574.60
8 3323.60 2405.80 3284.64 2406.91 3279.92 2399.80 3268.09 2397.25 3275.41 2392.37 3269.45 2353.19 3303.78 2367.94 3307.93 2348.59
11 9421.42 9309.50 9370.63 9293.50 9364.64 9293.53 9325.11 9242.23 9337.42 9238.61 9362.51 9204.29 9386.52 9180.58 9390.03 9217.50 9392.87 9212.24 9421.92 9218.80 9435.20 9218.45
13 12492.57 11177.69 12481.56 11191.70 12479.34 11191.67 12494.36 11232.12 12446.45 11204.10 12412.57 11231.05 12352.20 11188.26 12356.22 11139.78 12384.01 11102.02 12381.03 11091.47 12398.32 11094.22 12442.97 11094.15 12477.51 11112.86
9 10895.76 8866.07 10823.57 8880.59 10845.14 8858.73 10819.95 8836.27 10829.01 8835.54 10858.18 8818.60 10873.80 8841.81 10876.24 8853.57 10894.74 8860.16
12 7060.26 9154.97 7047.96 9149.56 7050.86 9139.80 7058.17 9132.23 7059.93 9129.92 7062.92 9127.28 7059.41 9112.04 7050.57 9083.22 7070.08 9096.22 7086.80 9095.69 7090.93 9113.03 7097.85 9117.23
8 501.94 11118.44 467.47 11150.74 469.23 11124.14 469.53 11113.40 477.31 11107.06 509.63 11102.87 513.13 11101.63 538.91 11107.13
12 10325.00 3138.73 10275.83 3142.58 10296.51 3184.19 10253.07 3157.67 10233.75 3169.41 10220.20 3185.61 10229.67 3166.98 10216.17 3172.10 10185.02 3133.66 10167.33 3115.33 10217.98 3126.42 10179.41 3090.05
8 9074.91 12579.68 9092.21 12585.01 9080.92 12639.98 9062.15 12607.21 9037.67 12588.67 9010.45 12599.93 9019.42 12503.90 9098.11 12564.78
6 7633.92 11448.55 7595.75 11469.86 7588.99 11494.89 7585.66 11507.19 7595.84 11379.56 7611.23 11393.33
6 4859.47 6153.17 4865.90 6170.33 4855.50 6168.56 4851.64 6177.65 4801.41 6152.19 4789.34 6132.20
15 11450.09 10241.48 11462.37 10257.10 11463.49 10259.40 11414.71 10258.95 11410.80 10260.61 11400.08 10254.33 11382.93 10277.41 11395.61 10247.13 11379.34 10250.89 11387.37 10238.70 11405.20 10223.49 11437.08 10187.52 11428.31 10211.29 11435.57 10218.63 11466.64 10211.93
13 3795.68 4577.85 3796.70 4585.39 3786.97 4585.06 3780.46 4594.15 3768.87 4577.87 3745.37 4599.74 3738.03 4545.36 3756.87 4541.96 3771.49 4549.94 3782.45 4529.31 3774.80 4555.53 3798.76 4532.94 3777.67 4557.62
10 1881.34 11775.74 1867.95 11838.30 1829.58 11770.89 1820.44 11736.26 1815.95 11712.96 1832.58 11686.69 1857.26 11709.00 1880.11 11720.71 1869.99 11743.73 1918.80 11747.03
9 8831.28 3273.39 8767.53 3268.41 8745.07 3236.98 8716.90 3229.85 8790.75 3201.64 8795.75 3205.64 8793.91 3211.94 8793.39 3219.10 8818.94 3224.02
6 6680.41 5047.84 6680.36 5040.73 6693.87 5044.08 6734.08 5053.38 6752.00 5069.74 6748.15 5077.49
7 12621.82 679.20 12596.17 686.75 12572.35 672.60 12542.79 625.69 12565.54 637.71 12604.95 607.99 12601.37 634.99
11 10415.59 9854.33 10409.93 9855.52 10340.42 9872.42 10313.01 9908.06 10316.12 9867.98 10288.40 9812.59 10332.67 9817.60 10319.03 9777.85 10372.94 9783.50 10359.84 9823.70 10403.01 9826.28
11 10752.40 2851.98 10742.53 2841.75 10729.88 2835.95 10725.05 2812.35 10723.07 2795.36 10735.47 2797.79 10743.93 2791.13 10744.06 2807.07 10751.13 2811.24 10754.82 2816.88 10765.42 2827.34
9 3399.13 757.99 3350.94 783.00 3336.75 786.31 3311.76 778.53 3325.19 772.11 3314.58 746.73 3334.22 739.12 3316.92 724.82 3405.45 683.69
15 1774.76 8224.88 1784.13 8235.14 1792.76 8254.93 1788.58 8262.36 1791.18 8276.00 1759.40 8233.75 1762.88 8246.01 1765.41 8278.91 1759.43 8283.11 1750.88 8236.39 1724.85 8274.13 1733.31 8237.85 1712.70 8201.86 1759.97 8207.21 1792.83 8169.84
9 6852.22 8007.94 6867.20 8031.00 6801.96 8017.19 6768.70 8013.27 6769.73 7985.13 6864.67 7943.70 6840.25 7963.15 6834.26 7968.90 6839.57 7969.76
10 6757.72 6622.77 6720.27 6646.19 6704.67 6636.50 6687.13 6640.62 6713.13 6619.95 6717.08 6604.92 6730.53 6601.21 6737.63 6580.84 6744.39 6608.67 6758.42 6609.00
13 7789.68 6570.74 7769.19 6565.77 7767.66 6533.66 7730.33 6554.50 7758.00 6527.03 7755.14 6524.31 7724.09 6515.14 7763.49 6503.50 7708.09 6498.46 7756.23 6489.78 7742.96 6474.54 7837.32 6496.35 7841.67 6503.41
11 8324.11 3352.94 8287.47 3385.16 8307.27 3346.37 8305.48 3335.55 8268.35 3320.61 8241.31 3292.55 8307.26 3314.16 8273.26 3285.76 8287.73 3296.95 8289.23 3267.19 8354.37 3295.62
5 672.79 8898.43 636.07 8963.87 636.71 8886.38 634.07 8878.64 662.62 8881.88
10 2054.04 9191.12 2042.83 9190.63 2039.02 9246.00 2015.54 9236.96 1969.71 9231.83 1995.49 9156.03 1960.19 9120.82 2003.23 9151.78 1992.71 9125.72 2016.94 9125.79
12 335.11 2953.57 354.69 2964.36 251.82 2993.81 234.98 3003.70 252.71 2955.27 202.83 2924.62 253.75 2933.42 263.42 2924.58 266.77 2927.17 274.85 2913.53 294.34 2930.70 347.31 2937.36
10 3961.52 10736.62 3952.89 10734.73 3966.93 10748.92 3957.61 10760.92 3926.11 10733.75 3920.88 10735.75 3918.50 10720.72 3924.85 10711.37 3943.07 10706.93 3975.08 10709.72
11 2185.62 12507.54 2174.33 12511.95 2126.25 12431.47 2172.68 12442.87 2162.84 12419.41 2162.85 12407.97 2156.53 12394.64 2185.22 12403.22 2186.22 12392.06 2220.49 12435.23 2217.86 12438.39
7 7369.62 1206.66 7379.68 1220.14 7390.97 1268.73 7337.67 1241.84 7338.64 1224.45 7280.86 1247.87 7346.11 1148.67
15 2850.59 11358.67 2853.42 11378.07 2837.21 11382.73 2818.51 11344.96 2785.26 11371.50 2785.77 11361.67 2775.05 11369.07 2801.13 11333.16 2799.02 11331.62 2802.92 11299.92 2809.16 11283.70 2842.00 11290.98 2862.98 11296.33 2868.39 11312.81 2855.46 11320.55
6 5553.86 11814.53 5530.85 11807.16 5530.99 11801.92 5571.96 11739.13 5611.35 11733.33 5599.33 11773.33
14 8979.52 3222.26 8999.42 3229.05 8985.26 3241.72 8948.11 3227.44 8988.22 3244.10 8968.75 3252.78 8946.44 3248.26 8930.98 3250.68 8880.28 3266.42 8887.13 3238.74 8938.84 3199.39 8939.09 3203.10 8945.17 3182.48 8974.15 3184.00
13 11004.35 5675.94 10961.32 5693.74 10948.65 5692.17 10941.23 5707.20 10938.63 5664.90 10918.77 5645.87 10924.65 5619.57 10941.33 5609.89 10948.22 5591.49 10944.50 5618.66 10960.09 5612.28 10985.31 5600.75 11004.96 5615.27
10 8316.02 12228.58 8314.77 12235.13 8290.88 12237.06 8274.69 12255.23 8230.03 12212.54 8234.73 12198.79 8261.34 12180.76 8264.28 12157.73 8276.53 12177.82 8279.67 12174.96
8 2669.32 251.97 2677.30 264.81 2675.00 299.18 2662.74 311.72 2639.07 302.19 2626.87 242.19 2592.75 193.19 2636.54 234.76
11 2358.23 538.80 2338.90 537.27 2338.41 594.19 2331.67 566.38 2328.18 555.40 2318.85 557.20 2314.62 583.74 2278.79 566.04 2295.04 483.75 2325.82 503.63 2346.17 520.94
8 3496.43 9471.08 3484.16 9449.48 3485.12 9438.55 3489.83 9434.54 3508.66 9441.72 3518.74 9408.53 3547.73 9427.96 3554.64 9450.30
14 9837.97 10232.38 9822.16 10248.87 9824.08 10263.82 9808.46 10246.29 9801.61 10253.78 9799.15 10272.04 9796.73 10250.65 9795.68 10258.34 9793.30 10252.94 9770.39 10241.09 9764.85 10236.65 9779.82 10232.34 9801.48 10222.10 9834.35 10215.41
14 3366.61 6638.89 3343.29 6650.53 3342.44 6663.50 3337.35 6678.69 3324.00 6670.90 3322.80 6648.78 3316.74 6635.85 3331.97 6629.74 3336.74 6627.41 3325.42 6608.98 3340.99 6618.37 3346.94 6615.52 3364.70 6620.77 3366.95 6626.60
7 1659.52 6160.15 1615.79 6128.64 1569.49 6108.09 1642.51 6035.65 1661.93 6090.75 1661.53 6043.01 1684.90 6063.84
7 4251.84 1172.05 4253.40 1178.63 4258.80 1193.86 4223.59 1181.49 4215.02 1096.05 4231.38 1114.15 4242.28 1094.81
13 3394.46 9200.31 3335.37 9251.94 3324.82 9246.86 3326.44 9226.61 3327.94 9214.58 3286.08 9187.63 3332.91 9171.42 3344.51 9170.33 3299.19 9132.48 3342.52 9161.53 3345.61 9113.70 3394.24 9091.79 3434.58 9159.57
8 11391.27 3695.32 11378.91 3708.29 11304.28 3678.69 11348.22 3667.90 11385.20 3623.30 11373.57 3662.32 11369.93 3672.75 11385.81 3684.23
7 7427.08 10786.59 7433.36 10798.80 7441.26 10815.80 7422.51 10800.20 7398.98 10798.92 7386.71 10763.97 7425.82 10765.99
14 8229.28 1734.47 8224.93 1765.02 8221.24 1766.08 8202.23 1774.53 8200.10 1749.05 8198.20 1749.20 8180.41 1775.22 8185.03 1758.25 8164.77 1763.02 8162.87 1734.45 8169.46 1713.95 8185.77 1721.80 8208.14 1702.32 8212.67 1728.69
12 1428.87 11450.69 1429.39 11454.13 1391.73 11461.76 1372.77 11420.78 1382.90 11423.36 1395.49 11431.99 1420.25 11400.98 1412.41 11421.13 1415.71 11424.44 1413.82 11428.00 1414.34 11429.91 1419.60 11428.11
11 6252.40 10154.85 6285.89 10188.41 6273.54 10201.39 6233.20 10199.03 6208.72 10173.92 6153.11 10141.34 6202.19 10127.21 6186.12 10088.33 6228.64 10129.32 6251.96 10091.55 6260.35 10133.59
13 11168.61 6289.34 11139.59 6259.96 11132.27 6304.73 11072.18 6287.55 11073.48 6264.47 11060.83 6271.62 11105.23 6242.48 11088.39 6233.93 11054.58 6226.96 11098.14 6169.30 11142.65 6193.22 11162.39 6170.81 11145.04 6210.58
5 1278.85 3199.85 1255.17 3166.71 1218.28 3106.89 1242.18 3103.74 1257.54 3084.17
10 5955.33 1377.71 5926.68 1375.39 5927.38 1373.06 5912.11 1375.41 5918.37 1358.78 5911.19 1355.59 5902.50 1348.99 5926.55 1343.99 5941.19 1344.50 5944.39 1356.06
13 11951.86 9171.57 11898.82 9157.59 11890.83 9198.28 11845.58 9190.50 11820.15 9176.20 11836.15 9118.41 11865.05 9108.26 11862.10 9097.74 11851.67 9077.99 11873.69 9115.31 11885.56 9107.56 11902.98 9046.27 11921.70 9118.95
6 767.48 3201.68 749.92 3237.24 694.85 3249.96 720.04 3194.58 685.92 3203.44 787.53 3170.78
11 12503.54 1832.80 12495.15 1828.75 12486.80 1841.16 12475.16 1859.22 12466.93 1836.12 12463.82 1825.70 12451.23 1820.47 12466.43 1818.28 12466.25 1778.48 12484.29 1808.92 12515.04 1791.25
10 10047.41 413.10 10060.01 442.65 10005.26 477.36 9980.51 452.65 9958.98 425.28 9958.33 376.82 9995.26 374.13 9999.62 358.68 10007.83 390.66 10012.46 395.90
13 11669.33 4261.33 11686.51 4323.38 11666.16 4304.65 11621.44 4279.52 11594.92 4339.01 11565.76 4322.90 11596.33 4264.13 11566.97 4187.63 11627.71 4208.20 11644.50 4185.43 11669.46 4230.64 11673.66 4235.91 11715.08 4224.00
11 5794.08 10925.69 5753.28 10934.31 5735.67 10882.16 5768.92 10883.92 5779.13 10861.64 5787.31 10867.03 5791.96 10870.15 5791.93 10876.11 5782.43 10888.30 5807.95 10887.55 5812.16 10895.57
13 8694.25 12654.20 8664.76 12680.75 8637.47 12651.49 8581.78 12670.72 8584.97 12668.25 8615.49 12620.66 8589.99 12600.15 8626.90 12602.32 8630.14 12581.81 8662.28 12568.39 8648.75 12612.98 8704.04 12598.51 8669.76 12630.69
7 11622.01 8817.51 11633.55 8825.56 11581.71 8800.29 11579.52 8797.55 11601.58 8794.11 11604.77 8795.65 11607.21 8798.38
15 3737.38 334.96 3757.51 350.92 3717.12 347.72 3724.29 390.80 3723.24 402.65 3703.63 403.09 3691.59 352.04 3689.54 346.18 3653.32 373.28 3645.36 360.58 3658.92 318.91 3646.69 313.45 3665.68 289.61 3750.23 302.46 3727.07 317.67
6 8654.75 10094.80 8571.64 10117.09 8527.70 10131.09 8498.60 10090.68 8551.43 10030.17 8589.29 10060.31
10 10821.66 2136.05 10798.92 2185.60 10755.60 2169.08 10724.82 2145.80 10741.80 2134.59 10712.52 2133.19 10760.60 2128.64 10738.63 2102.89 10778.73 2099.13 10800.45 2112.60
11 2109.70 2017.99 2137.01 2030.55 2152.73 2037.86 2150.30 2042.44 2119.06 2031.51 2115.19 2037.60 2112.16 2061.03 2058.61 2041.65 2030.58 2012.96 2125.04 1998.34 2133.68 2002.73
9 4810.89 8455.36 4775.69 8452.04 4778.94 8469.51 4743.61 8495.83 4722.60 8451.96 4745.90 8434.41 4746.24 8418.37 4766.64 8435.56 4795.78 8446.26
11 6398.80 11507.62 6387.36 11523.18 6358.52 11510.61 6315.60 11526.35 6338.64 11507.86 6303.59 11499.66 6352.71 11472.82 6377.64 11454.01 6381.51 11485.85 6398.95 11486.75 6394.14 11491.71
5 10913.31 7822.91 10883.81 7852.55 10881.04 7781.20 10908.81 7791.84 10911.86 7802.31
6 9321.64 7321.71 9244.01 7309.35 9262.51 7278.26 9248.72 7221.33 9270.00 7231.70 9291.94 7237.71
8 1356.47 11860.99 1347.91 11868.66 1311.43 11879.84 1302.43 11886.91 1319.66 11868.16 1317.28 11852.42 1308.08 11808.32 1340.81 11812.34
15 11904.23 1621.94 11886.47 1615.74 11882.28 1613.71 11871.10 1622.28 11837.89 1629.98 11813.18 1668.78 11813.46 1642.32 11819.28 1625.20 11785.92 1573.37 11800.27 1561.56 11782.38 1545.26 11830.98 1574.27 11833.77 1555.32 11889.39 1554.63 11894.13 1573.76
7 12033.93 878.17 11999.80 923.63 11919.59 947.29 11895.65 839.17 11917.30 833.07 11954.56 803.21 11985.08 844.76
5 2772.58 11920.70 2828.08 11812.14 2850.13 11816.23 2832.08 11851.69 2845.67 11855.59
6 2757.18 9786.59 2734.42 9858.25 2662.00 9740.46 2731.84 9735.92 2750.17 9719.09 2802.87 9744.47
9 9184.73 4468.71 9172.21 4475.83 9175.23 4452.89 9162.61 4456.09 9148.41 4448.16 9144.23 4445.12 9162.11 4429.25 9184.85 4432.94 9204.88 4441.87
9 4869.20 8095.84 4857.39 8112.57 4854.09 8102.83 4859.22 8090.32 4833.82 8052.96 4872.45 8042.29 4877.82 8053.61 4893.62 8073.19 4905.91 8081.48
8 10242.31 4827.11 10208.06 4823.71 10204.63 4810.35 10172.30 4794.12 10203.68 4766.64 10210.44 4784.88 10234.54 4763.89 10237.17 4788.80
6 3575.54 6654.16 3535.72 6635.35 3504.62 6556.25 3579.58 6558.86 3601.89 6567.61 3585.23 6577.61
14 10189.69 8998.44 10195.69 9033.61 10125.49 8999.53 10131.48 8990.17 10130.66 8990.26 10139.14 8973.79 10129.56 8949.21 10151.00 8942.83 10156.17 8967.06 10158.06 8956.84 10175.34 8969.60 10213.77 8953.76 10177.52 8974.84 10186.44 8979.31
8 7437.86 10937.98 7411.00 10946.67 7390.68 10948.71 7345.69 10988.37 7345.68 10960.08 7378.16 10862.66 7400.80 10904.22 7475.95 10888.57
10 5499.66 6100.66 5484.68 6151.68 5444.88 6111.70 5440.10 6119.87 5374.50 6126.98 5360.48 6091.57 5417.03 6072.16 5479.70 6009.85 5473.10 6034.23 5503.31 6087.48
6 4170.92 3131.15 4135.46 3191.28 4057.74 3112.93 4079.18 3112.04 4143.87 3075.75 4140.84 3099.02
12 5934.37 2658.67 5900.47 2670.18 5870.06 2677.03 5873.25 2665.94 5849.39 2664.85 5849.21 2649.68 5875.49 2599.21 5914.05 2623.93 5920.11 2614.48 5953.09 2605.27 5974.48 2604.25 5958.89 2625.39
13 5547.76 3436.09 5543.29 3462.04 5527.98 3454.24 5499.46 3463.91 5495.07 3454.35 5484.11 3483.47 5467.48 3441.06 5459.96 3439.18 5444.35 3437.90 5447.90 3415.22 5465.97 3421.52 5468.06 3378.42 5515.79 3410.47
10 6361.15 3987.75 6373.83 3936.33 6349.87 3965.57 6327.84 3969.15 6328.29 3906.41 6312.71 3894.72 6374.23 3873.62 6406.20 3895.37 6418.03 3904.76 6437.51 3912.97
7 7292.65 8225.46 7230.13 8252.30 7183.79 8226.64 7166.56 8208.27 7145.17 8135.51 7197.41 8136.67 7206.43 8148.73
12 7578.46 11141.90 7593.91 11111.00 7567.00 11117.48 7571.83 11114.61 7556.43 11103.16 7545.80 11084.00 7575.88 11072.33 7572.82 11064.48 7603.08 11059.69 7610.49 11057.05 7686.57 11039.56 7667.71 11094.74
7 9691.72 10083.75 9657.69 10108.05 9618.10 10056.65 9672.37 10053.27 9675.70 10007.12 9701.75 10040.24 9731.32 10051.29
15 6213.25 6005.37 6197.58 5988.89 6189.22 5987.70 6145.16 6008.08 6112.06 6016.78 6078.72 5931.34 6140.72 5923.12 6113.49 5861.10 6142.97 5888.11 6157.89 5913.99 6169.72 5879.08 6162.88 5920.55 6176.79 5920.30 6217.43 5883.69 6215.81 5904.21
5 10017.70 8426.29 9962.97 8441.94 9972.20 8398.48 9975.86 8345.91 10021.50 8359.25
13 11709.58 10161.67 11650.87 10175.98 11644.72 10184.86 11643.68 10189.29 11632.56 10174.25 11616.86 10177.43 11618.11 10138.45 11606.90 10102.16 11608.08 10079.55 11635.68 10119.06 11645.21 10058.95 11658.23 10089.56 11679.25 10129.87
8 6359.54 3189.28 6319.56 3225.35 6311.61 3179.54 6305.70 3151.08 6316.25 3152.80 6322.29 3165.80 6329.71 3145.67 6336.15 3181.12
10 5575.31 1500.85 5548.42 1512.89 5545.30 1517.01 5543.63 1519.02 5544.93 1532.50 5503.92 1521.68 5512.24 1507.47 5476.61 1497.74 5531.01 1478.32 5536.51 1468.86
7 9511.45 6451.11 9512.16 6477.22 9473.17 6462.00 9428.88 6364.86 9446.56 6373.42 9487.08 6385.30 9492.51 6391.11
15 7685.03 5099.70 7643.86 5155.67 7619.19 5123.87 7557.10 5160.33 7586.64 5104.88 7530.98 5149.82 7523.80 5122.27 7547.22 5102.94 7531.84 5104.15 7521.28 5084.02 7544.62 5034.81 7578.19 5062.13 7589.41 4996.35 7659.27 5051.20 7633.47 5084.11
6 9128.63 1837.62 9136.60 1865.31 9098.36 1860.11 9098.38 1831.09 9086.48 1834.28 9110.53 1817.25
6 10077.25 5297.81 10078.41 5301.55 10070.97 5295.82 10045.60 5301.64 10047.06 5272.64 10035.63 5237.89
12 9571.28 762.00 9568.74 764.17 9563.36 763.81 9561.87 785.01 9541.26 795.00 9533.37 775.58 9530.92 743.70 9536.37 716.32 9542.68 702.09 9578.21 700.40 9560.55 732.67 9598.04 713.33
12 8381.81 10827.43 8348.02 10831.74 8352.71 10823.41 8334.95 10821.75 8348.90 10815.85 8332.42 10801.12 8341.67 10780.78 8356.71 10783.97 8375.98 10792.79 8390.57 10790.56 8393.52 10799.69 8410.35 10806.68
13 5060.48 6817.54 5075.50 6837.16 5067.51 6853.93 5036.43 6842.75 5026.19 6846.83 5010.33 6836.62 5012.61 6831.93 5024.06 6818.98 5030.31 6815.62 4990.28 6810.85 5024.68 6807.74 5025.08 6800.04 5034.36 6772.12
5 7608.32 5880.32 7579.09 5875.22 7592.25 5856.32 7596.05 5852.60 7615.74 5828.81
5 11268.99 11005.03 11255.98 11012.26 11240.35 10990.12 11282.89 10952.79 11310.34 10987.14
11 12226.83 5929.59 12214.42 5928.77 12216.92 5946.82 12198.37 5941.14 12182.73 5943.80 12173.83 5959.90 12134.03 5908.58 12122.40 5890.76 12177.21 5882.17 12177.64 5839.04 12213.04 5915.49
12 7978.17 9460.87 7968.72 9460.65 8021.39 9473.22 7976.73 9468.70 7964.75 9470.24 7966.83 9496.73 7904.60 9478.97 7917.39 9465.63 7890.55 9414.72 7902.14 9404.84 7922.19 9398.89 7967.63 9452.02
6 7574.67 3670.47 7569.53 3614.38 7575.35 3598.20 7564.33 3577.69 7614.61 3558.65 7622.11 3580.55
10 5769.72 10598.41 5760.23 10594.87 5748.51 10610.61 5744.26 10531.49 5747.13 10516.92 5765.04 10520.90 5778.82 10494.01 5784.55 10540.33 5786.47 10538.08 5810.89 10529.15
13 1879.18 2881.87 1895.41 2885.12 1860.89 2881.36 1834.70 2924.47 1835.84 2908.47 1835.92 2892.33 1819.70 2925.14 1808.81 2935.76 1793.04 2875.89 1803.51 2850.92 1845.75 2860.45 1863.17 2848.10 1880.87 2841.06
10 11042.03 10086.99 11060.78 10111.90 11057.11 10128.23 10986.48 10154.40 10939.02 10114.54 10959.07 10095.06 10982.21 10064.55 10987.74 10059.98 10986.43 10025.23 11028.96 10073.26
8 5898.04 10476.56 5893.01 10476.86 5896.55 10466.44 5860.68 10482.10 5877.66 10460.46 5852.76 10461.60 5907.95 10430.91 5945.10 10424.33
8 2912.30 5702.33 2872.18 5685.58 2861.03 5665.49 2880.63 5645.75 2890.07 5670.65 2891.81 5670.85 2909.27 5663.51 2911.17 5673.10
12 6125.95 5585.61 6161.58 5615.08 6111.08 5600.87 6106.13 5663.29 6062.45 5636.92 6000.02 5538.20 6061.63 5557.53 6061.43 5542.43 6065.90 5543.83 6085.25 5520.75 6087.02 5558.14 6138.28 5514.47
15 2998.31 8776.58 2998.25 8777.24 2977.35 8801.02 2973.64 8787.74 2946.80 8809.99 2956.67 8794.98 2952.81 8791.07 2929.05 8795.96 2946.62 8757.46 2936.35 8747.41 2965.23 8748.83 2970.87 8756.46 2982.01 8754.43 2999.52 8737.95 3028.80 8765.94
13 6679.98 9934.10 6679.76 9966.65 6656.84 10001.38 6647.26 9953.75 6597.81 9923.23 6607.69 9909.55 6638.16 9919.11 6647.34 9884.94 6682.50 9881.59 6668.64 9910.19 6675.76 9908.06 6694.90 9912.13 6716.62 9927.52
9 6629.29 11039.54 6616.92 11055.57 6579.71 11086.68 6573.96 10963.38 6592.39 10964.31 6594.51 10955.31 6595.09 10975.44 6585.00 11009.72 6604.08 10973.72
12 5703.62 11244.51 5669.39 11268.77 5647.43 11266.04 5628.83 11285.99 5629.97 11265.52 5623.01 11267.93 5629.07 11216.97 5641.93 11161.35 5660.33 11207.48 5690.97 11196.15 5697.60 11197.93 5669.94 11212.66
15 5716.56 1582.47 5707.01 1564.68 5685.40 1572.43 5693.04 1563.20 5677.98 1572.17 5687.45 1546.44 5688.99 1539.47 5685.96 1517.56 5700.23 1531.70 5735.54 1514.80 5728.81 1528.03 5726.37 1536.10 5739.00 1529.00 5729.71 1542.91 5740.62 1544.42
15 2325.18 7834.63 2300.46 7838.06 2290.90 7839.81 2287.74 7852.31 2292.34 7869.20 2276.37 7891.65 2259.62 7857.65 2231.09 7846.15 2243.47 7824.69 2180.65 7801.87 2238.74 7802.93 2215.95 7790.10 2247.58 7734.67 2271.12 7749.16 2288.98 7789.42
9 7088.63 10988.52 7091.23 11042.25 7075.06 11030.37 7030.95 11006.74 7022.57 10967.19 7093.91 10935.54 7096.27 10955.57 7100.53 10957.29 7097.92 10987.73
14 5419.17 3754.15 5372.99 3751.47 5373.29 3777.71 5341.00 3766.36 5346.13 3745.75 5290.71 3783.59 5329.39 3688.71 5328.27 3672.00 5347.00 3661.74 5358.05 3684.69 5363.49 3708.80 5366.47 3700.95 5365.74 3706.18 5384.77 3728.44
14 987.11 5364.55 982.27 5336.79 958.54 5361.09 925.85 5358.21 921.72 5353.06 955.99 5312.66 932.00 5291.18 954.03 5250.10 980.00 5302.64 994.52 5274.23 991.16 5300.61 1021.63 5269.04 1001.82 5295.17 995.94 5310.83
13 3146.57 9346.35 3086.85 9330.15 3076.32 9311.56 3080.53 9295.57 3090.73 9298.34 3094.49 9281.28 3116.24 9296.13 3123.64 9290.64 3127.59 9278.85 3127.69 9313.55 3150.98 9306.75 3131.48 9314.19 3150.50 9311.73
6 4158.26 4739.09 4156.82 4723.69 4151.10 4674.70 4139.50 4673.24 4229.68 4636.03 4247.40 4651.62
7 836.44 7792.76 830.16 7799.32 810.76 7792.94 820.34 7784.38 821.57 7748.47 831.85 7769.32 843.38 7779.03
9 2899.72 213.45 2893.13 210.23 2866.56 247.80 2849.60 204.99 2854.07 202.07 2854.78 196.47 2882.69 187.43 2882.29 188.10 2900.60 180.90
7 6328.88 6569.83 6269.81 6592.46 6221.96 6606.61 6217.21 6529.44 6249.70 6509.87 6263.18 6542.61 6261.53 6517.35
12 9649.62 7719.97 9615.76 7745.27 9586.09 7741.99 9577.99 7733.28 9596.06 7701.18 9572.75 7676.61 9604.14 7684.72 9598.08 7658.45 9614.29 7668.46 9644.48 7665.75 9644.26 7686.87 9631.51 7697.89
13 1079.85 1787.98 1067.77 1789.18 1048.70 1837.40 1041.87 1857.26 996.40 1849.42 1002.85 1795.39 988.40 1782.13 972.18 1758.10 955.33 1738.83 949.52 1732.19 999.63 1762.49 1028.06 1757.58 1091.65 1723.13
15 1320.10 9717.22 1312.96 9711.33 1311.28 9720.32 1291.48 9709.33 1282.96 9714.85 1275.06 9705.37 1266.78 9718.88 1229.17 9719.84 1242.90 9686.14 1234.23 9684.69 1223.19 9666.28 1293.48 9628.68 1298.62 9612.58 1309.42 9653.69 1306.35 9669.45
6 3969.04 3687.81 3920.40 3706.75 3911.33 3727.24 3904.43 3739.13 3883.69 3695.44 3924.44 3646.20
7 6437.27 6766.14 6407.69 6791.15 6334.87 6743.82 6329.08 6739.93 6392.66 6723.20 6424.05 6726.37 6455.29 6737.52
8 7592.81 10393.95 7538.41 10425.29 7531.71 10417.04 7522.37 10352.95 7578.11 10332.57 7570.61 10377.17 7623.70 10358.74 7607.37 10373.09
14 4496.55 3335.48 4498.48 3348.54 4487.22 3378.11 4431.61 3367.50 4384.01 3348.62 4382.18 3337.87 4410.80 3328.04 4402.04 3325.69 4394.45 3326.15 4420.65 3320.06 4416.60 3270.11 4427.43 3265.33 4455.21 3260.48 4480.19 3303.66
14 9118.68 2674.67 9097.57 2666.16 9101.64 2672.26 9109.22 2683.66 9089.18 2671.06 9088.08 2675.85 9069.73 2667.99 9061.94 2669.42 9042.95 2666.88 9077.35 2654.84 9057.65 2636.88 9050.88 2630.60 9076.77 2643.22 9127.96 2649.97
9 615.57 4603.63 595.55 4588.84 611.84 4614.78 597.75 4608.73 552.06 4567.68 577.04 4562.21 589.90 4556.08 617.64 4551.95 616.52 4573.65
6 4285.45 6483.79 4232.01 6473.60 4166.17 6412.54 4173.28 6362.70 4196.75 6356.59 4239.37 6355.48
10 10399.05 4835.40 10377.10 4832.19 10372.75 4830.30 10345.24 4829.88 10347.10 4819.93 10325.85 4809.11 10341.80 4797.77 10340.12 4788.76 10366.43 4786.97 10373.40 4803.54
11 12387.54 10985.28 12381.68 10993.58 12371.38 10991.34 12379.46 11015.47 12353.10 11009.57 12320.45 10991.77 12316.03 10938.40 12334.26 10945.29 12354.73 10952.58 12355.94 10950.06 12415.82 10963.41
15 7922.29 4619.37 7948.61 4630.02 7902.27 4640.99 7900.48 4638.14 7881.84 4648.23 7884.60 4636.65 7868.29 4648.65 7883.99 4628.00 7856.69 4621.77 7889.33 4616.06 7860.28 4590.51 7901.26 4595.43 7944.38 4584.76 7914.75 4610.60 7929.85 4611.24
13 10221.56 8041.12 10220.97 8051.27 10213.02 8049.11 10204.36 8046.94 10199.52 8033.73 10184.62 8027.62 10196.37 8022.31 10188.64 8012.56 10207.20 8017.00 10209.84 8014.45 10211.21 8022.03 10219.01 8005.50 10224.85 8019.50
8 3387.74 9611.93 3361.05 9657.39 3355.14 9631.16 3358.70 9692.18 3346.10 9695.93 3326.04 9643.34 3372.57 9545.24 3417.48 9553.78
14 5678.91 8930.68 5635.35 8927.43 5617.33 8943.60 5571.57 8953.94 5554.83 8960.35 5557.16 8956.79 5568.86 8919.19 5548.87 8914.81 5563.84 8894.80 5604.66 8904.74 5596.76 8867.41 5606.72 8892.70 5645.30 8904.36 5668.58 8913.40
13 777.09 3953.29 767.27 3965.23 766.36 3957.78 738.15 3953.97 751.50 3945.01 743.44 3931.07 730.05 3919.87 735.04 3915.45 750.96 3924.61 768.32 3919.83 783.89 3899.90 817.05 3924.78 787.49 3937.59
15 1402.11 9437.85 1409.30 9455.00 1394.34 9471.31 1379.39 9477.71 1379.64 9496.49 1372.34 9494.50 1368.43 9461.75 1358.99 9468.13 1353.13 9484.44 1327.32 9488.41 1338.98 9466.37 1336.75 9364.93 1345.73 9361.57 1387.11 9358.24 1391.32 9423.97
10 9990.33 6368.44 9983.27 6387.34 9974.32 6381.62 9969.52 6344.33 9969.29 6335.65 9956.93 6316.66 9969.50 6321.02 9976.55 6321.25 9985.99 6315.46 9985.58 6341.03
14 3245.55 216.93 3226.94 243.83 3235.49 225.25 3223.19 230.23 3214.19 235.76 3211.44 208.10 3214.72 187.43 3231.50 191.26 3241.31 197.10 3242.55 188.96 3251.53 180.12 3264.71 181.20 3278.21 182.18 3291.16 192.44
6 773.42 2438.86 752.93 2413.48 785.99 2390.28 747.43 2398.53 750.77 2393.46 804.95 2361.70
9 7242.26 11706.73 7228.34 11703.41 7187.59 11712.22 7167.88 11703.90 7157.70 11684.38 7180.84 11675.32 7163.85 11667.85 7186.16 11662.36 7203.77 11642.68
6 5317.23 10576.72 5317.60 10595.00 5299.30 10469.98 5301.17 10479.54 5333.11 10476.25 5306.17 10508.55
13 8541.41 8717.05 8542.42 8733.13 8537.22 8745.13 8445.99 8716.21 8475.33 8711.94 8476.47 8707.91 8484.42 8700.40 8479.72 8695.10 8489.74 8674.32 8497.92 8691.45 8520.55 8669.93 8539.82 8693.25 8554.37 8689.85
15 3888.25 12609.53 3846.58 12605.00 3820.47 12612.58 3802.57 12675.89 3772.26 12613.69 3782.35 12603.85 3775.32 12572.27 3740.96 12549.72 3766.28 12514.42 3790.20 12532.46 3800.61 12506.51 3812.73 12502.28 3874.74 12538.23 3850.08 12563.66 3884.60 12554.18
6 10929.34 8029.48 10892.73 8033.37 10880.04 8033.04 10896.30 7999.88 10895.29 7975.25 10909.70 7920.10
12 6144.25 8929.05 6126.62 8970.70 6058.67 8972.62 6078.65 8948.00 6082.25 8938.54 6080.19 8902.53 6089.54 8908.15 6096.49 8904.22 6107.51 8870.64 6109.13 8872.25 6116.02 8917.25 6155.09 8914.41
11 205.97 2368.84 169.93 2392.92 170.31 2406.11 147.47 2379.96 94.45 2375.17 128.62 2364.64 86.90 2358.82 98.68 2330.94 135.38 2338.65 117.72 2299.23 170.65 2346.58
5 9195.26 12071.37 9156.13 12053.89 9116.85 12054.18 9141.02 11978.60 9151.83 12020.05
15 11798.52 675.79 11800.13 697.32 11779.46 684.76 11792.51 698.76 11761.81 705.97 11759.49 715.66 11753.48 697.04 11743.93 687.29 11709.23 700.30 11711.78 665.57 11741.15 661.74 11734.90 649.97 11724.36 638.80 11760.75 624.78 11795.94 647.09
5 4799.34 1316.00 4742.84 1321.28 4773.08 1281.44 4785.81 1280.20 4797.09 1305.60
10 1821.35 4221.86 1753.08 4249.47 1706.26 4242.21 1714.51 4227.85 1715.89 4224.29 1708.43 4177.49 1745.29 4178.66 1753.27 4164.08 1728.60 4101.70 1760.74 4123.34
6 11533.55 2791.15 11521.17 2749.73 11520.23 2723.64 11595.32 2701.42 11579.81 2722.59 11607.87 2709.00
7 5621.13 1291.09 5626.36 1301.40 5608.38 1324.66 5603.45 1312.96 5597.60 1313.04 5605.70 1294.96 5632.81 1272.52
13 602.15 6933.76 580.43 6918.84 572.12 6915.13 575.55 6869.68 571.50 6868.98 574.61 6867.83 550.91 6866.73 571.08 6829.42 583.94 6826.82 574.65 6805.21 612.30 6816.33 624.65 6825.30 639.09 6817.79
9 811.16 561.65 752.31 532.47 740.15 477.41 732.97 456.15 780.86 456.96 788.98 484.50 833.17 460.43 796.35 497.05 845.29 474.45
14 7897.83 6185.71 7857.74 6172.63 7884.05 6190.52 7819.83 6242.93 7784.96 6209.91 7755.05 6185.79 7740.69 6146.19 7731.55 6109.90 7775.94 6131.98 7750.36 6108.33 7741.16 6094.27 7760.57 6109.23 7811.54 6100.66 7823.54 6089.22
12 11020.60 10429.98 10976.93 10430.55 10910.38 10408.40 10886.90 10377.69 10919.53 10376.46 10941.96 10371.62 10933.57 10348.08 10936.46 10339.60 10942.56 10341.70 10938.76 10321.71 10980.07 10326.53 11027.47 10391.43
8 7237.56 7542.75 7219.52 7578.93 7181.91 7556.92 7164.49 7570.20 7102.72 7578.57 7107.01 7498.44 7204.38 7455.08 7218.16 7517.23
9 5818.88 4925.24 5777.69 4949.32 5758.10 4964.24 5750.35 4916.55 5778.86 4918.15 5762.60 4881.60 5788.77 4901.41 5790.09 4892.60 5833.24 4899.11
15 11153.24 11025.37 11135.29 11024.79 11118.21 11036.39 11121.75 11070.61 11112.71 11036.68 11107.27 11056.67 11065.80 11051.86 11067.47 11047.69 11060.85 11038.70 11037.32 11038.03 11089.31 11005.99 11065.85 10991.34 11056.30 10981.51 11113.76 10997.16 11122.28 10993.52
10 9523.91 12489.45 9523.57 12515.32 9492.50 12502.88 9455.63 12512.35 9466.40 12484.98 9477.01 12426.46 9500.35 12448.20 9524.27 12416.10 9558.96 12433.51 9557.15 12459.29
6 8250.42 7090.42 8239.04 7079.26 8194.19 7093.20 8205.75 7039.23 8213.96 7033.89 8252.10 7053.06
6 5049.37 1888.40 5028.82 1885.35 5014.83 1784.51 5051.60 1808.90 5079.15 1807.39 5110.60 1817.42
8 8523.32 6242.30 8524.75 6247.92 8468.63 6264.83 8427.85 6224.97 8492.64 6163.71 8512.49 6193.39 8527.55 6214.10 8532.19 6218.34
12 3888.93 10348.18 3863.30 10357.40 3857.73 10348.08 3849.15 10353.63 3860.08 10338.45 3850.48 10325.04 3870.63 10301.32 3883.27 10307.31 3887.76 10294.43 3891.19 10313.06 3895.64 10317.92 3906.11 10313.33
5 1690.48 9265.74 1620.69 9270.80 1649.62 9164.17 1650.79 9155.69 1733.98 9181.28
14 11715.23 3903.19 11713.06 3905.30 11683.62 3897.62 11675.20 3917.06 11672.53 3918.04 11666.92 3903.22 11678.40 3887.95 11614.28 3900.54 11651.33 3872.32 11629.96 3823.44 11643.83 3834.12 11659.77 3805.99 11692.41 3851.76 11735.09 3853.86
13 777.68 8020.41 751.37 8020.49 747.78 8039.42 736.33 8037.19 734.51 8048.84 729.28 8059.18 712.74 8060.55 686.60 8044.63 716.88 8004.85 718.72 7976.26 717.95 7965.39 742.01 7989.54 753.80 8017.67
14 7936.87 5415.45 7936.23 5416.27 7919.12 5456.89 7918.26 5420.83 7903.96 5455.20 7905.36 5441.99 7903.85 5432.20 7883.66 5408.98 7893.80 5376.31 7908.74 5364.87 7921.88 5383.38 7916.66 5338.55 7978.29 5355.67 7945.24 5386.12
11 2290.94 1037.18 2320.35 1060.07 2289.92 1042.27 2291.80 1085.46 2285.81 1069.66 2249.46 1068.47 2242.00 1032.69 2227.17 1027.25 2215.09 1026.18 2260.06 995.90 2291.44 1016.07
7 4300.83 3495.38 4256.12 3526.13 4267.15 3489.33 4246.84 3507.40 4264.49 3481.98 4234.61 3489.47 4331.35 3457.91
15 1145.29 4224.85 1074.04 4236.65 1070.69 4268.29 998.39 4258.01 998.77 4231.40 1004.44 4225.26 1038.20 4217.89 990.24 4210.13 1049.28 4183.87 1050.47 4159.81 1087.87 4171.98 1093.03 4161.07 1130.40 4147.43 1157.86 4176.96 1156.09 4201.33
10 6321.01 7862.46 6304.31 7878.43 6274.42 7827.56 6304.93 7819.84 6341.82 7782.80 6342.45 7815.30 6358.57 7812.57 6367.44 7830.04 6385.16 7826.91 6393.31 7834.05
14 9886.88 11642.62 9850.49 11643.72 9881.58 11651.51 9852.37 11655.92 9853.17 11689.92 9855.19 11698.07 9846.54 11685.19 9839.85 11702.31 9830.00 11654.16 9805.86 11670.07 9813.93 11631.14 9825.15 11585.79 9868.81 11588.09 9881.44 11611.76
6 9507.43 9122.99 9464.84 9164.05 9433.08 9097.60 9459.41 9109.50 9483.38 9107.61 9490.19 9113.54
8 3858.39 973.99 3865.69 987.07 3860.34 994.38 3839.25 979.36 3841.24 1013.41 3793.09 993.05 3805.53 976.53 3843.32 895.27
10 2297.61 10925.54 2317.75 10943.13 2288.64 10934.68 2287.64 10938.75 2279.37 10974.83 2255.89 10923.90 2276.35 10873.10 2312.79 10872.81 2292.28 10905.31 2317.91 10894.60
7 4755.15 11277.94 4772.18 11296.96 4739.85 11288.35 4739.78 11275.46 4717.87 11266.35 4718.38 11265.89 4730.38 11257.95
5 6077.92 11419.87 6045.44 11443.91 6025.09 11397.81 5964.70 11355.64 6027.47 11313.07
10 3873.85 8870.17 3849.04 8861.33 3846.49 8896.38 3841.42 8877.32 3808.21 8887.82 3823.44 8868.57 3775.95 8835.12 3811.42 8837.53 3855.68 8829.86 3874.94 8812.76
13 12330.40 1692.49 12328.92 1688.90 12309.67 1669.77 12306.21 1667.90 12315.18 1643.41 12314.80 1627.32 12315.56 1613.61 12326.73 1612.26 12343.79 1612.79 12350.23 1615.96 12344.62 1637.37 12346.18 1648.38 12337.47 1659.87
11 10345.84 1255.18 10343.17 1270.30 10305.15 1294.36 10259.94 1272.49 10265.86 1226.92 10281.34 1234.17 10280.71 1206.90 10300.42 1231.98 10303.31 1219.66 10314.38 1239.52 10320.15 1236.19
5 10093.95 8686.40 10064.68 8653.41 10080.50 8649.34 10101.32 8631.40 10113.65 8603.71
8 11252.99 7927.82 11240.06 7925.28 11245.25 7931.79 11246.88 7941.53 11248.02 7944.87 11186.44 7947.32 11190.99 7910.16 11218.85 7893.80
12 12572.62 3902.09 12577.28 3928.46 12553.08 3928.25 12540.45 3959.22 12485.93 3909.40 12506.05 3895.53 12494.95 3867.18 12514.03 3867.10 12517.48 3857.44 12531.11 3874.66 12564.25 3879.81 12621.84 3875.12
6 6735.33 6121.38 6726.20 6158.39 6689.03 6146.98 6693.93 6120.72 6704.94 6100.96 6726.74 6074.86
10 7181.90 5429.59 7130.98 5420.49 7137.24 5403.28 7154.54 5388.09 7135.82 5379.47 7151.82 5376.78 7124.27 5359.01 7141.35 5357.98 7163.99 5357.16 7175.96 5372.36
13 11559.93 11451.05 11580.96 11472.46 11549.55 11466.45 11537.09 11488.20 11538.55 11483.95 11530.17 11462.53 11531.51 11447.23 11532.27 11429.37 11539.70 11426.72 11547.46 11436.78 11552.09 11414.02 11561.75 11428.55 11572.11 11433.59
6 549.32 7939.89 510.70 7916.55 508.27 7886.07 530.62 7911.24 558.62 7908.37 559.17 7920.11
13 2736.16 1592.38 2752.95 1603.45 2761.76 1614.96 2733.96 1602.94 2725.06 1612.18 2706.98 1602.42 2671.68 1616.39 2681.20 1604.91 2671.82 1607.40 2686.13 1555.37 2710.71 1546.76 2718.54 1540.92 2741.54 1561.85
9 11252.52 5739.95 11273.90 5727.77 11248.94 5716.54 11281.75 5662.82 11302.37 5659.41 11316.30 5696.06 11312.41 5703.44 11326.38 5696.70 11351.04 5703.57
14 11596.32 10398.99 11587.58 10393.73 11580.48 10391.97 11573.33 10408.00 11538.92 10413.33 11518.26 10391.87 11539.80 10361.18 11536.31 10345.27 11516.79 10312.78 11561.45 10313.18 11560.13 10330.29 11574.92 10339.12 11571.09 10354.15 11577.64 10358.27
14 6732.05 11888.03 6707.08 11887.22 6704.23 11886.93 6700.98 11906.69 6695.06 11881.84 6692.72 11879.61 6684.82 11879.61 6681.68 11868.86 6679.88 11852.78 6701.97 11861.89 6706.17 11862.24 6722.64 11841.94 6715.27 11875.40 6735.23 11876.10
12 1309.79 9859.93 1313.59 9869.46 1290.67 9867.13 1310.21 9881.83 1238.30 9911.10 1230.10 9871.49 1235.94 9844.37 1237.81 9833.29 1207.06 9791.94 1228.24 9801.80 1222.52 9792.56 1233.26 9775.39
9 10386.35 9406.03 10363.03 9405.21 10349.97 9439.43 10337.39 9447.37 10319.01 9442.23 10305.46 9405.94 10298.84 9377.12 10326.06 9351.41 10366.64 9356.23
5 968.34 10985.29 900.21 10981.48 866.03 10897.27 898.30 10914.48 945.10 10888.63
12 430.16 2656.66 379.85 2710.20 399.90 2657.94 392.96 2658.22 368.76 2669.65 367.57 2645.14 406.16 2592.67 407.73 2586.99 417.48 2557.44 412.68 2619.90 413.91 2616.71 423.50 2580.88
14 8773.80 323.21 8760.71 333.77 8738.33 288.56 8712.64 326.72 8710.24 296.93 8687.73 312.90 8709.64 293.40 8682.30 263.61 8742.74 181.46 8755.05 179.81 8766.47 244.57 8799.59 226.42 8766.34 249.02 8800.59 249.37
15 4201.82 9987.46 4193.17 10013.68 4183.51 10031.78 4166.73 10041.89 4138.71 10025.41 4146.97 10001.97 4128.26 10002.98 4105.03 9990.58 4107.44 9984.07 4130.83 9979.19 4134.24 9961.63 4151.52 9919.89 4156.67 9961.75 4189.18 9972.65 4187.23 9976.02
9 7593.88 2724.65 7561.12 2709.37 7475.45 2735.76 7479.59 2703.54 7525.73 2623.71 7530.41 2626.78 7585.62 2611.51 7587.97 2657.60 7607.01 2658.71
14 11482.52 10640.38 11463.99 10639.78 11504.10 10667.45 11465.86 10647.76 11460.42 10644.95 11456.78 10645.38 11438.54 10687.76 11431.84 10670.92 11418.71 10662.12 11435.15 10638.79 11415.78 10633.28 11418.31 10609.57 11512.59 10621.68 11472.85 10630.76
7 8441.20 2931.27 8425.74 2940.61 8403.57 2927.94 8385.73 2920.60 8397.57 2884.18 8430.52 2909.33 8452.27 2915.12
13 5594.56 4671.98 5549.17 4645.67 5540.93 4637.25 5511.75 4656.33 5518.50 4642.46 5507.69 4640.81 5496.59 4610.74 5463.28 4596.94 5524.26 4556.16 5539.91 4603.16 5545.63 4591.00 5604.53 4607.02 5572.45 4614.83
8 4356.89 5493.37 4317.47 5505.07 4269.11 5500.11 4268.46 5482.14 4258.81 5443.37 4298.83 5459.71 4307.46 5450.30 4318.20 5474.15
9 4969.54 10462.66 4917.39 10484.02 4891.47 10517.72 4923.54 10462.74 4896.47 10380.59 4971.59 10413.65 4979.84 10418.45 4955.34 10440.48 5015.39 10441.67
13 3256.63 741.37 3233.31 732.85 3221.99 724.64 3189.74 700.53 3215.29 708.62 3220.63 680.95 3229.87 693.95 3232.40 700.99 3269.37 687.88 3244.11 712.20 3252.21 710.96 3240.67 714.81 3256.63 714.99
6 4715.73 7135.62 4656.45 7112.42 4704.11 7081.27 4707.45 7095.76 4748.00 7080.74 4723.00 7111.27
8 2116.25 10900.76 2130.26 10917.71 2095.29 10915.27 2071.31 10916.84 2045.35 10905.92 2024.25 10877.60 2090.58 10882.63 2110.73 10890.16
13 1241.50 10783.57 1241.54 10788.04 1249.45 10794.51 1243.22 10792.84 1226.15 10800.16 1211.56 10822.08 1196.93 10792.83 1146.51 10765.85 1177.03 10743.01 1171.47 10736.85 1171.73 10726.58 1186.81 10738.89 1263.41 10745.94
15 6491.17 3621.61 6451.86 3612.95 6458.28 3621.54 6350.41 3597.16 6364.38 3580.69 6367.02 3554.17 6388.85 3563.03 6347.69 3523.49 6380.66 3547.29 6402.18 3534.10 6415.24 3486.06 6416.02 3490.95 6445.99 3514.13 6457.49 3538.43 6439.77 3576.23
11 5118.53 12368.41 5089.95 12354.43 5072.92 12350.77 5051.24 12334.18 5066.00 12322.92 5016.72 12306.35 5054.03 12311.49 5067.79 12291.93 5070.54 12289.36 5078.42 12290.31 5109.92 12326.87
10 1010.23 10653.39 964.75 10694.66 964.64 10702.83 959.57 10703.23 941.90 10673.25 921.03 10685.09 937.17 10657.03 927.00 10616.44 960.32 10637.26 968.24 10636.04
13 5552.49 5155.43 5548.92 5180.58 5519.58 5193.27 5505.04 5172.94 5477.74 5163.75 5458.50 5197.09 5450.87 5172.06 5450.56 5089.82 5502.80 5112.70 5509.75 5115.24 5515.32 5109.91 5542.76 5090.50 5530.61 5118.11
12 8968.22 11597.50 8969.64 11603.30 8983.19 11624.99 8958.38 11615.71 8955.73 11609.86 8943.89 11591.09 8945.80 11591.17 8915.24 11577.19 8967.28 11562.63 8972.56 11548.30 8979.04 11576.99 8998.80 11572.09
10 1170.14 3090.01 1094.95 3096.28 1119.03 3139.31 1081.06 3098.51 1061.17 3125.92 1063.72 3080.66 1017.77 3041.79 1094.27 3036.67 1114.65 3033.33 1140.43 3029.32
10 5202.53 1969.95 5195.80 1963.71 5191.37 1977.30 5185.79 1979.23 5180.30 1972.21 5162.07 2000.41 5132.16 2011.32 5160.57 1940.93 5144.46 1896.77 5234.90 1932.11
6 987.45 11721.55 1026.20 11760.49 922.61 11753.78 922.92 11714.14 957.73 11641.61 998.45 11710.90
10 7355.81 11395.71 7339.14 11396.55 7323.62 11381.38 7296.64 11379.96 7281.88 11363.80 7307.95 11362.38 7289.98 11328.76 7333.53 11356.26 7352.72 11349.23 7359.50 11348.95
11 8171.13 2171.73 8152.61 2160.72 8164.98 2190.34 8131.93 2203.67 8121.02 2220.00 8082.38 2200.78 8089.64 2168.23 8112.53 2100.04 8139.98 2077.82 8149.51 2107.48 8190.02 2090.77
8 4136.87 703.22 4096.86 704.30 4077.91 651.88 4033.22 644.24 4112.06 586.53 4110.89 608.80 4155.58 627.47 4164.27 634.42
5 11307.41 6674.96 11266.72 6717.70 11208.31 6600.90 11269.85 6562.60 11281.73 6612.64
9 3854.29 2732.91 3854.43 2732.97 3857.05 2741.07 3839.42 2743.90 3835.52 2763.54 3830.78 2776.48 3813.44 2763.57 3792.25 2760.01 3792.58 2723.38
13 10802.38 12158.22 10756.96 12134.43 10760.72 12144.43 10698.82 12156.99 10691.09 12136.77 10713.94 12075.45 10729.84 12097.47 10737.44 12087.33 10738.92 12082.71 10748.65 12053.04 10773.20 12060.82 10787.86 12069.05 10773.66 12113.99
13 3619.99 5016.98 3617.87 5028.25 3621.86 5042.43 3570.60 5020.54 3576.13 5017.19 3593.93 5007.51 3593.19 5003.94 3574.49 4998.14 3568.75 4987.49 3596.81 4996.52 3603.02 4991.22 3601.69 4982.66 3635.21 4989.18
10 5721.28 11994.85 5714.20 12000.67 5696.91 12063.28 5661.89 12036.04 5623.21 12023.51 5611.55 12032.81 5624.72 11951.95 5638.34 11931.29 5716.12 11917.33 5724.50 11970.20
15 4487.07 797.64 4447.51 772.53 4432.60 761.20 4422.94 757.51 4427.22 750.68 4411.52 739.15 4415.22 738.65 4433.90 745.97 4431.36 741.99 4435.69 737.88 4444.40 743.01 4486.47 715.75 4480.31 737.12 4478.02 740.61 4495.09 736.67
13 8209.09 2690.92 8188.62 2678.13 8140.28 2713.11 8120.24 2674.04 8101.56 2679.01 8157.49 2643.17 8121.81 2611.54 8126.41 2592.38 8173.05 2623.94 8171.09 2568.85 8177.88 2602.24 8209.97 2608.36 8210.42 2636.02
12 8628.09 684.60 8615.36 706.21 8589.65 689.12 8607.88 728.01 8555.63 690.73 8528.63 701.73 8527.97 675.54 8555.86 675.24 8540.82 667.92 8554.03 660.38 8543.72 648.39 8578.65 646.19
7 4395.10 7512.03 4387.26 7523.63 4383.75 7502.85 4375.82 7513.87 4377.36 7498.92 4370.99 7509.76 4395.67 7452.06
9 12042.20 10357.18 12009.68 10388.64 12011.70 10363.51 12008.97 10358.62 11987.51 10328.47 11988.93 10314.57 12015.21 10323.43 12076.79 10328.69 12077.26 10333.48
7 6340.61 10282.62 6327.93 10282.00 6316.51 10274.89 6294.63 10282.88 6276.08 10288.55 6324.09 10230.98 6358.07 10233.76
7 1215.76 2102.15 1177.66 2081.55 1191.33 2054.87 1207.13 2047.60 1208.43 2056.25 1229.11 2053.54 1238.52 2074.26
9 2436.07 3546.58 2403.42 3563.80 2409.46 3545.67 2416.08 3534.96 2409.70 3533.10 2404.41 3523.14 2406.47 3476.19 2419.27 3485.33 2450.32 3507.09
9 6349.51 12603.45 6344.34 12624.76 6343.09 12611.31 6334.82 12637.10 6303.48 12625.13 6295.73 12588.18 6274.44 12585.41 6307.97 12573.49 6355.05 12553.78
8 11957.87 2895.12 11937.17 2918.29 11923.89 2914.46 11894.84 2911.66 11874.17 2920.85 11869.67 2910.82 11876.77 2894.58 11904.54 2863.60
12 9807.40 2368.98 9796.64 2334.33 9794.75 2340.10 9791.17 2333.80 9785.62 2307.04 9746.60 2316.70 9720.13 2328.20 9715.42 2304.43 9760.38 2287.39 9774.76 2274.35 9784.40 2267.07 9877.48 2225.63
8 4760.72 6389.61 4757.37 6422.42 4765.15 6430.05 4749.45 6435.07 4745.17 6428.02 4701.23 6339.06 4743.84 6328.62 4765.19 6360.85
14 1523.86 279.55 1550.93 326.22 1522.97 300.73 1542.55 336.18 1477.30 316.93 1484.79 277.04 1480.85 273.44 1486.91 269.01 1473.89 253.34 1473.40 240.77 1528.89 218.07 1525.38 228.02 1578.35 243.08 1529.94 267.57
6 6492.77 6502.46 6529.37 6532.91 6466.00 6509.13 6454.35 6503.27 6444.17 6496.96 6492.99 6457.26
12 9407.63 10049.77 9364.77 10060.76 9362.68 10047.80 9356.68 10031.08 9315.67 10049.18 9352.95 10021.24 9322.04 10038.53 9342.62 10021.31 9334.40 10007.58 9351.22 9961.17 9372.39 9967.35 9397.14 9992.27
9 1860.61 9380.75 1907.90 9413.17 1843.89 9435.08 1783.47 9393.86 1767.31 9394.90 1833.20 9312.60 1903.18 9333.51 1877.78 9366.22 1894.72 9369.19
9 9958.35 317.97 9907.10 330.30 9912.17 372.15 9848.09 337.92 9848.81 237.24 9871.79 264.07 9894.30 264.92 9922.53 231.47 9931.96 246.14
7 1453.55 2948.12 1411.98 2961.95 1359.63 2936.67 1330.85 2917.27 1338.45 2876.66 1386.38 2843.01 1425.46 2909.97
12 8490.71 12403.26 8483.35 12419.93 8476.72 12419.98 8466.08 12435.89 8460.04 12426.69 8433.02 12432.76 8467.27 12396.16 8447.07 12393.00 8434.09 12388.47 8432.99 12382.48 8506.65 12375.37 8510.08 12379.68
8 5241.66 6556.12 5226.56 6539.61 5199.76 6533.24 5223.42 6499.48 5240.50 6509.74 5250.30 6469.82 5267.96 6497.05 5261.79 6514.23
9 10566.23 4443.75 10562.08 4456.69 10498.04 4499.79 10495.25 4454.81 10491.48 4446.85 10488.44 4403.47 10527.16 4426.33 10553.93 4416.26 10562.19 4422.02
7 12140.42 4917.51 12129.07 4926.81 12055.35 4937.22 12063.26 4908.81 12064.07 4897.44 12088.54 4892.34 12114.51 4903.20
9 1566.19 6156.65 1498.36 6194.82 1499.39 6150.14 1486.05 6123.85 1446.75 6090.49 1476.78 6097.24 1509.57 6100.02 1522.83 6062.91 1539.47 6104.05
12 10776.81 9276.84 10735.34 9259.12 10766.96 9314.57 10683.79 9285.35 10680.70 9283.76 10662.33 9269.99 10631.40 9207.54 10648.81 9210.68 10669.63 9198.32 10696.21 9210.30 10708.92 9213.47 10740.79 9213.37
14 7450.98 1608.89 7463.18 1618.34 7423.43 1621.94 7405.05 1644.62 7403.03 1608.71 7379.88 1614.22 7359.67 1607.94 7394.16 1548.85 7412.85 1581.85 7442.76 1580.82 7438.46 1586.39 7444.15 1591.72 7456.91 1585.62 7452.18 1589.19
5 11978.88 6642.66 11974.26 6597.07 12019.28 6613.80 12026.13 6621.15 12051.14 6627.90
8 4754.74 1190.68 4712.98 1191.25 4694.70 1205.05 4703.35 1152.59 4725.71 1162.77 4752.08 1152.68 4739.98 1168.44 4761.27 1163.77
5 9101.96 11631.37 9058.07 11535.36 9109.73 11552.00 9100.61 11580.71 9130.26 11565.21
13 11276.65 9910.30 11270.20 9909.12 11252.94 9939.12 11224.48 9893.86 11221.94 9893.61 11239.82 9891.14 11220.76 9855.61 11213.56 9843.77 11253.13 9822.37 11294.52 9851.82 11304.06 9861.54 11332.74 9840.20 11296.14 9875.39
13 9686.38 1699.21 9698.82 1701.24 9717.46 1715.03 9679.22 1734.99 9632.17 1744.39 9647.30 1717.75 9622.65 1732.72 9638.15 1704.48 9643.44 1694.47 9662.36 1646.39 9665.70 1657.41 9693.22 1663.73 9722.97 1643.25
13 6597.49 9876.13 6548.17 9901.99 6514.66 9949.16 6496.10 9909.57 6494.17 9872.35 6432.86 9854.27 6486.20 9860.20 6448.49 9825.65 6468.52 9833.52 6492.10 9847.46 6531.80 9810.69 6529.02 9824.02 6545.46 9849.86
6 11971.20 704.15 11864.27 678.76 11912.21 614.54 11904.96 645.60 11924.41 664.77 11926.02 670.64
15 3270.04 9467.48 3152.39 9493.20 3185.92 9455.12 3183.41 9450.45 3148.49 9437.03 3131.40 9425.37 3185.19 9434.61 3182.71 9395.82 3197.32 9431.16 3195.66 9408.20 3203.49 9414.71 3235.32 9411.60 3237.73 9417.01 3258.57 9414.85 3242.22 9439.38
9 7612.70 9414.43 7598.05 9402.92 7609.19 9382.32 7597.68 9374.60 7563.87 9376.27 7564.07 9364.56 7659.33 9283.59 7680.35 9299.51 7679.00 9313.80
13 9762.20 9205.38 9764.68 9232.59 9737.39 9229.61 9715.92 9222.74 9676.26 9206.85 9695.96 9203.01 9691.37 9169.29 9722.82 9191.95 9724.14 9174.87 9735.75 9191.18 9736.75 9181.58 9767.95 9175.06 9789.11 9177.71
10 8973.13 5036.33 8963.34 5019.45 8918.33 4964.26 8946.44 4926.51 8945.65 4904.60 8988.12 4912.77 9025.96 4928.19 9043.18 4921.54 9028.75 4935.90 9006.71 4956.35
8 11245.84 3149.96 11244.18 3148.40 11192.16 3125.70 11183.81 3122.35 11184.03 3091.61 11172.80 3065.75 11253.87 3033.94 11243.47 3074.38
12 10447.50 4690.79 10448.95 4693.10 10401.90 4667.69 10402.69 4638.40 10403.38 4630.02 10410.20 4632.71 10410.01 4623.25 10417.45 4638.25 10419.97 4645.95 10425.41 4649.15 10443.86 4656.97 10437.63 4658.77
11 11928.30 8473.87 11945.91 8488.09 11903.65 8478.24 11865.10 8500.35 11835.06 8450.79 11887.88 8437.90 11890.08 8431.82 11898.99 8434.67 11924.30 8407.13 11939.15 8429.67 11946.91 8434.20
9 6151.87 4536.72 6139.28 4574.15 6111.05 4541.22 6063.76 4550.55 6086.94 4523.82 6085.72 4507.09 6098.88 4492.37 6111.18 4498.46 6140.85 4520.08
12 8744.82 9091.49 8742.75 9098.98 8698.91 9103.68 8663.63 9136.68 8648.35 9067.96 8698.26 9065.56 8701.96 9032.09 8712.31 9064.75 8732.90 9022.07 8726.57 9060.35 8747.77 9024.43 8749.91 9027.91
13 4061.92 4244.72 4044.31 4247.42 4039.47 4264.78 4049.41 4291.56 4005.01 4291.91 3978.56 4295.77 4006.22 4261.52 3986.64 4273.89 3988.56 4262.97 3984.64 4229.21 4050.10 4205.70 4075.84 4201.69 4047.43 4241.44
5 9079.55 4369.40 9032.47 4367.76 9050.80 4329.54 9052.35 4332.28 9076.28 4330.77
15 12545.89 1967.43 12549.20 1998.47 12520.54 2008.25 12503.82 1992.29 12487.80 1987.19 12473.56 1985.88 12460.72 2005.17 12439.82 2025.72 12426.75 1978.05 12445.51 1971.84 12442.28 1970.15 12451.44 1943.43 12467.84 1926.19 12515.91 1933.48 12550.67 1964.69
9 7259.01 1037.63 7247.64 1045.93 7258.87 981.21 7257.68 971.87 7283.12 972.83 7299.13 1021.61 7330.85 1019.23 7331.64 1020.92 7291.90 1023.29
13 6550.71 9153.63 6510.39 9146.57 6502.25 9159.75 6490.02 9149.74 6469.56 9155.07 6465.65 9148.59 6456.49 9144.68 6462.97 9078.36 6486.93 9102.60 6503.70 9106.55 6540.67 9092.56 6530.30 9101.04 6507.29 9125.84
10 8136.03 9137.11 8159.24 9143.72 8120.01 9139.10 8125.76 9147.36 8083.14 9181.43 8081.99 9159.02 8046.10 9143.57 8096.68 9113.17 8115.95 9105.78 8113.35 9120.25
7 6128.08 3624.59 6104.72 3625.19 6119.36 3603.84 6095.09 3580.48 6102.01 3558.02 6145.78 3572.68 6141.06 3585.13
7 4561.43 11637.82 4547.77 11628.22 4520.88 11648.96 4480.79 11649.92 4480.31 11637.33 4531.43 11559.45 4574.20 11562.14
9 10421.20 8180.83 10428.92 8186.96 10429.99 8190.99 10425.28 8209.86 10374.59 8175.50 10398.58 8172.36 10388.97 8147.42 10401.31 8148.28 10412.95 8146.36
15 12564.73 245.79 12578.84 262.60 12566.42 254.89 12549.98 242.07 12551.12 248.24 12571.61 274.09 12537.25 239.60 12554.99 289.91 12487.29 242.27 12511.04 206.27 12501.43 195.05 12499.28 173.91 12524.85 194.46 12550.24 175.15 12590.52 192.32
13 9651.17 2193.87 9606.16 2181.12 9603.28 2171.48 9585.31 2170.04 9590.12 2167.01 9591.52 2158.16 9584.71 2153.42 9573.30 2143.70 9588.78 2149.05 9596.89 2129.64 9598.09 2114.10 9638.87 2120.03 9645.62 2123.11
10 7909.84 6356.47 7906.98 6376.31 7888.15 6365.75 7866.16 6367.92 7854.48 6378.20 7852.12 6379.39 7827.69 6360.74 7867.64 6330.77 7904.65 6327.96 7883.06 6353.39
5 12595.29 10465.49 12596.75 10488.55 12546.66 10479.02 12492.15 10436.96 12566.18 10426.85
12 4539.17 12355.79 4479.49 12362.05 4484.12 12394.83 4483.20 12392.80 4395.68 12376.69 4399.91 12367.86 4459.09 12293.31 4475.09 12324.10 4489.64 12295.66 4485.86 12312.21 4531.66 12307.10 4501.69 12335.21
11 11336.92 10685.49 11329.51 10713.43 11298.72 10680.71 11291.58 10727.10 11235.92 10695.89 11260.92 10658.05 11268.14 10651.26 11250.12 10627.22 11296.86 10627.49 11315.35 10617.96 11351.80 10633.34
9 7741.77 3144.85 7739.83 3111.02 7741.60 3109.55 7719.23 3061.71 7776.86 3094.21 7813.10 3066.95 7784.76 3099.67 7826.01 3094.74 7814.66 3099.46
12 3831.81 12110.48 3861.03 12120.46 3803.55 12111.89 3805.14 12145.91 3792.05 12167.57 3782.86 12126.84 3759.74 12140.25 3768.79 12121.45 3752.50 12114.21 3775.15 12101.90 3766.16 12092.38 3763.61 12084.31
6 6003.76 6444.86 5932.25 6471.84 5938.78 6449.64 5929.33 6435.09 5911.66 6380.05 5972.52 6392.31
11 12424.05 9803.12 12439.92 9823.63 12422.31 9811.84 12400.28 9810.23 12360.75 9841.84 12380.71 9789.43 12359.88 9772.28 12362.46 9758.53 12401.00 9759.03 12426.06 9779.81 12432.55 9787.68
5 7573.79 926.21 7539.70 911.58 7546.67 900.42 7542.83 873.33 7568.96 881.92
5 8952.07 6677.35 8907.34 6652.94 8930.19 6632.51 8964.44 6555.69 8985.47 6577.82
6 8719.75 1981.65 8664.53 1950.45 8675.01 1914.49 8679.60 1914.46 8713.11 1901.96 8738.57 1925.02
11 9019.30 3045.57 9035.34 3072.29 9004.78 3067.30 8963.65 3090.74 8970.54 3061.05 8971.21 3052.44 8943.93 2987.23 8957.17 2986.83 9027.95 3013.66 9044.16 3012.83 9054.48 3022.57
14 400.65 11679.76 445.77 11712.33 442.82 11732.17 388.51 11736.79 355.48 11746.26 360.73 11712.30 357.97 11689.92 343.78 11688.96 358.74 11680.06 322.82 11662.74 337.03 11647.63 382.45 11627.03 386.87 11603.83 392.86 11656.42
9 11921.13 6097.05 11948.92 6109.19 11917.98 6128.97 11870.53 6104.83 11879.34 6082.17 11888.92 6063.89 11912.41 6077.06 11949.47 6079.27 11925.53 6087.79
14 10340.51 6713.56 10352.84 6725.94 10311.35 6691.27 10333.71 6717.07 10278.91 6692.82 10244.35 6710.64 10236.47 6682.02 10258.42 6672.37 10277.72 6662.55 10239.84 6626.33 10274.61 6642.49 10303.20 6625.77 10330.56 6635.41 10327.17 6661.05
7 6161.48 1267.37 6140.45 1275.77 6084.53 1265.24 6094.73 1254.99 6155.51 1219.53 6160.78 1233.96 6161.55 1250.79
7 1294.33 12194.76 1310.65 12209.28 1293.64 12203.43 1251.27 12160.42 1271.53 12164.90 1298.35 12148.42 1294.71 12168.75
9 7342.75 8131.02 7345.86 8150.17 7315.45 8143.26 7301.61 8133.13 7311.25 8127.59 7291.38 8108.57 7317.95 8090.30 7322.90 8118.71 7336.36 8105.18
13 1253.82 11040.56 1226.65 11023.53 1229.31 11041.50 1222.56 11013.73 1140.42 10969.99 1208.52 10979.37 1203.21 10949.27 1209.06 10957.28 1217.45 10960.78 1218.79 10968.52 1225.82 10969.17 1249.12 10942.96 1276.62 10987.66
8 10258.42 5216.13 10253.84 5233.86 10233.61 5196.03 10203.15 5160.53 10220.06 5137.50 10226.41 5142.68 10230.86 5134.08 10257.62 5179.87
13 12705.23 6981.55 12633.46 6993.33 12618.85 7013.23 12616.02 7031.14 12587.32 7003.25 12590.57 6992.22 12558.76 6990.82 12590.35 6954.69 12611.84 6942.09 12621.50 6905.73 12653.92 6933.20 12674.29 6918.24 12669.25 6967.52
8 10229.81 4258.58 10218.09 4261.10 10180.46 4253.41 10149.91 4258.71 10136.09 4235.09 10209.25 4219.37 10245.08 4228.53 10209.37 4235.42
10 6198.39 1868.50 6146.52 1878.88 6140.55 1807.90 6148.68 1797.15 6156.92 1798.13 6194.51 1795.99 6192.80 1807.89 6210.88 1797.07 6203.39 1817.98 6193.51 1824.89
12 2252.51 8282.45 2257.98 8290.23 2246.52 8323.73 2244.73 8337.57 2208.73 8299.06 2206.29 8285.39 2191.24 8266.29 2187.77 8264.01 2208.03 8207.22 2260.17 8219.44 2248.58 8262.06 2271.80 8265.84
6 12571.98 8264.29 12570.65 8268.83 12525.34 8205.03 12512.78 8139.69 12559.28 8138.04 12581.60 8166.42
13 6110.62 4762.11 6089.79 4759.85 6094.05 4771.43 6070.87 4774.63 6067.21 4763.58 6062.27 4736.38 6041.52 4747.46 6042.82 4740.34 6055.52 4724.74 6023.38 4694.77 6051.66 4710.28 6052.38 4706.80 6068.68 4688.06
13 7085.50 5247.57 7076.62 5250.85 7086.85 5256.77 7082.67 5278.86 7063.56 5295.59 7024.90 5269.35 7039.18 5246.19 7030.60 5236.71 7050.33 5237.41 7096.66 5223.19 7072.15 5237.80 7085.91 5230.83 7101.13 5241.92
15 4273.84 8913.91 4270.63 8921.51 4270.17 8944.05 4259.93 8929.67 4225.95 8918.13 4248.88 8910.09 4212.26 8895.62 4235.86 8900.12 4226.23 8886.38 4221.37 8876.05 4241.32 8872.76 4271.39 8893.56 4280.84 8896.08 4302.55 8891.65 4302.92 8901.48
9 2568.03 7158.07 2543.70 7145.82 2532.55 7151.19 2501.33 7121.59 2527.00 7121.45 2470.30 7099.10 2516.96 7078.10 2543.15 7029.65 2629.03 7105.91
6 9500.80 2465.48 9459.19 2463.04 9405.52 2409.22 9456.83 2427.39 9461.53 2421.84 9500.06 2408.69
7 3001.17 8503.15 2979.89 8517.68 2932.55 8505.73 2946.88 8472.12 2958.06 8448.32 2975.01 8469.70 2998.90 8471.07
6 8677.00 5838.72 8680.53 5790.88 8681.33 5789.33 8685.95 5758.04 8697.55 5776.39 8719.28 5747.55
15 11039.61 1812.66 11047.15 1817.48 11068.67 1830.40 11068.35 1866.28 11052.96 1848.38 11012.72 1826.63 11005.11 1817.76 10998.08 1769.42 11017.63 1787.40 11042.02 1765.14 11050.62 1752.56 11059.48 1773.94 11070.17 1763.13 11085.86 1769.98 11056.15 1801.39
9 1737.87 11354.31 1736.17 11402.48 1707.18 11365.24 1697.77 11372.91 1687.85 11379.42 1654.26 11401.59 1662.01 11343.55 1659.51 11325.96 1674.36 11326.85
12 5468.79 7621.80 5465.09 7621.08 5455.51 7625.14 5418.78 7625.30 5430.19 7609.78 5439.28 7608.65 5421.74 7590.43 5428.85 7592.63 5445.25 7595.71 5459.43 7578.28 5460.69 7570.76 5489.04 7568.39
7 10981.81 2928.48 10986.59 2942.90 10941.94 2902.43 10959.12 2817.84 10956.33 2841.61 10978.78 2846.26 10985.88 2862.42
10 3818.52 5970.69 3803.92 5974.29 3802.53 5966.44 3792.59 6009.84 3795.10 5990.96 3787.61 5976.82 3753.92 5947.99 3787.97 5941.33 3792.89 5908.81 3835.91 5913.59
10 11600.38 3931.36 11592.24 3926.46 11540.23 3913.46 11528.17 3954.71 11472.94 3888.46 11473.92 3873.87 11536.70 3813.00 11545.87 3832.90 11585.48 3860.87 11584.19 3881.06
10 11179.34 397.48 11182.57 412.81 11135.44 417.56 11133.43 401.05 11097.49 388.19 11116.51 368.33 11103.85 351.88 11139.66 342.96 11179.41 314.57 11173.99 341.94
8 9381.08 3283.56 9353.60 3270.13 9319.70 3227.04 9336.37 3225.37 9333.32 3167.69 9346.30 3180.70 9372.02 3204.62 9414.71 3195.67
5 257.62 9874.62 248.41 9871.22 203.08 9874.59 219.14 9814.91 255.51 9838.17
8 8565.71 297.81 8542.54 301.54 8518.78 287.88 8471.95 305.57 8488.47 226.08 8540.71 190.50 8557.40 212.86 8544.84 243.82
9 7124.77 6414.37 7147.48 6429.17 7128.73 6422.94 7109.71 6437.32 7098.54 6449.80 7094.78 6409.70 7102.43 6391.55 7105.36 6391.30 7142.66 6400.73
13 4320.54 11103.97 4315.65 11113.86 4284.40 11135.93 4277.64 11126.02 4275.75 11130.20 4261.34 11139.61 4270.80 11077.86 4277.53 11068.24 4298.48 11066.60 4295.72 11085.48 4304.86 11088.09 4334.95 11083.73 4331.01 11098.76
5 514.91 6459.31 494.28 6451.34 452.56 6458.05 504.56 6425.55 543.01 6427.01
8 1996.25 12235.14 1984.62 12240.67 1944.20 12252.61 1944.40 12251.81 1932.98 12223.10 1933.36 12220.56 1916.67 12200.05 1923.47 12194.19
8 3866.56 6390.24 3833.96 6390.80 3828.44 6423.34 3805.30 6423.76 3768.40 6432.16 3762.64 6378.10 3774.61 6368.23 3840.79 6368.53
11 5086.34 5497.08 5091.09 5520.62 5071.43 5497.48 5037.95 5505.67 5022.46 5514.56 5031.63 5489.40 5048.76 5488.14 5057.10 5459.36 5078.97 5478.18 5108.57 5476.56 5075.26 5488.13
10 6350.53 2982.55 6345.44 2985.46 6322.84 2988.51 6311.44 2958.21 6305.82 2968.31 6292.84 3013.51 6262.55 2918.39 6300.73 2926.82 6338.94 2931.64 6354.32 2938.76
8 8588.77 11077.84 8561.74 11075.63 8579.86 11095.09 8551.98 11088.50 8513.90 11119.06 8532.17 11060.52 8524.29 11037.41 8574.65 11063.82
10 679.73 4523.96 691.97 4535.21 680.18 4534.31 680.14 4535.67 665.95 4532.88 656.92 4564.06 631.08 4508.03 652.43 4510.69 670.91 4484.72 664.34 4512.77
15 2348.93 9656.28 2337.73 9715.94 2330.29 9660.40 2322.36 9700.74 2289.31 9720.68 2286.16 9659.55 2242.91 9668.84 2234.75 9634.16 2311.97 9626.77 2294.73 9612.55 2315.81 9573.12 2330.14 9600.30 2377.61 9554.97 2350.20 9603.01 2373.26 9599.13
12 11326.45 9238.88 11313.28 9232.02 11319.03 9262.61 11303.85 9227.70 11273.68 9244.72 11276.20 9236.89 11292.98 9226.01 11279.03 9198.56 11289.37 9203.41 11338.36 9198.73 11340.13 9198.73 11317.78 9213.86
5 1673.45 1993.26 1663.73 1968.10 1706.29 1934.90 1756.38 1886.33 1782.69 1941.64
13 5881.57 1362.06 5842.51 1391.96 5785.76 1385.35 5785.37 1383.63 5781.63 1390.09 5761.51 1420.12 5781.60 1367.44 5706.42 1328.99 5740.84 1281.37 5790.60 1323.62 5807.69 1265.75 5819.06 1278.92 5830.98 1332.71
11 12348.74 12161.76 12319.79 12163.03 12332.01 12168.66 12277.64 12196.59 12268.36 12183.73 12274.79 12153.29 12250.55 12145.32 12292.56 12123.64 12304.51 12143.70 12334.11 12122.10 12321.79 12151.39
7 6715.89 696.28 6711.50 691.87 6640.71 582.26 6646.59 571.17 6659.71 603.91 6665.55 619.71 6707.56 604.61
11 2743.77 4253.05 2685.81 4254.64 2643.31 4223.10 2652.69 4216.57 2645.69 4210.19 2626.59 4187.46 2699.28 4172.72 2702.58 4125.58 2709.29 4168.58 2712.25 4162.40 2721.90 4195.90
8 9252.00 518.38 9151.60 565.68 9163.65 487.92 9189.95 469.92 9186.27 444.35 9227.35 465.50 9223.98 477.52 9246.91 471.42
10 9353.61 12242.28 9350.02 12269.93 9291.28 12291.95 9292.11 12276.99 9283.92 12255.63 9263.89 12256.12 9255.13 12251.53 9270.48 12208.84 9325.44 12192.63 9308.96 12228.95
8 3080.34 8512.51 3111.21 8529.60 3074.35 8514.61 3083.73 8535.92 3075.40 8567.27 3046.96 8542.17 3011.17 8506.87 3042.69 8488.47
15 11425.74 9662.27 11384.36 9653.56 11394.33 9665.69 11417.28 9680.64 11401.41 9677.27 11416.75 9696.27 11361.23 9664.95 11335.13 9695.35 11334.70 9678.26 11351.34 9651.75 11367.45 9600.41 11372.95 9622.13 11387.68 9601.93 11387.75 9607.56 11376.46 9637.19
5 218.94 12232.96 188.65 12235.41 176.24 12245.30 142.55 12252.48 199.45 12197.74
10 3362.94 11286.52 3280.05 11286.28 3256.68 11306.66 3259.18 11269.90 3247.75 11246.62 3257.74 11250.39 3240.57 11216.60 3247.79 11185.98 3271.44 11198.38 3328.77 11231.42
11 1181.50 7318.96 1194.63 7336.42 1133.20 7368.76 1112.72 7348.14 1105.06 7355.27 1093.22 7343.18 1121.92 7254.78 1136.02 7244.82 1192.99 7278.84 1190.10 7281.46 1166.81 7299.84
10 10943.39 12030.99 10882.73 12043.06 10857.71 12031.33 10800.59 12066.96 10824.32 12037.08 10838.40 11970.08 10843.15 11948.09 10888.75 11997.99 10910.37 11985.45 10942.20 11971.53
11 4127.14 4181.09 4066.91 4176.76 4027.96 4173.41 4048.44 4126.93 4010.67 4097.58 4062.80 4126.56 4061.81 4088.55 4119.40 4061.94 4129.79 4071.55 4126.73 4087.66 4142.39 4125.52
12 1566.23 4187.15 1531.74 4198.37 1522.59 4221.65 1508.79 4209.98 1473.53 4227.72 1471.20 4214.21 1476.31 4192.74 1458.50 4189.89 1450.25 4182.09 1490.31 4144.37 1481.47 4110.78 1487.47 4104.86
9 4506.76 1186.62 4472.47 1187.12 4478.08 1161.42 4474.27 1136.87 4485.63 1134.16 4501.13 1138.29 4509.08 1145.65 4496.58 1158.83 4511.20 1147.66
11 12402.62 4945.36 12414.89 4986.68 12396.16 4993.04 12339.65 4950.99 12357.32 4928.74 12346.86 4898.22 12372.25 4912.63 12350.57 4894.90 12370.74 4908.81 12374.41 4873.59 12410.94 4904.19
8 4220.60 3512.52 4201.02 3522.42 4195.12 3508.42 4159.39 3536.41 4161.02 3470.88 4170.99 3475.94 4191.53 3472.80 4208.19 3477.13
11 5785.21 6535.71 5787.20 6538.16 5721.18 6572.84 5701.87 6570.05 5675.22 6505.91 5703.69 6522.52 5694.01 6504.82 5705.82 6463.18 5720.57 6498.33 5734.66 6489.76 5760.86 6530.73
10 9109.25 8687.33 9110.28 8665.62 9091.56 8657.17 9062.86 8642.45 9110.08 8634.59 9115.21 8636.87 9130.18 8560.76 9196.80 8578.43 9194.99 8608.97 9186.40 8620.92
7 1769.39 1318.83 1755.18 1292.71 1748.60 1236.12 1757.26 1232.27 1810.64 1240.15 1828.83 1191.13 1846.07 1253.27
5 10519.99 11820.87 10485.46 11810.46 10458.05 11804.58 10419.62 11751.71 10527.20 11772.64
7 12328.46 3735.15 12322.68 3778.36 12314.17 3793.86 12239.75 3750.54 12291.11 3699.96 12320.54 3650.57 12350.12 3697.93
13 11123.15 2043.03 11111.81 2018.31 11105.48 2033.88 11093.35 2020.69 11095.80 2015.68 11090.24 2013.95 11072.55 2015.71 11069.99 2010.87 11065.08 1996.55 11067.90 1995.28 11110.09 1996.80 11138.01 1984.16 11138.77 1986.37
14 2246.37 8981.06 2239.63 8978.99 2239.81 9009.74 2194.28 8991.15 2182.43 8985.43 2187.99 8956.76 2196.48 8949.99 2159.46 8923.44 2180.22 8925.32 2180.73 8889.40 2213.77 8888.55 2217.89 8895.21 2232.75 8886.11 2232.87 8912.41
15 5122.66 7501.04 5127.97 7505.73 5116.79 7522.20 5085.25 7507.81 5070.79 7524.24 5059.60 7516.88 5057.71 7510.73 5049.11 7496.39 5056.39 7492.50 5060.85 7488.17 5061.22 7482.89 5076.00 7482.79 5080.77 7475.23 5097.91 7476.92 5109.53 7483.87
14 9547.96 11308.60 9548.50 11322.44 9517.83 11315.50 9489.61 11303.08 9480.02 11294.79 9484.11 11275.75 9463.57 11274.20 9475.73 11259.01 9474.56 11231.38 9488.81 11237.18 9508.63 11250.37 9512.65 11216.94 9582.69 11235.38 9549.53 11261.89
10 4694.30 3269.21 4688.11 3270.88 4691.15 3307.25 4609.00 3273.46 4620.62 3217.94 4650.71 3232.15 4651.78 3208.86 4701.68 3223.13 4708.79 3244.63 4714.36 3252.08
8 6186.10 9456.12 6160.33 9446.82 6151.70 9442.36 6131.07 9444.80 6138.74 9436.27 6119.72 9414.16 6141.53 9419.57 6160.21 9407.15
7 7155.69 194.02 7087.10 160.30 7143.52 166.08 7200.72 151.94 7168.93 176.46 7187.93 178.05 7186.75 181.57
13 1025.68 7691.77 1020.05 7705.16 1020.29 7744.24 999.37 7722.28 976.71 7692.58 983.65 7686.07 960.12 7692.66 979.71 7668.47 1001.06 7660.62 1018.01 7661.01 1025.55 7661.27 1041.97 7664.91 1026.42 7676.44
5 5397.80 1016.15 5393.29 1047.45 5370.51 1019.09 5354.42 1032.53 5389.32 955.67
8 8585.24 7635.11 8539.43 7634.35 8535.31 7633.56 8558.05 7593.33 8575.45 7612.44 8587.77 7604.26 8592.89 7602.36 8585.28 7621.46
5 7604.55 3972.14 7581.01 3975.87 7571.53 3982.17 7559.98 4006.69 7549.69 3975.95
11 12480.91 10649.44 12475.86 10688.84 12468.33 10686.38 12469.86 10693.80 12453.15 10688.15 12422.38 10689.22 12413.72 10658.18 12429.07 10590.39 12440.66 10601.90 12464.81 10611.09 12480.23 10617.26
6 2855.19 3230.21 2776.63 3177.92 2763.79 3155.88 2816.01 3151.82 2830.17 3149.11 2843.17 3195.41
6 6764.76 2231.77 6763.43 2256.43 6670.40 2277.52 6698.28 2212.43 6736.00 2190.87 6739.10 2189.79
10 7713.34 6043.33 7705.65 6057.68 7672.16 6070.47 7652.04 6052.34 7659.41 6039.26 7635.48 6018.77 7642.92 6009.94 7685.24 6000.98 7696.99 5986.00 7699.32 6029.93
13 8061.60 4695.00 8080.31 4718.84 8055.65 4729.73 8050.98 4715.76 8046.79 4708.79 8036.32 4742.33 8032.06 4725.85 8015.31 4709.40 8012.47 4687.46 8012.36 4660.87 8040.39 4677.98 8052.40 4672.16 8081.50 4669.65
8 9485.42 5013.68 9473.51 4977.41 9448.33 5023.65 9420.36 4997.32 9458.13 4900.07 9457.72 4896.56 9519.24 4936.83 9543.55 4943.77
5 1627.97 734.73 1600.86 751.56 1600.26 731.29 1587.67 707.51 1590.24 699.64
9 6134.37 1712.76 6065.65 1725.56 6064.40 1784.45 6017.24 1758.33 6029.70 1723.30 6027.91 1642.22 6052.00 1648.23 6086.89 1645.50 6099.34 1701.74
9 6741.11 12594.95 6718.66 12649.73 6655.55 12597.01 6606.36 12540.84 6622.45 12538.98 6643.64 12510.63 6674.10 12562.99 6692.95 12497.94 6718.42 12526.84
12 12119.21 1663.62 12144.58 1701.24 12096.67 1726.78 12083.53 1742.76 12063.19 1683.34 12055.16 1717.05 12054.34 1679.00 11982.32 1652.49 12004.53 1589.55 12059.83 1591.35 12060.82 1591.14 12117.65 1637.35
12 9863.73 3967.46 9888.40 3977.61 9861.21 3970.23 9888.19 4003.16 9862.41 4002.42 9854.04 3983.02 9847.53 3994.26 9801.43 3941.05 9793.68 3936.70 9837.30 3955.60 9876.34 3906.82 9902.64 3951.30
5 9793.27 8079.21 9732.25 8067.91 9757.91 8047.87 9747.80 8042.89 9772.83 8026.87
7 9832.76 1065.82 9801.29 1061.36 9768.87 1059.05 9787.59 1052.28 9813.80 1028.86 9808.21 1007.94 9871.06 1016.92
7 2622.54 3347.11 2605.59 3348.88 2585.35 3357.18 2585.58 3338.20 2597.73 3318.35 2612.62 3341.68 2642.70 3341.13
6 652.02 2403.31 660.94 2448.04 610.23 2406.01 601.70 2386.96 606.86 2361.28 667.39 2357.46
12 12120.10 1093.25 12131.10 1102.82 12134.70 1108.05 12110.91 1110.69 12098.43 1108.61 12098.07 1100.70 12090.95 1109.00 12087.04 1101.63 12073.01 1080.63 12078.26 1070.59 12094.98 1063.84 12123.44 1046.36
9 8957.60 12224.52 8928.14 12232.33 8890.33 12267.75 8863.64 12198.33 8891.76 12191.54 8907.68 12190.95 8897.21 12123.10 8927.42 12157.05 8975.49 12184.32
5 4891.69 7790.41 4875.12 7780.53 4899.84 7723.52 4908.68 7763.67 4929.82 7738.00
14 8369.31 4811.22 8354.27 4821.66 8345.12 4847.16 8319.85 4838.14 8327.48 4815.59 8310.09 4824.35 8340.18 4806.10 8301.13 4813.43 8328.65 4799.81 8325.81 4791.60 8324.31 4789.50 8335.57 4786.02 8356.72 4779.83 8392.49 4784.67
8 1743.64 10454.89 1685.25 10461.09 1689.57 10443.03 1682.45 10443.33 1690.80 10407.64 1715.53 10409.87 1736.98 10396.01 1742.53 10418.15
5 10476.59 10135.28 10446.02 10143.12 10424.49 10121.50 10456.73 10102.26 10456.67 10104.84
9 1190.99 9959.66 1187.04 9960.30 1172.63 9956.74 1103.23 9961.45 1086.54 9941.84 1124.10 9935.91 1105.39 9931.97 1106.30 9931.54 1194.17 9913.14
14 9746.65 8857.20 9766.63 8869.87 9719.86 8904.35 9682.68 8870.19 9660.22 8897.31 9687.95 8854.12 9680.47 8839.15 9627.28 8823.16 9694.34 8800.65 9701.70 8784.58 9718.02 8827.26 9781.25 8815.85 9740.52 8831.40 9781.07 8828.42
10 2136.41 3236.11 2150.88 3243.25 2164.74 3272.45 2134.34 3254.84 2138.55 3291.55 2106.06 3231.88 2107.11 3228.99 2103.01 3188.20 2117.51 3184.73 2137.97 3193.39
15 4759.68 2619.43 4766.15 2624.54 4736.34 2618.03 4731.54 2624.27 4714.41 2634.88 4714.27 2631.24 4706.92 2620.82 4712.61 2616.73 4709.16 2616.42 4716.88 2614.41 4697.13 2604.18 4694.53 2597.25 4753.35 2593.35 4760.63 2597.24 4762.74 2610.84
12 691.99 630.73 733.63 639.43 692.40 645.03 696.49 662.11 690.17 662.20 667.97 663.15 585.01 636.14 647.63 630.54 603.24 628.39 653.48 578.87 672.67 593.36 703.51 602.97
10 6695.25 9572.24 6636.60 9587.81 6634.51 9607.89 6629.00 9641.32 6570.88 9642.30 6638.02 9484.04 6628.79 9510.85 6640.32 9532.79 6692.27 9549.15 6687.28 9559.46
5 7894.93 7890.17 7854.52 7902.35 7843.58 7879.93 7884.06 7864.60 7885.55 7880.69
10 9457.64 1857.11 9460.77 1862.71 9420.12 1913.77 9407.76 1911.47 9398.71 1903.54 9438.31 1754.05 9458.25 1782.28 9434.32 1819.54 9458.69 1804.00 9455.58 1824.41
8 1615.12 7270.13 1590.25 7284.71 1557.99 7267.20 1512.69 7238.47 1552.22 7220.56 1597.92 7213.22 1599.38 7146.60 1613.54 7199.84
8 3892.30 3389.16 3896.66 3413.01 3860.31 3445.44 3857.55 3418.48 3814.10 3410.75 3847.49 3381.57 3875.25 3371.12 3903.24 3379.72
14 3751.48 1151.30 3742.44 1153.46 3739.29 1168.44 3722.45 1181.89 3697.99 1170.84 3703.36 1165.00 3693.43 1157.66 3703.56 1148.67 3684.03 1122.45 3703.35 1110.24 3719.68 1107.43 3729.89 1126.68 3752.58 1137.02 3762.38 1135.93
15 6113.96 7746.88 6109.45 7784.47 6097.88 7764.99 6083.81 7763.91 6038.82 7783.60 6050.84 7735.01 6059.03 7733.11 6028.41 7717.32 6062.01 7728.33 6068.84 7732.00 6030.37 7696.02 6062.22 7700.20 6093.77 7690.90 6122.93 7731.43 6110.27 7743.12
13 8969.75 4420.88 8958.03 4418.02 8938.83 4412.75 8943.44 4451.59 8930.15 4425.90 8928.59 4435.05 8923.44 4416.51 8920.06 4439.70 8867.81 4403.56 8872.86 4352.68 8901.60 4351.47 8899.53 4339.64 8982.98 4354.52
12 551.84 3761.60 524.58 3764.01 508.28 3784.50 487.06 3774.24 487.39 3820.50 467.19 3768.50 423.68 3748.17 441.93 3733.55 453.17 3689.38 516.02 3678.82 501.68 3712.56 518.66 3703.57
8 5137.69 1078.92 5104.06 1105.42 5073.07 1096.35 5021.86 1068.79 5008.42 1036.27 5067.90 1056.58 5062.89 1030.97 5088.90 1042.89
15 1503.53 1358.35 1476.09 1376.81 1453.44 1392.88 1423.81 1387.68 1409.01 1387.73 1398.95 1386.09 1419.20 1358.37 1412.85 1355.21 1415.81 1353.79 1390.65 1341.75 1428.45 1339.43 1438.46 1317.42 1445.23 1332.66 1449.63 1305.92 1449.29 1330.25
10 8363.71 557.00 8384.10 597.83 8360.69 585.29 8363.72 609.23 8333.44 590.18 8322.50 550.90 8324.74 517.36 8333.45 485.96 8336.10 522.42 8342.45 486.75
6 271.78 5913.60 300.09 5927.97 238.21 5908.10 212.16 5900.84 235.96 5891.09 251.73 5875.11
11 3727.04 11709.52 3696.34 11722.82 3696.03 11747.28 3608.37 11701.50 3602.61 11699.56 3638.23 11693.21 3666.68 11641.44 3691.72 11683.77 3707.43 11684.37 3730.47 11676.46 3725.02 11682.32
6 9366.13 2359.88 9350.85 2343.04 9389.99 2323.03 9398.22 2329.82 9382.80 2345.21 9407.61 2345.18
15 9059.43 856.03 9043.43 864.66 9044.40 871.21 9041.30 870.86 9035.78 865.55 9038.90 901.40 9021.19 879.74 9018.13 883.44 9005.59 866.52 9002.57 837.07 9020.65 824.47 9018.46 809.16 9031.09 829.85 9036.15 823.12 9051.03 834.38
8 5396.81 3215.07 5370.93 3183.43 5365.56 3210.62 5351.70 3212.19 5339.29 3140.50 5361.28 3147.93 5364.72 3121.06 5429.45 3128.06
15 6559.53 1519.94 6545.88 1544.34 6535.20 1560.59 6462.06 1486.10 6469.38 1480.48 6502.23 1476.42 6501.27 1474.87 6501.94 1469.78 6516.19 1473.55 6555.32 1412.31 6547.61 1442.07 6557.16 1435.94 6573.07 1418.87 6550.59 1468.49 6600.04 1446.70
6 1929.14 386.02 1936.62 378.98 1938.81 373.83 1931.28 367.33 1961.43 333.81 1994.26 359.78
9 5277.45 6340.50 5244.69 6333.60 5244.62 6321.66 5262.66 6268.60 5245.22 6255.56 5202.19 6225.73 5279.84 6232.35 5301.62 6205.52 5297.14 6233.88
14 7194.50 8804.71 7183.21 8815.72 7209.26 8833.80 7168.40 8828.96 7055.99 8841.41 7081.75 8819.80 7080.27 8806.06 7086.29 8804.85 7100.37 8773.40 7108.74 8764.31 7117.20 8719.72 7129.17 8745.61 7171.98 8792.06 7174.76 8800.71
8 10481.89 7340.58 10435.15 7336.16 10432.66 7334.04 10462.55 7306.54 10462.63 7280.74 10466.14 7295.57 10482.93 7305.41 10505.66 7330.85
14 1726.60 1157.34 1709.88 1155.33 1743.67 1185.64 1689.26 1159.21 1699.55 1190.47 1639.28 1226.78 1627.69 1182.75 1633.24 1165.10 1608.00 1175.03 1603.42 1114.57 1698.83 1103.12 1685.70 1133.55 1728.53 1109.73 1723.85 1145.09
7 7949.23 9183.34 7872.68 9190.42 7890.53 9178.10 7891.33 9156.55 7905.47 9158.05 7907.63 9137.38 7938.69 9171.58
5 6080.07 7196.52 6087.18 7216.41 6078.50 7218.29 6043.08 7239.81 6109.25 7149.96
9 10969.92 11624.17 10950.44 11650.59 10891.98 11660.07 10898.23 11645.92 10903.33 11635.16 10911.63 11629.56 10924.28 11604.21 10960.44 11607.94 11000.23 11614.02
15 6383.80 8655.72 6386.55 8661.74 6397.96 8676.08 6396.28 8692.63 6360.56 8703.97 6347.73 8681.41 6299.24 8645.95 6353.03 8627.54 6336.32 8604.05 6369.10 8616.19 6392.33 8585.72 6389.19 8618.45 6382.52 8640.71 6412.14 8639.16 6437.80 8635.32
14 6586.66 11324.87 6545.83 11308.65 6578.90 11357.15 6541.96 11364.65 6539.75 11371.32 6508.03 11356.86 6492.17 11388.26 6470.87 11371.60 6461.78 11331.77 6453.93 11235.28 6497.42 11233.90 6541.18 11229.16 6565.94 11241.64 6570.33 11253.75
14 11128.07 2335.99 11167.35 2365.16 11128.36 2340.26 11124.54 2340.19 11110.62 2391.64 11082.75 2384.66 11090.18 2327.35 11098.08 2321.94 11107.49 2315.03 11138.97 2289.07 11140.85 2304.48 11126.95 2318.17 11140.53 2308.46 11139.76 2317.28
9 2772.89 2008.87 2763.06 2013.48 2765.97 2006.54 2754.15 2030.48 2759.93 1997.25 2758.33 1958.63 2771.45 1941.43 2782.41 1949.47 2785.86 1972.86
9 8240.90 11491.42 8217.49 11487.11 8183.55 11478.17 8181.22 11451.78 8185.83 11451.35 8180.16 11449.97 8198.02 11451.47 8238.31 11445.25 8244.08 11454.17
11 9497.76 1442.18 9492.99 1453.61 9495.11 1403.27 9496.21 1395.66 9493.68 1388.90 9511.53 1314.61 9518.44 1347.59 9520.08 1363.30 9563.68 1334.96 9584.83 1358.65 9571.38 1364.01
10 646.02 2731.37 644.99 2742.19 655.18 2763.09 646.53 2759.16 618.91 2755.96 610.64 2754.57 617.91 2731.38 590.38 2730.07 614.65 2725.34 621.40 2724.68
8 12419.27 173.63 12346.43 176.59 12326.12 187.88 12324.64 133.50 12393.72 91.81 12378.82 134.70 12397.99 135.95 12408.11 149.59
5 9427.72 3011.69 9439.04 3053.78 9414.35 3060.40 9407.32 3040.18 9482.35 2930.03
14 10209.92 6076.55 10179.93 6086.53 10186.86 6120.54 10162.10 6107.51 10149.15 6129.69 10118.06 6118.16 10114.10 6112.62 10104.40 6108.71 10109.37 6090.94 10153.82 6054.80 10156.74 6047.93 10152.25 6019.70 10183.51 6016.80 10218.41 6030.79
8 2715.77 1871.32 2681.92 1861.01 2646.40 1869.44 2639.40 1875.49 2586.46 1823.27 2612.66 1812.77 2616.34 1802.40 2652.55 1760.91
13 3496.27 6418.84 3496.91 6435.27 3481.89 6458.82 3427.65 6423.61 3454.89 6401.93 3439.30 6393.55 3439.43 6383.45 3439.85 6351.95 3479.42 6376.01 3494.74 6357.82 3505.91 6344.76 3491.18 6387.27 3524.23 6384.60
7 6061.46 1358.53 6054.21 1354.38 6054.19 1342.71 6060.14 1316.66 6083.94 1308.46 6112.35 1308.64 6112.87 1320.89
15 3982.26 6454.13 3994.91 6498.50 3941.40 6472.04 3935.90 6478.62 3908.29 6488.51 3897.53 6447.00 3934.98 6449.42 3917.18 6441.91 3922.29 6410.67 3964.13 6400.59 3972.20 6408.55 3980.98 6408.84 3983.77 6434.36 4002.95 6428.01 4005.44 6436.00
9 10160.04 6286.30 10096.53 6292.64 10093.59 6218.77 10116.57 6204.19 10125.06 6215.88 10161.50 6174.87 10168.39 6214.85 10195.09 6214.60 10174.09 6248.85
11 11811.64 12560.96 11802.60 12568.03 11779.20 12582.83 11755.00 12576.57 11737.05 12552.54 11743.74 12528.14 11740.44 12514.49 11742.37 12490.31 11753.43 12486.95 11779.80 12502.71 11801.49 12476.65
8 6133.72 995.52 6107.11 992.28 6078.32 1009.98 6060.90 1016.17 6140.54 915.35 6159.95 923.75 6170.79 917.30 6168.02 957.82
15 1484.51 7168.71 1487.27 7185.60 1468.20 7209.25 1419.11 7216.11 1394.57 7205.19 1421.32 7179.55 1426.06 7172.30 1421.25 7161.11 1423.26 7157.41 1396.66 7120.51 1441.28 7151.80 1470.92 7119.05 1481.85 7135.43 1508.85 7125.09 1472.64 7156.45
15 4269.67 2416.80 4250.68 2418.35 4235.80 2418.12 4210.54 2414.50 4215.97 2460.02 4153.40 2458.22 4107.76 2406.78 4157.22 2387.16 4138.67 2376.55 4151.80 2358.90 4141.86 2327.28 4193.76 2359.64 4211.80 2342.99 4239.34 2359.41 4244.38 2360.66
6 9054.06 8941.11 9074.63 8990.08 9043.46 8967.77 9020.44 8930.12 8990.28 8893.18 9101.43 8899.75
5 9994.69 8692.22 9972.52 8682.03 9948.77 8602.46 9974.59 8576.28 10005.50 8619.04
7 2323.26 10696.12 2265.71 10656.63 2255.35 10628.87 2277.25 10603.74 2306.25 10608.45 2313.00 10628.22 2343.61 10605.54
10 2403.25 1222.41 2426.03 1224.59 2394.40 1235.21 2360.14 1242.21 2309.38 1260.97 2355.55 1216.31 2343.93 1200.21 2371.21 1180.39 2384.71 1143.07 2384.42 1205.04
13 2166.07 1873.42 2136.28 1885.95 2137.80 1889.80 2131.56 1896.70 2126.47 1905.93 2113.39 1894.13 2099.22 1884.59 2089.30 1876.00 2114.46 1871.37 2099.98 1854.61 2118.33 1859.61 2122.98 1857.46 2124.01 1855.25
13 8035.67 9996.26 8016.90 9970.59 8008.41 9965.02 8010.12 9987.62 7974.98 9993.02 7959.07 10010.61 7954.16 9983.55 7914.27 9971.95 7940.82 9943.74 7973.51 9930.25 8010.72 9924.89 8020.48 9933.99 8038.09 9932.21
12 2406.68 11079.26 2378.19 11079.45 2413.05 11119.50 2377.14 11103.80 2387.97 11132.45 2335.34 11131.62 2325.50 11099.92 2312.55 11085.43 2340.24 11061.79 2294.82 11043.81 2330.16 10983.22 2389.19 11025.12
11 2764.36 8376.31 2771.54 8376.45 2764.21 8380.48 2750.42 8386.18 2762.78 8398.97 2739.64 8399.70 2728.66 8410.48 2727.73 8377.35 2728.71 8371.75 2772.71 8356.17 2761.37 8370.58
14 7204.54 3568.44 7200.57 3569.45 7210.17 3591.32 7169.60 3558.37 7160.50 3598.74 7164.10 3563.30 7143.88 3560.35 7149.03 3537.53 7134.50 3515.41 7152.87 3508.97 7153.95 3488.48 7160.88 3494.42 7201.63 3498.60 7235.50 3540.44
5 6112.88 4913.99 6101.14 4869.97 6113.02 4837.71 6141.73 4809.97 6185.68 4824.31
15 12037.57 8717.52 12046.24 8734.91 12046.22 8740.94 12045.01 8743.63 12033.54 8731.91 12026.75 8723.38 12023.58 8723.48 12018.93 8726.04 12006.49 8741.40 12003.36 8717.48 11998.50 8709.90 11986.53 8702.45 12015.88 8695.86 12010.53 8683.32 12019.41 8689.45
9 3623.50 2833.70 3572.36 2828.10 3546.78 2760.34 3502.33 2721.99 3523.67 2711.51 3539.24 2710.41 3541.11 2710.89 3545.65 2703.66 3632.57 2754.08
15 6727.74 4632.63 6662.30 4621.28 6575.98 4644.21 6568.25 4636.84 6617.60 4604.95 6612.38 4599.59 6632.98 4604.04 6634.69 4600.59 6620.33 4583.74 6620.52 4557.64 6634.15 4554.29 6664.38 4568.97 6662.60 4588.69 6701.13 4599.46 6721.41 4596.30
11 1067.78 6428.91 1056.29 6426.38 1056.37 6431.99 1048.01 6406.19 1036.52 6409.26 978.81 6390.73 1016.28 6384.64 1015.79 6345.39 1045.95 6340.61 1057.11 6332.17 1064.48 6355.23
9 402.41 9282.27 393.58 9284.90 337.46 9330.38 322.58 9326.52 321.41 9290.57 366.41 9243.96 372.70 9224.19 387.89 9235.54 412.78 9245.84
14 405.26 12114.01 418.94 12137.83 381.93 12154.31 363.67 12140.97 354.78 12142.78 353.25 12143.71 345.35 12156.02 363.13 12125.54 340.48 12131.72 368.21 12060.30 386.41 12079.75 399.41 12062.80 412.53 12066.61 446.72 12096.88
7 3295.06 10811.36 3229.27 10870.14 3236.96 10832.48 3197.03 10791.65 3205.55 10771.05 3238.13 10741.81 3270.83 10765.10
6 3706.93 3401.64 3671.63 3406.57 3626.91 3439.74 3610.72 3435.70 3592.48 3426.79 3696.25 3350.65
5 6872.18 4372.85 6816.36 4341.15 6825.10 4333.67 6850.09 4341.20 6866.07 4333.40
8 3590.00 3250.21 3577.78 3258.53 3549.82 3246.16 3533.01 3263.39 3517.16 3248.58 3561.29 3208.82 3580.13 3202.33 3573.96 3217.39
8 11302.52 10408.63 11243.72 10448.06 11244.52 10430.95 11220.21 10399.94 11230.92 10359.68 11277.10 10324.33 11290.95 10325.87 11290.42 10369.20
14 8431.57 3514.70 8425.11 3510.70 8384.20 3481.50 8379.67 3497.24 8370.12 3452.83 8369.12 3450.67 8368.80 3447.89 8374.19 3407.18 8386.59 3445.57 8390.54 3428.43 8425.03 3430.55 8436.89 3428.53 8399.25 3457.74 8423.94 3457.65
6 1613.53 9481.92 1629.67 9503.51 1591.44 9513.82 1583.92 9513.21 1619.50 9439.41 1621.34 9470.32
11 5041.63 9539.63 5013.45 9505.06 5006.03 9503.89 5028.51 9493.17 5007.21 9495.90 5026.84 9488.26 5032.28 9484.29 5026.45 9481.70 5027.41 9429.17 5060.51 9444.97 5091.36 9443.25
10 10159.53 7327.59 10095.76 7381.14 10092.39 7355.72 10078.95 7311.10 10046.89 7309.76 10065.43 7296.19 10072.78 7291.93 10164.91 7254.55 10174.98 7244.69 10196.87 7286.73
14 1426.25 6388.20 1403.28 6409.77 1392.69 6404.51 1384.53 6403.33 1357.95 6415.60 1346.83 6397.99 1356.82 6387.85 1357.67 6376.48 1384.70 6367.26 1394.16 6359.97 1395.77 6373.18 1415.46 6357.40 1414.20 6375.71 1415.54 6384.32
5 6692.51 5397.84 6613.28 5338.69 6686.72 5346.00 6717.07 5345.78 6748.61 5346.51
10 10071.68 3036.21 10013.78 3029.30 10012.52 3085.59 10005.44 3062.87 10009.58 3026.40 9940.31 2983.98 10003.11 2981.10 9991.21 2914.40 10049.03 2920.52 10048.66 2977.01
7 5412.62 5016.81 5391.28 5038.16 5394.33 5059.31 5337.16 5050.98 5356.33 4972.13 5354.06 4928.97 5427.04 4986.80
8 8488.28 4783.31 8454.60 4826.50 8431.09 4786.61 8442.43 4772.95 8477.33 4754.54 8484.45 4755.76 8505.28 4743.92 8500.44 4755.43
6 6209.83 8158.82 6214.57 8104.08 6213.03 8098.95 6233.20 8093.11 6249.90 8078.99 6283.29 8091.23
8 4310.22 11353.59 4286.08 11402.09 4263.74 11366.39 4229.98 11335.76 4229.74 11335.28 4269.16 11322.80 4297.11 11302.64 4317.79 11341.12
5 12329.86 4605.82 12329.00 4605.51 12316.34 4615.10 12292.47 4615.41 12349.25 4570.45
11 6376.02 2502.83 6354.22 2488.58 6364.53 2498.56 6332.65 2543.16 6293.07 2505.07 6254.13 2477.40 6341.24 2428.31 6355.55 2442.27 6382.18 2437.14 6370.82 2448.41 6382.27 2451.63
10 6891.61 4280.81 6844.86 4250.86 6827.27 4221.50 6832.95 4224.05 6814.93 4182.36 6834.40 4185.50 6849.44 4189.37 6862.84 4191.05 6904.00 4215.74 6864.82 4231.89
15 5818.88 3547.63 5807.10 3566.03 5775.55 3552.46 5752.67 3554.27 5751.87 3549.53 5733.02 3588.51 5707.07 3509.59 5718.83 3514.29 5735.78 3522.13 5728.21 3505.63 5744.75 3516.86 5759.73 3507.79 5771.15 3506.48 5768.03 3518.98 5787.92 3523.02
12 2766.41 7766.50 2735.68 7765.66 2769.82 7811.82 2759.67 7808.13 2732.67 7785.17 2679.22 7828.02 2675.75 7794.20 2650.51 7779.88 2711.45 7735.51 2722.52 7732.32 2757.73 7719.93 2750.44 7730.50
5 11574.89 3373.07 11572.89 3339.22 11562.43 3330.68 11570.12 3276.61 11603.67 3277.39
10 1297.96 5837.87 1335.03 5841.82 1299.31 5841.84 1288.66 5870.17 1275.29 5851.18 1256.49 5884.88 1228.78 5883.28 1226.36 5826.09 1221.45 5795.70 1306.49 5803.39
15 3320.48 12200.25 3343.91 12209.31 3328.98 12209.96 3316.11 12237.76 3302.12 12222.74 3304.94 12205.70 3303.32 12205.13 3297.41 12203.60 3296.17 12195.00 3298.37 12191.31 3311.55 12180.44 3335.94 12168.69 3325.30 12185.10 3345.22 12171.23 3324.07 12196.86
11 2907.26 5554.29 2904.91 5579.05 2871.53 5596.65 2866.26 5595.85 2856.01 5584.41 2823.52 5575.35 2839.04 5538.40 2833.02 5499.97 2893.16 5510.00 2906.92 5502.94 2904.07 5524.42
5 10856.09 10349.92 10825.46 10393.84 10797.15 10403.20 10781.72 10375.01 10848.01 10321.29
7 6033.15 10332.53 6042.35 10361.28 6024.23 10357.24 6006.60 10366.58 5988.66 10325.33 6007.96 10296.68 6027.53 10316.85
11 2272.15 5335.55 2261.76 5330.42 2244.42 5364.34 2236.20 5364.79 2220.71 5332.43 2235.12 5318.20 2212.99 5301.38 2224.46 5307.93 2231.63 5298.72 2229.75 5286.39 2276.33 5305.39
10 1189.40 1246.18 1187.83 1267.01 1157.36 1225.77 1142.32 1215.56 1159.89 1209.07 1142.75 1200.87 1170.78 1202.69 1175.98 1186.10 1194.90 1189.91 1205.08 1206.17
14 2572.50 2407.84 2599.71 2422.16 2572.57 2418.59 2548.46 2430.94 2551.92 2415.78 2530.34 2437.83 2539.50 2417.15 2547.67 2407.33 2533.36 2403.51 2517.71 2397.76 2540.51 2387.41 2565.69 2394.29 2567.63 2397.18 2588.01 2389.58
7 12475.61 12275.66 12421.56 12299.59 12405.89 12262.18 12403.56 12251.04 12378.09 12258.89 12380.91 12255.23 12467.99 12221.47
15 5782.85 8404.75 5760.96 8416.44 5724.75 8404.29 5715.60 8361.43 5709.96 8360.62 5703.64 8348.60 5664.97 8331.54 5683.78 8320.80 5694.12 8294.58 5686.65 8281.71 5719.65 8302.69 5725.79 8292.29 5748.40 8327.09 5784.97 8325.53 5811.98 8341.21
13 8142.48 6026.24 8138.61 6030.99 8140.61 6053.41 8119.81 6063.11 8115.12 6029.23 8123.28 6023.92 8105.36 6012.05 8102.56 6003.16 8115.56 6011.20 8117.50 6000.31 8132.75 6006.34 8149.00 6000.64 8145.07 6017.63
6 2782.22 8918.30 2777.77 8928.51 2719.06 8919.52 2746.83 8885.94 2780.86 8887.99 2782.24 8888.69
5 4246.16 1034.70 4205.95 1036.09 4202.95 1045.76 4179.47 1054.38 4220.58 983.32
9 8081.59 6636.36 8034.00 6665.80 7998.92 6649.67 8004.55 6608.84 8068.14 6613.07 8067.20 6614.23 8094.76 6591.46 8110.50 6600.94 8072.12 6625.34
13 10696.09 7747.27 10619.54 7745.05 10603.75 7704.17 10600.41 7701.32 10598.48 7693.84 10552.59 7668.22 10585.60 7679.78 10593.09 7672.97 10566.18 7638.72 10578.90 7633.17 10581.54 7630.61 10653.43 7623.40 10658.57 7661.16
15 6775.06 4216.68 6801.48 4218.26 6768.73 4253.64 6777.39 4266.91 6769.40 4283.32 6714.68 4268.02 6692.19 4248.99 6658.93 4203.97 6681.23 4174.67 6721.51 4140.18 6719.12 4191.51 6742.34 4181.58 6742.23 4187.17 6762.14 4203.10 6737.02 4213.39
8 3399.74 5978.12 3382.99 5945.96 3369.45 5950.19 3378.57 5942.02 3392.57 5922.13 3410.94 5931.41 3417.03 5929.88 3405.48 5934.31
11 8108.89 5371.81 8107.10 5381.72 8116.90 5424.88 8085.52 5394.52 8065.02 5386.42 8073.52 5371.53 8071.86 5298.23 8081.92 5331.63 8085.22 5337.68 8092.49 5317.13 8106.09 5322.63
