Medium_750_C
1480.42 8033.60
6982.33 4525.91
4 0.00 0.00 11200.00 0.00 11200.00 11200.00 0.00 11200.00
750
5 10716.40 9717.91 10731.21 9682.14 10676.48 9649.73 10713.37 9642.61 10776.21 9658.35
5 7447.73 4537.96 7439.74 4539.96 7429.89 4515.26 7441.79 4511.46 7477.57 4504.91
8 8023.38 6159.80 7994.76 6148.28 7983.81 6150.25 7971.60 6189.93 7950.51 6173.23 7943.12 6129.04 7973.09 6104.61 8015.15 6130.40
15 5763.37 6083.72 5778.75 6111.58 5766.30 6106.83 5758.26 6131.71 5755.02 6126.03 5728.20 6128.41 5742.08 6096.21 5716.50 6108.32 5714.78 6080.88 5710.52 6040.33 5744.73 6058.65 5769.20 6069.01 5777.49 6068.40 5773.30 6072.69 5806.02 6076.85
13 10732.33 2689.50 10747.14 2700.68 10726.41 2702.73 10722.26 2731.84 10700.82 2697.14 10692.21 2736.46 10671.27 2766.17 10636.18 2718.05 10641.76 2688.35 10697.19 2586.42 10704.75 2589.34 10725.93 2636.37 10716.76 2646.35
7 8298.20 6633.04 8243.96 6649.10 8237.38 6637.07 8248.85 6611.35 8280.29 6594.72 8295.19 6592.20 8307.11 6618.70
8 10173.28 3219.58 10120.09 3223.85 10120.86 3194.86 10088.01 3159.76 10072.53 3151.03 10111.05 3166.06 10124.36 3154.42 10134.87 3120.93
15 8453.80 10733.07 8397.80 10717.40 8354.93 10745.77 8349.75 10667.78 8350.90 10658.45 8380.12 10674.45 8382.98 10624.89 8423.42 10645.10 8412.92 10663.47 8447.33 10647.97 8444.10 10660.51 8447.68 10662.72 8413.95 10684.72 8470.35 10669.46 8427.59 10688.83
8 3427.45 2861.01 3421.21 2841.36 3406.18 2840.52 3421.60 2798.73 3413.49 2780.17 3454.42 2793.70 3447.44 2802.70 3445.20 2814.25
7 8212.86 1290.63 8230.90 1296.70 8241.68 1319.49 8168.21 1290.90 8155.30 1258.55 8165.36 1254.93 8242.58 1247.22
9 2483.44 9139.46 2498.88 9156.30 2419.17 9179.30 2403.45 9178.84 2388.48 9166.58 2434.10 9141.89 2420.79 9128.47 2434.94 9104.82 2468.51 9108.12
10 1724.59 4351.88 1713.11 4366.39 1701.79 4393.60 1682.31 4372.67 1662.84 4356.39 1677.90 4346.68 1698.75 4341.98 1678.02 4298.97 1703.54 4327.34 1728.63 4340.07
9 504.35 5110.57 477.28 5109.18 466.99 5067.87 511.30 5050.07 511.59 5044.64 529.45 5061.26 541.98 5068.06 554.91 5076.51 560.59 5082.84
13 10054.79 3814.22 10025.50 3805.46 10022.62 3811.57 10018.23 3822.34 10027.92 3848.69 10018.08 3837.52 10003.89 3821.34 9995.22 3808.45 9979.26 3782.32 9987.12 3770.70 10001.04 3770.60 10014.62 3773.97 10012.49 3781.93
6 1111.69 2131.20 1054.88 2173.16 1047.14 2133.35 1027.98 2114.09 1017.68 2090.71 1075.29 2080.23
6 912.05 10037.08 907.46 10026.50 891.92 10022.39 871.73 10011.95 846.67 10005.56 919.38 10001.75
15 3676.61 10074.28 3674.16 10081.36 3657.19 10077.01 3654.86 10087.11 3649.50 10083.39 3616.09 10060.66 3635.65 10066.91 3643.55 10062.79 3637.91 10052.85 3645.75 10063.48 3640.16 10039.34 3641.66 10032.65 3650.50 10036.28 3651.46 10062.52 3666.38 10070.67
14 10473.66 3792.06 10474.64 3826.70 10446.87 3804.94 10421.80 3844.00 10392.81 3841.82 10339.32 3753.45 10414.20 3727.01 10423.98 3738.44 10428.63 3699.91 10440.15 3722.60 10443.12 3719.06 10448.64 3727.31 10456.70 3721.56 10446.70 3750.58
10 7838.47 8095.19 7792.24 8133.50 7768.77 8110.61 7746.42 8115.05 7737.68 8099.40 7754.94 8084.48 7775.51 8062.16 7811.43 8021.28 7832.64 8031.67 7876.76 8036.99
14 4504.92 3677.67 4459.39 3691.05 4421.30 3659.16 4419.80 3666.00 4356.72 3650.13 4330.55 3618.21 4369.63 3601.55 4404.45 3612.91 4408.52 3610.78 4417.27 3614.10 4442.51 3575.98 4473.89 3577.28 4448.38 3613.88 4472.03 3599.85
10 8871.57 2795.97 8752.54 2817.24 8766.23 2759.98 8773.42 2760.25 8770.37 2742.35 8822.98 2699.24 8859.94 2729.15 8841.10 2752.89 8873.22 2760.11 8872.17 2764.56
14 10423.09 4925.26 10425.65 4948.04 10410.11 4921.24 10400.95 4921.21 10394.60 4919.98 10372.68 4920.84 10380.93 4917.56 10381.93 4911.98 10381.46 4894.68 10411.55 4870.56 10421.24 4891.30 10419.22 4902.33 10458.10 4887.39 10450.47 4898.97
7 7687.10 8668.69 7681.45 8659.33 7666.60 8668.42 7646.53 8666.87 7639.97 8628.91 7663.84 8616.84 7690.96 8611.21
7 7461.63 1446.32 7478.60 1477.04 7473.79 1476.20 7445.95 1454.57 7399.25 1433.83 7467.48 1421.28 7484.67 1429.77
8 10826.74 10566.46 10834.64 10595.67 10816.89 10597.94 10756.97 10616.79 10737.39 10532.56 10773.57 10534.89 10767.54 10518.75 10848.32 10563.85
5 5093.27 5213.97 5064.00 5110.17 5070.91 5081.42 5129.82 5102.90 5183.21 5104.11
12 9908.92 6357.55 9906.65 6355.17 9861.75 6353.55 9845.01 6339.40 9884.03 6336.81 9886.27 6327.07 9885.12 6325.26 9913.00 6313.49 9949.35 6301.54 9922.24 6321.20 9939.13 6311.39 9953.19 6332.36
14 7318.38 4661.48 7320.32 4665.29 7309.79 4664.52 7308.65 4685.07 7288.62 4690.23 7275.25 4676.91 7270.44 4678.31 7228.72 4693.88 7238.44 4677.42 7263.05 4640.81 7260.38 4634.55 7235.55 4576.84 7300.40 4603.29 7354.38 4633.76
15 1476.22 9808.09 1495.99 9860.20 1458.33 9828.22 1445.85 9834.73 1391.10 9836.60 1394.77 9832.13 1371.56 9827.44 1342.07 9776.21 1357.80 9739.52 1415.88 9784.00 1395.34 9760.59 1450.42 9710.15 1476.30 9759.39 1500.21 9747.23 1490.71 9773.12
9 10455.70 8974.74 10463.39 8987.69 10428.34 8968.72 10381.87 8996.37 10386.75 8943.29 10422.52 8939.66 10432.58 8918.24 10435.24 8923.36 10463.60 8944.71
15 3537.64 6815.92 3524.47 6818.17 3531.24 6874.19 3467.06 6877.62 3476.47 6861.24 3468.44 6845.17 3452.71 6839.88 3454.45 6835.90 3466.99 6738.86 3478.96 6728.38 3508.37 6761.00 3526.58 6758.06 3541.31 6762.39 3539.87 6791.13 3539.12 6796.12
12 5419.43 4266.47 5381.63 4262.75 5370.57 4247.57 5387.31 4195.18 5407.09 4186.19 5435.91 4165.96 5457.27 4205.12 5462.91 4142.98 5464.44 4174.80 5494.81 4167.14 5503.63 4181.67 5542.29 4203.41
6 4268.19 9774.16 4264.30 9793.68 4206.84 9779.76 4221.12 9752.55 4219.90 9724.62 4250.41 9751.30
6 2115.15 1021.14 2100.63 1018.95 2100.75 1004.41 2099.13 1002.04 2088.15 996.45 2146.25 991.41
15 7370.12 9802.33 7363.70 9811.43 7368.20 9841.52 7334.43 9845.91 7302.89 9811.84 7280.33 9828.49 7294.43 9794.51 7300.46 9786.29 7290.29 9759.65 7335.20 9762.94 7340.35 9736.17 7337.16 9767.18 7358.87 9730.23 7349.92 9775.16 7382.82 9769.23
14 2321.59 1908.21 2281.94 1959.15 2275.30 1946.60 2246.61 1958.86 2226.28 1920.47 2195.13 1900.35 2238.60 1854.88 2254.90 1874.64 2253.66 1845.69 2269.03 1865.81 2275.56 1846.11 2277.41 1866.55 2288.89 1873.26 2274.56 1887.14
9 1508.10 6314.81 1552.86 6369.86 1489.09 6337.01 1458.57 6351.44 1448.04 6331.70 1454.85 6267.44 1469.74 6220.72 1471.23 6222.12 1494.24 6274.01
9 2589.69 9910.21 2573.03 9915.31 2556.55 9907.35 2521.38 9884.90 2548.76 9889.12 2539.77 9872.02 2554.42 9862.62 2560.23 9878.87 2568.21 9891.68
14 7823.63 600.69 7806.01 625.92 7804.77 614.56 7794.29 627.07 7804.63 606.29 7781.57 601.04 7803.72 596.97 7790.60 587.30 7797.51 581.34 7800.16 580.11 7807.15 588.37 7800.86 570.53 7823.27 582.58 7818.83 591.99
8 9120.01 7399.65 9093.04 7356.75 9098.27 7341.05 9101.12 7340.55 9075.24 7330.56 9110.51 7327.02 9124.44 7324.62 9134.76 7299.01
9 2201.60 9032.05 2173.22 9064.82 2110.30 9032.83 2093.92 9025.60 2139.92 8993.38 2147.68 8985.14 2130.22 8932.34 2202.89 8972.74 2214.20 9010.18
6 5926.63 9098.19 5856.32 9098.33 5831.05 9050.32 5859.09 9026.04 5881.76 9043.87 5931.99 9073.51
6 3562.89 2385.03 3515.23 2421.54 3481.24 2395.91 3492.59 2387.96 3572.67 2311.63 3602.33 2359.93
6 3510.35 3697.54 3506.04 3711.64 3449.06 3617.48 3489.41 3619.36 3490.21 3587.85 3543.39 3632.75
9 9684.32 8952.46 9724.51 8965.98 9707.64 8970.56 9671.87 8974.82 9636.57 8994.20 9642.01 8973.98 9646.04 8934.07 9639.47 8917.34 9708.07 8933.38
9 9092.45 2466.56 9118.23 2475.74 9074.87 2478.43 9075.29 2498.50 9031.62 2546.17 9007.93 2385.96 9032.45 2416.75 9028.13 2383.59 9071.46 2431.57
13 582.14 9538.59 580.00 9564.80 573.12 9559.73 570.96 9557.04 571.77 9572.10 555.61 9552.13 551.84 9552.51 524.66 9509.09 551.75 9511.02 556.51 9512.58 566.29 9516.40 573.61 9502.26 588.70 9517.71
7 6210.13 10972.45 6193.79 10961.22 6173.09 10944.04 6098.83 10897.78 6145.01 10900.23 6125.79 10864.59 6156.78 10898.53
7 9768.09 8339.06 9742.70 8361.37 9705.07 8369.62 9708.76 8303.49 9735.86 8260.38 9772.81 8278.08 9812.49 8307.38
8 4840.62 3495.94 4841.10 3473.97 4819.64 3479.99 4813.14 3483.49 4833.58 3460.85 4834.58 3458.35 4877.69 3445.50 4897.86 3440.40
10 1360.30 7813.99 1333.13 7820.58 1284.15 7831.97 1275.48 7765.44 1288.57 7769.60 1293.65 7748.19 1303.07 7755.38 1320.42 7714.56 1327.96 7739.32 1391.99 7799.99
8 6208.73 4599.60 6174.80 4634.68 6160.47 4606.94 6104.75 4596.82 6103.51 4579.31 6153.94 4590.90 6161.66 4591.15 6168.86 4545.36
14 5675.25 2570.28 5674.61 2598.12 5625.62 2596.56 5630.65 2590.28 5617.37 2576.13 5649.39 2565.02 5635.84 2559.35 5632.39 2557.15 5647.83 2562.74 5658.67 2548.99 5665.71 2524.57 5672.31 2559.11 5696.34 2567.06 5693.69 2567.85
8 2703.78 5982.18 2701.95 5980.98 2700.46 5981.25 2697.28 5984.92 2668.70 6004.22 2648.06 5966.66 2669.87 5956.46 2708.28 5953.42
12 1808.72 1532.28 1817.96 1546.92 1774.55 1569.79 1760.52 1527.88 1759.94 1523.80 1751.18 1476.02 1760.86 1468.42 1773.75 1462.74 1781.04 1490.78 1789.70 1487.19 1803.66 1474.70 1816.17 1490.02
7 10776.08 1594.21 10763.65 1600.53 10749.26 1612.73 10713.39 1578.46 10699.11 1571.29 10742.09 1575.21 10744.34 1546.16
15 7092.96 5816.96 7092.10 5816.68 7058.24 5850.46 7055.04 5852.84 7054.06 5807.20 7038.84 5812.45 7054.69 5795.41 7041.19 5790.49 7038.72 5786.58 7025.63 5781.07 7018.63 5773.85 7014.12 5737.96 7058.64 5759.79 7095.63 5745.43 7107.45 5740.71
12 3047.97 9532.57 2983.03 9572.69 2994.11 9555.15 2990.46 9557.18 2986.15 9542.88 2954.49 9514.20 3011.55 9513.77 3032.03 9467.79 3051.48 9490.72 3037.62 9513.61 3067.20 9509.07 3057.12 9528.06
10 9052.67 10908.39 9034.02 10888.68 9033.73 10939.17 9032.65 10939.06 8993.39 10908.18 9014.70 10828.42 9024.32 10860.83 9010.60 10811.07 9032.54 10839.20 9052.94 10868.32
7 2009.79 8115.73 2012.33 8122.76 1992.51 8136.77 1977.51 8143.72 1944.08 8122.48 1971.23 8106.05 2010.47 8080.53
13 10059.28 4971.62 10052.69 4975.51 10029.24 4971.26 10036.39 4993.80 10028.50 4996.15 10017.73 4989.27 10011.01 4995.34 9993.36 4983.94 9983.46 5008.59 9976.15 4996.83 9976.91 4949.46 9973.28 4925.02 10025.45 4955.97
15 3334.81 4852.96 3311.51 4850.13 3283.03 4901.23 3263.79 4872.57 3243.18 4877.16 3250.95 4844.24 3262.53 4838.11 3228.92 4835.45 3271.11 4829.73 3247.39 4818.97 3268.70 4771.44 3269.52 4769.07 3288.84 4767.20 3314.14 4798.65 3340.42 4820.14
13 7719.27 10277.19 7718.24 10302.84 7673.34 10331.76 7651.90 10287.61 7682.73 10270.15 7642.50 10279.17 7689.83 10241.14 7734.42 10182.24 7740.23 10200.15 7736.44 10206.35 7727.21 10231.02 7756.96 10208.06 7762.40 10229.70
11 820.63 9035.57 787.75 9036.57 749.48 9027.33 758.65 9021.71 765.70 9005.27 783.45 9024.24 791.88 9007.49 806.46 9011.57 788.00 9028.43 808.08 9023.53 814.99 9029.95
11 157.57 8631.99 148.84 8579.02 133.23 8581.72 103.99 8620.00 73.47 8527.88 95.17 8488.59 160.35 8452.96 168.20 8454.90 161.48 8507.90 161.72 8514.44 199.12 8507.29
13 8285.93 3101.82 8274.90 3124.79 8281.81 3129.67 8219.00 3108.86 8144.62 3125.14 8192.04 3096.78 8147.60 3095.16 8171.76 3080.41 8163.36 3058.77 8198.47 3065.37 8213.67 3072.20 8238.95 3038.59 8271.46 3063.01
9 2100.77 11018.89 2082.26 11022.25 2092.02 11063.20 2038.82 10985.22 2044.70 10979.87 2067.06 10975.51 2077.84 10958.50 2072.11 10978.39 2086.54 10976.49
10 4759.43 2269.69 4762.05 2249.81 4733.29 2244.34 4750.60 2237.04 4759.14 2217.91 4782.99 2223.04 4813.15 2205.00 4804.15 2219.50 4812.20 2214.60 4832.75 2237.45
15 1155.69 10345.96 1137.18 10381.76 1126.59 10370.24 1105.40 10339.70 1063.30 10380.17 1046.14 10373.44 1078.31 10336.38 1038.56 10319.28 1076.67 10311.42 1074.42 10306.47 1045.48 10270.66 1085.76 10263.41 1131.69 10280.60 1139.26 10304.51 1115.22 10316.20
6 3422.44 6335.03 3401.11 6307.61 3401.41 6289.32 3406.86 6287.85 3438.95 6305.91 3449.36 6321.92
8 7479.20 2541.70 7455.39 2578.19 7441.93 2585.95 7432.76 2555.30 7458.20 2500.76 7469.09 2507.17 7485.18 2516.48 7484.13 2540.26
5 2908.13 1677.96 2877.29 1673.63 2856.59 1585.01 2915.63 1641.35 2953.70 1651.57
14 4633.09 209.55 4592.85 200.82 4571.83 192.97 4572.51 243.92 4558.18 216.29 4545.71 207.08 4504.03 216.64 4515.29 156.11 4562.38 151.28 4569.77 138.40 4596.98 145.61 4618.13 148.09 4573.46 174.17 4596.63 180.01
5 4841.20 8534.20 4840.57 8386.46 4865.13 8445.36 4887.57 8404.18 4875.11 8442.27
6 9153.44 8721.97 9087.29 8717.18 9089.24 8650.71 9150.15 8670.41 9172.23 8662.88 9137.80 8700.39
14 7591.79 6012.88 7589.16 6026.82 7584.57 6027.96 7582.78 5995.08 7565.98 5997.98 7567.07 5985.49 7580.64 5981.62 7581.30 5975.53 7572.60 5963.16 7598.66 5951.10 7597.89 5958.90 7598.84 5960.85 7606.01 5956.94 7601.86 5983.73
9 7685.23 3470.53 7688.24 3486.54 7660.52 3492.83 7637.06 3489.90 7631.87 3494.95 7642.43 3464.31 7623.21 3431.28 7662.98 3420.95 7702.83 3450.68
14 1788.19 2377.27 1789.81 2393.22 1773.36 2378.32 1760.98 2363.01 1762.66 2385.53 1756.56 2373.54 1741.94 2391.00 1736.05 2396.69 1698.15 2325.66 1719.57 2330.79 1708.19 2316.60 1755.70 2325.35 1760.71 2286.03 1797.69 2331.77
15 2772.06 7731.29 2785.73 7739.11 2751.41 7758.23 2738.71 7769.77 2742.15 7735.33 2716.74 7744.56 2701.04 7711.63 2728.20 7700.80 2735.70 7695.74 2754.34 7692.58 2761.50 7693.99 2774.06 7687.35 2760.22 7707.33 2778.15 7715.30 2779.40 7720.98
5 9179.00 4945.40 9178.03 4896.97 9226.54 4893.84 9235.98 4888.77 9263.56 4876.99
5 4943.40 1057.72 4890.66 1080.53 4865.65 1062.77 4797.92 1029.77 4846.34 978.74
8 10746.07 9798.75 10740.16 9811.96 10702.96 9797.99 10667.41 9805.30 10597.21 9760.64 10652.21 9746.29 10681.53 9684.58 10717.12 9739.40
10 5302.05 10432.60 5274.37 10400.53 5267.02 10394.79 5240.57 10415.78 5229.73 10379.87 5181.79 10378.94 5215.25 10364.48 5210.23 10332.00 5229.00 10338.60 5306.25 10308.21
12 448.60 2757.01 486.60 2769.15 487.63 2769.87 398.77 2803.00 370.15 2774.98 337.71 2765.71 354.26 2743.58 398.06 2738.31 361.00 2707.44 392.28 2692.25 443.97 2693.13 459.39 2746.40
13 4092.33 6441.06 4109.75 6458.06 4067.94 6468.60 4062.11 6503.13 4052.24 6461.79 4041.39 6503.76 4025.45 6453.88 4039.45 6412.14 4049.31 6378.82 4065.12 6362.08 4063.48 6389.96 4103.69 6388.02 4098.68 6413.06
13 10968.16 2979.06 10960.20 2982.83 10966.96 3022.66 10925.38 2976.43 10922.23 2974.69 10896.69 2990.78 10887.28 2994.03 10888.77 2949.28 10876.50 2936.43 10903.59 2944.17 10904.15 2938.14 10925.23 2905.34 10943.38 2935.70
5 5621.67 5626.77 5582.70 5665.25 5555.15 5632.31 5528.73 5628.71 5566.61 5601.13
5 6639.62 3655.53 6597.58 3682.13 6588.15 3712.93 6583.54 3674.81 6643.17 3607.71
14 6403.85 4556.29 6330.93 4577.52 6317.12 4574.20 6312.17 4567.39 6336.62 4557.10 6292.82 4568.89 6317.65 4554.43 6317.13 4534.17 6335.90 4538.67 6329.94 4527.64 6357.15 4526.53 6361.10 4530.08 6358.87 4539.23 6386.79 4538.08
14 4684.35 5874.61 4646.71 5918.56 4656.16 5899.30 4650.77 5881.17 4641.10 5886.09 4619.09 5883.35 4650.25 5856.12 4654.85 5845.33 4674.68 5841.79 4688.32 5837.36 4695.74 5834.79 4712.00 5841.92 4689.50 5866.21 4689.39 5868.76
6 4553.56 9097.18 4551.28 9134.31 4523.97 9102.98 4500.25 9087.18 4527.63 9066.45 4549.19 9085.43
13 2976.55 6035.59 2970.93 6042.99 2981.66 6090.62 2972.86 6069.37 2959.80 6041.37 2894.63 6016.41 2882.17 6009.69 2936.49 6009.32 2896.34 5979.89 2958.18 6000.86 2962.96 6006.96 2983.97 6013.28 2990.77 6016.11
9 539.35 8762.43 531.41 8766.51 498.27 8704.45 527.00 8726.62 523.93 8719.80 533.45 8717.56 537.58 8692.47 568.52 8710.54 543.73 8729.43
9 2409.67 5480.70 2381.43 5478.45 2389.43 5466.90 2398.38 5451.70 2393.01 5442.20 2407.03 5414.06 2425.45 5414.22 2429.27 5430.37 2430.39 5432.80
12 10516.95 3317.54 10478.45 3314.53 10484.28 3340.50 10445.35 3376.91 10385.37 3300.14 10449.37 3278.07 10423.91 3232.81 10458.95 3273.78 10456.25 3258.69 10478.25 3270.81 10526.05 3276.57 10512.60 3288.95
14 5252.84 9337.94 5203.12 9355.67 5203.61 9364.99 5215.56 9385.95 5156.41 9365.92 5142.05 9356.62 5171.26 9340.05 5155.94 9338.58 5147.69 9317.48 5169.92 9322.54 5165.27 9295.91 5188.99 9267.98 5213.83 9296.94 5219.65 9302.39
12 239.53 3271.22 223.63 3259.80 221.67 3275.62 211.76 3266.04 207.09 3257.55 177.91 3255.65 203.59 3248.10 197.80 3248.28 191.66 3243.34 222.07 3211.05 230.06 3216.06 229.41 3238.12
10 3421.52 11065.46 3395.91 11050.63 3393.11 11055.18 3365.46 11067.34 3362.31 11046.03 3364.60 11034.67 3350.72 11035.24 3331.45 11019.46 3355.23 11007.97 3344.26 10986.89
15 2943.61 10492.38 2937.30 10502.26 2931.00 10518.86 2929.04 10495.80 2904.91 10524.05 2914.32 10491.68 2900.10 10486.60 2900.60 10474.66 2918.13 10477.36 2914.69 10474.28 2905.10 10439.26 2937.62 10436.13 2938.65 10448.89 2952.84 10458.40 2948.58 10470.87
6 5654.70 10389.77 5616.33 10371.87 5596.79 10380.29 5607.53 10365.46 5615.90 10330.37 5651.26 10363.45
13 1278.19 542.41 1252.85 561.13 1229.66 572.24 1231.13 550.31 1237.95 544.31 1208.37 527.61 1235.71 531.01 1262.02 489.90 1260.78 503.73 1280.70 489.61 1302.91 517.84 1311.74 526.96 1271.32 537.45
14 2406.64 8967.32 2403.63 8968.86 2396.78 8961.68 2369.72 8950.30 2371.28 8934.90 2353.46 8972.18 2361.69 8907.18 2347.62 8861.80 2352.72 8834.33 2371.93 8862.07 2391.17 8830.80 2421.41 8853.24 2431.08 8908.23 2423.19 8908.63
13 5101.69 9999.19 5057.49 10026.90 5048.09 10023.79 5048.06 10009.50 5030.79 10024.55 4994.03 9995.99 5055.42 9975.11 5061.66 9937.35 5069.41 9936.69 5104.06 9941.68 5105.92 9976.76 5114.02 9982.45 5100.15 9986.40
11 2699.82 2028.82 2658.13 2017.56 2636.38 2032.80 2657.17 1991.38 2642.18 1973.07 2656.72 1987.26 2660.44 1984.24 2664.55 1989.97 2659.97 1969.12 2666.33 1975.89 2677.20 1983.29
14 4213.95 3687.97 4202.26 3690.43 4163.21 3731.14 4149.23 3735.06 4143.82 3732.35 4138.78 3697.61 4147.22 3686.94 4117.30 3673.40 4110.63 3667.42 4128.11 3631.47 4141.29 3643.47 4184.36 3630.68 4177.37 3656.90 4184.37 3668.42
8 5918.22 7428.11 5890.27 7423.93 5821.08 7421.03 5849.16 7405.99 5835.34 7401.80 5877.89 7373.24 5899.78 7355.81 5902.91 7362.33
9 6523.61 5657.24 6427.77 5688.86 6429.15 5682.60 6416.93 5654.77 6427.42 5642.57 6414.34 5643.76 6414.64 5595.65 6447.04 5549.54 6532.30 5590.29
11 8921.39 3573.00 8887.78 3603.90 8804.46 3627.83 8831.38 3591.85 8806.38 3605.40 8795.47 3583.96 8812.59 3551.92 8841.41 3556.44 8810.48 3507.74 8863.04 3493.31 8869.11 3511.22
12 2453.17 2685.80 2448.97 2676.76 2444.19 2671.00 2444.75 2679.32 2401.41 2654.32 2428.02 2655.21 2437.88 2647.57 2439.49 2638.31 2476.80 2642.67 2476.35 2643.11 2465.56 2650.91 2459.46 2654.78
7 6984.61 2709.89 6993.66 2690.22 6984.14 2687.13 6967.18 2674.68 6973.91 2652.08 7016.02 2629.40 7063.26 2661.40
8 5375.75 10370.94 5362.26 10393.15 5342.20 10366.90 5345.98 10297.31 5355.12 10293.98 5363.88 10310.55 5369.67 10322.02 5399.55 10343.44
13 7021.99 9454.91 7019.49 9489.35 6971.74 9470.87 6963.10 9484.76 6959.85 9492.33 6942.37 9433.05 6969.03 9438.96 6977.28 9409.72 6976.45 9433.19 6977.99 9432.90 6978.62 9437.78 6999.17 9401.76 6983.37 9444.79
5 3907.88 10383.51 3797.51 10407.54 3834.50 10377.72 3798.63 10375.71 3865.53 10348.41
12 3968.27 2516.01 3948.08 2504.54 3921.25 2520.90 3901.68 2513.57 3870.02 2492.63 3879.78 2488.31 3864.62 2456.68 3910.06 2452.11 3913.17 2452.26 3906.67 2422.50 3928.25 2464.30 3945.41 2478.00
9 1678.37 7538.65 1679.58 7541.23 1640.19 7526.25 1638.44 7526.08 1637.77 7521.10 1613.10 7545.66 1622.37 7491.08 1650.41 7480.36 1720.98 7494.91
11 3528.91 8243.69 3507.50 8241.33 3505.55 8250.98 3476.26 8278.32 3468.37 8226.39 3478.42 8206.23 3493.79 8199.43 3505.57 8173.77 3517.60 8206.45 3542.89 8214.87 3516.00 8224.56
9 7293.17 6911.24 7228.98 6933.49 7230.42 6973.13 7221.78 6963.26 7180.60 6933.43 7166.56 6887.87 7201.53 6802.27 7231.64 6872.29 7279.15 6856.62
14 4271.77 6263.58 4321.89 6278.17 4245.81 6283.82 4245.66 6283.79 4185.65 6298.28 4181.81 6284.14 4181.82 6276.96 4223.65 6253.83 4205.68 6242.53 4190.27 6230.47 4207.44 6227.15 4249.25 6223.30 4272.46 6227.55 4272.34 6253.50
10 427.82 8520.10 401.16 8534.57 410.11 8544.41 394.34 8551.80 390.69 8550.25 345.36 8551.22 335.68 8559.06 325.19 8520.37 347.56 8510.08 420.65 8490.60
14 6907.39 844.78 6904.03 848.33 6902.10 822.60 6902.86 822.14 6897.28 819.09 6878.21 774.03 6916.59 780.37 6931.62 778.09 6939.55 768.90 6949.79 769.55 6945.29 794.74 6937.41 804.26 6959.59 794.79 6974.54 800.96
5 686.09 9873.58 638.75 9888.29 620.53 9883.93 631.71 9851.18 655.75 9814.31
6 3216.05 9734.75 3155.95 9747.48 3165.81 9729.41 3160.58 9715.14 3189.74 9706.04 3194.40 9707.71
13 6041.51 9950.27 6061.20 9955.77 6055.95 9966.69 6024.80 9958.38 5993.59 9970.16 6002.04 9950.83 5984.32 9938.68 5991.65 9929.46 6004.02 9929.75 6019.92 9938.16 6017.76 9921.27 6040.12 9923.75 6034.22 9946.17
13 9956.65 3522.85 9929.30 3525.11 9912.70 3541.28 9916.16 3532.53 9893.59 3523.70 9910.43 3511.91 9897.84 3505.33 9895.08 3496.34 9916.72 3501.96 9926.49 3471.69 9935.39 3474.18 9941.17 3502.20 9965.56 3489.59
9 6229.08 10761.24 6234.19 10788.50 6239.10 10803.49 6169.44 10755.63 6175.38 10707.63 6179.82 10712.86 6212.03 10667.88 6201.64 10726.21 6204.50 10720.06
8 7913.88 2336.57 7889.88 2313.58 7884.05 2301.75 7878.82 2295.68 7905.16 2281.00 7911.81 2267.75 7918.80 2273.89 7946.63 2295.33
15 8738.43 7671.68 8719.16 7672.77 8727.45 7678.97 8755.62 7714.22 8692.76 7689.23 8695.81 7717.26 8656.38 7689.22 8651.15 7688.20 8660.34 7667.35 8632.70 7670.89 8603.67 7642.84 8661.77 7645.55 8691.10 7625.90 8713.26 7623.50 8736.22 7634.03
6 3616.77 8536.66 3587.53 8538.84 3567.52 8525.42 3565.37 8532.80 3531.20 8519.15 3548.60 8491.79
14 3161.67 1631.08 3167.42 1638.58 3118.70 1650.94 3113.26 1647.97 3108.67 1631.87 3072.62 1643.84 3100.11 1620.53 3091.48 1601.22 3112.26 1605.64 3116.58 1588.21 3130.35 1574.54 3145.32 1578.56 3134.22 1605.56 3130.83 1613.04
5 7544.28 10491.08 7515.82 10485.89 7537.42 10473.05 7537.52 10458.79 7555.22 10447.62
15 10373.19 4032.81 10323.39 4012.02 10317.80 4015.39 10306.54 3998.41 10314.92 3985.80 10345.06 3984.04 10307.13 3973.24 10341.44 3977.46 10338.83 3975.14 10344.81 3944.87 10367.45 3954.51 10377.26 3949.16 10384.05 3954.06 10390.51 3946.11 10397.91 3971.76
10 5807.45 8537.01 5825.76 8556.41 5790.95 8562.93 5777.52 8547.50 5779.39 8586.75 5741.19 8577.72 5703.96 8513.10 5762.16 8465.24 5775.38 8492.18 5815.56 8478.03
7 3434.83 622.95 3367.58 561.39 3373.18 526.43 3383.25 535.24 3395.70 512.30 3397.14 548.39 3401.85 541.43
14 10372.16 1058.03 10362.31 1105.68 10320.91 1086.41 10319.21 1081.72 10305.61 1099.66 10299.80 1105.94 10261.20 1079.74 10284.71 1035.30 10313.57 1032.09 10296.43 988.49 10315.29 1011.41 10315.32 971.94 10330.46 1030.66 10417.11 1016.60
12 9569.19 6854.38 9546.72 6860.00 9535.42 6815.79 9544.24 6812.80 9515.18 6750.55 9552.97 6786.07 9564.29 6787.59 9567.37 6775.48 9569.09 6786.16 9589.33 6755.29 9591.49 6791.94 9583.54 6806.10
6 10279.67 10614.31 10269.59 10606.54 10261.97 10631.63 10243.81 10612.07 10229.01 10547.27 10239.38 10559.23
5 4799.32 1113.89 4758.52 1146.39 4741.46 1171.44 4713.42 1117.60 4738.68 1082.99
8 8742.66 7358.07 8694.27 7423.89 8675.26 7380.81 8641.79 7372.33 8684.01 7349.96 8693.93 7287.00 8703.61 7318.50 8758.53 7332.10
6 7885.82 7238.37 7849.33 7221.00 7813.03 7176.17 7867.67 7186.23 7885.16 7139.22 7909.37 7161.09
10 5328.75 7973.72 5330.82 8002.32 5306.42 7989.53 5262.20 8051.38 5249.81 8046.10 5224.69 8019.04 5254.83 7908.45 5284.42 7930.15 5322.04 7882.75 5317.89 7899.40
8 10543.01 2469.87 10469.92 2455.10 10456.78 2486.85 10440.99 2456.32 10433.21 2420.50 10415.25 2393.48 10522.62 2398.81 10496.67 2435.16
13 10605.70 8162.53 10600.66 8162.64 10596.76 8169.87 10575.40 8135.44 10561.78 8168.47 10520.75 8151.97 10506.88 8073.31 10505.56 8049.26 10539.82 8067.30 10562.45 8039.09 10610.51 8053.49 10584.43 8082.95 10630.36 8073.34
5 690.39 10105.02 626.44 10093.48 621.18 10138.96 596.74 10133.24 611.04 10033.92
9 4302.98 10595.15 4300.13 10596.84 4254.03 10551.80 4329.66 10511.16 4348.21 10498.77 4353.03 10541.42 4402.13 10514.32 4393.19 10526.43 4358.10 10555.99
15 4211.66 7104.22 4193.41 7125.70 4170.11 7119.56 4185.05 7134.55 4152.71 7119.17 4134.20 7162.01 4135.32 7143.73 4123.86 7091.69 4128.42 7093.63 4084.83 7062.85 4143.45 7067.63 4151.11 7035.94 4152.11 7042.52 4188.16 7088.87 4168.52 7101.69
11 10743.59 6852.27 10680.13 6911.35 10675.55 6900.52 10655.31 6908.90 10625.12 6836.61 10637.49 6804.90 10643.13 6770.47 10664.00 6746.93 10678.29 6804.95 10694.27 6800.22 10743.24 6793.76
8 9130.53 183.46 9143.69 231.92 9051.27 189.16 9111.67 157.09 9113.29 151.54 9143.93 119.55 9130.47 150.55 9134.56 152.34
14 6168.41 2795.60 6137.58 2813.12 6140.88 2828.16 6116.21 2807.11 6124.26 2831.57 6077.61 2839.05 6076.77 2796.89 6082.54 2771.44 6083.16 2743.14 6089.13 2754.71 6102.50 2760.76 6106.58 2743.07 6111.35 2748.56 6112.27 2774.66
6 2753.33 2913.35 2740.57 2927.94 2723.91 2934.11 2734.57 2912.58 2770.15 2868.36 2811.10 2889.49
8 7670.41 6887.29 7648.45 6891.66 7651.19 6898.81 7658.89 6922.67 7625.66 6888.73 7619.90 6876.29 7626.24 6864.16 7650.67 6833.54
15 2890.70 9022.09 2886.27 9040.34 2871.68 9016.34 2883.03 9067.52 2857.90 9021.42 2857.66 9008.75 2824.29 9059.72 2830.02 9019.52 2823.77 8947.32 2865.55 8948.54 2884.95 8909.55 2877.15 8945.93 2873.30 8965.30 2882.80 8963.73 2895.22 8973.44
12 3913.74 8190.54 3898.94 8211.18 3895.98 8203.07 3889.41 8199.03 3842.72 8199.41 3862.77 8155.12 3853.98 8135.03 3877.71 8164.16 3912.52 8138.62 3930.23 8145.53 3900.72 8173.92 3929.01 8180.37
15 7621.47 789.84 7653.98 804.29 7624.60 816.10 7614.87 800.16 7627.46 835.23 7615.02 808.75 7615.06 809.90 7612.60 809.59 7600.24 812.29 7602.41 803.50 7596.48 787.28 7588.79 776.15 7592.18 744.46 7630.35 777.92 7627.11 785.72
11 660.06 3474.96 660.05 3491.32 643.29 3497.05 614.63 3513.27 601.25 3482.36 609.42 3456.74 621.25 3459.27 661.36 3450.83 668.02 3450.02 684.65 3452.02 698.08 3450.56
6 10100.44 3121.19 10091.30 3126.44 10067.54 3110.22 10060.97 3080.56 10087.57 3092.11 10091.97 3089.52
12 5297.37 1782.09 5275.01 1814.82 5275.97 1821.34 5270.70 1821.37 5260.90 1820.45 5237.04 1826.75 5232.82 1821.96 5234.80 1815.31 5226.19 1818.11 5217.54 1794.99 5206.68 1749.41 5265.25 1763.88
14 3716.76 7660.86 3708.34 7670.24 3721.19 7693.48 3674.30 7704.13 3649.28 7669.37 3637.63 7658.45 3634.74 7655.06 3639.33 7640.05 3652.55 7622.44 3667.32 7638.91 3694.68 7628.13 3689.08 7654.15 3696.03 7658.02 3715.05 7657.92
7 10084.63 2036.69 10087.75 2074.08 10018.25 2068.20 10000.08 2089.96 10068.15 1976.81 10057.71 2017.81 10117.12 2021.22
5 1041.55 8563.51 1012.59 8584.23 994.23 8537.16 1020.60 8541.27 1018.47 8545.89
9 11095.00 6984.71 11100.41 7009.51 11066.53 7029.32 11061.75 7026.95 11058.19 7020.64 11003.71 7013.13 10993.58 6959.46 11003.30 6942.59 11046.91 6933.60
12 10053.05 5542.55 10064.28 5564.42 10048.93 5548.26 10048.63 5566.26 10042.01 5548.64 10043.06 5587.72 9999.23 5537.53 10024.93 5506.30 10022.67 5489.89 10025.97 5480.74 10059.55 5508.38 10077.40 5487.01
6 4250.70 6810.47 4250.34 6822.25 4208.26 6835.99 4185.57 6821.83 4188.99 6802.41 4239.42 6784.64
15 6459.45 1598.31 6454.20 1606.82 6485.09 1633.38 6451.47 1618.65 6447.21 1645.52 6423.91 1647.05 6379.25 1607.15 6384.64 1601.35 6411.12 1569.36 6439.29 1544.36 6451.03 1547.24 6441.82 1576.58 6468.88 1568.04 6458.18 1585.24 6505.97 1589.55
8 3894.84 6249.49 3887.55 6303.34 3818.39 6266.58 3810.58 6255.55 3784.47 6255.16 3798.88 6174.77 3850.86 6195.30 3853.39 6223.07
14 9472.65 4793.49 9450.97 4778.27 9442.18 4790.43 9434.50 4780.84 9429.23 4758.15 9412.96 4752.03 9427.48 4755.16 9436.93 4755.63 9423.58 4729.80 9451.58 4750.08 9465.08 4738.35 9468.99 4749.12 9474.93 4754.01 9482.87 4759.70
11 3805.13 2390.87 3813.08 2414.52 3784.19 2392.35 3763.97 2407.26 3765.49 2404.00 3774.35 2388.12 3788.52 2374.50 3753.04 2361.76 3795.72 2357.62 3796.60 2326.64 3827.39 2376.12
6 9792.17 7319.81 9763.80 7380.65 9732.37 7297.75 9733.48 7254.34 9754.31 7255.00 9783.75 7298.10
9 446.85 11054.10 461.18 11078.98 447.17 11064.44 385.51 11053.22 405.74 11030.55 389.11 10990.53 400.37 10991.04 422.72 11000.61 486.40 11019.64
5 7360.36 7689.62 7348.07 7699.85 7308.51 7710.16 7315.56 7688.80 7332.23 7671.93
10 10760.51 3242.78 10780.47 3282.65 10754.40 3260.08 10738.52 3252.15 10736.89 3256.28 10731.46 3254.48 10650.15 3188.47 10703.84 3209.74 10710.82 3170.38 10722.57 3194.33
13 9408.72 4508.68 9414.81 4532.12 9407.04 4530.36 9390.79 4514.21 9382.22 4518.26 9363.27 4524.06 9383.70 4494.87 9368.25 4484.32 9370.71 4482.33 9388.49 4490.94 9385.71 4478.55 9406.44 4484.15 9414.94 4479.13
13 1736.87 10213.07 1698.74 10202.90 1692.23 10219.52 1690.91 10231.87 1680.46 10255.49 1649.93 10199.78 1646.21 10186.20 1658.57 10169.84 1668.12 10174.83 1662.47 10146.69 1703.46 10166.31 1729.16 10146.71 1744.06 10164.46
10 3116.21 7927.89 3115.58 7939.76 3116.84 7958.39 3077.01 7950.53 3081.45 7898.53 3090.59 7889.58 3086.28 7885.77 3072.47 7859.64 3132.80 7888.60 3143.80 7889.16
13 9719.39 2388.69 9701.31 2414.85 9698.09 2406.21 9689.13 2401.66 9676.98 2425.79 9621.86 2377.26 9638.90 2376.55 9658.43 2366.67 9640.19 2339.93 9677.55 2366.59 9685.71 2325.13 9693.28 2354.79 9740.31 2342.54
10 4551.06 7105.48 4536.13 7086.98 4528.69 7108.36 4525.16 7113.32 4531.21 7077.63 4521.41 7080.92 4516.40 7073.17 4526.67 7069.46 4574.94 7034.96 4559.74 7054.48
6 9747.81 3484.15 9672.48 3550.95 9644.47 3463.21 9638.75 3399.96 9689.67 3452.20 9726.12 3404.56
13 1624.00 3951.55 1647.95 3967.74 1638.57 3974.69 1628.25 3978.22 1597.15 3961.79 1601.74 4000.88 1572.60 3980.51 1563.61 3951.05 1565.71 3943.84 1537.23 3921.96 1547.12 3916.88 1609.15 3893.02 1619.48 3887.40
10 10922.00 4112.41 10873.93 4139.56 10845.09 4146.67 10839.48 4136.19 10812.15 4111.58 10840.58 4101.17 10843.18 4062.66 10854.67 4076.78 10868.90 4053.42 10879.77 4057.55
5 6344.86 5802.04 6316.89 5806.30 6344.26 5775.61 6351.01 5773.32 6363.65 5792.20
7 6746.20 4144.53 6733.99 4117.94 6721.28 4145.66 6680.58 4099.05 6735.35 4074.43 6730.85 4040.27 6735.97 4059.51
14 6585.00 3430.17 6542.09 3419.04 6542.76 3421.17 6511.24 3439.59 6511.98 3414.71 6513.45 3406.93 6501.94 3400.13 6511.49 3404.76 6502.49 3390.63 6506.40 3385.35 6514.81 3376.39 6531.28 3387.54 6540.93 3406.71 6581.79 3410.29
7 4633.16 6044.87 4540.24 6045.03 4545.64 5980.20 4586.45 6012.71 4606.04 6014.91 4619.58 6012.02 4611.50 6025.41
13 7852.18 5830.62 7821.60 5881.04 7746.98 5816.06 7718.74 5790.72 7733.88 5778.54 7778.80 5789.05 7806.18 5734.73 7814.97 5753.20 7814.37 5783.64 7845.22 5758.87 7854.64 5776.07 7815.55 5808.22 7836.66 5813.98
5 9626.26 847.45 9604.73 834.88 9562.36 829.03 9578.25 783.67 9600.97 813.50
11 1578.68 6079.19 1595.92 6086.27 1551.69 6114.30 1530.26 6092.21 1515.02 6099.08 1479.55 6122.57 1480.87 6085.47 1478.33 6041.11 1541.62 6061.57 1546.43 6065.67 1556.93 6066.73
10 3053.28 5936.31 3047.59 5954.97 3051.27 5975.34 3010.10 5966.70 3002.29 5955.76 2949.32 5984.35 2912.53 5924.21 2956.37 5905.11 2965.21 5861.55 2992.31 5884.47
15 6630.90 1787.43 6649.26 1791.44 6648.39 1829.47 6626.24 1809.55 6623.93 1848.22 6585.53 1830.35 6585.45 1788.69 6564.95 1774.88 6588.98 1777.91 6582.18 1771.16 6609.60 1722.17 6628.66 1707.71 6643.14 1733.62 6684.21 1750.31 6650.31 1779.57
8 3877.05 2943.67 3874.64 2937.49 3850.64 2928.09 3848.75 2853.16 3908.05 2837.21 3919.89 2843.51 3938.69 2858.34 3916.84 2873.40
7 4227.31 6089.64 4196.74 6103.22 4240.67 6072.32 4212.30 6055.87 4291.72 6035.54 4307.09 6043.23 4273.14 6070.38
12 4762.22 1798.16 4781.49 1810.14 4732.02 1815.62 4701.92 1847.00 4714.74 1800.56 4716.82 1774.99 4728.11 1779.30 4722.13 1739.07 4748.57 1757.33 4794.45 1766.69 4772.19 1782.47 4776.07 1788.23
8 4766.27 1307.42 4758.41 1335.18 4745.76 1331.17 4731.73 1328.94 4728.82 1302.97 4719.19 1235.18 4775.88 1280.52 4824.73 1285.80
15 7385.56 10938.43 7348.61 10966.43 7295.03 10926.09 7244.55 10920.96 7253.18 10917.40 7238.34 10904.18 7229.39 10870.73 7288.72 10889.75 7257.99 10860.89 7268.76 10863.00 7276.69 10849.90 7305.77 10848.45 7358.49 10844.78 7368.92 10875.43 7338.68 10892.04
8 1239.67 8767.66 1204.47 8777.47 1171.71 8817.55 1159.07 8758.75 1158.08 8757.27 1149.16 8752.49 1160.27 8714.74 1195.14 8744.75
10 4045.31 3517.89 4079.66 3535.45 4043.27 3555.53 3994.47 3560.27 3967.52 3563.04 3972.51 3536.62 3963.03 3492.34 3973.40 3486.77 3989.14 3473.24 4026.60 3501.01
12 6082.59 9463.37 6086.42 9490.00 6032.70 9475.65 6047.03 9542.25 5993.50 9535.15 5997.46 9450.36 5977.35 9425.85 6020.87 9386.83 6024.85 9429.69 6034.51 9357.86 6066.11 9405.85 6079.68 9422.70
14 9254.07 580.48 9243.39 573.11 9245.91 586.33 9256.37 612.83 9226.40 585.20 9214.49 609.91 9217.81 574.01 9204.29 605.32 9202.46 582.36 9210.43 549.20 9196.28 536.77 9213.93 539.00 9221.96 501.74 9239.90 541.31
15 9351.71 9296.86 9371.84 9320.54 9359.59 9313.61 9351.77 9332.71 9319.26 9332.10 9286.68 9335.11 9289.90 9322.16 9277.73 9322.54 9300.10 9309.00 9285.77 9300.88 9313.31 9289.13 9273.75 9269.51 9312.72 9280.22 9328.07 9277.81 9345.51 9294.30
14 5130.35 318.56 5114.75 328.03 5019.60 352.26 5023.80 316.68 5009.26 285.43 5022.81 266.75 5026.91 253.65 5043.03 287.44 5056.29 258.21 5078.75 259.89 5090.35 255.06 5101.22 258.31 5104.55 275.04 5134.38 289.95
7 2580.48 11000.96 2574.64 11010.27 2569.33 11031.01 2564.85 11023.54 2559.98 11008.26 2556.02 10994.13 2587.59 10989.21
8 5416.26 3501.26 5395.96 3513.43 5379.05 3513.47 5401.26 3486.21 5366.40 3494.05 5359.16 3469.36 5418.10 3417.75 5485.60 3405.38
10 7656.66 7259.50 7663.88 7276.36 7600.16 7266.00 7591.74 7295.67 7594.39 7255.17 7569.07 7296.27 7581.92 7267.27 7563.46 7264.17 7628.03 7195.80 7643.39 7187.19
9 5159.15 3401.07 5149.94 3404.96 5130.35 3404.35 5125.38 3394.94 5117.70 3382.58 5118.77 3369.95 5115.73 3345.37 5148.48 3355.80 5159.40 3352.30
15 7838.19 5944.32 7838.22 5953.52 7850.81 5973.94 7832.31 5959.47 7829.11 5962.17 7817.20 5964.75 7789.30 5947.90 7762.29 5931.51 7795.01 5909.02 7812.84 5917.71 7834.91 5883.64 7833.05 5894.16 7843.30 5906.41 7829.25 5925.55 7864.41 5923.14
10 11001.76 10859.23 10980.02 10862.32 10972.28 10860.31 10969.65 10863.13 10970.46 10870.70 10968.06 10868.17 10961.65 10874.33 10952.08 10861.39 10928.96 10871.24 10948.38 10850.52
15 4484.25 9721.95 4477.09 9726.88 4465.92 9737.32 4449.62 9748.34 4431.72 9731.62 4417.63 9728.09 4434.76 9711.26 4402.61 9721.82 4428.64 9700.48 4432.77 9694.35 4434.45 9687.42 4450.88 9660.26 4462.23 9671.86 4451.41 9691.63 4467.26 9676.94
15 307.47 2472.06 300.09 2501.17 289.92 2503.88 279.95 2510.77 260.66 2504.86 242.82 2457.57 248.46 2445.48 250.75 2441.36 268.30 2458.48 257.89 2445.81 259.21 2425.46 267.02 2440.75 277.73 2449.40 285.11 2444.40 284.19 2465.21
7 1863.95 9535.07 1877.02 9567.81 1819.22 9583.64 1806.50 9563.13 1823.14 9519.97 1818.94 9508.56 1849.03 9510.52
13 663.06 4742.72 666.36 4755.97 650.75 4747.17 656.90 4771.59 645.01 4752.50 598.80 4757.68 596.10 4734.35 610.76 4727.27 641.58 4708.21 664.72 4696.14 672.26 4705.26 681.33 4717.35 659.07 4736.39
6 1702.05 7341.54 1670.89 7324.96 1655.55 7332.67 1658.57 7301.99 1665.54 7292.31 1667.19 7279.68
11 2680.47 1677.01 2656.82 1676.63 2643.84 1719.87 2639.49 1669.55 2612.40 1644.43 2651.31 1645.99 2655.06 1618.68 2655.08 1625.45 2664.31 1622.46 2677.47 1640.78 2702.28 1645.99
11 5365.68 644.31 5355.39 641.98 5340.95 627.08 5321.90 608.50 5353.00 617.81 5353.75 604.55 5364.82 613.94 5372.57 619.40 5388.36 624.24 5385.93 626.53 5367.88 631.90
15 6878.36 2009.79 6921.69 2024.92 6897.17 2017.30 6870.96 2015.33 6882.42 2040.30 6850.02 2033.53 6806.85 2035.75 6808.55 2014.39 6822.40 2005.96 6822.49 1985.29 6829.72 1983.08 6843.98 1985.39 6851.65 1989.14 6845.29 1951.16 6897.87 1969.40
10 10250.73 3330.00 10234.71 3327.24 10237.40 3342.67 10227.35 3336.11 10241.27 3355.22 10230.47 3349.23 10207.88 3344.30 10183.09 3332.13 10218.36 3299.59 10220.29 3297.67
8 9556.21 4043.78 9543.10 4047.51 9547.53 4053.55 9533.33 4089.14 9466.54 4006.35 9519.19 4014.15 9525.21 3999.37 9545.23 3964.32
12 8102.02 5678.60 8116.24 5689.79 8145.52 5714.01 8073.85 5697.86 8071.94 5697.98 8019.74 5703.35 8023.98 5682.08 8050.67 5649.49 8045.17 5643.51 8087.35 5643.77 8142.56 5619.48 8101.41 5663.34
6 5298.17 1695.27 5254.91 1687.52 5242.25 1669.25 5243.74 1645.39 5253.53 1657.35 5262.63 1635.01
6 653.41 8745.12 593.01 8745.20 623.35 8731.90 636.09 8725.06 682.27 8720.02 665.94 8733.08
14 6350.81 6548.36 6325.31 6588.50 6308.30 6585.31 6320.95 6553.57 6308.30 6558.73 6301.59 6547.45 6293.92 6540.30 6315.78 6535.83 6290.86 6521.14 6326.14 6535.59 6314.83 6519.25 6336.97 6525.66 6340.39 6532.03 6389.24 6531.39
14 7097.91 684.55 7076.36 700.82 7032.12 713.56 7007.98 709.63 7001.57 716.93 7007.53 665.34 6978.28 639.90 6978.64 617.39 6996.95 631.71 7037.42 626.21 7055.86 604.00 7053.24 612.22 7068.61 644.71 7082.54 652.79
11 4199.31 8266.27 4195.71 8253.09 4194.86 8249.17 4181.51 8257.03 4200.02 8231.25 4190.51 8224.40 4182.96 8212.86 4195.15 8211.19 4226.92 8220.20 4222.43 8225.45 4242.94 8220.64
14 1172.87 2745.30 1164.33 2758.19 1141.30 2768.48 1128.42 2769.75 1121.94 2773.61 1112.66 2753.52 1109.08 2748.72 1099.32 2716.00 1119.32 2719.79 1106.65 2695.30 1145.23 2677.17 1142.87 2702.07 1155.92 2686.52 1180.19 2713.31
13 10316.44 9009.54 10339.80 9041.64 10303.90 9019.67 10259.84 9041.91 10261.24 9012.44 10223.16 9065.81 10226.19 8967.00 10257.20 8941.35 10252.44 8903.74 10269.15 8902.34 10287.23 8913.34 10322.33 8921.72 10294.62 8980.93
13 5138.69 5686.52 5149.55 5700.63 5150.83 5704.05 5136.97 5712.92 5112.07 5691.72 5092.02 5699.21 5105.20 5688.82 5095.71 5653.82 5109.13 5659.78 5125.94 5671.31 5129.05 5672.84 5128.69 5663.61 5137.73 5675.79
13 10782.46 4812.17 10784.01 4813.39 10775.76 4816.15 10793.49 4848.40 10773.03 4824.79 10750.91 4812.15 10726.63 4815.01 10746.18 4806.20 10741.52 4784.51 10752.88 4785.43 10781.64 4770.56 10783.22 4777.48 10784.08 4778.85
10 7689.42 7895.98 7725.80 7935.48 7694.14 7906.53 7653.97 7948.44 7638.51 7867.50 7650.11 7865.79 7628.07 7842.44 7634.24 7827.22 7720.26 7878.44 7714.16 7880.78
11 3311.83 5172.44 3267.38 5160.17 3257.31 5181.45 3245.97 5163.88 3207.28 5168.54 3237.55 5147.19 3252.08 5140.83 3226.30 5132.29 3240.91 5107.78 3263.39 5108.23 3315.86 5133.63
12 6657.73 8884.10 6629.61 8910.96 6629.42 8876.39 6604.07 8821.64 6595.67 8805.89 6578.85 8788.31 6600.81 8803.85 6607.10 8794.02 6665.54 8819.17 6710.36 8795.24 6678.55 8816.67 6680.54 8828.83
6 4056.09 5701.12 4072.00 5714.81 4060.76 5710.07 4016.04 5691.44 4030.04 5675.58 4041.88 5686.39
14 10262.77 9869.31 10248.05 9882.37 10265.17 9890.84 10260.64 9908.91 10261.55 9915.73 10221.53 9904.19 10204.69 9932.80 10194.60 9902.29 10187.97 9919.23 10180.38 9882.94 10123.40 9885.56 10190.68 9768.55 10229.44 9772.96 10229.10 9846.16
13 2163.44 3182.65 2167.83 3188.59 2117.64 3221.44 2134.18 3191.36 2123.58 3196.07 2125.12 3189.14 2127.62 3166.74 2127.08 3150.67 2158.26 3147.02 2161.95 3159.96 2163.35 3175.37 2151.23 3179.14 2150.52 3180.12
14 7860.66 10812.56 7872.87 10837.89 7839.21 10834.52 7817.46 10850.74 7804.09 10841.06 7771.70 10840.78 7779.64 10809.70 7770.11 10805.60 7805.18 10768.42 7797.40 10754.06 7815.73 10762.62 7857.87 10766.64 7849.97 10778.96 7867.27 10805.76
7 9290.90 1970.40 9298.32 1977.53 9297.72 1985.12 9279.93 1994.14 9250.71 1954.84 9273.04 1938.53 9279.40 1960.04
10 6173.05 3660.51 6188.84 3672.51 6134.16 3707.14 6115.52 3721.08 6084.53 3688.65 6056.32 3637.81 6122.16 3583.87 6127.66 3576.20 6169.79 3631.47 6196.05 3644.25
13 1308.00 1405.63 1337.49 1420.32 1334.21 1440.14 1304.25 1417.91 1307.95 1433.40 1259.85 1440.19 1259.53 1426.64 1295.20 1390.92 1304.73 1349.53 1305.06 1359.01 1298.11 1389.99 1326.01 1367.24 1336.09 1378.71
11 857.34 1583.76 846.13 1596.51 813.34 1612.00 842.42 1546.36 852.88 1539.34 849.65 1567.59 861.78 1558.92 876.82 1551.94 855.95 1574.66 860.26 1574.14 861.15 1576.77
8 4787.16 2967.91 4766.61 2963.50 4769.17 2943.05 4722.03 2930.88 4742.76 2856.21 4788.51 2877.64 4810.39 2896.75 4813.87 2914.52
7 6433.12 7735.86 6362.03 7773.74 6360.25 7742.53 6369.23 7730.40 6357.04 7709.54 6379.16 7670.40 6397.02 7652.88
5 1716.62 1880.27 1676.40 1907.73 1605.41 1932.88 1621.67 1854.45 1696.34 1866.81
12 2189.04 832.56 2158.62 820.10 2180.57 852.12 2122.90 805.31 2066.32 769.79 2122.99 787.89 2166.19 753.96 2163.55 776.18 2188.15 756.76 2172.83 786.57 2214.09 782.17 2175.65 803.12
7 2869.40 3546.49 2866.62 3584.02 2777.31 3505.02 2813.65 3519.41 2853.39 3477.42 2868.20 3484.42 2880.48 3511.23
10 9820.66 2330.45 9823.68 2336.47 9823.63 2339.80 9834.36 2366.60 9810.85 2352.44 9758.00 2308.22 9780.28 2307.55 9756.36 2283.77 9791.22 2290.26 9792.54 2291.94
14 5947.49 583.21 5955.82 587.53 5957.66 589.55 5954.46 588.97 5942.02 586.06 5922.12 584.65 5917.03 605.25 5915.87 594.66 5883.03 566.21 5906.74 571.61 5899.27 557.01 5912.34 559.91 5923.97 551.93 5922.59 569.71
11 5665.69 6799.29 5661.41 6797.47 5656.33 6794.37 5634.28 6805.77 5638.14 6784.71 5622.02 6781.76 5625.66 6769.04 5612.95 6749.45 5636.02 6740.44 5645.31 6762.84 5660.37 6745.31
11 5805.17 3462.30 5782.30 3464.85 5712.74 3546.90 5654.16 3453.77 5743.13 3375.53 5751.14 3424.74 5762.55 3403.57 5767.01 3396.55 5779.69 3391.04 5785.51 3390.51 5811.49 3395.24
10 3328.12 1742.19 3307.33 1800.78 3279.49 1818.18 3236.52 1786.00 3281.63 1752.73 3236.42 1763.54 3250.94 1732.24 3320.10 1695.11 3347.72 1700.45 3355.36 1736.37
9 3230.82 10037.41 3253.70 10059.99 3166.74 10056.72 3116.43 9971.85 3183.81 9980.17 3215.27 9946.57 3218.47 9950.25 3226.72 9951.16 3257.68 9970.31
7 1170.97 2193.69 1158.64 2217.35 1159.28 2135.37 1188.92 2148.31 1208.86 2112.75 1194.65 2142.27 1236.14 2159.29
9 2014.44 1767.71 1944.58 1751.13 1911.77 1748.42 1949.13 1720.98 1935.03 1699.93 1963.14 1709.33 1966.75 1720.44 1981.00 1713.60 1986.73 1714.41
6 3468.65 4249.89 3412.73 4240.81 3401.28 4292.00 3376.50 4281.39 3378.07 4249.80 3335.52 4223.03
5 7371.85 2026.91 7313.43 1987.60 7324.33 1965.76 7327.76 1959.72 7354.21 1957.80
10 4897.31 10429.75 4899.97 10455.98 4881.32 10435.99 4820.54 10448.85 4808.42 10385.46 4839.08 10397.67 4839.41 10367.20 4844.63 10369.71 4867.77 10336.92 4889.15 10400.01
6 2329.57 4622.29 2307.37 4643.04 2297.96 4548.75 2293.64 4528.93 2376.61 4565.38 2380.39 4582.79
12 4697.09 8116.95 4671.53 8098.36 4674.34 8107.68 4619.35 8084.93 4598.59 8067.14 4588.08 8064.49 4587.88 8062.97 4620.82 8069.06 4649.38 8017.52 4658.60 8018.24 4690.23 8020.53 4676.66 8038.67
13 4497.89 8405.05 4480.57 8399.43 4485.21 8402.90 4484.44 8422.71 4470.43 8423.17 4445.67 8411.55 4434.52 8400.79 4449.48 8394.49 4441.16 8383.47 4446.17 8359.71 4485.08 8355.99 4477.76 8386.92 4483.02 8394.39
5 7772.92 1810.03 7724.23 1794.77 7733.84 1750.59 7752.14 1764.87 7768.94 1756.91
12 6989.21 3258.31 6915.34 3301.29 6908.18 3240.50 6895.01 3258.74 6880.11 3259.15 6845.51 3165.07 6887.57 3187.78 6874.41 3134.25 6938.08 3173.76 6971.28 3132.70 6995.97 3147.77 6983.45 3179.24
9 8007.76 5994.98 7981.21 5984.55 7958.02 5981.89 7946.89 5984.45 7945.68 5961.48 7966.28 5969.22 7973.78 5941.26 7973.28 5960.43 7985.50 5950.23
9 9542.68 7078.70 9514.50 7081.47 9512.44 7009.07 9566.00 6974.80 9563.71 6989.43 9560.15 7026.68 9582.93 6994.69 9606.44 6993.93 9563.95 7040.35
5 8484.97 4792.76 8464.67 4788.22 8433.08 4769.28 8449.45 4720.96 8476.27 4711.64
13 5975.29 6640.21 5992.94 6680.24 5973.77 6671.17 5958.43 6675.37 5951.68 6658.32 5920.94 6659.79 5902.82 6644.47 5925.30 6640.37 5920.94 6613.04 5932.65 6598.76 5951.18 6569.18 5955.55 6618.19 5976.98 6627.06
13 8298.09 10067.46 8285.97 10023.97 8280.87 10025.79 8276.10 10057.78 8225.98 10061.48 8241.72 10026.06 8204.78 10009.53 8240.20 9996.07 8224.00 9971.64 8266.20 9957.99 8281.48 9984.72 8306.07 9942.48 8301.31 9971.28
10 1157.22 4290.23 1116.42 4294.34 1096.27 4306.15 1073.93 4340.35 1068.76 4296.49 1057.58 4282.86 1070.51 4280.32 1061.21 4211.34 1098.71 4226.26 1111.20 4252.51
14 9888.59 1578.92 9939.95 1621.42 9938.59 1630.86 9900.33 1656.25 9870.50 1602.87 9854.66 1623.67 9793.78 1578.21 9809.77 1568.30 9804.60 1528.12 9836.62 1543.33 9863.21 1551.14 9871.90 1511.58 9882.52 1498.94 9882.72 1503.33
11 8399.21 4692.43 8399.92 4709.68 8365.95 4708.85 8364.94 4721.59 8355.43 4737.65 8356.73 4693.21 8349.29 4698.16 8327.16 4677.01 8382.64 4622.28 8385.31 4641.83 8400.32 4664.70
10 5312.75 10098.37 5302.67 10146.31 5255.80 10107.46 5237.71 10095.46 5221.35 10099.74 5224.30 10058.49 5309.30 9979.52 5331.90 10045.15 5322.09 10057.54 5384.53 10052.79
10 10087.02 8401.58 10076.84 8428.24 10065.89 8426.81 10053.52 8424.27 10026.96 8381.58 10072.43 8361.36 10067.77 8389.53 10077.99 8380.07 10092.66 8384.44 10078.21 8393.14
8 9738.34 2841.25 9700.48 2912.18 9708.62 2865.83 9657.86 2846.32 9726.00 2805.33 9785.75 2792.21 9754.15 2817.58 9738.16 2825.71
14 9126.74 3307.24 9137.11 3342.00 9087.93 3333.01 9071.92 3320.26 9076.05 3310.58 9090.21 3300.78 9083.71 3291.74 9079.69 3282.67 9098.46 3253.97 9111.26 3279.31 9124.83 3276.31 9114.17 3291.85 9146.32 3274.79 9124.08 3300.91
7 2125.13 3663.66 2122.13 3668.06 2094.29 3643.18 2118.24 3640.98 2131.31 3628.83 2142.46 3630.73 2162.15 3630.56
6 5836.65 8621.74 5837.58 8613.78 5822.88 8604.95 5816.15 8595.20 5839.62 8554.43 5862.97 8588.18
12 8192.35 6292.28 8166.92 6292.99 8179.38 6313.17 8153.45 6297.65 8145.93 6291.51 8108.58 6282.71 8156.17 6242.25 8193.35 6252.69 8193.80 6264.43 8199.11 6270.17 8179.83 6278.27 8185.81 6279.01
13 8315.64 2630.49 8268.18 2618.13 8255.88 2627.82 8249.14 2657.76 8239.61 2650.63 8227.52 2657.78 8200.85 2648.34 8212.80 2616.33 8167.19 2622.70 8221.72 2609.95 8225.41 2593.70 8203.70 2569.48 8233.26 2550.37
14 2165.88 1233.11 2165.50 1282.61 2045.53 1187.77 2092.33 1194.72 2090.99 1191.25 2076.43 1174.00 2091.53 1173.60 2099.59 1175.22 2126.12 1129.50 2144.18 1160.05 2161.32 1187.22 2166.45 1189.82 2192.05 1200.44 2160.02 1210.56
13 4675.98 450.07 4651.27 449.97 4651.32 474.23 4653.19 479.94 4589.39 477.27 4591.10 433.17 4599.87 416.39 4626.35 389.56 4626.83 391.47 4652.54 403.08 4666.59 395.57 4673.06 416.02 4661.14 430.56
5 5139.62 1821.62 5062.05 1807.86 5066.31 1800.03 5075.97 1770.55 5133.41 1758.68
11 3471.83 9380.32 3451.57 9403.46 3441.86 9452.71 3439.10 9412.55 3414.07 9403.65 3389.41 9403.60 3398.17 9397.20 3407.08 9381.70 3434.84 9367.58 3417.09 9353.44 3416.10 9309.97
15 10887.78 533.14 10887.40 535.40 10887.41 564.89 10848.64 538.17 10832.08 559.48 10796.77 540.21 10799.40 520.10 10825.88 508.45 10828.09 500.56 10799.64 464.60 10831.66 471.82 10844.49 494.24 10847.39 497.00 10870.21 494.77 10898.87 467.09
5 2681.17 8680.18 2660.71 8653.19 2685.27 8645.28 2741.53 8637.80 2733.69 8649.72
7 4349.37 10383.14 4341.51 10401.85 4324.52 10298.84 4337.19 10307.37 4361.68 10308.55 4365.81 10345.20 4353.66 10352.18
15 989.07 2600.23 985.09 2616.97 979.57 2609.73 982.04 2668.27 962.19 2594.40 892.87 2630.10 946.72 2576.38 923.05 2566.39 890.86 2547.05 910.78 2540.04 920.60 2537.43 973.60 2549.54 980.70 2534.53 1009.59 2500.29 1004.29 2572.44
7 6688.12 6410.81 6654.92 6425.16 6631.44 6429.43 6620.31 6404.53 6656.40 6397.62 6655.03 6385.79 6646.25 6365.35
14 6833.18 1327.30 6844.81 1337.97 6818.41 1382.45 6815.61 1358.30 6801.31 1374.43 6778.47 1352.72 6778.00 1312.32 6791.52 1271.65 6804.62 1281.69 6815.13 1242.34 6818.00 1291.39 6826.87 1304.37 6832.48 1311.88 6867.53 1306.27
10 6224.65 2294.45 6229.31 2309.00 6227.11 2312.73 6170.01 2321.09 6160.51 2329.08 6181.24 2303.02 6162.29 2298.76 6157.45 2249.69 6195.88 2257.13 6232.71 2270.65
10 6920.92 7938.33 6887.43 7927.18 6870.81 7954.24 6867.57 7956.22 6875.02 7926.91 6868.60 7906.82 6859.32 7894.55 6904.18 7864.53 6911.12 7859.73 6915.26 7881.81
8 3115.77 10989.21 3131.70 10998.17 3053.46 10985.76 3068.07 10975.08 3068.94 10959.35 3059.48 10946.80 3069.03 10916.93 3083.48 10928.43
14 2860.53 8100.48 2876.81 8144.42 2824.14 8132.18 2817.18 8124.69 2809.30 8113.82 2764.27 8067.93 2828.47 8055.38 2831.30 8063.52 2833.66 8067.77 2839.80 8057.72 2871.16 8020.85 2878.22 8043.15 2869.21 8078.14 2915.35 8087.15
9 2574.86 4808.31 2534.66 4839.75 2512.30 4766.31 2541.03 4772.14 2560.19 4763.79 2558.16 4776.92 2556.21 4791.03 2569.93 4779.73 2571.06 4797.21
5 7216.65 7613.31 7196.00 7558.67 7209.82 7543.13 7224.34 7569.57 7242.03 7578.23
14 5002.27 4155.08 4997.03 4152.86 4973.60 4138.21 4911.98 4143.25 4886.43 4167.67 4919.49 4121.59 4917.08 4120.99 4903.43 4110.41 4923.44 4104.46 4907.08 4046.04 4951.23 4094.82 4956.60 4095.16 4986.28 4097.74 4998.58 4105.82
11 4560.33 1384.55 4537.40 1404.72 4509.24 1382.21 4506.24 1420.16 4487.28 1431.78 4462.31 1408.78 4472.73 1381.76 4456.46 1349.20 4430.38 1322.04 4501.73 1324.60 4530.30 1353.63
11 3767.05 4666.06 3732.07 4684.78 3717.64 4649.89 3726.88 4645.93 3716.64 4623.02 3733.73 4637.31 3731.53 4612.13 3750.30 4637.13 3753.96 4632.76 3785.78 4636.91 3768.46 4645.00
8 5313.95 5234.89 5307.32 5242.31 5236.97 5204.02 5272.60 5209.96 5273.47 5186.01 5281.12 5181.26 5318.56 5192.72 5315.12 5211.22
11 8891.51 8610.72 8892.58 8617.58 8858.42 8659.05 8848.06 8662.42 8835.26 8619.78 8855.20 8610.58 8844.66 8555.82 8857.22 8572.69 8858.66 8561.61 8866.11 8556.15 8902.45 8579.55
7 7794.52 6743.39 7823.85 6792.86 7783.90 6770.30 7764.74 6816.05 7798.46 6676.34 7811.55 6670.04 7809.64 6705.43
6 791.43 9188.93 745.14 9221.92 711.93 9222.76 714.61 9155.41 777.60 9142.34 802.41 9123.97
8 6927.10 5892.57 6908.63 5892.67 6856.04 5878.59 6867.25 5852.83 6896.07 5831.75 6908.11 5834.80 6929.27 5823.05 6933.01 5852.77
5 9215.15 6756.54 9133.23 6804.61 9107.73 6815.36 9059.28 6782.48 9071.35 6771.96
7 5050.32 2476.85 4980.63 2491.86 4969.04 2480.02 5017.12 2407.31 5039.54 2406.84 5066.52 2424.32 5078.09 2422.04
14 10445.17 7636.10 10389.87 7675.52 10378.83 7668.32 10320.18 7658.24 10313.82 7612.53 10302.72 7560.93 10323.68 7568.85 10315.10 7553.49 10341.01 7563.62 10359.51 7530.64 10434.65 7543.92 10415.46 7578.10 10453.20 7552.83 10403.76 7602.87
8 9337.08 6666.27 9232.08 6711.57 9266.18 6686.67 9286.57 6670.11 9246.77 6651.75 9266.02 6627.34 9272.96 6601.92 9335.96 6580.40
14 8984.88 3777.33 9000.54 3795.69 8984.71 3785.19 8977.70 3786.34 8972.89 3789.02 8957.57 3786.26 8958.78 3781.76 8956.43 3773.54 8937.10 3772.17 8946.42 3770.64 8946.03 3759.65 8959.69 3754.65 8976.03 3746.04 8987.79 3743.25
9 8125.03 165.25 8126.82 168.98 8110.29 181.85 8058.16 161.19 8056.18 159.01 8053.77 156.10 8066.83 147.43 8090.15 146.14 8094.55 122.81
13 10180.89 10463.47 10161.19 10483.63 10172.16 10449.54 10152.07 10461.83 10152.66 10445.86 10155.70 10413.80 10171.48 10417.16 10174.55 10419.95 10182.82 10376.12 10191.04 10378.80 10209.73 10417.25 10224.71 10427.55 10242.94 10424.65
8 1286.39 5545.43 1305.49 5564.72 1234.17 5555.89 1243.89 5525.44 1272.59 5485.93 1277.29 5480.88 1281.88 5509.93 1308.01 5496.50
7 2701.87 2226.29 2690.48 2213.05 2682.46 2228.47 2685.42 2215.75 2666.52 2207.77 2672.60 2179.00 2700.26 2190.68
13 10847.71 5130.69 10845.21 5132.81 10831.68 5135.32 10801.64 5146.12 10796.02 5119.98 10797.81 5112.08 10805.31 5088.44 10837.97 5106.94 10846.23 5116.92 10860.79 5116.58 10834.93 5121.43 10862.38 5122.13 10864.05 5122.60
13 10774.45 2965.86 10797.75 3000.09 10777.19 3013.42 10752.59 2992.31 10728.99 2968.99 10682.91 2976.11 10702.65 2960.29 10661.72 2951.58 10676.40 2945.28 10674.63 2917.81 10762.76 2855.07 10784.53 2921.55 10795.14 2935.17
8 10667.08 3833.68 10634.87 3852.37 10619.07 3828.43 10655.93 3806.20 10661.98 3808.61 10663.00 3794.44 10668.70 3806.35 10675.17 3804.70
10 4608.78 2480.35 4572.71 2478.68 4536.15 2531.06 4522.23 2503.57 4520.45 2488.57 4525.78 2456.81 4503.54 2435.77 4510.20 2359.85 4573.90 2410.07 4628.57 2411.59
5 9940.36 609.37 9907.66 604.14 9863.27 653.32 9908.15 574.76 9933.86 573.40
13 9153.31 5108.10 9155.91 5108.51 9135.45 5139.56 9111.53 5155.68 9074.79 5136.33 9071.07 5129.80 9046.65 5136.28 9045.47 5126.02 9042.43 5102.66 9108.52 5085.34 9133.79 5083.13 9130.06 5089.00 9152.18 5101.47
8 544.23 9389.99 482.85 9441.66 434.40 9436.58 447.27 9325.75 433.45 9286.44 441.17 9288.98 489.22 9342.70 534.89 9334.20
15 2790.67 475.09 2767.97 457.77 2761.78 440.55 2747.18 459.85 2731.45 456.97 2704.26 421.35 2692.73 420.76 2677.94 422.76 2688.23 405.34 2705.58 344.03 2727.94 361.64 2745.60 388.88 2744.07 382.49 2758.68 393.51 2812.98 409.36
7 5314.65 6704.56 5256.39 6730.87 5227.06 6673.20 5291.08 6657.37 5298.64 6652.32 5306.60 6666.61 5315.37 6675.10
7 5158.17 1586.82 5157.56 1588.89 5099.84 1577.58 5062.31 1545.99 5117.46 1550.66 5116.79 1517.80 5157.61 1550.41
14 10489.44 10181.57 10475.18 10207.24 10452.00 10198.75 10465.11 10162.38 10406.36 10081.32 10429.13 10078.34 10460.37 10082.89 10480.42 10078.71 10501.13 10063.56 10503.10 10058.19 10510.44 10066.82 10522.42 10067.01 10521.80 10104.94 10496.07 10126.24
8 5186.88 1389.18 5165.17 1365.70 5156.09 1390.58 5137.70 1355.79 5137.33 1349.27 5140.04 1341.87 5145.88 1301.96 5173.37 1315.99
12 6251.67 8357.33 6237.76 8361.13 6236.38 8395.97 6210.91 8393.84 6204.46 8368.21 6169.28 8364.96 6172.36 8320.33 6234.40 8323.89 6227.44 8344.34 6227.62 8346.83 6258.45 8352.52 6236.21 8352.85
12 5408.44 10505.39 5425.87 10510.80 5396.98 10517.87 5393.22 10519.08 5398.33 10545.66 5383.63 10513.05 5371.89 10533.42 5355.02 10495.51 5341.72 10475.32 5383.81 10476.07 5391.91 10484.90 5438.00 10495.47
14 2990.17 6530.28 2983.03 6538.32 2965.86 6526.28 2920.41 6530.51 2921.46 6522.77 2893.58 6525.88 2897.83 6500.65 2929.16 6503.35 2938.33 6486.14 2966.82 6454.05 2985.78 6463.50 2991.09 6494.77 3007.33 6498.94 2994.86 6505.77
8 10742.31 9129.46 10734.45 9162.35 10705.07 9154.06 10710.42 9129.75 10708.75 9113.19 10721.43 9107.33 10738.93 9110.90 10753.77 9105.12
13 8710.59 1435.75 8705.73 1441.02 8729.28 1454.20 8715.94 1464.78 8662.46 1463.93 8661.91 1445.21 8674.83 1437.18 8656.96 1438.21 8662.76 1429.47 8674.24 1418.83 8678.58 1408.42 8691.34 1407.37 8712.89 1432.09
14 4303.84 8964.81 4317.34 8977.53 4285.92 8983.03 4290.30 9015.42 4258.68 8971.29 4241.87 8959.71 4248.55 8957.17 4229.59 8948.56 4282.80 8903.89 4299.69 8916.75 4302.54 8929.46 4327.43 8942.21 4296.91 8963.16 4319.75 8962.98
15 4097.28 5792.54 4106.46 5798.03 4103.19 5799.45 4089.66 5799.63 4087.63 5817.37 4082.33 5813.02 4076.13 5828.59 4070.57 5802.57 4078.46 5796.80 4078.56 5782.73 4079.62 5775.94 4085.80 5778.83 4103.13 5783.86 4099.98 5787.35 4104.79 5786.11
8 8534.71 3466.08 8503.41 3504.77 8463.74 3440.89 8463.62 3422.46 8475.94 3419.63 8488.59 3435.72 8533.26 3428.57 8514.48 3454.52
13 9124.95 1697.62 9117.66 1692.59 9121.15 1702.42 9119.01 1703.27 9103.60 1678.65 9102.87 1693.82 9098.93 1683.68 9085.36 1706.31 9082.43 1698.33 9082.85 1656.01 9115.81 1648.02 9120.94 1660.65 9123.95 1669.43
9 7744.59 1183.83 7699.07 1189.97 7658.38 1197.93 7672.46 1156.76 7678.78 1127.08 7653.12 1124.12 7634.78 1069.94 7657.59 1077.84 7678.23 1048.54
14 2816.37 4656.06 2809.73 4660.07 2812.05 4664.95 2827.74 4692.71 2803.64 4658.83 2801.69 4664.31 2783.71 4642.22 2794.50 4629.21 2799.77 4620.86 2829.18 4609.07 2820.58 4624.49 2830.86 4615.96 2817.22 4635.12 2817.29 4637.48
14 4376.34 2818.95 4367.35 2818.17 4351.61 2805.87 4337.26 2829.66 4338.24 2813.11 4308.83 2813.09 4312.12 2789.11 4320.45 2758.18 4330.44 2762.46 4327.63 2753.90 4335.98 2749.28 4370.97 2748.94 4384.67 2750.79 4364.85 2779.76
5 7745.32 5573.77 7638.32 5626.66 7604.38 5569.76 7624.52 5522.26 7671.37 5527.91
8 6713.96 10107.66 6687.31 10170.94 6664.95 10141.10 6662.49 10122.49 6607.72 10062.56 6663.64 10073.31 6668.14 10076.69 6690.66 10088.84
11 1152.25 4241.24 1133.78 4207.33 1126.27 4217.20 1120.82 4190.16 1090.42 4124.91 1132.49 4158.73 1175.22 4142.95 1182.49 4152.47 1174.62 4158.50 1155.22 4172.07 1176.33 4169.60
15 10070.52 8269.17 10073.80 8289.57 10068.05 8284.65 10074.54 8292.25 10065.35 8304.11 10018.61 8282.60 9972.45 8283.49 9972.08 8283.43 10007.05 8259.07 10020.91 8255.41 10101.90 8203.69 10087.09 8234.73 10084.53 8240.66 10111.00 8229.87 10079.55 8254.44
11 9950.75 324.49 9886.19 320.57 9895.97 329.25 9906.77 344.71 9919.06 362.50 9885.53 343.05 9855.03 376.78 9856.98 355.35 9836.36 300.78 9836.39 277.61 9898.88 263.70
12 6289.57 2486.98 6258.36 2514.29 6243.04 2481.06 6244.67 2532.94 6226.74 2533.63 6206.41 2454.37 6158.99 2438.28 6204.92 2407.68 6222.26 2419.68 6217.99 2409.02 6231.58 2385.35 6292.09 2443.40
10 4512.79 8993.51 4507.46 8987.17 4486.69 9001.98 4468.34 8980.41 4467.27 8972.45 4491.27 8965.80 4486.22 8946.39 4494.50 8958.92 4498.82 8964.06 4518.21 8952.20
6 1753.26 6969.68 1728.33 6948.75 1701.97 6955.05 1676.31 6883.93 1712.84 6872.81 1740.28 6901.76
6 1044.75 7171.02 1002.69 7138.09 987.08 7188.20 976.04 7187.11 970.71 7090.47 1055.97 7059.93
10 4881.88 3644.84 4880.54 3645.60 4841.81 3659.88 4827.87 3659.53 4844.46 3630.60 4837.45 3633.26 4831.36 3624.77 4817.07 3621.67 4844.08 3611.00 4859.13 3619.14
6 6090.39 6905.67 6064.54 6914.56 6046.99 6878.46 6042.85 6865.88 6071.36 6873.87 6087.83 6842.58
13 4581.41 808.22 4582.92 808.97 4583.58 812.77 4579.75 813.88 4593.23 821.75 4581.14 860.37 4509.70 835.01 4521.35 825.88 4529.79 804.04 4560.96 752.41 4591.36 751.44 4592.52 771.38 4575.66 796.75
7 4741.23 8675.32 4718.93 8665.75 4736.00 8706.07 4690.14 8666.60 4703.53 8612.03 4767.75 8607.04 4779.43 8647.27
5 7017.35 9036.49 6946.85 8975.19 6994.94 8987.41 7000.45 9014.37 7024.97 9006.59
6 3040.02 10701.69 3045.20 10731.78 2957.65 10723.08 2951.85 10718.81 2965.46 10701.27 2958.41 10684.01
5 8478.91 4652.18 8437.58 4649.69 8467.36 4590.02 8544.79 4581.54 8531.61 4631.85
13 8214.75 6025.27 8232.16 6036.25 8239.04 6055.37 8185.20 6037.38 8173.75 6047.42 8178.88 6001.78 8181.02 5983.12 8218.62 5981.69 8207.79 6001.90 8217.87 5986.66 8219.02 6003.05 8224.29 6004.40 8243.30 5998.09
9 2110.49 4214.85 2092.42 4279.45 2084.26 4264.68 2007.62 4247.48 1994.39 4202.34 2055.80 4168.80 2073.70 4181.68 2113.15 4186.94 2097.18 4201.24
14 411.31 9476.07 425.21 9492.68 382.71 9553.03 370.04 9523.37 358.84 9523.78 339.72 9508.20 336.62 9432.19 366.49 9453.98 359.87 9425.97 374.81 9436.99 394.98 9386.33 406.93 9392.15 389.79 9448.71 443.41 9449.65
10 2297.39 8001.91 2244.96 8003.60 2207.24 8034.49 2186.57 8046.08 2203.16 8022.89 2166.17 8027.30 2177.48 8006.97 2198.09 7974.80 2234.88 7958.47 2242.64 7994.54
9 9965.29 6930.80 9941.02 6948.35 9932.64 6911.02 9900.10 6926.84 9904.72 6878.96 9899.03 6875.95 9964.27 6874.62 9999.37 6847.87 9970.41 6881.77
6 8089.13 595.00 8009.92 570.63 8038.73 546.21 8040.15 496.83 8055.37 470.71 8122.12 512.73
8 8041.02 1306.94 8031.75 1263.00 7979.61 1285.03 7984.83 1244.44 7971.63 1211.88 7998.67 1182.61 8019.90 1191.14 8034.42 1160.20
10 1607.64 9786.06 1595.62 9777.37 1574.37 9797.98 1553.76 9794.37 1562.83 9759.38 1548.75 9756.52 1565.33 9736.47 1586.42 9747.39 1596.15 9742.78 1616.38 9757.76
10 8072.93 2070.69 7994.38 2092.11 7988.61 2081.68 7971.18 2077.07 7977.61 2003.74 8000.56 2040.98 7994.20 1984.02 8005.38 2040.62 8010.53 2036.35 8065.35 2062.95
15 444.64 7200.25 445.13 7211.33 435.38 7230.46 421.61 7238.55 405.48 7227.46 404.60 7207.52 399.67 7198.93 404.93 7194.61 377.56 7181.70 389.69 7182.57 407.82 7183.11 411.13 7135.26 435.01 7172.36 461.71 7151.82 446.96 7181.71
9 394.29 4024.12 349.67 4031.94 327.26 4034.26 321.58 4004.91 328.37 4004.12 341.26 3976.83 346.16 3978.98 357.41 3977.83 366.90 3983.74
7 8261.96 2794.20 8240.57 2795.86 8223.01 2790.42 8276.66 2741.64 8290.35 2741.17 8332.36 2736.82 8313.84 2768.32
7 5658.52 5934.56 5619.94 5915.67 5627.66 5899.83 5589.39 5841.40 5605.18 5823.64 5643.40 5867.89 5667.18 5866.75
10 4760.79 5740.44 4749.89 5765.45 4712.95 5751.97 4696.46 5781.38 4692.22 5750.21 4668.75 5753.39 4701.90 5728.67 4715.94 5698.85 4722.00 5693.85 4748.58 5698.80
5 1493.00 10458.81 1467.63 10453.34 1444.00 10503.41 1393.83 10442.64 1393.42 10430.52
15 4541.25 9215.81 4529.98 9216.85 4518.62 9239.40 4515.92 9216.82 4507.52 9233.33 4504.14 9193.32 4476.10 9167.40 4504.88 9188.29 4485.34 9150.93 4495.08 9155.14 4549.37 9170.19 4538.03 9181.12 4547.32 9180.15 4566.06 9180.63 4542.08 9188.27
6 7615.99 9666.95 7615.31 9619.71 7621.22 9611.58 7633.60 9622.82 7637.03 9602.11 7651.87 9628.49
10 8123.87 1094.08 8094.34 1102.77 8092.24 1099.82 8083.56 1084.97 8090.09 1072.82 8081.67 1035.91 8127.53 1035.01 8132.04 1049.78 8119.63 1061.38 8142.18 1055.86
6 9027.75 5351.74 8932.14 5317.07 8953.49 5270.43 8970.17 5283.43 8958.96 5252.82 8968.67 5261.94
11 1039.23 897.20 1014.52 900.01 997.09 912.25 965.85 913.24 991.59 883.41 977.54 879.15 975.73 866.48 1011.95 854.52 1037.31 836.60 1036.72 857.23 1018.73 881.64
6 10987.75 8265.91 10917.30 8324.40 10929.42 8261.79 10891.07 8263.25 10948.90 8178.61 10955.99 8237.98
7 2614.16 3749.34 2609.24 3780.76 2587.01 3777.67 2570.19 3750.72 2583.88 3723.22 2578.47 3708.91 2616.96 3728.69
10 8583.97 5510.80 8579.39 5538.07 8562.01 5514.78 8547.68 5519.71 8521.69 5463.66 8532.55 5459.39 8531.88 5445.08 8582.42 5470.04 8598.96 5463.28 8587.96 5485.52
13 10889.86 9596.27 10878.93 9627.55 10850.99 9642.00 10841.31 9614.88 10827.67 9598.32 10801.37 9631.88 10814.42 9599.47 10807.86 9562.36 10805.89 9538.79 10847.66 9565.38 10871.88 9551.80 10875.96 9553.54 10857.34 9570.07
15 9753.12 3964.60 9718.94 3958.23 9717.03 3978.62 9708.67 3970.18 9697.73 3999.98 9696.34 3988.40 9678.32 3986.44 9676.60 3965.53 9682.46 3953.71 9681.58 3942.25 9673.12 3918.00 9684.80 3905.95 9714.63 3940.28 9737.17 3913.31 9755.71 3941.32
9 9638.83 3862.27 9608.50 3878.71 9612.42 3857.29 9616.36 3846.98 9612.97 3826.70 9631.36 3826.68 9636.07 3822.43 9648.68 3818.90 9659.03 3829.46
5 9995.98 4515.76 9979.48 4548.13 9967.62 4519.93 9947.44 4469.27 10028.54 4488.93
8 6073.09 724.31 6074.83 693.65 6066.37 686.69 6078.87 651.24 6085.75 652.10 6095.89 671.00 6090.14 681.25 6116.34 683.08
15 4834.60 327.34 4830.64 330.96 4870.93 348.95 4838.53 375.77 4835.35 383.48 4796.11 380.52 4761.18 329.30 4805.48 281.52 4810.99 307.36 4818.64 293.93 4826.27 279.93 4838.91 254.42 4836.16 285.41 4852.69 287.92 4859.01 292.63
6 8273.12 4539.84 8254.74 4528.98 8276.55 4555.89 8166.30 4490.86 8196.38 4444.98 8248.02 4438.99
13 558.97 2400.52 553.17 2404.11 549.22 2420.35 516.26 2409.23 501.92 2401.99 519.65 2376.89 523.07 2367.97 521.28 2361.16 519.46 2342.44 528.64 2340.05 536.16 2360.65 551.06 2332.31 572.84 2349.66
9 10101.97 9446.65 10043.67 9424.42 10039.73 9417.85 10002.97 9425.90 10012.87 9415.71 9989.63 9426.75 10048.41 9339.76 10086.57 9365.41 10094.50 9365.54
9 3232.13 5592.17 3199.66 5576.09 3155.02 5601.35 3142.56 5609.34 3161.51 5521.67 3191.87 5531.15 3210.44 5546.07 3201.67 5554.81 3221.54 5549.38
12 1176.99 7560.68 1161.48 7596.22 1094.06 7560.92 1136.64 7556.64 1142.20 7551.46 1131.19 7521.89 1148.19 7547.47 1155.74 7515.67 1168.41 7525.58 1178.06 7531.39 1194.03 7532.29 1190.62 7541.14
10 10605.94 873.11 10598.40 912.79 10572.64 892.89 10567.46 910.38 10567.74 876.58 10553.84 862.03 10564.49 845.55 10557.54 809.30 10577.75 843.42 10584.10 846.53
11 10664.60 2467.55 10645.54 2489.28 10632.56 2478.60 10619.67 2494.57 10608.74 2432.77 10613.98 2431.69 10616.63 2431.55 10639.53 2438.59 10643.00 2447.29 10655.23 2447.61 10654.01 2461.91
5 1185.73 10678.84 1138.62 10656.16 1143.85 10654.52 1163.42 10664.70 1161.03 10644.74
5 6173.12 5714.10 6137.81 5744.41 6118.20 5736.68 6108.27 5704.98 6115.99 5681.36
10 1422.55 1365.40 1438.63 1382.32 1411.63 1419.89 1393.05 1381.83 1392.19 1378.67 1351.82 1364.79 1361.93 1355.48 1322.33 1343.10 1357.43 1293.93 1394.65 1304.89
11 5366.89 5650.15 5354.03 5660.08 5343.29 5655.43 5308.51 5654.45 5288.15 5639.11 5285.90 5580.87 5288.22 5581.51 5272.97 5558.24 5281.20 5552.47 5319.17 5585.47 5382.56 5564.44
11 1897.20 1168.26 1856.19 1180.43 1875.69 1219.56 1840.85 1220.58 1792.03 1175.52 1788.10 1141.54 1811.79 1134.05 1813.19 1113.70 1833.06 1123.93 1839.63 1150.01 1866.46 1129.31
12 5396.31 9969.02 5417.48 9976.53 5414.09 9981.66 5382.59 9995.16 5374.13 9978.44 5368.69 9985.05 5363.89 9970.31 5368.28 9958.30 5384.52 9942.80 5407.52 9953.99 5397.81 9961.43 5407.45 9961.69
14 6096.02 1878.35 6071.40 1866.29 6063.90 1883.35 6065.85 1871.16 6061.63 1885.34 6054.53 1887.78 6038.95 1871.07 6027.51 1858.33 6027.98 1857.87 6060.75 1819.45 6062.66 1823.52 6105.98 1831.05 6101.61 1835.02 6104.65 1854.86
11 7048.16 2224.29 7019.69 2240.29 7026.08 2219.78 7006.68 2212.99 7001.29 2201.27 7011.98 2198.90 7024.67 2200.23 7024.17 2189.80 7036.80 2171.49 7041.12 2175.80 7071.48 2195.39
13 9038.07 1930.07 9037.47 1927.02 9037.50 1939.72 9036.90 1945.68 9036.21 1976.95 9022.75 1923.97 9013.03 1925.73 8968.84 1911.34 8989.64 1870.77 9016.11 1881.77 9068.85 1852.96 9086.56 1878.14 9058.10 1897.65
5 7482.32 488.19 7471.89 531.78 7445.59 494.14 7402.22 474.44 7437.52 415.56
15 3943.36 6130.24 3928.09 6142.97 3918.19 6143.28 3932.45 6182.06 3919.38 6147.43 3889.56 6179.52 3900.75 6140.59 3877.45 6157.54 3866.90 6146.57 3883.72 6136.82 3872.07 6079.01 3899.36 6102.80 3899.83 6092.56 3930.66 6086.72 3934.16 6123.72
5 6882.38 2628.24 6829.33 2594.84 6775.90 2553.40 6834.27 2567.86 6859.67 2576.69
10 6171.51 8602.56 6187.51 8608.25 6123.02 8626.71 6111.14 8622.82 6130.07 8586.10 6130.67 8582.22 6134.79 8565.14 6152.99 8566.72 6193.12 8553.98 6178.76 8570.70
10 525.38 198.75 506.79 195.83 517.01 211.75 504.28 206.85 517.02 232.35 457.12 254.42 428.77 205.62 454.19 154.44 483.33 162.65 502.19 153.52
11 7118.56 7537.03 7115.44 7537.66 7127.94 7566.86 7075.58 7553.30 7079.71 7519.81 7091.21 7519.86 7081.01 7515.04 7093.17 7510.68 7105.30 7483.48 7113.14 7496.70 7113.58 7509.94
12 2453.64 6208.29 2424.40 6230.76 2413.66 6231.08 2378.28 6224.44 2376.71 6192.35 2396.45 6172.94 2412.59 6167.37 2412.14 6174.89 2432.58 6153.32 2426.61 6175.26 2454.21 6173.13 2426.36 6186.43
6 3678.32 3431.33 3647.53 3431.37 3645.14 3429.47 3643.87 3416.08 3687.16 3396.07 3703.70 3424.34
5 2677.93 7380.04 2620.56 7367.01 2605.01 7338.82 2704.99 7295.30 2690.34 7333.90
7 5436.43 2763.96 5349.25 2727.75 5421.62 2629.45 5454.10 2696.38 5434.87 2711.45 5445.92 2709.07 5475.49 2704.28
10 3499.63 5529.51 3455.98 5545.88 3398.54 5505.46 3360.46 5521.15 3416.53 5457.94 3421.36 5460.96 3439.11 5438.69 3497.68 5426.75 3480.05 5463.06 3482.67 5462.35
12 6766.39 5074.85 6722.48 5103.73 6703.53 5082.61 6667.85 5044.90 6682.60 5050.44 6693.94 5049.00 6684.02 5016.54 6716.31 5037.87 6734.32 5042.43 6765.54 5026.22 6741.49 5055.12 6770.69 5057.01
6 2198.40 2614.88 2139.76 2617.22 2142.65 2573.79 2129.23 2544.74 2144.09 2556.04 2184.98 2572.18
9 10612.71 9339.37 10597.14 9350.37 10575.05 9339.42 10568.21 9376.09 10544.36 9369.52 10554.18 9335.99 10553.15 9305.18 10561.41 9319.09 10590.42 9308.04
10 6519.76 2421.85 6489.13 2425.64 6461.34 2450.84 6454.45 2447.35 6432.39 2440.27 6409.14 2396.14 6449.75 2377.24 6483.91 2383.42 6496.92 2366.01 6547.96 2399.41
13 11024.81 7586.63 11027.95 7589.35 11041.80 7608.95 11042.99 7610.13 11041.75 7620.81 11018.03 7601.76 11017.99 7614.93 10997.54 7571.14 10996.71 7542.10 11009.21 7539.14 11011.20 7568.52 11034.32 7569.44 11058.23 7581.03
5 8526.72 9287.27 8522.15 9286.85 8500.75 9325.69 8481.89 9229.56 8529.46 9271.15
15 3400.23 7864.50 3422.43 7885.24 3391.87 7891.89 3388.87 7927.03 3327.33 7893.16 3345.07 7867.87 3330.09 7859.84 3356.18 7817.82 3349.01 7784.36 3371.90 7839.97 3374.30 7836.87 3405.93 7783.19 3412.92 7784.88 3405.61 7804.84 3402.75 7845.75
5 777.03 701.24 752.85 713.44 748.58 744.17 651.33 663.98 685.62 616.72
13 5558.11 969.28 5529.93 1028.83 5515.93 986.77 5491.11 999.77 5456.51 1004.26 5434.04 946.49 5497.03 940.31 5507.36 944.69 5510.68 936.69 5550.07 901.06 5543.79 935.62 5557.69 945.71 5581.22 958.01
15 9399.24 7053.50 9390.60 7055.46 9349.95 7095.11 9363.69 7059.10 9342.52 7085.60 9324.44 7020.28 9328.51 6979.81 9333.72 6982.40 9347.60 6976.45 9366.64 6971.07 9376.22 6992.78 9417.76 6983.39 9430.35 7003.59 9460.56 7013.35 9438.72 7029.88
13 6266.68 5996.91 6242.79 5984.54 6224.90 5989.96 6226.76 5968.64 6199.35 5996.03 6186.19 5979.41 6219.56 5943.19 6184.15 5917.03 6199.56 5910.63 6242.85 5888.85 6243.36 5922.94 6271.30 5880.61 6315.02 5928.20
9 9764.80 4362.68 9734.19 4401.99 9719.56 4369.71 9695.26 4367.72 9681.00 4363.89 9692.80 4357.28 9707.00 4339.63 9708.35 4321.85 9744.27 4344.97
14 342.73 4131.17 313.17 4170.37 307.17 4176.94 311.35 4140.29 295.77 4175.07 305.28 4136.54 300.51 4149.41 261.41 4123.98 300.25 4101.95 300.42 4094.12 288.64 4051.97 334.58 4094.49 342.93 4092.87 336.41 4100.44
6 2930.74 8883.67 2917.56 8865.60 2877.28 8857.38 2873.22 8824.47 2922.51 8838.79 2957.75 8830.03
6 4776.71 2796.40 4762.47 2790.61 4740.56 2783.91 4726.86 2776.94 4704.60 2775.12 4737.25 2763.79
7 4465.33 4830.14 4426.94 4813.15 4429.18 4793.81 4447.99 4771.25 4455.30 4761.73 4456.70 4767.34 4461.91 4779.87
13 9167.05 8496.00 9172.11 8501.54 9139.21 8491.26 9148.93 8506.47 9127.56 8517.85 9117.78 8498.11 9105.89 8527.87 9072.40 8529.91 9087.16 8442.14 9094.17 8449.76 9141.94 8404.96 9148.54 8416.75 9150.33 8455.67
11 6470.83 3643.62 6447.72 3633.21 6464.49 3681.99 6413.39 3631.42 6367.14 3648.23 6414.83 3618.49 6454.63 3606.92 6472.57 3603.03 6464.26 3607.08 6472.91 3618.06 6480.95 3619.46
13 2403.12 10844.72 2418.88 10848.73 2387.43 10852.58 2388.43 10853.47 2403.07 10865.93 2405.53 10883.37 2388.67 10868.97 2377.72 10885.54 2359.33 10884.14 2362.49 10855.58 2356.01 10851.42 2354.80 10848.64 2423.16 10821.85
11 5961.93 9237.93 5953.85 9264.94 5936.87 9256.29 5936.85 9231.80 5919.29 9242.68 5913.70 9209.89 5954.06 9202.96 5945.19 9189.87 5971.07 9185.44 5979.54 9183.96 5982.41 9195.94
11 10187.94 1186.90 10154.79 1175.26 10117.96 1208.74 10137.47 1164.08 10088.49 1156.86 10156.27 1104.59 10159.30 1091.16 10178.24 1121.84 10178.88 1130.67 10226.05 1090.33 10226.30 1132.39
15 6677.54 8394.07 6647.99 8443.20 6638.23 8445.31 6632.69 8358.17 6627.54 8337.88 6621.38 8322.64 6629.12 8313.61 6647.49 8294.60 6669.91 8348.32 6671.38 8318.67 6673.54 8338.21 6706.83 8305.57 6696.20 8347.45 6720.72 8330.34 6746.21 8369.50
9 4918.67 2013.78 4914.77 2025.15 4906.04 2022.91 4896.13 2049.80 4872.43 2035.05 4848.72 2032.06 4897.82 1896.76 4906.70 1922.65 4908.32 1965.54
10 3449.94 5289.96 3396.85 5323.03 3361.97 5288.89 3385.64 5269.10 3349.71 5240.60 3365.76 5237.83 3391.03 5248.69 3419.82 5246.80 3411.70 5265.96 3420.39 5260.36
9 5680.35 1766.26 5662.68 1765.75 5649.15 1757.40 5635.08 1739.89 5649.75 1729.73 5665.63 1697.00 5668.43 1727.57 5678.33 1718.02 5697.89 1720.96
9 2506.39 470.25 2524.18 479.02 2420.38 467.78 2433.16 442.99 2410.35 396.52 2422.62 376.85 2442.15 401.33 2464.83 420.97 2529.18 420.89
11 8365.06 4429.05 8359.22 4435.36 8371.90 4460.22 8350.36 4437.55 8334.43 4467.12 8329.88 4457.83 8317.66 4437.46 8329.48 4426.25 8331.38 4418.54 8340.74 4396.48 8358.35 4381.31
9 2796.75 1527.45 2788.62 1524.49 2765.68 1522.55 2738.73 1532.90 2738.17 1491.88 2758.32 1488.72 2760.28 1495.57 2767.46 1501.20 2797.58 1497.87
5 5953.71 9934.15 5919.99 9975.43 5885.73 9947.92 5951.72 9888.68 5995.39 9852.79
5 833.32 4975.55 771.98 4985.45 760.87 4922.29 793.11 4921.22 836.07 4904.38
8 3272.47 3093.41 3269.40 3097.64 3247.27 3092.94 3224.64 3058.39 3216.98 3051.84 3244.29 3050.81 3257.79 3063.38 3264.91 3054.35
6 8029.98 1890.27 8028.33 1882.15 8014.77 1907.41 8000.50 1912.68 7998.86 1815.08 8039.51 1830.57
8 7710.35 9317.23 7669.46 9282.04 7670.36 9297.99 7654.83 9299.73 7648.93 9288.92 7646.86 9229.89 7674.63 9240.24 7728.59 9241.26
7 5874.04 10490.56 5866.97 10488.83 5881.96 10447.20 5843.61 10402.21 5912.17 10392.73 5942.12 10411.80 5911.57 10427.08
9 7151.80 978.68 7113.49 961.87 7106.40 965.60 7077.99 976.11 7104.04 953.15 7052.42 963.69 7104.05 929.95 7111.70 885.61 7138.70 907.11
9 8435.06 6291.37 8375.45 6264.83 8367.61 6260.51 8344.09 6256.10 8376.97 6210.48 8405.41 6240.14 8409.70 6254.93 8430.24 6254.02 8417.47 6261.22
5 7506.25 1590.04 7482.58 1580.68 7457.71 1549.87 7453.60 1522.94 7518.00 1561.63
14 5130.64 10296.37 5083.34 10309.10 5072.93 10310.57 5040.68 10315.09 5039.06 10322.48 5035.39 10269.95 4991.80 10273.91 5001.40 10230.57 5018.46 10221.65 5037.04 10232.50 5000.53 10168.48 5059.73 10224.60 5084.19 10209.41 5074.63 10241.74
13 4385.97 1369.68 4253.44 1398.18 4237.43 1376.51 4259.11 1363.07 4266.40 1338.56 4278.03 1319.32 4262.27 1283.56 4288.27 1279.52 4303.77 1278.37 4327.59 1272.54 4324.73 1324.51 4368.34 1302.45 4340.80 1332.85
12 7278.12 10543.88 7270.99 10552.17 7267.68 10574.77 7238.33 10537.50 7221.39 10532.65 7234.03 10532.00 7222.67 10523.42 7204.78 10511.56 7236.75 10505.86 7272.06 10496.23 7280.76 10508.02 7295.15 10528.87
11 200.46 8271.16 210.25 8312.19 195.38 8281.46 188.87 8278.28 165.66 8314.10 174.27 8228.92 183.38 8224.94 200.08 8222.87 205.68 8197.87 238.09 8225.77 253.33 8229.95
11 10127.82 5103.09 10100.42 5088.02 10046.97 5075.88 10016.76 5034.56 10035.71 5007.99 10093.37 5005.99 10108.49 5034.16 10142.30 4994.84 10147.25 4991.05 10127.79 5041.16 10127.12 5069.27
11 7881.66 2726.47 7880.93 2736.25 7872.26 2754.75 7853.25 2735.82 7830.02 2690.06 7869.81 2699.85 7873.01 2694.61 7884.54 2668.74 7870.16 2704.62 7888.61 2698.45 7880.17 2712.57
8 8943.17 6525.49 8952.54 6546.81 8949.70 6563.14 8909.40 6553.83 8880.36 6588.32 8849.31 6584.88 8870.65 6561.97 8880.95 6507.27
8 3978.12 949.11 3945.30 961.12 3909.17 967.29 3903.10 938.43 3898.26 864.19 3916.11 853.47 3918.54 888.93 3965.38 855.44
9 7334.25 886.40 7295.45 905.85 7297.73 916.98 7254.18 899.67 7224.71 863.39 7221.29 861.30 7280.86 841.67 7294.84 819.44 7313.00 835.31
6 5004.81 6777.64 4911.84 6764.74 4941.70 6697.92 4955.61 6690.53 4975.48 6728.51 4980.82 6717.39
7 3450.77 6529.27 3387.93 6514.83 3382.07 6528.99 3352.29 6523.00 3413.48 6411.41 3417.54 6463.52 3438.85 6479.03
9 4680.19 932.73 4663.88 957.59 4566.12 998.02 4557.36 951.29 4547.07 895.75 4541.89 890.25 4596.45 902.71 4607.75 863.66 4690.39 922.48
13 9443.43 898.15 9437.72 943.22 9398.83 932.26 9389.42 919.96 9412.18 891.12 9395.74 852.26 9423.80 855.82 9427.56 844.82 9428.31 834.95 9456.47 822.11 9474.40 831.27 9469.84 860.10 9467.58 871.48
6 5833.05 2926.05 5795.54 2923.01 5729.23 2925.61 5789.96 2852.68 5869.16 2869.28 5884.26 2882.20
15 4392.16 4893.29 4408.04 4899.74 4407.08 4903.04 4385.09 4896.56 4393.67 4921.99 4384.35 4911.85 4353.68 4907.24 4341.97 4902.85 4353.15 4899.25 4347.72 4900.11 4353.44 4885.97 4362.17 4884.63 4350.70 4864.90 4396.52 4858.66 4407.77 4886.64
12 5506.67 5712.58 5492.93 5757.42 5441.97 5712.97 5462.93 5695.39 5469.03 5693.33 5419.67 5679.65 5446.28 5680.40 5410.25 5664.80 5472.95 5674.04 5494.26 5606.01 5528.19 5668.00 5563.28 5691.76
11 6360.18 2998.17 6409.08 3033.80 6324.00 3061.59 6254.15 3033.59 6261.70 2952.54 6277.41 2939.77 6322.58 2962.61 6331.86 2967.26 6343.13 2914.02 6369.51 2964.22 6361.67 2992.15
9 7364.56 2482.32 7353.30 2478.24 7370.75 2538.08 7340.32 2490.03 7312.23 2503.33 7278.17 2515.85 7266.36 2439.65 7359.90 2463.34 7364.05 2465.80
14 6529.13 9164.86 6532.19 9171.60 6516.65 9198.93 6494.37 9183.79 6486.41 9183.18 6493.71 9172.62 6497.68 9158.97 6497.93 9154.01 6486.76 9141.61 6506.55 9151.53 6503.63 9127.51 6529.37 9145.81 6522.89 9154.00 6542.30 9156.88
11 2595.01 2938.37 2603.64 2958.08 2596.61 2983.03 2571.00 2940.71 2570.72 2950.84 2535.12 2945.30 2526.43 2904.14 2544.23 2889.50 2556.38 2896.28 2560.83 2894.73 2570.59 2903.09
15 8688.66 6400.95 8682.27 6366.76 8676.28 6377.15 8655.81 6387.96 8643.96 6386.23 8630.86 6338.32 8633.80 6317.51 8662.87 6331.89 8661.28 6299.62 8670.53 6320.32 8665.03 6299.41 8662.06 6280.86 8694.87 6276.47 8716.19 6272.08 8717.88 6333.24
12 10351.78 5759.93 10288.77 5759.91 10287.17 5764.17 10324.97 5800.72 10303.46 5833.55 10280.37 5815.97 10264.03 5832.44 10204.07 5772.76 10242.58 5684.59 10312.75 5665.07 10294.87 5716.85 10354.44 5724.85
14 1185.47 8627.08 1176.11 8638.99 1156.73 8638.68 1144.43 8636.35 1146.69 8615.73 1131.83 8623.86 1115.41 8635.69 1134.45 8607.64 1125.62 8609.73 1121.92 8597.56 1132.90 8590.14 1122.79 8569.40 1151.77 8547.57 1160.96 8594.91
14 10229.89 4747.31 10202.19 4739.61 10182.37 4738.32 10123.93 4715.95 10118.73 4687.43 10147.92 4684.75 10133.89 4658.20 10145.19 4651.61 10166.55 4634.58 10173.65 4605.33 10179.62 4622.25 10212.98 4652.52 10220.29 4655.49 10194.60 4673.97
6 4261.91 9265.39 4216.60 9255.87 4207.56 9237.85 4237.02 9254.20 4241.17 9222.13 4253.81 9258.62
11 9124.55 5038.07 9106.03 5045.60 9070.05 5036.60 9039.98 5023.93 9076.25 4964.07 9118.53 4943.95 9119.66 4993.25 9139.16 4974.23 9161.90 4996.13 9136.75 5010.95 9133.03 5012.31
8 10167.07 4111.45 10075.80 4077.14 10086.71 4030.40 10058.97 4012.89 10084.86 4010.60 10069.61 3986.77 10166.96 3975.05 10191.42 3978.02
11 7768.70 1539.76 7751.95 1540.62 7775.18 1550.71 7760.92 1551.77 7729.13 1558.54 7713.80 1565.27 7717.24 1514.07 7723.53 1514.39 7736.83 1522.29 7737.36 1500.41 7760.13 1519.92
9 10380.45 8538.28 10364.99 8542.38 10337.94 8559.52 10301.21 8505.74 10337.01 8469.61 10399.02 8424.69 10430.87 8463.03 10439.43 8483.76 10420.21 8505.85
9 221.18 2430.37 143.68 2420.22 141.80 2401.44 86.97 2349.42 129.83 2367.43 141.98 2374.26 120.28 2350.09 100.15 2315.50 176.61 2339.88
12 1930.95 3528.05 1914.68 3525.35 1924.65 3543.22 1897.46 3529.02 1893.42 3532.30 1872.16 3489.43 1883.13 3484.50 1888.35 3486.62 1898.10 3494.08 1902.55 3479.72 1908.66 3487.75 1907.14 3510.72
13 2882.73 7325.91 2882.47 7345.35 2832.00 7336.05 2786.15 7311.73 2780.54 7282.58 2770.22 7274.65 2789.25 7258.17 2793.64 7234.71 2851.21 7248.09 2843.73 7232.92 2809.44 7188.08 2889.76 7174.34 2882.72 7241.94
15 505.79 6988.65 477.50 6975.02 486.30 6952.19 438.49 6964.01 423.22 6904.26 469.40 6911.53 448.23 6891.90 464.24 6857.70 483.72 6897.27 494.00 6890.53 497.94 6878.69 506.29 6881.59 524.73 6892.88 549.22 6883.75 548.51 6912.40
14 4097.66 1930.78 4074.92 1926.65 4070.76 1936.57 4042.81 1947.52 4039.23 1950.10 4056.56 1923.84 4038.11 1945.33 4050.42 1923.69 4043.89 1911.01 4027.88 1897.49 4041.98 1886.27 4048.21 1892.18 4083.34 1885.44 4095.42 1915.67
15 7455.44 1126.12 7461.25 1154.13 7429.11 1136.42 7416.55 1123.13 7413.33 1127.93 7413.42 1113.33 7404.59 1107.61 7406.00 1087.20 7399.66 1081.76 7397.62 1074.23 7429.39 1036.43 7438.81 1075.77 7463.91 1051.91 7460.39 1081.15 7487.07 1098.20
7 10406.44 4696.22 10346.57 4714.90 10318.76 4670.52 10291.32 4640.59 10296.63 4633.24 10308.95 4592.38 10389.83 4611.58
5 6221.67 10360.44 6217.13 10376.95 6198.12 10351.94 6194.41 10346.08 6221.59 10336.11
13 817.14 4203.79 784.56 4210.24 780.57 4265.51 734.52 4281.52 740.89 4226.15 682.97 4240.45 686.46 4213.55 701.38 4158.38 744.05 4170.56 800.72 4140.94 793.99 4157.40 790.66 4165.19 828.95 4194.41
13 1758.24 6761.89 1759.50 6792.48 1761.86 6820.60 1731.32 6809.19 1714.74 6793.29 1700.97 6782.02 1680.20 6826.23 1639.31 6809.09 1634.83 6734.42 1688.33 6751.89 1649.71 6716.73 1698.32 6743.18 1737.84 6750.73
9 8515.47 8264.35 8532.56 8291.53 8465.46 8294.35 8440.59 8287.64 8443.38 8241.64 8468.74 8247.37 8434.60 8215.50 8489.51 8219.59 8514.76 8247.77
12 1152.48 3628.47 1142.17 3645.01 1142.18 3654.17 1140.12 3654.41 1122.30 3658.43 1111.73 3661.16 1115.91 3624.22 1133.69 3618.41 1157.66 3616.50 1174.73 3613.18 1158.83 3619.17 1163.87 3624.32
13 850.66 6222.34 854.93 6238.40 845.71 6240.35 823.04 6258.51 776.23 6242.08 793.69 6224.87 776.80 6223.50 796.59 6184.80 807.72 6186.96 823.01 6179.68 838.69 6189.01 845.31 6185.58 864.50 6197.03
8 3211.14 2790.12 3135.04 2849.24 3138.61 2809.16 3113.27 2830.43 3088.95 2811.00 3099.38 2797.03 3130.56 2775.17 3206.70 2772.25
5 4210.48 8900.47 4205.87 8915.49 4198.91 8903.79 4116.67 8838.26 4244.38 8827.35
10 7064.91 8121.28 7082.45 8173.17 7069.07 8159.66 7071.32 8169.79 7069.51 8176.90 7057.70 8173.81 7010.19 8159.30 7034.55 8114.94 7006.96 8099.69 7075.15 8057.31
7 9345.03 1015.87 9331.01 1032.63 9329.57 1043.94 9282.98 1029.56 9272.26 1020.51 9272.79 974.64 9311.66 970.39
15 4070.59 894.57 4048.97 893.65 4057.63 901.00 4040.98 910.86 3997.15 915.90 4001.14 905.67 4005.48 902.01 4008.93 891.87 4003.17 880.43 4018.09 879.94 4021.97 875.02 4025.40 867.11 4041.24 852.68 4058.84 863.87 4038.89 891.43
8 9736.41 6704.66 9682.58 6721.88 9659.87 6729.26 9657.37 6729.97 9609.61 6716.90 9621.63 6670.74 9664.25 6613.21 9684.17 6662.74
8 9518.05 10287.69 9489.77 10284.76 9459.74 10283.32 9405.85 10283.68 9416.86 10207.40 9474.36 10204.29 9515.75 10211.98 9515.57 10214.65
7 3877.82 9519.73 3872.57 9507.41 3855.51 9529.43 3853.52 9533.82 3840.75 9449.98 3842.13 9437.08 3869.34 9447.95
8 9891.02 7680.46 9902.68 7700.41 9863.62 7692.08 9848.28 7641.07 9870.48 7640.82 9870.44 7627.88 9883.94 7646.95 9901.87 7628.69
14 2650.20 514.58 2626.41 560.36 2613.95 526.65 2586.77 540.37 2593.16 505.61 2580.39 506.50 2605.64 499.29 2592.66 490.09 2592.44 461.57 2599.66 467.59 2625.42 466.54 2628.72 486.96 2658.79 463.75 2658.88 481.55
7 9280.57 8491.12 9265.67 8495.48 9279.88 8510.22 9258.77 8499.16 9246.86 8501.91 9226.69 8481.58 9212.11 8473.81
6 8971.63 3126.89 8954.49 3110.34 8943.51 3118.20 8940.61 3056.94 8964.75 3057.28 8974.40 3061.18
9 2305.72 780.96 2256.85 763.48 2223.22 750.39 2219.04 731.81 2213.17 724.07 2250.27 703.91 2300.14 713.69 2336.00 729.72 2323.29 744.29
11 935.83 6473.32 944.44 6491.49 932.06 6475.10 913.47 6481.11 897.19 6482.68 912.17 6467.89 885.05 6464.88 909.55 6454.19 896.88 6440.23 955.84 6433.53 941.52 6460.11
5 8504.17 7258.93 8492.31 7247.74 8498.36 7276.48 8444.34 7213.90 8447.75 7178.86
7 426.88 3967.96 424.16 3948.62 412.97 3953.33 400.83 3926.16 404.44 3920.37 416.36 3901.50 485.65 3900.33
13 4488.70 7342.82 4437.55 7373.61 4432.20 7401.25 4411.02 7388.27 4399.58 7333.06 4357.14 7332.87 4349.57 7333.03 4335.73 7333.30 4339.42 7285.19 4377.23 7291.35 4381.70 7284.94 4403.23 7275.66 4442.62 7313.26
6 10390.57 3652.70 10396.94 3619.93 10370.17 3639.72 10346.81 3645.70 10403.16 3539.25 10442.91 3595.80
8 410.02 2897.92 294.14 2865.61 283.47 2806.00 312.20 2835.61 341.38 2839.14 379.73 2804.32 360.18 2850.30 348.42 2860.94
9 5059.49 6343.67 5042.63 6414.84 5018.61 6422.10 5004.72 6363.93 4977.08 6430.86 4968.33 6379.67 4986.59 6322.54 4988.22 6321.77 5037.42 6312.90
8 7524.75 2229.52 7537.75 2234.90 7484.19 2293.97 7425.15 2228.50 7374.35 2256.78 7372.72 2217.64 7422.32 2121.99 7484.83 2206.26
8 8843.49 412.21 8793.84 416.49 8739.40 444.07 8728.64 460.09 8734.29 354.12 8769.52 381.08 8821.21 381.98 8805.71 392.20
11 679.07 5149.19 652.78 5152.40 651.22 5162.29 645.66 5140.73 592.94 5144.98 593.03 5125.04 600.51 5101.29 595.65 5099.70 601.82 5094.28 650.12 5086.75 680.83 5092.06
10 6908.10 991.42 6910.58 1010.51 6898.16 989.43 6872.67 975.91 6854.42 980.71 6835.64 944.30 6869.09 958.61 6849.31 948.69 6869.51 945.41 6915.11 932.43
14 1222.57 9560.81 1205.37 9592.89 1098.53 9535.07 1088.86 9533.43 1098.45 9532.96 1110.46 9524.22 1138.22 9522.90 1140.64 9506.27 1129.27 9487.21 1139.58 9489.59 1154.11 9512.46 1154.94 9477.46 1171.28 9523.94 1181.68 9495.92
13 5416.37 7047.06 5378.18 7048.79 5332.80 7107.16 5334.10 7078.43 5334.37 7057.63 5302.99 7053.64 5300.14 7028.98 5342.19 7017.85 5341.46 7008.21 5343.35 6983.93 5357.91 6980.22 5382.75 7019.28 5369.72 7026.78
8 9339.05 2089.66 9303.14 2085.95 9289.63 2083.81 9260.86 2085.09 9279.82 2069.89 9274.55 2057.90 9286.76 2049.10 9345.18 2045.81
10 10690.51 1642.52 10682.69 1638.27 10682.93 1651.27 10667.08 1646.84 10654.36 1670.72 10652.53 1664.36 10635.36 1609.83 10677.02 1617.38 10692.23 1608.31 10691.61 1624.18
14 3862.13 2171.64 3839.43 2220.94 3767.52 2202.73 3762.68 2139.15 3780.44 2131.49 3776.52 2116.75 3766.43 2107.24 3771.39 2107.10 3796.48 2098.56 3804.05 2074.77 3816.80 2063.47 3827.04 2074.55 3841.42 2100.99 3830.95 2128.56
15 5855.68 1256.93 5831.26 1241.58 5841.00 1234.07 5830.78 1225.48 5831.17 1219.57 5837.66 1215.52 5845.62 1195.56 5862.95 1204.09 5862.16 1193.40 5865.97 1208.39 5871.84 1179.16 5874.43 1202.48 5875.35 1212.18 5887.08 1216.95 5909.64 1218.91
6 5614.36 7985.90 5528.64 7984.56 5520.39 7971.78 5531.69 7971.24 5540.94 7947.57 5628.37 7952.86
12 2954.54 2964.19 2907.15 2936.02 2908.97 2943.72 2886.92 2948.52 2864.30 2929.55 2830.23 2927.48 2843.89 2925.94 2862.31 2920.99 2823.17 2893.16 2837.77 2862.49 2867.88 2891.99 2932.58 2912.69
8 10864.51 1262.97 10834.86 1264.02 10858.32 1252.97 10875.48 1250.55 10910.26 1226.84 10894.38 1250.47 10924.02 1222.79 10921.46 1243.47
6 2764.73 1006.63 2782.35 1028.57 2769.40 1059.04 2731.61 1040.25 2746.84 974.29 2770.45 999.58
5 3863.83 10963.47 3837.05 10986.82 3845.46 10934.27 3881.75 10933.29 3886.61 10944.47
6 313.91 784.77 314.86 769.46 315.03 764.17 290.93 770.22 322.69 706.93 329.48 710.75
6 6545.52 1321.45 6449.57 1272.17 6457.55 1257.69 6537.42 1265.45 6572.59 1249.97 6540.49 1276.67
9 2193.36 4108.67 2188.32 4139.51 2165.16 4095.10 2168.25 4066.01 2172.26 4066.00 2199.82 4068.78 2199.18 4088.35 2194.35 4100.77 2226.16 4103.68
14 5677.69 4392.97 5671.57 4358.69 5666.48 4355.28 5671.17 4348.07 5644.17 4344.13 5669.12 4342.72 5657.12 4330.09 5676.72 4336.19 5679.42 4339.62 5678.72 4334.40 5679.52 4331.44 5686.56 4338.55 5687.98 4333.91 5725.71 4328.81
9 4959.85 229.49 4944.64 229.26 4910.48 231.78 4890.04 251.16 4875.71 224.25 4895.45 221.92 4886.35 209.78 4890.75 202.27 4963.75 196.17
11 4900.55 2501.41 4897.77 2507.10 4900.81 2546.92 4872.16 2518.74 4870.78 2518.60 4844.59 2487.24 4860.37 2487.73 4887.22 2466.23 4926.63 2480.29 4930.72 2490.93 4894.16 2496.37
6 7633.19 4180.07 7614.48 4148.12 7654.46 4160.11 7674.32 4151.23 7664.51 4163.57 7687.31 4161.42
13 3286.08 8948.42 3279.12 8954.82 3277.79 8970.13 3263.17 8958.57 3245.51 8961.16 3259.15 8941.63 3235.31 8942.25 3259.09 8935.03 3262.14 8916.14 3287.95 8910.08 3283.49 8926.90 3288.53 8927.15 3310.06 8928.37
15 8720.25 3888.80 8735.46 3909.14 8716.29 3901.74 8705.11 3894.58 8684.19 3918.18 8688.84 3899.14 8676.45 3909.50 8653.39 3909.28 8668.64 3865.39 8684.00 3872.26 8676.48 3860.15 8673.91 3840.62 8687.72 3840.42 8691.00 3855.64 8697.52 3851.47
14 6016.71 5056.99 6036.68 5070.23 6021.38 5066.66 5987.13 5089.14 5972.29 5090.59 5983.60 5039.62 5985.51 5013.31 6000.81 5033.85 6008.32 5033.37 6011.89 5034.93 6017.67 5027.28 6027.40 5028.90 6048.27 5025.54 6018.09 5048.38
5 3066.75 2115.21 2999.38 2069.50 3043.18 2038.96 3027.43 1996.06 3113.34 2004.55
7 2227.12 10798.06 2168.44 10816.24 2146.47 10825.30 2145.91 10813.99 2135.81 10778.41 2153.01 10740.44 2178.02 10702.60
5 9486.11 2443.50 9472.70 2450.11 9464.61 2472.30 9449.77 2450.70 9452.33 2404.16
12 5305.37 7537.37 5321.30 7573.28 5291.92 7553.10 5285.82 7551.71 5267.05 7518.73 5244.72 7480.48 5244.32 7476.57 5274.32 7514.37 5284.14 7512.21 5299.79 7467.75 5291.39 7510.94 5319.27 7499.26
7 8949.08 10539.76 8941.39 10565.22 8890.13 10558.38 8906.50 10544.19 8904.45 10544.92 8874.95 10486.27 8936.62 10493.78
8 4659.88 5603.96 4649.05 5621.63 4639.27 5603.70 4608.40 5587.85 4627.47 5584.89 4661.13 5553.54 4650.54 5577.52 4665.96 5572.11
10 5873.34 2677.40 5824.31 2708.49 5802.26 2713.24 5784.38 2716.33 5777.89 2709.90 5802.18 2657.81 5796.19 2622.96 5848.96 2597.37 5857.70 2634.61 5874.35 2637.83
12 7910.05 5606.81 7914.54 5611.39 7906.47 5629.58 7859.28 5599.78 7898.86 5646.55 7873.78 5629.96 7825.55 5664.11 7821.86 5648.91 7819.40 5574.39 7822.17 5552.14 7853.69 5548.34 7864.14 5561.64
15 7537.48 4109.88 7523.97 4106.98 7522.06 4128.72 7521.86 4130.75 7496.37 4098.08 7486.07 4095.62 7454.96 4091.82 7494.17 4077.79 7497.02 4047.50 7523.12 4067.45 7543.37 4051.44 7563.36 4059.14 7542.72 4076.05 7546.97 4074.73 7549.46 4088.86
9 3636.95 1134.35 3651.45 1154.76 3614.35 1149.22 3613.91 1155.20 3570.24 1144.28 3548.77 1142.77 3559.97 1109.46 3562.67 1093.83 3599.94 1114.15
15 10516.90 5407.53 10547.47 5419.53 10548.86 5437.71 10511.71 5448.94 10500.65 5476.53 10488.26 5480.02 10473.89 5456.15 10459.11 5468.93 10467.72 5447.13 10477.67 5420.43 10425.18 5439.08 10435.29 5399.28 10479.64 5377.58 10483.80 5346.15 10539.10 5377.34
15 10418.77 2016.23 10405.98 2007.16 10386.51 1990.90 10368.22 2017.18 10365.77 1975.37 10363.67 1972.09 10351.24 1966.70 10359.81 1954.83 10380.44 1918.67 10382.87 1950.21 10387.41 1952.40 10417.99 1950.42 10418.11 1964.87 10431.75 1968.82 10448.46 1973.71
15 8454.36 6051.22 8448.50 6055.58 8412.90 6059.49 8391.98 6058.37 8391.06 6057.20 8416.25 6031.54 8421.63 6022.53 8418.96 6012.75 8419.54 6013.47 8421.17 6013.92 8423.20 6013.92 8429.41 6015.45 8441.69 6011.52 8448.35 6016.31 8444.15 6022.09
11 3735.63 7515.66 3734.34 7527.25 3716.45 7521.37 3686.20 7539.50 3685.34 7530.93 3673.55 7514.21 3670.25 7511.63 3697.29 7496.45 3711.63 7506.04 3723.08 7506.53 3714.18 7509.39
13 6322.70 5057.39 6307.17 5055.97 6304.46 5056.39 6331.80 5068.73 6311.82 5076.59 6278.87 5065.98 6268.54 5050.63 6232.58 5028.53 6277.66 5024.41 6303.65 5006.05 6318.36 5012.73 6292.65 5040.59 6311.23 5023.67
9 3641.62 2105.67 3655.43 2147.76 3598.65 2147.59 3590.44 2120.75 3577.52 2120.12 3558.59 2102.88 3552.70 2069.61 3622.53 2069.98 3640.61 2088.84
8 9076.18 9101.65 9078.49 9068.52 9076.51 9070.23 9077.98 9067.43 9074.03 9063.87 9094.01 9034.12 9101.61 9040.05 9094.81 9059.15
10 5992.44 8230.26 5994.33 8247.09 5953.71 8280.03 5955.89 8259.88 5944.87 8272.87 5922.38 8276.03 5906.99 8241.58 5905.46 8187.12 5951.07 8199.54 6001.54 8206.65
14 1962.04 9254.94 1941.23 9288.09 1912.64 9251.79 1904.88 9306.53 1861.44 9309.02 1876.49 9260.59 1852.68 9246.50 1851.56 9238.45 1830.77 9177.07 1862.83 9160.35 1897.71 9184.23 1909.62 9210.39 1957.68 9204.92 1951.64 9217.98
15 8915.53 3345.88 8912.95 3360.53 8889.05 3350.87 8855.91 3395.36 8864.31 3362.28 8854.09 3348.41 8810.11 3360.98 8832.24 3315.22 8816.70 3293.25 8861.51 3321.57 8856.89 3294.69 8897.79 3291.49 8951.79 3286.69 8952.73 3303.55 8899.99 3328.84
15 10627.34 5835.62 10617.48 5844.33 10615.13 5866.36 10587.76 5868.50 10580.74 5873.94 10580.43 5867.30 10585.12 5853.22 10560.55 5818.91 10589.23 5822.05 10567.36 5796.00 10585.88 5793.24 10622.94 5788.01 10620.36 5804.24 10618.86 5816.30 10636.39 5823.94
14 7214.74 1448.55 7226.48 1485.54 7199.56 1463.20 7199.20 1505.94 7141.63 1448.29 7154.83 1437.16 7142.25 1430.93 7146.17 1429.84 7156.89 1405.77 7224.73 1347.17 7208.48 1391.09 7215.43 1400.51 7257.97 1403.17 7236.46 1412.35
10 5827.77 238.30 5758.48 245.35 5761.94 238.45 5773.98 221.75 5769.34 216.98 5749.10 200.55 5769.59 186.78 5806.01 175.04 5796.11 192.61 5800.44 197.83
15 9524.02 10101.68 9486.43 10107.23 9482.86 10119.12 9475.46 10141.13 9471.34 10123.68 9453.30 10146.12 9448.33 10148.26 9461.73 10114.54 9412.56 10102.82 9449.76 10072.56 9446.40 10067.94 9460.68 10079.18 9465.15 10077.73 9492.66 10094.63 9486.60 10096.57
10 2656.01 7022.41 2616.37 7030.73 2627.32 7064.38 2603.07 7076.32 2595.90 7077.49 2542.02 7022.76 2544.62 6983.31 2548.69 6957.61 2563.29 6911.86 2594.39 6903.20
15 1055.56 10512.66 1026.97 10506.86 1045.61 10514.01 1062.69 10522.67 1011.01 10570.11 1006.05 10560.21 952.68 10565.13 950.94 10468.11 957.94 10457.40 968.81 10451.31 989.15 10472.72 995.38 10466.84 1014.16 10454.48 1018.12 10487.17 1030.81 10492.62
13 6960.21 8803.26 6942.61 8802.47 6952.12 8830.82 6915.67 8783.22 6923.34 8783.00 6905.62 8750.86 6925.46 8774.48 6917.47 8741.21 6920.86 8746.15 6927.31 8765.47 6930.51 8775.87 6949.18 8766.95 6962.26 8786.71
7 1756.22 1991.74 1737.47 1984.70 1737.40 2014.74 1714.17 1942.38 1745.79 1941.34 1754.18 1955.18 1774.14 1943.94
7 8186.09 4913.60 8194.67 4936.30 8178.33 4958.74 8156.44 4931.17 8156.92 4855.14 8227.15 4863.91 8186.80 4902.85
6 10698.05 6393.27 10657.15 6385.72 10640.95 6423.34 10633.54 6410.98 10553.16 6343.42 10578.60 6308.27
10 5068.18 1234.13 5015.62 1228.62 5027.65 1250.26 4986.20 1276.47 4978.31 1242.85 4947.31 1283.93 4941.09 1264.70 5036.13 1152.44 5052.33 1144.36 5046.67 1184.43
5 7254.49 788.70 7231.80 771.86 7204.15 749.79 7256.01 744.99 7266.54 736.76
7 3359.71 10477.86 3366.90 10484.36 3305.95 10471.66 3278.06 10509.81 3275.76 10510.92 3277.72 10436.06 3308.09 10444.91
15 5413.35 4326.60 5391.74 4328.65 5396.86 4339.09 5398.94 4357.95 5387.37 4353.76 5384.69 4342.28 5371.18 4362.08 5348.34 4346.82 5344.78 4330.31 5351.09 4328.01 5363.81 4295.98 5361.94 4285.56 5409.13 4300.00 5426.24 4309.10 5416.01 4316.22
14 3725.53 6177.60 3700.95 6197.74 3667.25 6139.85 3625.18 6166.04 3624.63 6164.90 3617.10 6138.32 3657.84 6119.19 3629.49 6108.74 3663.44 6064.00 3678.10 6099.02 3696.23 6074.51 3766.95 6089.26 3737.83 6102.99 3739.48 6118.15
8 2036.32 4023.28 1994.94 4091.52 1947.18 4056.73 1949.00 4087.01 1929.38 4064.39 1909.67 4106.94 1858.17 4043.74 1905.60 3996.86
11 4801.59 7836.15 4779.60 7871.58 4771.05 7910.43 4731.74 7913.35 4700.34 7881.47 4700.61 7867.22 4725.69 7846.38 4715.39 7843.09 4722.46 7827.10 4696.30 7814.67 4706.11 7766.71
15 9084.26 7746.20 9068.31 7753.23 9091.34 7776.33 9049.12 7751.69 9057.11 7779.68 9047.15 7753.98 8997.93 7753.04 8981.95 7714.24 9021.57 7729.22 9032.84 7715.01 9043.97 7696.55 9057.84 7713.09 9069.19 7700.21 9098.17 7703.54 9085.41 7721.12
11 1085.26 1422.95 1077.49 1432.25 1068.61 1436.93 1063.32 1450.65 1050.34 1469.52 1012.26 1465.56 999.89 1366.15 1045.78 1373.61 1074.13 1362.28 1077.26 1376.94 1107.43 1383.37
10 3865.76 9992.72 3849.50 10037.38 3840.90 9991.24 3828.50 9977.30 3833.70 9977.10 3823.04 9952.81 3847.87 9934.37 3862.28 9961.29 3906.90 9980.59 3906.61 9990.80
12 10583.18 9169.51 10576.83 9167.49 10567.20 9165.07 10557.07 9170.25 10567.92 9159.27 10572.98 9154.05 10554.36 9155.83 10564.48 9151.52 10547.57 9152.01 10591.83 9125.14 10594.81 9135.67 10599.36 9134.04
9 9466.14 6768.06 9459.92 6773.35 9444.56 6756.67 9437.69 6792.40 9427.56 6753.92 9389.38 6754.37 9452.09 6732.48 9478.26 6720.95 9455.43 6740.50
14 9738.46 7685.44 9724.63 7699.01 9721.23 7712.94 9719.94 7710.69 9701.66 7718.68 9691.66 7687.75 9693.70 7678.84 9693.00 7672.77 9689.17 7669.21 9701.01 7650.61 9730.63 7654.12 9740.64 7642.74 9762.03 7671.80 9736.26 7681.51
12 6338.40 635.35 6321.95 657.17 6231.23 639.95 6208.42 641.72 6191.97 580.75 6263.47 594.11 6283.30 570.78 6304.30 549.59 6287.13 590.93 6352.45 571.51 6348.68 581.72 6335.80 598.80
5 2437.76 633.71 2428.86 591.28 2448.26 559.95 2461.93 583.28 2474.72 588.64
7 5770.90 379.80 5754.01 387.59 5739.20 426.18 5678.07 409.59 5683.48 344.96 5711.52 355.90 5744.55 365.30
5 7537.63 2573.63 7532.59 2537.26 7547.58 2515.06 7536.93 2502.06 7554.82 2498.88
13 2288.96 2081.56 2270.41 2086.90 2257.47 2084.59 2214.59 2076.43 2227.05 2072.22 2231.82 2064.18 2244.51 2063.96 2238.91 2056.59 2245.56 2048.32 2251.16 2050.36 2252.73 2040.59 2272.73 2020.30 2273.55 2046.05
6 2923.34 7526.58 2915.68 7511.29 2920.29 7494.59 2925.17 7484.33 2937.83 7459.91 2959.40 7464.93
13 6561.41 6944.49 6553.06 6940.32 6557.51 6916.11 6560.85 6905.33 6560.03 6888.27 6561.27 6889.51 6561.74 6882.53 6567.93 6873.74 6572.97 6874.85 6583.34 6893.51 6596.30 6901.14 6612.30 6897.59 6619.39 6904.33
12 10679.49 1969.16 10680.41 1974.27 10667.43 1979.01 10650.07 1981.55 10649.49 1980.37 10621.36 1998.13 10633.02 1937.61 10637.43 1913.46 10662.65 1939.24 10653.50 1911.50 10663.81 1901.85 10683.34 1951.28
7 9969.42 5613.95 9980.84 5642.84 9937.78 5649.20 9935.15 5654.50 9890.26 5633.93 9990.35 5568.66 9978.91 5610.25
10 4111.52 9560.16 4121.21 9584.16 4082.64 9607.90 4017.13 9572.40 4068.76 9551.34 4075.19 9533.37 4078.58 9534.60 4065.51 9495.81 4070.72 9474.41 4097.58 9483.18
15 4085.14 3475.05 4086.14 3479.43 4090.99 3492.76 4072.88 3482.95 4048.62 3454.63 4068.52 3454.97 4049.93 3423.17 4067.00 3437.04 4064.20 3425.40 4073.15 3441.18 4078.07 3420.66 4100.93 3442.50 4085.60 3455.73 4111.77 3437.40 4113.05 3451.54
8 577.15 3572.72 527.94 3605.70 503.06 3586.98 524.06 3507.84 532.21 3520.96 558.90 3527.81 544.25 3554.54 560.42 3555.67
13 6616.19 6588.89 6585.28 6581.37 6602.16 6615.14 6562.19 6587.03 6547.38 6572.10 6518.58 6541.91 6524.76 6537.15 6541.76 6544.20 6530.36 6522.35 6537.35 6523.85 6560.69 6525.48 6583.80 6512.37 6582.67 6559.91
8 7981.76 1637.69 7940.77 1662.59 7959.11 1644.01 7959.11 1639.71 7939.95 1633.03 7946.49 1606.88 7968.00 1608.77 7993.64 1630.89
9 2256.32 5312.93 2259.97 5340.04 2217.90 5337.57 2222.75 5325.64 2193.13 5333.69 2217.24 5315.28 2267.32 5290.19 2286.86 5285.79 2281.12 5299.79
13 7442.21 9513.24 7430.74 9522.86 7416.19 9515.22 7426.11 9550.35 7389.22 9565.48 7388.20 9539.92 7369.21 9509.17 7357.66 9509.72 7326.18 9489.60 7375.29 9452.66 7384.04 9430.36 7401.50 9430.79 7417.58 9475.09
8 4959.88 4906.88 4926.42 4890.40 4955.33 4871.24 4946.47 4862.48 4936.10 4847.63 4957.43 4856.40 4972.20 4861.94 4975.86 4866.46
8 4036.00 6814.40 4047.59 6843.42 3974.26 6830.67 3962.57 6785.20 3993.87 6781.95 4025.01 6750.78 4029.05 6782.74 4065.49 6758.91
8 1401.50 1988.01 1393.54 2017.44 1391.79 1992.52 1355.04 1971.52 1375.44 1968.60 1361.64 1934.33 1410.49 1955.49 1422.04 1957.50
15 9302.76 5704.28 9276.38 5715.55 9270.65 5718.92 9264.53 5696.34 9209.87 5700.98 9244.61 5670.21 9253.62 5648.37 9255.32 5629.73 9253.77 5622.98 9265.27 5644.56 9272.90 5651.45 9288.14 5633.61 9311.77 5621.77 9297.64 5636.46 9328.41 5646.06
6 8871.38 4020.68 8833.83 4019.07 8830.88 3961.96 8817.57 3941.99 8839.88 3957.96 8880.22 3937.16
6 5583.56 7812.48 5579.37 7819.81 5546.55 7809.14 5529.35 7809.90 5506.87 7832.91 5526.47 7779.72
5 4668.62 5098.13 4674.81 5101.92 4634.00 5136.13 4623.84 5073.16 4646.13 5078.69
7 5803.42 867.63 5795.50 871.18 5784.42 825.76 5800.54 830.33 5810.76 806.46 5814.42 825.21 5813.68 827.71
5 7726.94 3259.24 7703.32 3286.90 7703.95 3231.08 7709.31 3229.10 7752.18 3244.27
6 2229.77 3145.33 2195.22 3110.00 2190.55 3109.62 2175.57 3096.94 2175.92 3088.63 2245.36 3065.30
14 8686.83 10309.59 8667.92 10325.75 8662.41 10349.46 8664.14 10361.13 8646.24 10366.82 8617.59 10330.99 8638.63 10302.16 8597.57 10285.08 8633.55 10285.52 8641.86 10287.18 8630.14 10246.08 8655.90 10270.01 8695.85 10260.36 8691.85 10296.33
11 5905.81 5677.49 5894.84 5702.86 5871.09 5678.43 5841.57 5678.33 5772.29 5618.04 5805.28 5628.54 5837.73 5622.87 5863.88 5580.19 5881.80 5605.84 5902.26 5586.30 5905.97 5637.43
6 9678.81 2814.27 9673.04 2776.28 9688.72 2778.72 9714.69 2775.85 9737.42 2766.93 9714.46 2783.56
11 8187.44 8335.23 8183.61 8342.24 8176.73 8342.66 8164.03 8326.26 8121.21 8346.06 8095.98 8319.91 8097.49 8273.75 8130.78 8259.14 8156.52 8283.53 8197.09 8271.41 8182.41 8285.37
10 4245.19 10772.42 4228.46 10775.50 4216.27 10790.38 4191.91 10797.62 4165.33 10796.43 4157.72 10766.82 4169.23 10754.71 4228.25 10739.36 4219.79 10745.61 4237.13 10750.71
6 4257.50 10364.85 4239.05 10363.69 4250.70 10343.52 4247.93 10310.31 4265.29 10324.12 4282.18 10302.42
11 9097.36 10069.39 9057.60 10023.20 9054.90 10018.51 9033.12 10016.70 9030.13 9981.60 9057.88 9959.18 9065.70 9964.95 9079.76 9969.06 9091.33 9972.35 9131.04 9974.78 9105.36 9999.22
15 8256.15 7216.88 8275.24 7248.46 8262.12 7238.12 8250.41 7267.32 8224.78 7230.20 8195.75 7250.85 8193.10 7228.34 8192.08 7211.47 8222.32 7205.31 8223.92 7146.41 8244.96 7147.68 8263.78 7150.95 8266.66 7158.08 8284.71 7176.97 8300.96 7209.04
6 6661.54 2334.88 6634.71 2389.11 6612.22 2345.63 6589.10 2349.34 6561.62 2334.11 6622.05 2293.32
7 4265.38 3144.02 4214.86 3118.39 4204.93 3095.59 4214.17 3087.53 4238.04 3075.33 4264.93 3112.14 4265.69 3113.71
8 6830.16 9750.30 6789.44 9670.58 6785.22 9627.54 6823.87 9634.15 6840.08 9634.93 6840.11 9635.49 6837.17 9656.38 6850.28 9666.32
5 7457.43 3595.04 7420.17 3613.42 7389.76 3565.06 7419.89 3532.17 7442.24 3541.87
12 3413.48 7680.35 3414.03 7688.10 3378.08 7680.00 3374.41 7679.22 3351.27 7686.92 3341.70 7677.88 3342.75 7673.49 3349.65 7655.12 3342.55 7643.40 3365.52 7655.30 3369.68 7656.33 3428.58 7663.23
12 7447.60 10078.08 7434.52 10134.71 7397.33 10093.86 7374.47 10084.69 7345.66 10071.54 7375.00 10057.94 7338.29 10044.86 7343.99 10039.31 7384.68 10046.65 7413.76 10038.03 7434.38 10029.06 7462.45 10033.55
9 11001.90 1977.50 10973.76 1969.94 10949.09 2019.85 10948.35 1986.99 10938.41 1977.50 10984.45 1913.33 11013.91 1923.65 11003.53 1943.50 11024.17 1946.01
14 882.22 801.72 859.00 805.70 866.74 826.03 852.27 819.71 847.65 841.26 826.21 840.66 817.64 815.06 825.09 800.18 813.17 791.42 807.78 776.65 817.06 760.42 815.53 756.08 855.97 759.94 884.75 777.97
8 796.08 9338.69 741.16 9358.61 741.90 9411.25 725.01 9355.51 705.31 9297.06 703.09 9275.62 756.65 9276.54 747.01 9320.17
5 8390.86 5947.71 8382.67 5958.36 8366.88 5960.01 8344.60 5955.28 8416.50 5908.76
11 6690.95 2217.21 6674.69 2223.66 6667.09 2214.89 6635.96 2236.70 6634.57 2215.41 6602.48 2205.77 6604.38 2205.23 6615.73 2173.42 6644.67 2165.75 6649.00 2164.30 6655.01 2158.59
15 10813.50 8560.50 10788.89 8570.14 10815.15 8591.13 10760.12 8621.72 10689.80 8571.74 10726.17 8530.36 10681.31 8487.54 10701.13 8473.03 10716.75 8487.71 10705.53 8461.49 10786.31 8499.25 10798.43 8496.92 10773.94 8527.33 10766.49 8534.52 10805.90 8528.71
11 757.52 8583.96 745.89 8588.64 745.57 8574.23 740.70 8573.23 736.31 8570.82 749.21 8560.47 749.44 8540.68 754.86 8544.50 763.81 8524.13 782.80 8542.25 776.14 8547.56
6 10767.71 11038.55 10712.67 11023.67 10631.21 10967.01 10693.03 10936.16 10757.74 10951.28 10740.77 10958.91
14 5483.62 5231.11 5462.75 5220.55 5448.99 5219.72 5425.40 5233.65 5420.96 5233.73 5415.25 5216.34 5390.29 5227.52 5406.59 5173.62 5395.77 5157.02 5445.97 5188.51 5451.17 5191.84 5490.33 5169.24 5475.12 5186.87 5456.07 5196.31
13 633.37 1672.74 642.20 1702.38 604.39 1674.05 597.30 1692.63 566.33 1676.11 592.19 1632.18 593.98 1630.76 584.14 1566.95 605.77 1560.92 644.57 1642.86 692.30 1637.40 629.20 1652.86 643.19 1653.72
7 830.91 10653.87 797.18 10656.85 716.75 10704.93 664.68 10676.89 673.21 10629.09 713.91 10590.90 781.33 10614.12
8 10978.86 1866.71 10888.50 1867.73 10890.87 1852.25 10899.96 1818.39 10891.73 1771.60 10919.15 1799.41 10977.97 1783.89 10945.24 1834.13
10 7371.70 1294.07 7349.05 1325.67 7302.13 1318.19 7297.88 1327.62 7293.89 1281.10 7273.57 1270.37 7289.89 1271.86 7332.47 1261.82 7359.02 1236.44 7361.28 1273.23
10 8580.29 1624.80 8538.96 1627.51 8539.22 1618.49 8525.07 1580.74 8555.94 1582.68 8559.98 1590.09 8569.43 1584.31 8577.47 1591.35 8559.27 1604.44 8585.15 1600.21
5 4589.64 2700.82 4592.02 2738.30 4573.50 2678.01 4573.47 2674.86 4613.42 2697.88
7 6114.23 10594.06 6101.12 10567.23 6068.10 10503.70 6104.08 10498.88 6104.84 10529.01 6148.13 10513.98 6153.18 10527.78
9 4617.05 9649.90 4547.81 9695.26 4548.09 9671.03 4527.05 9677.99 4521.51 9632.09 4532.84 9633.58 4580.29 9602.24 4602.73 9635.06 4597.46 9638.52
10 3394.96 10359.77 3394.33 10373.62 3391.61 10383.00 3390.48 10391.68 3343.59 10398.17 3331.67 10343.75 3323.26 10341.21 3347.65 10304.70 3374.82 10342.24 3413.72 10343.67
6 463.19 4685.93 435.82 4699.44 428.58 4678.21 433.34 4671.36 458.72 4652.10 472.65 4666.87
7 3298.87 1309.94 3293.59 1303.98 3253.31 1327.07 3228.89 1278.80 3295.54 1203.81 3317.28 1213.07 3349.72 1254.83
9 1183.75 10607.86 1170.43 10608.83 1170.13 10635.66 1157.66 10624.51 1144.68 10620.78 1157.12 10547.52 1153.73 10522.53 1194.67 10560.23 1181.87 10577.92
6 2015.23 10682.69 2015.58 10753.25 1963.67 10695.24 1943.92 10701.32 2074.22 10595.23 2076.32 10628.98
12 10106.86 6990.78 10144.16 7048.39 10111.82 7072.51 10082.81 7067.19 10032.24 6970.24 10035.52 6956.58 10059.35 6927.71 10060.84 6916.41 10101.58 6930.10 10096.59 6971.06 10160.30 6936.88 10132.44 6957.97
9 6818.28 6607.18 6824.41 6612.02 6870.34 6634.87 6803.26 6687.23 6733.53 6643.00 6732.85 6581.22 6750.38 6528.80 6777.24 6525.57 6841.33 6582.15
5 7567.28 5287.25 7511.98 5256.90 7503.38 5255.58 7502.34 5233.48 7496.06 5202.77
11 5903.74 711.83 5900.77 712.13 5893.76 737.33 5895.65 713.48 5888.97 722.10 5889.65 705.29 5860.20 702.84 5864.11 665.43 5893.88 660.41 5899.35 677.02 5914.32 691.58
12 291.10 6744.42 313.45 6787.52 300.16 6778.45 288.19 6783.32 226.95 6734.37 251.09 6700.76 280.40 6674.66 324.61 6698.74 319.33 6704.81 328.83 6703.11 304.07 6723.33 301.60 6729.51
15 2010.29 892.13 1991.55 933.82 1931.75 926.33 1946.74 901.06 1936.80 899.66 1931.04 867.90 1928.32 866.71 1918.21 858.83 1954.65 867.68 1946.22 860.63 1946.47 843.77 1970.07 845.31 1972.35 862.28 2004.46 838.74 1997.27 852.90
12 5349.52 9527.48 5377.22 9556.99 5341.64 9527.84 5346.68 9544.93 5349.45 9553.83 5285.37 9581.01 5292.96 9517.16 5278.97 9479.83 5254.02 9449.53 5363.88 9417.58 5352.57 9472.25 5371.01 9461.14
5 398.23 10634.64 354.44 10650.09 337.11 10577.95 305.08 10568.02 373.00 10499.53
5 2049.84 1999.05 2019.21 1963.25 2032.55 1963.40 2039.34 1962.07 2064.85 1948.10
6 5755.72 5976.56 5728.96 5949.66 5714.58 5922.19 5779.93 5907.79 5772.41 5923.65 5779.48 5930.49
13 6366.33 1896.92 6380.45 1916.50 6374.17 1911.22 6371.96 1918.69 6343.94 1896.79 6333.51 1875.28 6309.18 1856.62 6341.33 1864.76 6346.87 1844.07 6368.38 1869.74 6392.27 1849.38 6376.57 1881.08 6394.13 1884.67
13 8420.04 1264.36 8406.98 1260.93 8413.98 1305.61 8388.69 1273.27 8367.29 1252.53 8380.87 1252.47 8390.92 1238.79 8389.92 1231.08 8398.54 1242.30 8401.44 1242.32 8413.84 1217.41 8417.27 1220.73 8420.66 1243.53
9 8284.58 5429.33 8282.06 5445.92 8215.65 5483.63 8216.60 5434.28 8173.85 5428.83 8204.98 5388.55 8237.23 5399.13 8265.68 5383.88 8271.04 5407.53
14 9119.83 3436.46 9092.13 3473.77 9034.53 3451.29 9027.61 3442.87 9001.00 3471.09 9018.88 3448.56 8966.84 3458.89 8976.80 3450.15 8969.78 3444.98 9005.54 3411.45 8995.99 3390.64 9000.02 3382.05 9043.35 3368.10 9059.02 3347.75
14 1759.61 8250.30 1737.60 8283.47 1720.24 8264.48 1686.09 8282.64 1699.30 8267.83 1689.60 8270.39 1658.02 8267.52 1665.86 8247.75 1678.35 8203.78 1697.40 8223.63 1702.92 8223.05 1697.65 8202.87 1715.20 8208.18 1716.76 8220.60
5 5513.61 2610.12 5500.15 2606.41 5432.67 2576.10 5395.99 2564.54 5454.54 2571.24
7 541.90 7734.10 552.18 7737.31 566.05 7764.14 525.51 7800.60 463.54 7770.43 471.34 7717.62 511.30 7712.12
12 6862.24 10665.56 6862.30 10678.76 6871.25 10693.58 6841.23 10671.36 6834.27 10668.52 6815.59 10660.32 6829.60 10652.38 6850.19 10627.02 6852.45 10643.21 6858.04 10634.86 6856.43 10643.88 6858.84 10651.28
15 4497.15 5488.43 4489.44 5488.72 4487.05 5509.77 4459.91 5532.05 4457.57 5530.54 4438.81 5507.66 4398.16 5494.83 4394.61 5495.40 4386.78 5477.02 4435.27 5451.64 4451.32 5436.95 4453.84 5454.85 4470.36 5433.30 4463.33 5458.68 4491.59 5438.78
8 6060.54 3904.81 6059.05 3931.64 6064.22 3943.79 6050.27 3916.19 6008.37 3900.40 5995.67 3896.86 6048.81 3859.41 6082.46 3879.80
11 5756.12 3193.74 5753.92 3236.55 5726.32 3202.35 5735.53 3216.78 5698.51 3234.77 5686.82 3233.91 5642.47 3189.15 5649.22 3162.16 5644.89 3157.40 5683.79 3164.63 5781.57 3150.09
14 3202.43 4148.71 3240.42 4178.86 3189.15 4174.90 3199.58 4224.63 3166.54 4169.92 3166.18 4220.94 3157.21 4181.75 3132.86 4216.42 3101.29 4125.19 3147.18 4127.67 3136.56 4115.16 3143.83 4096.17 3213.61 4112.74 3212.29 4114.71
7 2559.69 10299.03 2502.46 10334.11 2498.06 10303.80 2526.30 10293.77 2547.05 10222.61 2597.89 10247.34 2605.83 10251.41
8 8876.40 3211.26 8859.70 3256.32 8854.02 3232.15 8834.05 3206.35 8834.78 3200.05 8831.26 3187.88 8854.27 3177.95 8862.00 3167.07
14 1409.56 9199.59 1405.86 9212.21 1394.76 9202.69 1366.57 9224.13 1352.43 9221.40 1382.86 9187.84 1358.59 9172.01 1344.98 9134.05 1383.49 9155.98 1403.80 9107.49 1411.79 9112.95 1411.27 9119.21 1413.15 9152.35 1460.53 9144.73
10 3906.90 5830.06 3873.30 5831.55 3858.27 5802.66 3800.46 5815.51 3812.24 5805.71 3832.65 5752.41 3860.18 5767.13 3884.47 5748.87 3885.32 5748.19 3876.91 5766.04
7 3074.44 223.72 3069.77 244.87 3019.38 223.79 3020.25 214.72 3021.80 210.35 2986.89 233.08 3040.44 183.54
10 1813.29 4001.98 1775.92 4032.27 1740.40 3998.21 1734.25 3971.79 1753.05 3969.93 1758.96 3962.87 1766.00 3947.61 1760.78 3918.28 1781.48 3955.63 1824.47 3971.62
11 4164.79 6597.13 4201.62 6637.27 4178.54 6662.52 4150.76 6637.69 4113.70 6618.76 4101.54 6623.86 4112.12 6589.06 4127.06 6570.47 4177.75 6510.12 4163.83 6565.13 4182.13 6582.93
11 163.88 6139.61 158.45 6163.68 148.86 6145.48 126.10 6148.94 144.06 6122.62 157.40 6113.51 160.92 6103.20 163.37 6103.70 159.71 6119.17 183.14 6102.12 167.03 6126.38
7 2810.02 8882.75 2811.78 8883.14 2768.70 8922.68 2758.19 8903.38 2747.14 8897.69 2763.86 8857.73 2771.82 8865.44
6 1147.97 6986.29 1117.35 7011.85 1127.39 7037.71 1073.08 6940.53 1083.39 6915.64 1112.17 6961.46
11 6876.02 5741.02 6885.36 5745.10 6901.02 5752.71 6866.91 5750.73 6845.34 5769.67 6856.03 5742.46 6848.72 5741.99 6843.49 5728.98 6846.38 5729.21 6878.82 5731.58 6881.97 5737.18
7 2533.86 4295.22 2489.11 4281.76 2474.27 4302.42 2435.65 4289.38 2462.02 4202.67 2480.80 4214.48 2503.58 4211.43
11 1018.72 9130.96 996.77 9128.76 998.73 9135.67 996.76 9163.41 984.98 9149.32 949.19 9134.18 962.29 9121.19 967.58 9120.51 975.15 9084.48 1001.25 9106.35 995.62 9124.58
6 653.58 6987.02 639.18 6914.13 620.15 6925.54 574.60 6847.92 598.81 6841.64 708.90 6849.70
14 3367.20 4084.26 3365.39 4093.90 3355.65 4102.70 3352.98 4102.65 3351.68 4112.17 3356.70 4131.99 3335.37 4123.66 3296.88 4123.80 3284.81 4078.11 3292.99 4073.43 3318.52 4062.39 3314.77 4029.95 3384.18 4057.73 3390.59 4071.53
6 5202.03 7368.95 5161.08 7423.44 5137.69 7369.21 5154.82 7354.00 5149.33 7318.06 5172.81 7296.09
11 1211.13 5815.15 1201.97 5821.89 1213.92 5805.82 1200.70 5806.58 1224.99 5794.95 1223.02 5770.63 1219.40 5754.36 1273.89 5758.79 1289.13 5757.71 1259.77 5783.81 1277.85 5776.54
8 979.05 4117.24 988.27 4106.48 954.89 4074.88 974.67 4054.86 996.36 4058.78 1036.84 4056.65 1040.95 4093.35 1032.17 4094.91
12 2280.42 2273.78 2273.52 2298.54 2251.47 2288.62 2255.87 2309.74 2230.16 2304.51 2224.50 2277.46 2214.59 2278.23 2213.37 2257.18 2225.28 2260.95 2253.16 2261.56 2281.36 2255.36 2285.33 2264.87
6 1723.33 6683.90 1753.15 6621.59 1730.59 6583.01 1770.65 6617.11 1771.34 6575.58 1833.84 6585.06
12 5304.90 2816.47 5276.86 2850.80 5260.92 2852.28 5242.17 2825.66 5241.22 2818.59 5244.92 2803.38 5235.91 2791.37 5239.61 2789.17 5237.09 2765.70 5253.58 2796.98 5259.24 2794.04 5262.14 2761.49
12 9346.85 1358.05 9362.38 1375.95 9298.94 1370.37 9317.29 1355.40 9320.41 1352.98 9305.02 1340.23 9293.63 1332.92 9317.27 1337.45 9322.21 1338.01 9325.34 1294.34 9337.59 1297.04 9377.00 1338.18
10 8943.99 7448.62 8949.69 7457.90 8944.24 7455.66 8920.50 7452.16 8920.22 7478.44 8900.34 7442.97 8932.43 7411.39 8935.59 7409.87 8944.89 7409.76 8932.94 7437.39
10 6447.81 7975.49 6434.90 8002.00 6413.71 8043.65 6383.05 8021.28 6371.27 8021.11 6370.04 8009.45 6322.54 7989.68 6320.25 7960.16 6352.56 7905.13 6423.08 7948.96
7 4070.85 1603.26 4066.49 1594.85 4045.62 1541.21 4068.33 1559.75 4067.26 1551.12 4073.38 1521.05 4112.68 1553.76
15 6805.58 10683.74 6805.63 10701.89 6797.37 10709.79 6765.83 10706.51 6717.44 10693.94 6700.90 10705.03 6691.89 10690.37 6645.48 10670.75 6661.24 10663.74 6695.93 10659.77 6725.28 10588.05 6753.72 10574.87 6752.43 10617.83 6788.43 10634.42 6805.52 10650.95
11 6561.13 9569.43 6533.07 9597.35 6521.73 9558.96 6508.86 9559.89 6468.13 9558.37 6468.64 9533.29 6499.69 9521.04 6515.25 9523.36 6533.03 9496.07 6538.52 9488.19 6538.46 9514.75
10 9532.41 6523.16 9510.05 6528.91 9472.41 6524.07 9445.13 6571.11 9455.45 6545.63 9438.58 6512.62 9433.26 6492.99 9435.91 6484.13 9426.66 6477.15 9448.88 6460.86
14 6715.41 1857.13 6716.51 1876.93 6714.21 1882.52 6687.83 1880.27 6675.56 1883.67 6674.54 1871.43 6663.93 1861.33 6674.86 1854.66 6675.65 1848.05 6681.15 1840.88 6707.16 1841.50 6708.60 1846.72 6745.74 1837.20 6747.33 1853.71
5 3364.90 2250.00 3348.24 2224.94 3260.51 2171.29 3304.63 2178.72 3306.11 2109.45
14 6414.78 10086.11 6431.88 10100.69 6412.01 10091.73 6413.86 10113.31 6405.47 10100.40 6385.77 10120.23 6376.15 10096.69 6352.05 10097.83 6397.07 10070.67 6397.31 10061.13 6399.96 10063.21 6406.77 10062.35 6450.38 10060.94 6454.95 10070.76
7 8716.77 2019.67 8687.90 2046.44 8690.44 2021.68 8683.02 1985.98 8699.06 1981.10 8737.75 1971.26 8717.97 1988.43
6 1951.78 3698.54 1924.99 3731.39 1836.05 3678.32 1886.31 3676.53 1873.81 3633.98 1897.05 3665.85
5 7281.55 1198.13 7282.91 1252.72 7223.02 1184.54 7241.27 1165.18 7259.26 1167.65
14 7666.93 4042.04 7642.62 4064.03 7607.39 4073.71 7602.58 4059.29 7567.71 4042.26 7587.89 4023.12 7611.23 3984.38 7648.48 3969.62 7628.89 4015.95 7630.36 4016.60 7656.80 4005.99 7635.56 4024.43 7679.97 4006.94 7648.63 4025.43
7 9931.78 7940.60 9886.56 7948.35 9843.06 7909.31 9826.05 7874.71 9865.04 7888.23 9862.08 7865.19 9880.11 7891.56
15 8465.52 10875.70 8475.76 10900.14 8469.63 10898.25 8442.99 10893.11 8426.33 10931.03 8417.49 10909.82 8395.65 10866.26 8384.28 10852.83 8406.83 10855.91 8436.24 10836.41 8442.91 10861.49 8449.97 10857.70 8471.43 10841.76 8472.35 10855.39 8469.18 10873.18
14 11021.41 1735.93 11011.84 1742.98 11000.56 1752.72 10957.61 1744.30 10919.85 1689.32 10997.57 1667.22 11007.50 1679.87 11002.33 1705.98 11001.49 1707.51 11028.80 1697.88 11000.68 1719.00 11048.77 1701.48 11038.06 1706.99 11013.94 1718.87
5 4272.38 7581.78 4123.84 7485.79 4170.74 7480.95 4195.86 7445.85 4198.43 7477.86
6 3067.63 8453.87 3035.94 8459.53 2993.20 8445.98 2969.74 8436.15 3065.52 8394.62 3047.37 8421.35
15 3103.33 8278.44 3089.21 8287.92 3079.75 8298.59 3076.21 8293.52 3066.20 8283.29 3051.24 8280.40 3050.28 8272.64 3050.25 8270.90 3034.44 8274.19 3046.21 8267.75 3052.76 8229.88 3070.92 8240.42 3076.34 8242.04 3116.75 8243.91 3125.17 8244.93
10 720.81 8557.67 690.81 8550.87 665.73 8553.13 656.92 8550.34 657.96 8544.43 670.64 8533.76 683.97 8523.53 670.14 8498.67 692.04 8508.31 699.60 8520.73
13 10709.87 10029.69 10687.07 10026.60 10684.81 10051.91 10678.78 10046.92 10675.17 10061.56 10644.81 10035.23 10641.23 10002.57 10657.09 10005.43 10664.10 10007.13 10661.91 10001.64 10689.25 9984.39 10690.32 9998.54 10719.62 10011.56
7 10710.24 9224.22 10671.49 9267.18 10666.33 9240.88 10680.70 9211.43 10684.93 9166.20 10693.49 9203.97 10713.93 9203.62
10 4989.26 6587.06 4986.42 6614.77 4937.18 6618.59 4924.20 6585.31 4891.05 6557.18 4913.94 6546.25 4908.68 6521.17 4922.32 6487.06 4944.84 6498.51 4965.58 6544.44
6 904.15 7824.14 897.79 7808.87 901.40 7793.31 924.22 7812.61 962.09 7820.41 974.91 7844.37
7 6932.84 4732.56 6897.07 4750.83 6866.55 4727.16 6848.69 4716.54 6881.16 4677.88 6889.32 4646.05 6904.57 4661.25
11 5419.89 1556.76 5419.49 1603.29 5375.13 1609.19 5360.50 1606.16 5347.08 1593.13 5354.95 1557.02 5356.77 1554.83 5333.80 1502.08 5437.36 1469.99 5424.70 1489.61 5437.49 1513.37
7 6361.58 9277.05 6347.08 9270.88 6313.57 9251.22 6299.95 9246.38 6309.70 9188.86 6344.99 9221.36 6363.65 9208.44
10 3782.97 2584.69 3760.60 2621.20 3723.17 2609.09 3694.13 2602.01 3667.88 2612.63 3687.79 2584.71 3692.71 2570.61 3671.49 2558.69 3705.13 2561.15 3730.54 2528.63
13 9085.61 1015.67 9042.43 1032.30 9042.71 1029.06 9035.63 1037.14 9043.41 1015.08 9033.60 1000.30 9026.88 988.89 9022.15 984.72 9035.18 985.81 9037.28 987.78 9033.11 973.34 9045.01 990.79 9095.20 995.85
10 4360.71 693.64 4335.77 674.10 4324.37 677.92 4322.13 681.42 4259.39 649.24 4296.35 642.97 4290.18 612.64 4311.17 611.49 4321.49 638.32 4361.27 634.89
14 8355.57 10283.29 8356.69 10285.85 8296.36 10305.60 8306.69 10284.07 8273.61 10263.03 8299.10 10247.60 8301.12 10249.37 8299.96 10237.21 8323.18 10236.30 8327.32 10239.70 8319.46 10263.49 8331.19 10264.15 8334.25 10265.45 8331.90 10274.10
5 5765.41 3772.89 5772.67 3784.48 5735.51 3801.68 5725.05 3807.72 5730.17 3785.54
11 9333.80 2982.61 9341.36 3005.21 9321.88 2995.43 9301.27 2985.31 9284.44 2985.46 9288.44 2963.02 9311.80 2948.47 9330.75 2948.66 9347.42 2953.81 9336.10 2963.07 9325.60 2977.46
6 8803.47 9609.25 8771.27 9632.30 8764.20 9625.14 8716.42 9624.26 8759.55 9583.95 8792.45 9594.73
12 2444.71 5578.93 2462.45 5596.72 2445.66 5591.98 2442.19 5596.08 2431.64 5617.41 2425.96 5603.29 2407.73 5605.87 2414.96 5586.21 2397.21 5592.78 2450.91 5547.42 2452.54 5570.70 2452.53 5577.86
8 4400.12 6669.47 4348.90 6688.21 4365.99 6645.81 4328.96 6637.70 4342.20 6611.14 4366.65 6615.25 4360.87 6586.54 4400.90 6572.38
10 10137.81 6016.58 10111.76 6018.30 10098.67 6017.61 10115.50 6039.80 10075.71 6031.49 10059.85 6033.05 10073.95 5980.00 10105.68 5978.43 10105.66 5982.52 10171.14 5976.22
12 2683.73 7974.21 2678.06 7979.21 2699.61 7999.02 2670.73 8015.07 2662.67 8000.81 2661.62 8027.63 2646.37 8002.01 2644.51 7993.09 2634.35 7973.14 2662.18 7919.07 2671.00 7947.39 2674.18 7946.40
8 3703.45 8235.60 3676.54 8225.92 3643.42 8225.32 3639.73 8212.81 3645.80 8183.01 3651.67 8179.63 3715.52 8143.33 3708.84 8190.54
7 371.19 869.70 354.12 844.62 294.37 815.30 350.13 806.43 428.62 782.55 443.42 806.89 441.46 810.58
11 4028.95 5371.03 4015.68 5387.32 3998.05 5344.73 3974.17 5370.11 3955.82 5330.38 3950.33 5328.74 3939.34 5329.37 3978.69 5285.18 4017.46 5264.66 4029.13 5285.00 4043.11 5279.59
11 5743.43 9545.21 5757.07 9550.24 5766.45 9552.72 5720.71 9569.37 5715.37 9549.02 5713.39 9536.83 5706.12 9524.27 5690.70 9511.89 5689.82 9509.07 5759.07 9542.43 5744.53 9543.69
13 9270.55 1823.80 9243.36 1819.23 9294.20 1846.31 9233.32 1826.10 9252.36 1862.00 9248.47 1866.10 9184.72 1846.26 9200.46 1823.61 9202.75 1820.82 9195.87 1813.81 9170.31 1782.98 9209.82 1740.79 9229.96 1796.51
10 2637.75 1389.52 2646.45 1402.09 2640.57 1424.40 2628.81 1395.49 2620.88 1400.11 2609.31 1392.13 2604.61 1386.93 2602.47 1353.28 2630.92 1366.40 2639.58 1360.33
8 9509.68 2095.93 9491.02 2096.83 9463.65 2113.19 9453.96 2053.88 9471.78 2031.38 9475.34 2002.05 9516.58 2023.80 9504.28 2044.00
14 8842.24 4911.55 8825.67 4905.43 8811.58 4896.79 8804.99 4901.68 8800.69 4899.68 8760.86 4886.30 8760.74 4886.05 8789.60 4842.71 8799.09 4821.62 8800.85 4821.18 8834.37 4789.21 8843.63 4808.16 8844.50 4820.85 8818.49 4846.53
10 9420.89 5137.85 9428.06 5149.11 9381.32 5144.60 9367.26 5127.28 9377.58 5129.24 9376.70 5119.27 9383.79 5120.49 9380.79 5103.96 9394.90 5110.11 9404.44 5109.69
13 3452.14 3916.22 3366.98 3896.15 3387.39 3885.74 3385.48 3871.88 3407.80 3871.18 3408.61 3854.49 3416.87 3871.36 3424.98 3844.31 3434.25 3856.50 3444.49 3854.12 3423.94 3880.94 3460.13 3868.37 3437.30 3883.18
12 11008.86 10999.11 11000.73 11002.18 10982.21 11000.43 10982.29 11016.37 10954.48 11045.53 10953.83 11015.54 10942.26 11025.37 10944.64 10999.89 10955.69 10949.58 10978.78 10952.33 10981.67 10983.96 11015.98 10985.01
11 10045.50 8661.77 10079.11 8695.91 10048.09 8730.90 10011.96 8699.73 9975.24 8716.52 9995.39 8675.16 9978.57 8681.44 10010.32 8560.95 10089.26 8617.61 10085.19 8635.18 10090.75 8640.81
14 4160.42 2654.28 4171.41 2663.97 4139.79 2657.40 4116.86 2689.03 4118.22 2661.57 4108.74 2657.68 4097.22 2642.66 4089.53 2628.55 4102.20 2631.57 4090.99 2617.86 4104.49 2613.14 4124.97 2628.44 4140.68 2618.96 4147.84 2645.91
8 10777.14 300.81 10755.60 322.14 10679.88 299.55 10683.95 267.58 10669.84 207.11 10705.56 204.31 10719.82 235.49 10776.07 250.87
11 3763.64 11011.99 3713.03 10993.00 3707.51 10986.84 3709.64 10978.24 3708.57 10963.55 3732.19 10970.96 3748.73 10974.67 3754.03 10971.51 3761.04 10969.64 3779.86 10965.52 3788.12 10977.06
10 7779.06 2704.37 7780.90 2714.99 7742.98 2685.94 7695.79 2693.20 7670.41 2647.96 7701.63 2586.98 7759.79 2598.81 7762.63 2613.30 7791.54 2614.84 7835.40 2619.44
6 1334.28 9979.98 1341.47 9986.31 1309.25 9991.52 1307.45 10004.42 1306.83 9991.81 1271.76 9985.10
11 9292.32 9715.99 9286.09 9734.16 9257.45 9776.75 9257.35 9733.21 9240.18 9752.20 9209.49 9754.18 9199.87 9749.48 9222.19 9696.50 9267.82 9657.55 9278.95 9684.58 9312.47 9682.30
10 10355.01 1255.76 10341.38 1260.33 10308.36 1239.92 10298.68 1241.17 10258.27 1228.46 10296.73 1190.61 10303.62 1193.53 10309.71 1171.25 10326.17 1155.81 10358.75 1205.45
9 4328.08 4193.35 4316.96 4222.38 4295.12 4238.03 4273.81 4228.90 4242.29 4207.77 4281.70 4175.75 4282.12 4139.15 4337.74 4116.14 4315.88 4161.66
10 6091.12 7170.64 6093.28 7153.10 6110.86 7151.18 6098.54 7128.22 6099.38 7128.96 6112.34 7119.90 6118.67 7134.59 6133.28 7120.53 6145.45 7137.57 6146.99 7162.77
14 3480.11 6631.40 3475.05 6620.40 3463.25 6616.43 3437.49 6624.33 3437.57 6613.23 3420.76 6621.49 3426.23 6561.30 3429.68 6537.52 3447.82 6546.00 3452.71 6562.59 3453.16 6546.47 3458.10 6547.05 3460.80 6532.12 3459.19 6552.50
9 10565.17 1502.08 10461.38 1522.78 10470.12 1510.98 10426.29 1530.04 10403.18 1487.96 10426.89 1451.52 10515.95 1453.55 10516.36 1461.81 10505.21 1474.84
5 3995.53 2824.63 3957.88 2807.65 3981.80 2771.91 3984.84 2795.60 4010.46 2803.35
10 4721.76 2964.05 4704.61 2979.85 4703.10 2993.99 4569.14 3000.66 4547.48 2982.78 4578.90 2884.75 4627.75 2920.00 4710.51 2914.37 4700.63 2918.99 4678.11 2932.14
15 7966.98 5099.06 7929.86 5094.01 7917.78 5093.45 7907.83 5135.22 7868.61 5102.42 7868.61 5089.98 7893.88 5075.73 7879.80 5046.36 7913.10 5061.78 7921.30 5069.02 7933.12 5065.82 7957.27 5054.99 7944.76 5070.40 7933.34 5079.60 7928.62 5080.21
12 3872.74 6385.83 3889.34 6410.53 3874.75 6396.28 3885.36 6417.14 3862.62 6422.99 3852.66 6422.56 3843.43 6425.54 3829.07 6372.65 3829.17 6337.50 3856.88 6359.50 3866.73 6362.74 3883.08 6339.17
6 4823.50 9664.65 4808.89 9638.62 4804.30 9589.72 4861.61 9601.74 4867.35 9617.51 4926.07 9628.46
10 1264.08 253.92 1256.08 262.49 1227.08 265.00 1213.44 275.17 1234.50 254.61 1206.91 260.11 1219.47 216.18 1235.20 234.85 1238.61 242.25 1233.41 229.02
5 2075.42 4950.81 2051.84 4947.65 2080.86 4907.09 2091.89 4939.37 2127.01 4938.86
7 8064.73 9099.55 8059.34 9080.83 8046.61 9086.38 8073.92 9033.34 8075.24 9038.56 8085.51 9052.80 8078.24 9058.39
8 5705.53 3966.87 5675.58 3981.86 5666.38 4001.59 5650.92 3968.80 5645.01 3953.76 5635.45 3936.92 5655.70 3939.30 5699.20 3938.90
6 4160.23 7797.26 4135.97 7767.96 4111.14 7784.04 4109.89 7767.66 4160.27 7701.38 4150.11 7723.26
9 8831.14 1951.89 8838.91 1974.87 8774.04 1970.88 8766.60 1951.75 8761.87 1958.23 8743.40 1953.27 8702.68 1938.41 8684.64 1923.68 8751.94 1882.36
13 2669.74 1168.03 2659.59 1186.88 2652.33 1177.48 2652.71 1195.03 2643.64 1195.78 2630.74 1201.99 2609.53 1171.72 2601.33 1162.52 2618.18 1135.15 2611.48 1122.44 2660.56 1103.90 2687.83 1121.49 2692.21 1127.98
6 1532.30 3629.29 1433.21 3675.74 1451.55 3621.26 1425.96 3618.07 1407.94 3592.35 1499.81 3532.83
7 1236.78 7270.49 1226.61 7230.26 1229.14 7224.06 1210.40 7167.47 1252.60 7210.26 1268.38 7210.25 1284.73 7213.14
11 7430.52 2875.96 7434.86 2888.53 7417.47 2903.85 7386.78 2906.65 7363.95 2853.71 7345.63 2818.47 7360.79 2828.60 7357.98 2825.84 7400.07 2836.98 7446.54 2823.03 7408.13 2850.83
