Giant_1000_A
4461.08 1204.35
10389.83 3573.40
4 0.00 0.00 12800.00 0.00 12800.00 12800.00 0.00 12800.00
1000
7 2814.26 9674.98 2812.07 9701.70 2747.90 9733.75 2727.93 9736.72 2701.71 9676.28 2699.91 9606.76 2788.34 9639.23
13 7361.15 5710.88 7368.72 5700.11 7411.05 5673.35 7416.22 5685.01 7432.89 5732.97 7433.16 5738.40 7425.33 5748.43 7419.95 5754.94 7406.46 5758.04 7391.25 5758.72 7385.08 5751.27 7368.50 5728.82 7366.04 5723.99
10 10733.45 3219.87 10743.40 3270.00 10730.52 3310.20 10700.05 3350.63 10653.11 3339.80 10598.25 3325.60 10621.30 3273.52 10645.54 3234.56 10677.16 3209.60 10723.63 3207.97
6 11544.84 2380.85 11495.04 2307.29 11523.41 2249.48 11599.29 2227.08 11654.78 2261.72 11622.58 2338.22
7 3604.94 3758.08 3636.15 3790.19 3631.08 3821.25 3576.64 3850.81 3560.99 3849.62 3540.02 3809.44 3568.00 3777.27
7 912.64 7760.59 834.75 7696.65 892.11 7625.49 914.92 7618.25 941.18 7627.29 973.69 7714.54 939.01 7750.04
8 4859.89 3742.26 4869.95 3710.87 4889.53 3688.83 4949.18 3730.05 4956.57 3756.38 4931.91 3772.57 4896.71 3785.89 4866.32 3763.64
7 11188.55 861.07 11284.64 933.64 11264.09 957.76 11242.97 959.88 11155.76 944.19 11146.12 916.91 11152.64 895.01
9 7121.54 9659.49 7164.44 9730.95 7113.14 9784.24 7106.14 9784.88 7053.10 9757.18 7034.72 9743.95 7031.36 9686.45 7044.45 9669.37 7086.89 9655.17
7 6107.58 2698.61 6103.69 2629.56 6105.56 2607.26 6160.42 2613.37 6201.44 2639.78 6202.85 2659.55 6199.55 2673.81
6 241.16 4823.33 312.77 4859.08 268.89 4942.95 232.46 4942.56 197.59 4912.20 201.65 4884.65
9 5339.16 9394.31 5289.38 9453.22 5280.71 9451.53 5182.17 9405.99 5176.36 9392.49 5189.93 9377.88 5211.62 9359.87 5288.03 9326.97 5307.41 9332.92
5 9002.79 1829.85 9039.16 1901.49 8906.66 1915.85 8893.28 1904.33 8951.53 1833.45
8 9368.41 10205.18 9435.65 10261.42 9411.15 10331.59 9408.10 10338.74 9381.98 10358.59 9329.87 10341.10 9305.18 10296.30 9320.54 10235.68
9 1085.79 5085.59 1045.01 5026.82 1056.06 4944.68 1117.80 4912.09 1123.22 4912.23 1172.43 4936.26 1189.56 4957.09 1168.72 5047.99 1125.34 5088.54
10 4945.38 6925.10 4970.62 6887.51 4996.63 6884.61 5027.98 6905.13 5022.57 6936.45 5013.74 6959.89 5003.01 6968.54 4986.53 6975.75 4984.87 6975.32 4954.97 6964.50
7 584.21 7154.90 602.99 7205.17 601.93 7211.44 587.94 7231.46 549.88 7232.38 515.87 7209.55 525.85 7174.47
11 9055.25 1305.48 9083.31 1323.56 9089.18 1332.92 9093.44 1359.01 9088.46 1374.05 9021.80 1376.26 9018.60 1372.46 9010.24 1353.37 9023.95 1332.57 9035.81 1318.87 9052.93 1305.59
9 2352.96 7639.17 2371.91 7638.82 2382.62 7643.46 2404.74 7686.40 2403.54 7719.10 2397.63 7734.72 2324.42 7742.22 2305.42 7721.25 2316.99 7698.38
5 463.97 8250.75 470.19 8327.57 366.98 8367.67 346.77 8301.31 375.82 8253.21
5 639.28 11427.10 707.96 11374.87 726.69 11461.39 703.40 11489.64 656.56 11482.38
7 12296.92 9464.53 12381.84 9478.98 12371.64 9613.30 12316.21 9615.16 12282.94 9598.08 12249.01 9563.13 12254.02 9498.71
13 11045.62 375.22 11019.87 353.26 11022.27 335.81 11033.32 299.61 11039.60 286.71 11062.85 265.96 11080.81 265.80 11109.22 266.49 11111.58 266.55 11119.03 297.53 11127.27 355.81 11110.28 400.36 11106.41 407.00
6 10382.26 4552.93 10430.82 4516.37 10454.65 4536.06 10464.01 4560.40 10455.51 4575.50 10429.39 4583.06
9 3989.86 7547.31 4015.70 7564.21 4009.63 7623.97 3978.69 7650.55 3930.55 7661.92 3928.94 7653.46 3925.95 7636.67 3941.21 7561.01 3971.85 7547.70
9 12255.34 4215.60 12266.10 4160.12 12294.92 4148.14 12358.29 4140.25 12376.80 4180.70 12394.18 4238.87 12389.26 4262.10 12321.98 4266.98 12262.44 4238.10
9 1729.88 3462.88 1737.81 3521.57 1735.50 3531.36 1728.41 3538.14 1692.59 3559.05 1659.87 3562.56 1625.55 3542.07 1611.25 3493.33 1635.88 3466.89
8 8621.20 1748.24 8690.80 1863.13 8672.49 1877.81 8609.95 1895.26 8569.40 1897.59 8541.47 1893.91 8519.05 1820.60 8577.02 1753.95
11 5789.94 6490.16 5791.23 6462.19 5806.02 6441.36 5829.68 6420.45 5859.26 6427.57 5879.49 6453.42 5872.28 6495.91 5857.30 6515.86 5829.39 6522.56 5803.30 6517.43 5799.68 6515.88
6 11931.56 1675.43 11864.03 1623.52 11899.68 1547.10 11977.58 1540.83 11999.67 1563.97 11942.68 1665.41
9 7017.33 776.21 6982.19 739.04 6974.79 728.14 6971.63 717.04 6979.26 709.55 7046.38 702.62 7055.91 711.53 7061.51 726.51 7056.98 751.31
10 1009.41 3325.99 957.77 3308.96 953.33 3292.97 950.16 3248.47 991.47 3212.49 1017.71 3216.16 1053.76 3253.28 1066.83 3269.74 1043.04 3301.57 1025.56 3321.15
9 3595.07 11863.47 3635.86 11903.54 3635.26 11950.47 3634.18 11970.64 3608.78 11974.89 3542.61 11971.28 3513.43 11934.76 3529.65 11883.60 3535.16 11878.88
10 8768.73 5285.98 8743.73 5283.48 8714.79 5233.84 8704.24 5183.92 8763.60 5153.12 8802.27 5153.37 8833.61 5157.30 8837.81 5177.42 8839.89 5251.42 8830.71 5277.37
11 5700.23 4838.30 5707.24 4797.10 5710.83 4794.51 5719.69 4790.01 5736.00 4783.08 5762.20 4796.17 5775.70 4807.22 5785.68 4816.95 5784.93 4830.00 5764.06 4856.86 5711.26 4844.76
10 4918.26 6135.21 4941.97 6129.67 4952.44 6138.80 4984.25 6201.69 4967.40 6239.45 4963.74 6241.35 4936.05 6249.07 4897.32 6233.52 4897.13 6224.89 4901.54 6197.86
11 4830.81 11921.93 4831.31 11880.07 4849.62 11868.36 4887.23 11850.70 4921.18 11874.75 4925.24 11907.40 4893.51 11940.28 4872.53 11950.29 4859.43 11951.35 4837.88 11938.49 4834.02 11933.64
10 7784.90 10004.67 7802.10 9977.33 7831.71 9956.84 7862.78 9967.96 7887.34 10009.52 7877.82 10029.21 7865.37 10041.37 7855.72 10047.31 7804.88 10023.15 7787.74 10011.40
6 1474.03 9471.35 1408.20 9499.94 1399.65 9487.86 1377.03 9357.86 1409.83 9344.43 1466.36 9380.86
10 1181.00 2024.53 1226.60 2016.51 1271.84 2024.49 1288.41 2108.74 1264.83 2162.73 1224.43 2167.05 1204.48 2166.72 1180.84 2136.62 1153.12 2095.40 1161.57 2054.60
9 849.67 313.87 820.13 290.39 823.09 276.43 825.83 265.09 842.27 247.35 875.31 248.52 879.72 266.77 879.66 281.90 878.58 318.38
9 12307.06 8502.32 12337.45 8400.32 12366.01 8384.48 12376.67 8381.19 12416.86 8408.76 12441.45 8515.05 12440.97 8529.56 12358.73 8553.25 12322.48 8520.05
10 8065.69 7557.13 8089.01 7492.44 8135.85 7466.55 8192.08 7494.00 8196.62 7516.78 8198.28 7560.27 8198.11 7571.00 8197.85 7581.04 8183.51 7598.84 8081.40 7590.79
10 273.69 12054.08 311.35 12046.24 336.50 12064.69 339.75 12067.15 343.99 12085.08 344.55 12090.32 311.56 12120.28 284.72 12120.49 253.21 12117.67 258.80 12082.77
11 1684.13 8905.18 1660.22 8844.17 1660.45 8840.51 1727.22 8803.01 1783.26 8782.87 1797.20 8794.23 1795.36 8824.69 1792.30 8857.02 1776.73 8916.95 1773.56 8924.13 1763.56 8930.24
6 8771.10 6758.48 8807.38 6724.11 8868.29 6733.16 8878.95 6767.01 8885.10 6819.57 8860.55 6826.15
7 6051.75 9957.31 6090.25 9988.49 6086.81 10003.02 6039.12 10048.24 6009.39 10038.39 5997.69 10026.02 5997.83 9968.00
9 8999.29 5536.02 8919.81 5477.30 8931.40 5400.24 8960.84 5379.49 9038.58 5357.44 9077.45 5409.19 9088.17 5432.77 9085.99 5452.97 9079.55 5471.47
11 4628.81 596.82 4672.65 589.93 4674.32 590.30 4692.15 594.89 4698.25 602.56 4703.94 638.91 4698.04 652.42 4675.93 698.31 4619.51 688.80 4608.68 679.35 4610.50 624.75
7 9857.10 8533.37 9877.15 8514.57 9945.98 8525.69 9963.74 8596.04 9933.56 8608.89 9865.95 8581.33 9857.98 8550.94
9 9581.44 4169.32 9643.73 4122.45 9673.18 4130.99 9714.53 4145.12 9734.34 4178.76 9745.13 4201.92 9733.47 4246.61 9679.48 4302.03 9609.82 4291.12
11 8786.94 12403.06 8786.54 12368.90 8786.74 12354.14 8802.08 12351.85 8838.70 12364.86 8863.49 12378.95 8859.83 12401.14 8845.66 12438.44 8819.79 12441.90 8790.36 12445.23 8788.29 12427.58
6 4720.52 6971.70 4686.51 7010.82 4632.89 6992.66 4613.67 6958.54 4651.33 6923.63 4711.93 6941.71
7 1967.30 6478.69 2029.88 6447.80 2053.31 6483.62 2062.24 6500.47 2037.40 6540.25 1999.67 6543.69 1973.52 6507.86
10 7880.21 10706.66 7874.52 10673.38 7882.02 10663.67 7911.35 10641.08 7935.61 10644.02 7950.83 10667.68 7952.01 10694.89 7935.87 10717.33 7930.80 10717.79 7920.33 10717.40
8 11437.00 1929.28 11428.69 1877.36 11446.14 1853.67 11470.88 1851.31 11553.71 1875.11 11561.54 1896.67 11537.04 1937.85 11479.07 1946.97
10 3043.48 5543.40 3010.65 5575.47 2990.91 5561.29 2986.98 5557.97 2974.37 5541.04 2968.47 5525.11 2971.31 5514.77 2989.94 5494.99 3001.08 5492.00 3037.62 5508.03
9 6449.57 4199.58 6413.39 4234.55 6366.69 4217.93 6362.76 4186.87 6367.63 4155.46 6396.06 4141.68 6415.76 4143.31 6435.71 4155.90 6442.96 4170.84
9 2964.47 10880.35 2951.06 10951.02 2910.26 10964.93 2865.50 10943.23 2854.29 10935.95 2854.71 10887.42 2902.03 10842.53 2954.71 10849.29 2962.10 10855.60
6 2547.04 5645.80 2556.63 5580.69 2627.24 5603.77 2634.34 5607.72 2641.55 5638.87 2598.69 5679.50
8 7056.29 3934.44 7011.92 3959.71 6976.48 3948.57 6970.51 3917.38 6974.36 3902.16 6986.22 3881.00 7026.69 3874.92 7047.55 3910.15
8 10528.04 7139.16 10566.68 7185.38 10561.77 7203.53 10532.43 7229.78 10513.40 7235.65 10482.46 7215.53 10474.11 7165.45 10487.26 7149.32
7 10713.72 4272.04 10738.56 4191.00 10799.31 4185.53 10848.69 4246.94 10843.34 4284.70 10782.37 4348.40 10722.98 4327.94
8 424.66 3396.09 445.71 3447.10 435.88 3478.08 424.28 3504.86 394.81 3513.52 348.19 3503.93 348.29 3439.04 377.46 3403.64
7 11700.58 11067.12 11746.45 11051.49 11754.81 11109.22 11748.00 11119.42 11739.42 11129.95 11710.50 11131.99 11706.65 11120.76
7 8371.28 12154.86 8415.39 12199.42 8374.75 12268.85 8351.88 12281.48 8297.22 12270.64 8275.10 12215.80 8277.81 12211.91
7 11780.68 618.14 11725.68 581.84 11741.58 539.06 11777.90 505.91 11824.37 534.63 11823.35 571.30 11817.13 593.46
13 9394.89 696.32 9380.03 661.16 9384.62 629.77 9406.69 593.58 9428.67 592.54 9443.74 596.86 9481.88 616.63 9489.75 627.87 9491.21 638.38 9491.54 641.99 9487.55 657.16 9468.90 696.22 9424.50 716.21
11 6652.73 11035.29 6623.23 10998.12 6624.14 10993.03 6631.71 10982.17 6652.69 10954.86 6672.11 10953.60 6726.13 10962.55 6749.23 10998.51 6744.54 11028.36 6738.95 11054.11 6687.63 11061.47
9 7196.30 9423.68 7182.86 9395.66 7183.63 9350.96 7218.29 9313.49 7277.84 9321.63 7303.85 9343.18 7303.78 9390.28 7272.84 9436.78 7213.44 9426.79
12 1166.68 6641.36 1181.25 6605.49 1277.30 6611.32 1314.93 6615.92 1329.80 6622.05 1329.37 6631.91 1323.74 6671.78 1299.59 6715.51 1283.40 6726.95 1265.17 6735.66 1234.58 6729.17 1216.10 6705.34
8 488.61 11842.74 553.85 11794.42 635.78 11798.03 664.26 11842.22 632.37 11928.99 598.30 11955.80 566.17 11951.49 557.58 11943.27
10 9505.64 8565.35 9543.92 8475.31 9584.39 8464.44 9624.44 8468.99 9667.83 8498.45 9666.91 8511.36 9662.80 8565.19 9653.35 8621.22 9588.11 8641.47 9527.98 8593.27
8 8605.35 7185.60 8579.49 7120.05 8597.59 7025.07 8650.48 7019.46 8665.19 7033.96 8701.61 7097.47 8707.92 7122.03 8695.81 7169.99
11 4927.72 3975.02 4974.56 4031.82 4941.64 4097.11 4935.18 4107.31 4918.07 4115.64 4900.10 4109.84 4890.78 4106.77 4847.22 4087.31 4841.22 4062.87 4835.46 4015.50 4854.26 3990.05
6 8104.99 7679.43 8106.43 7645.84 8156.39 7632.69 8167.60 7639.64 8167.99 7677.09 8123.25 7698.50
10 11480.62 11031.90 11539.99 11012.59 11557.54 11049.58 11568.43 11080.51 11567.25 11088.04 11533.40 11112.41 11507.72 11105.18 11486.94 11089.31 11464.17 11059.83 11472.09 11041.21
13 12425.39 11158.53 12433.08 11148.24 12449.33 11141.16 12466.02 11140.37 12471.72 11142.65 12481.06 11146.82 12495.23 11157.87 12499.85 11165.82 12500.19 11192.83 12490.82 11199.29 12467.19 11206.61 12451.88 11199.25 12426.34 11179.29
9 10044.31 10383.55 10106.85 10343.88 10145.98 10361.01 10171.94 10416.20 10171.51 10429.59 10153.37 10467.57 10121.01 10457.86 10033.89 10424.82 10034.81 10401.38
9 6816.35 5011.09 6821.98 4976.32 6846.62 4959.18 6901.85 4987.63 6908.43 5010.50 6882.57 5050.20 6876.13 5055.59 6852.94 5052.58 6830.95 5047.06
11 8671.61 3578.88 8677.63 3550.94 8712.47 3536.37 8738.28 3552.00 8763.22 3578.80 8771.00 3609.41 8745.37 3628.03 8727.13 3636.70 8703.68 3632.03 8686.92 3616.35 8684.11 3611.37
9 4076.14 766.67 4026.24 835.71 3984.72 823.68 3969.59 793.44 3969.27 755.54 3983.55 733.81 4011.47 725.83 4040.14 736.60 4063.82 747.81
11 8655.09 4855.55 8695.90 4851.63 8725.58 4856.19 8733.18 4858.19 8760.58 4871.71 8809.13 4902.34 8807.50 4936.28 8800.70 4959.79 8678.30 4976.50 8631.34 4932.75 8641.65 4882.03
8 6352.75 3360.70 6352.86 3417.92 6326.88 3440.11 6278.69 3438.57 6241.23 3431.71 6258.09 3324.59 6265.40 3316.60 6272.15 3319.48
10 8738.60 1091.02 8745.42 1042.18 8769.40 1008.81 8817.26 956.94 8836.47 960.76 8883.45 978.00 8909.59 1019.72 8877.91 1086.03 8847.30 1113.50 8785.48 1113.77
8 2986.67 11755.35 3057.59 11812.11 3049.74 11864.35 3000.42 11901.40 2970.35 11905.23 2918.96 11850.51 2917.22 11807.53 2962.35 11761.27
9 7324.81 6313.98 7261.66 6282.42 7264.86 6268.69 7345.20 6204.30 7354.14 6213.58 7367.80 6229.49 7378.00 6255.98 7383.63 6292.03 7372.39 6309.92
11 5561.12 6701.89 5569.71 6696.76 5665.66 6698.18 5694.01 6766.58 5686.45 6819.06 5669.48 6831.88 5589.61 6842.32 5552.07 6837.88 5523.63 6808.80 5518.20 6783.73 5536.45 6744.81
6 8882.43 10649.41 8824.18 10593.22 8848.85 10518.45 8872.89 10512.66 8904.73 10525.77 8935.56 10641.04
10 4120.07 12366.62 4127.13 12348.32 4176.49 12333.74 4186.94 12335.44 4217.45 12345.26 4222.59 12398.70 4204.95 12424.84 4181.90 12432.23 4149.05 12431.05 4123.17 12408.94
9 2599.68 4675.15 2585.24 4636.46 2619.98 4621.48 2631.48 4620.54 2640.38 4622.04 2648.01 4628.05 2653.74 4640.82 2640.38 4689.95 2628.31 4693.38
8 11989.98 3536.73 12018.17 3594.60 12013.43 3622.37 11998.65 3638.12 11942.10 3656.41 11928.92 3654.91 11888.60 3585.61 11916.01 3560.83
9 11227.75 4686.28 11257.66 4599.38 11298.05 4583.26 11309.98 4588.58 11359.42 4639.17 11373.83 4669.39 11338.50 4712.70 11324.66 4725.23 11260.68 4725.98
8 6473.66 9580.20 6483.33 9536.08 6510.12 9533.53 6529.43 9554.18 6545.06 9571.99 6540.82 9584.00 6520.33 9605.95 6487.64 9607.86
8 1836.65 7555.49 1871.77 7484.89 1910.64 7495.48 1961.74 7512.39 1955.08 7557.65 1932.09 7587.15 1880.61 7592.65 1843.73 7571.37
7 11885.29 964.09 11944.09 1015.15 11930.84 1073.76 11906.04 1114.39 11878.28 1106.14 11841.52 1065.18 11853.50 987.21
11 8533.81 4073.16 8570.36 4135.99 8552.96 4169.08 8533.43 4195.32 8482.94 4212.06 8445.81 4201.72 8430.11 4194.71 8418.74 4183.14 8407.93 4107.45 8411.83 4087.52 8454.66 4060.86
9 11050.00 3881.16 11057.46 3853.41 11081.01 3818.42 11102.49 3825.81 11161.48 3883.36 11116.32 3931.11 11083.58 3932.78 11072.98 3925.74 11051.78 3896.81
11 4429.70 831.45 4459.95 896.97 4455.99 901.89 4439.66 913.26 4409.98 933.47 4374.58 932.96 4350.01 911.07 4340.11 890.39 4351.60 854.08 4379.50 841.26 4402.01 831.92
7 8582.62 6656.26 8622.06 6597.22 8694.37 6613.63 8704.54 6624.16 8712.14 6662.10 8665.12 6713.62 8646.64 6703.57
9 5187.91 9233.68 5188.28 9215.18 5239.92 9204.41 5252.51 9208.50 5260.73 9248.11 5260.95 9280.32 5239.37 9302.67 5207.04 9293.09 5205.02 9291.16
9 12362.59 8212.00 12441.96 8146.54 12483.16 8160.20 12499.78 8192.92 12517.19 8253.28 12494.86 8279.81 12430.88 8328.99 12395.62 8304.24 12371.59 8286.75
9 4276.93 9224.29 4224.51 9201.45 4244.95 9140.65 4251.94 9127.50 4273.18 9130.92 4307.99 9151.14 4320.48 9178.88 4308.44 9199.98 4294.49 9211.86
7 9459.10 2023.54 9432.66 1982.04 9443.64 1932.04 9476.00 1921.49 9500.85 1938.24 9512.46 1952.83 9507.72 1999.81
11 10484.35 6374.89 10495.13 6313.89 10544.23 6294.88 10546.09 6295.50 10577.08 6307.03 10598.43 6341.75 10600.82 6368.17 10575.36 6399.55 10549.24 6418.49 10525.47 6411.79 10506.18 6398.73
8 2060.58 9007.89 2083.14 9060.30 2074.05 9074.48 2041.80 9085.56 2020.76 9056.38 2013.40 9045.76 2016.08 9026.33 2040.64 9008.39
8 7648.94 8953.06 7611.66 8889.99 7622.29 8870.74 7660.83 8834.01 7674.50 8833.64 7721.26 8850.56 7726.55 8894.01 7728.03 8909.33
7 1795.65 5387.55 1856.94 5338.67 1913.59 5399.50 1845.70 5456.09 1830.20 5456.75 1811.16 5435.41 1797.66 5399.58
8 7518.41 11936.51 7549.52 11984.69 7524.95 12027.53 7507.22 12045.73 7457.83 12031.51 7437.24 11989.33 7446.34 11954.56 7497.34 11937.92
10 9349.57 11990.89 9339.82 12039.46 9289.58 12050.14 9270.99 12053.90 9229.14 12027.36 9233.87 12011.69 9251.44 11955.78 9266.46 11934.77 9288.10 11931.03 9334.24 11951.67
9 5725.65 5997.17 5748.13 5996.37 5778.51 6003.41 5794.16 6016.43 5794.07 6019.80 5783.46 6065.72 5701.01 6071.65 5697.50 6068.32 5701.69 6031.95
8 8755.41 3110.71 8790.66 3153.71 8784.07 3191.94 8762.15 3222.05 8705.59 3228.06 8656.77 3214.32 8661.92 3178.38 8668.41 3160.63
9 697.66 1966.24 710.89 1890.10 778.82 1871.19 857.12 1911.91 849.91 1976.75 816.87 1999.25 786.96 2010.49 759.26 2012.82 714.13 1994.49
8 9252.07 8464.22 9244.87 8521.59 9191.09 8557.86 9153.80 8560.95 9114.29 8522.91 9112.88 8506.16 9110.87 8462.86 9193.34 8436.30
9 12390.99 1610.86 12365.49 1537.95 12392.69 1508.33 12471.78 1486.98 12491.74 1496.46 12509.76 1513.97 12542.18 1572.91 12509.02 1634.78 12457.55 1648.95
6 8560.44 4539.08 8573.60 4461.58 8652.55 4488.50 8695.91 4531.56 8635.12 4566.58 8615.66 4571.59
9 229.15 2824.87 210.58 2764.51 217.96 2738.47 300.32 2677.28 358.63 2711.98 374.03 2752.14 368.31 2792.10 344.40 2854.25 293.43 2850.07
10 9084.64 6593.13 9093.41 6573.92 9108.49 6556.50 9115.49 6554.47 9156.96 6558.45 9189.70 6622.42 9181.18 6632.80 9162.92 6652.57 9145.37 6648.03 9086.46 6613.86
11 1403.43 3261.08 1446.07 3189.35 1469.48 3180.76 1511.02 3183.50 1532.61 3202.36 1552.22 3253.20 1551.36 3267.90 1505.42 3309.06 1481.90 3305.83 1432.77 3298.98 1405.93 3288.95
9 3419.13 6966.86 3416.88 6914.51 3434.43 6895.40 3504.91 6902.43 3523.64 6909.39 3525.39 6925.80 3483.12 6993.35 3470.71 6996.54 3455.96 6993.67
7 10344.94 11254.06 10417.54 11315.13 10415.76 11363.69 10289.75 11413.19 10275.61 11401.62 10274.16 11297.20 10326.74 11255.40
10 4280.24 6678.04 4233.17 6622.97 4263.33 6549.20 4287.51 6514.95 4321.87 6510.98 4360.03 6531.25 4393.77 6573.46 4385.00 6606.21 4375.15 6618.24 4332.70 6655.47
10 5952.97 6604.52 5930.65 6549.88 5938.02 6523.61 6009.42 6510.42 6041.82 6522.95 6080.72 6541.79 6086.44 6592.36 6081.72 6606.61 6033.57 6676.12 6011.08 6682.65
6 7688.55 2261.29 7755.99 2229.99 7832.94 2285.41 7783.91 2377.58 7737.63 2382.86 7696.90 2337.40
10 1753.44 437.35 1732.60 435.67 1706.94 402.83 1703.14 394.17 1715.52 362.89 1748.91 350.06 1779.00 363.94 1785.18 379.66 1783.08 407.24 1776.60 416.76
5 5546.28 5407.35 5521.39 5330.02 5585.89 5291.87 5609.13 5304.71 5608.77 5383.93
6 2838.00 3357.57 2752.01 3407.67 2696.62 3368.74 2696.37 3315.90 2752.12 3272.42 2806.44 3283.25
8 3742.11 687.69 3718.48 588.52 3736.32 575.92 3792.64 564.47 3844.08 590.74 3850.47 645.43 3829.79 676.28 3766.44 686.96
10 11524.98 12174.04 11538.83 12206.82 11528.31 12243.29 11512.66 12254.19 11506.88 12253.54 11473.74 12237.29 11469.59 12218.55 11468.25 12198.29 11472.92 12191.74 11493.56 12180.30
4 2338.85 9541.45 2382.29 9487.18 2411.89 9567.47 2365.97 9567.89
8 11253.75 6672.98 11243.35 6641.87 11268.99 6622.58 11302.94 6610.26 11342.08 6633.34 11355.04 6661.10 11350.30 6711.37 11295.23 6719.95
9 3277.68 3041.85 3285.99 2975.82 3296.29 2971.24 3312.09 2969.04 3380.58 2984.63 3383.15 2997.44 3363.00 3029.55 3332.88 3057.53 3306.45 3062.82
9 6358.97 12410.44 6389.52 12375.27 6444.03 12373.79 6461.19 12391.36 6474.66 12424.55 6468.74 12445.76 6437.43 12457.08 6398.22 12453.09 6361.13 12442.37
10 11140.68 5408.65 11149.88 5475.10 11138.38 5495.26 11132.21 5504.61 11092.98 5517.18 11076.36 5504.86 11025.07 5459.71 11018.50 5431.79 11058.95 5387.31 11108.95 5400.29
8 7793.38 2768.80 7828.54 2756.07 7843.25 2755.19 7862.23 2774.88 7862.26 2805.06 7860.54 2814.67 7831.90 2825.81 7797.78 2799.21
14 9668.28 8635.29 9717.43 8610.27 9792.67 8641.96 9804.20 8670.67 9807.31 8690.51 9807.28 8716.19 9803.48 8721.84 9784.31 8747.45 9749.08 8753.68 9646.37 8763.81 9642.36 8743.88 9638.68 8720.72 9637.64 8703.07 9641.27 8684.08
11 5779.98 3013.40 5853.44 3039.39 5845.96 3100.69 5833.47 3116.15 5823.63 3120.98 5773.09 3141.92 5755.85 3143.72 5745.01 3123.53 5732.16 3077.38 5738.81 3066.08 5750.67 3049.95
7 12479.75 883.70 12453.18 842.05 12487.61 799.59 12524.01 788.71 12545.12 798.77 12552.37 865.11 12544.97 877.28
10 7548.64 9555.71 7541.72 9597.33 7438.48 9638.28 7425.76 9640.65 7418.57 9641.53 7419.88 9610.21 7450.41 9546.77 7463.76 9522.62 7509.23 9531.90 7541.50 9539.34
11 1943.02 8878.51 1959.86 8845.65 1965.96 8838.87 1980.10 8824.55 1992.51 8820.24 2000.06 8820.72 2040.00 8850.18 2040.30 8877.44 2029.98 8888.69 2004.60 8915.91 1945.44 8887.04
8 6973.85 11766.53 6994.83 11673.58 7054.60 11682.15 7084.29 11701.16 7082.82 11731.66 7069.24 11782.54 7033.84 11788.50 6999.72 11790.22
7 8832.21 4712.54 8835.31 4668.09 8881.83 4666.89 8911.34 4693.36 8909.55 4726.71 8888.19 4746.72 8838.13 4740.63
11 1457.42 475.35 1446.19 363.46 1462.53 349.04 1494.81 332.68 1549.60 351.08 1594.05 412.49 1583.75 454.67 1578.16 463.02 1560.42 480.32 1553.14 484.27 1470.82 484.59
6 1515.86 2447.75 1428.46 2504.09 1396.02 2475.70 1368.96 2431.63 1412.53 2390.59 1483.59 2385.84
8 6588.63 11409.39 6528.91 11351.39 6547.23 11325.79 6576.90 11286.66 6601.29 11267.63 6655.59 11312.23 6646.63 11346.21 6624.59 11370.78
6 10419.77 11618.57 10355.47 11547.02 10363.16 11516.02 10464.49 11534.90 10481.96 11554.07 10456.40 11593.45
10 12167.09 5127.31 12104.59 5192.89 12002.72 5176.31 11999.63 5148.48 12002.70 5080.92 12024.79 5046.09 12027.69 5043.45 12066.34 5035.32 12120.33 5035.29 12155.85 5062.70
11 5580.94 2444.54 5593.74 2395.61 5625.17 2383.55 5658.02 2399.55 5674.02 2416.84 5682.91 2441.01 5682.42 2445.38 5677.59 2460.33 5653.21 2474.88 5592.68 2478.52 5585.79 2461.23
6 1811.29 5176.26 1854.11 5132.25 1895.22 5179.88 1902.45 5191.77 1871.77 5226.19 1840.85 5203.39
12 7385.24 2845.50 7370.30 2880.61 7363.52 2890.77 7331.03 2890.21 7322.75 2882.44 7319.36 2868.91 7317.98 2859.92 7317.54 2846.13 7320.70 2835.49 7342.00 2822.64 7364.51 2829.33 7382.23 2836.34
9 6323.00 901.04 6274.61 871.07 6274.80 846.57 6302.45 806.81 6319.98 799.32 6352.60 821.12 6353.31 823.13 6354.82 882.92 6338.58 894.48
11 2823.15 7047.99 2882.07 7041.93 2902.36 7045.62 2922.14 7105.27 2917.00 7124.69 2912.22 7137.96 2894.53 7154.84 2839.44 7142.87 2830.37 7134.45 2811.12 7093.04 2820.21 7053.66
11 8302.16 288.89 8332.29 314.98 8321.00 357.09 8275.18 379.74 8256.34 372.80 8222.28 345.09 8225.74 317.92 8231.00 305.38 8237.79 294.02 8247.27 282.13 8272.97 273.79
9 4649.42 10187.36 4556.90 10116.30 4583.16 10079.70 4615.65 10046.99 4667.74 10021.91 4688.73 10022.36 4732.70 10079.51 4728.36 10131.83 4697.04 10182.36
8 6626.86 6855.29 6577.96 6833.31 6580.02 6809.43 6588.26 6779.72 6598.55 6769.86 6614.20 6774.44 6622.90 6785.84 6639.12 6838.79
7 6734.95 2091.36 6649.02 2041.70 6653.95 2016.03 6660.40 2001.83 6726.87 2000.08 6764.64 2000.77 6755.95 2072.53
8 4075.53 11868.89 4081.75 11905.46 4050.53 11923.54 4037.03 11919.62 4026.49 11914.12 4023.77 11912.45 4025.27 11859.16 4039.26 11849.19
6 11250.67 10742.87 11234.07 10669.00 11274.18 10677.29 11284.85 10688.89 11291.10 10724.68 11277.53 10741.20
10 2482.99 2547.08 2499.77 2533.36 2532.16 2516.27 2535.28 2515.84 2557.97 2526.64 2567.36 2563.55 2564.70 2571.09 2554.33 2576.54 2525.60 2584.00 2491.64 2572.40
10 4863.96 1330.18 4864.61 1251.51 4928.03 1226.43 4957.61 1237.84 4993.03 1252.51 5004.79 1262.57 5038.25 1339.03 5026.42 1358.17 4919.59 1399.43 4882.22 1380.56
9 7155.35 11229.67 7153.81 11208.37 7160.92 11175.25 7186.17 11147.93 7194.29 11145.93 7233.83 11155.75 7248.34 11177.35 7238.45 11241.46 7182.30 11258.41
11 5424.08 2095.68 5447.45 2135.38 5444.96 2147.27 5429.76 2171.65 5420.04 2175.86 5372.15 2164.90 5365.80 2153.89 5370.45 2125.73 5375.82 2100.66 5387.83 2091.49 5402.21 2089.98
9 8943.99 4761.26 8981.78 4714.32 9018.09 4718.96 9033.41 4732.11 9036.33 4749.96 9039.05 4771.03 9018.26 4808.67 9004.33 4805.69 8947.29 4779.26
8 5317.08 9727.86 5286.60 9631.19 5304.65 9586.89 5396.71 9592.62 5432.55 9637.27 5425.10 9676.23 5420.48 9698.79 5345.77 9721.91
7 11885.10 9026.41 11834.80 8994.76 11943.62 8952.53 11964.08 8954.86 11968.10 8955.96 11966.19 8975.58 11912.06 9021.53
9 4018.03 6275.86 3993.24 6218.09 4021.93 6194.41 4063.62 6195.18 4080.50 6199.62 4090.86 6223.85 4089.96 6244.82 4084.61 6259.30 4039.85 6273.36
10 3469.92 12427.02 3508.70 12344.18 3571.04 12330.57 3579.07 12331.71 3616.08 12378.36 3610.86 12440.92 3558.19 12476.92 3533.23 12486.47 3527.33 12484.91 3481.55 12458.80
12 4129.85 12237.79 4109.39 12223.00 4095.05 12185.75 4087.83 12156.09 4097.98 12133.73 4110.79 12119.69 4159.07 12109.24 4193.99 12131.53 4206.42 12146.80 4207.74 12164.83 4208.30 12184.76 4183.43 12209.32
8 897.31 7396.36 877.41 7312.32 877.91 7277.46 935.31 7258.42 973.06 7284.33 997.16 7347.66 993.65 7385.32 919.72 7412.52
10 6552.79 9880.91 6561.48 9951.51 6546.13 9964.20 6520.52 9980.75 6468.27 9989.57 6454.75 9983.13 6426.14 9944.99 6432.36 9931.08 6442.77 9911.43 6453.06 9905.09
9 911.38 2475.58 874.40 2522.84 863.16 2518.91 850.92 2508.58 844.79 2472.88 858.84 2454.59 873.23 2440.72 896.50 2457.27 901.21 2462.81
8 9891.65 8667.77 9922.91 8695.54 9906.31 8747.20 9889.95 8773.02 9839.10 8753.07 9831.16 8748.77 9826.54 8729.07 9836.48 8714.18
12 3127.69 7353.31 3176.51 7324.30 3184.79 7328.08 3206.58 7340.13 3212.21 7345.98 3214.34 7361.51 3211.35 7378.03 3204.39 7396.02 3197.06 7402.18 3173.25 7415.72 3139.48 7400.92 3132.87 7395.55
8 6286.39 4302.12 6278.15 4283.00 6284.14 4266.62 6304.03 4239.97 6341.70 4261.44 6349.57 4272.98 6348.89 4290.51 6327.14 4317.20
8 3722.37 12187.73 3703.67 12128.42 3738.85 12066.68 3743.92 12059.63 3835.28 12078.24 3854.02 12132.97 3844.61 12168.74 3776.37 12207.27
8 1327.52 4000.18 1297.62 3982.48 1322.87 3907.21 1361.92 3873.20 1364.14 3874.14 1421.79 3913.27 1429.63 3922.90 1448.87 3967.73
10 9295.88 4207.61 9319.96 4153.53 9359.19 4153.93 9371.23 4162.79 9375.83 4175.08 9390.98 4227.32 9377.02 4242.05 9336.03 4262.04 9302.41 4241.36 9296.85 4219.75
7 663.39 2458.92 687.94 2557.25 640.71 2584.88 624.85 2585.95 589.58 2564.94 575.51 2543.91 607.00 2469.38
11 12081.76 11560.52 12097.62 11504.21 12146.23 11497.65 12209.75 11489.72 12228.50 11524.62 12240.70 11561.63 12239.82 11563.19 12229.74 11578.09 12198.69 11620.39 12132.41 11630.33 12115.73 11608.33
6 312.19 4697.88 274.13 4661.68 274.90 4641.97 303.48 4635.86 391.40 4645.30 378.44 4676.51
7 341.77 6550.09 377.76 6571.55 371.50 6581.95 334.96 6612.08 321.20 6602.31 315.15 6579.20 315.33 6559.15
6 8861.47 5737.26 8935.08 5688.50 8981.06 5773.66 8957.01 5797.57 8924.30 5817.26 8879.39 5805.71
8 12544.81 2935.49 12544.60 2879.53 12606.26 2832.17 12614.53 2832.45 12663.04 2853.26 12685.59 2908.41 12677.42 2936.97 12598.67 2975.91
10 798.91 10776.94 760.63 10801.04 730.57 10772.51 729.14 10769.03 728.99 10757.01 736.19 10741.95 752.09 10721.20 772.93 10715.22 789.89 10718.85 792.88 10728.79
12 11539.65 12478.56 11608.49 12459.59 11633.30 12476.00 11656.48 12521.53 11667.77 12554.71 11628.74 12609.84 11594.77 12612.94 11577.29 12609.90 11555.18 12592.10 11525.33 12551.91 11505.18 12524.56 11522.54 12500.21
9 3583.27 1107.35 3563.88 1164.36 3507.62 1188.15 3484.08 1181.10 3467.10 1145.74 3466.11 1126.58 3465.72 1113.84 3470.79 1106.14 3507.69 1096.23
10 8462.74 5272.35 8533.95 5356.46 8507.76 5385.63 8486.07 5402.81 8459.11 5424.16 8434.78 5431.34 8429.47 5430.18 8402.93 5382.57 8393.07 5359.17 8393.47 5309.43
7 6578.90 3699.64 6594.05 3729.21 6587.95 3746.87 6556.92 3758.28 6535.48 3731.56 6527.83 3705.84 6551.71 3698.61
9 12002.63 10777.17 12005.99 10740.74 12033.38 10717.05 12080.48 10722.20 12104.45 10756.47 12102.02 10774.24 12098.88 10789.63 12079.38 10798.53 12058.54 10798.89
8 10035.27 5040.67 9977.81 4930.54 10014.24 4893.77 10067.82 4866.77 10132.41 4911.49 10137.18 4977.50 10107.60 5008.32 10084.28 5027.91
10 9769.42 1671.87 9787.76 1594.28 9839.11 1562.94 9900.57 1568.90 9921.66 1582.32 9929.51 1614.53 9932.62 1675.13 9917.36 1716.31 9880.91 1722.63 9812.82 1702.26
7 10876.62 12057.49 10830.13 12087.74 10821.61 12083.90 10782.65 12047.38 10799.64 12011.00 10818.01 11999.17 10870.09 12013.88
7 7690.42 12123.83 7634.77 12158.87 7591.76 12144.70 7584.11 12090.83 7623.70 12054.06 7651.94 12051.02 7677.54 12074.59
6 6918.36 2045.16 6870.45 1976.39 6906.83 1918.74 6975.62 1901.50 7027.25 1947.64 7027.21 1990.85
7 3398.62 5793.08 3381.84 5720.49 3422.30 5694.37 3426.24 5692.83 3520.90 5737.45 3523.36 5752.11 3446.50 5789.84
10 9485.27 12141.92 9527.31 12206.75 9513.27 12224.00 9496.17 12231.88 9466.54 12240.36 9422.26 12235.86 9400.89 12192.92 9397.19 12169.42 9426.26 12153.55 9452.73 12140.56
8 10200.40 11809.21 10216.00 11770.23 10246.94 11765.26 10265.08 11777.24 10272.72 11807.67 10266.03 11821.24 10263.04 11823.52 10212.66 11817.30
7 11816.91 7615.01 11715.89 7677.66 11703.79 7674.24 11671.05 7663.52 11669.15 7657.45 11656.80 7592.34 11729.71 7528.65
8 5058.13 878.82 5037.60 920.61 4964.63 912.56 4944.32 869.61 4959.16 812.08 4980.51 805.22 5022.88 792.64 5049.58 809.50
10 7734.65 4982.81 7727.33 4960.24 7730.52 4945.69 7742.08 4904.84 7753.60 4874.05 7791.14 4863.97 7815.04 4869.41 7833.68 4901.76 7824.98 4952.28 7811.18 4992.05
8 2701.17 5935.27 2664.47 5836.34 2709.27 5807.17 2753.11 5822.39 2778.25 5868.80 2791.50 5911.39 2747.32 5966.32 2730.60 5967.24
11 5899.66 2215.77 5942.25 2142.07 5965.60 2124.64 5985.70 2122.42 6045.00 2171.74 6047.90 2180.27 6030.25 2248.12 6023.23 2254.73 6008.97 2260.59 5980.56 2258.66 5918.57 2251.82
7 8643.48 11248.40 8672.66 11273.42 8671.81 11305.74 8641.90 11335.96 8616.00 11332.58 8613.71 11317.38 8630.60 11251.72
9 6606.97 1220.72 6651.51 1301.75 6635.60 1317.39 6604.91 1337.21 6561.97 1316.29 6541.87 1289.59 6543.24 1280.73 6551.72 1250.44 6572.54 1238.91
10 9455.78 9643.39 9441.75 9631.64 9436.65 9612.44 9430.61 9588.86 9435.53 9581.04 9436.60 9580.09 9469.77 9552.37 9506.76 9578.76 9521.26 9612.39 9489.58 9635.94
9 3087.04 9841.07 3010.98 9800.72 3015.96 9755.50 3073.76 9706.47 3128.41 9705.87 3157.00 9748.90 3165.29 9780.47 3156.30 9809.70 3143.11 9816.30
10 11472.48 9132.79 11481.46 9093.12 11504.78 9084.30 11509.20 9084.51 11516.12 9088.31 11535.44 9133.77 11533.99 9138.74 11528.00 9149.02 11496.56 9159.40 11473.14 9146.14
13 12192.39 6911.35 12255.85 6904.29 12257.77 6905.48 12265.18 6911.69 12282.70 6929.81 12292.06 7009.99 12292.30 7035.78 12250.40 7058.47 12242.21 7059.73 12181.32 7038.74 12118.94 6976.73 12130.16 6947.45 12145.99 6938.25
9 10272.01 3655.09 10297.39 3609.67 10316.32 3608.87 10335.46 3621.89 10343.01 3672.89 10328.92 3684.48 10323.03 3688.27 10307.54 3685.77 10288.98 3681.02
10 1394.92 9637.14 1368.74 9607.04 1386.13 9542.08 1419.26 9537.74 1432.70 9538.60 1453.45 9547.72 1459.85 9560.11 1463.35 9598.87 1460.57 9616.36 1450.02 9627.87
10 5205.96 2785.63 5216.69 2748.77 5240.16 2743.01 5274.92 2751.42 5294.00 2757.67 5290.44 2818.75 5282.22 2825.44 5258.44 2842.57 5256.38 2843.69 5211.89 2827.44
11 2790.31 2219.77 2771.74 2181.29 2795.15 2138.60 2829.80 2095.54 2856.23 2083.57 2897.55 2096.15 2919.06 2121.19 2930.25 2141.29 2932.99 2169.72 2932.11 2202.57 2869.98 2266.26
8 10123.59 5645.56 10195.09 5621.90 10218.33 5644.07 10216.04 5663.72 10183.37 5695.04 10167.96 5705.26 10152.34 5713.44 10131.56 5691.34
8 9449.55 3736.79 9529.72 3787.46 9512.59 3877.58 9502.22 3888.03 9491.59 3897.17 9417.26 3908.91 9371.07 3855.78 9389.99 3789.51
10 11673.81 12467.39 11693.83 12378.13 11778.69 12376.00 11800.05 12405.83 11794.61 12447.62 11780.22 12475.57 11762.40 12502.71 11701.27 12496.71 11690.45 12487.33 11675.31 12469.79
7 6978.07 12538.42 6960.73 12487.48 7004.29 12452.52 7019.38 12448.81 7033.26 12465.62 7041.00 12516.39 6998.85 12541.41
8 1895.88 312.51 1897.35 362.11 1896.96 367.59 1888.07 373.99 1832.00 373.02 1765.04 345.18 1772.84 316.66 1827.72 268.69
6 11046.06 9309.54 11001.88 9238.78 11009.41 9217.42 11071.36 9203.23 11128.97 9238.18 11116.22 9258.66
7 4324.00 6010.10 4349.64 5992.48 4374.80 6011.01 4378.96 6021.07 4376.22 6053.44 4361.33 6066.92 4355.01 6066.44
10 10633.50 7178.16 10630.05 7126.18 10635.41 7114.07 10661.77 7104.52 10693.61 7126.22 10694.93 7156.28 10690.49 7164.25 10683.98 7170.88 10662.95 7184.79 10659.59 7184.64
8 3104.27 8448.69 3130.96 8420.66 3162.13 8411.32 3187.66 8452.69 3190.49 8472.16 3168.35 8504.17 3154.34 8503.90 3141.00 8489.46
9 7875.41 2060.98 7869.83 2045.63 7874.39 2034.29 7905.74 2014.60 7948.76 2037.17 7953.45 2045.55 7956.18 2052.94 7937.82 2074.49 7911.34 2098.68
15 9603.09 6831.84 9593.86 6827.02 9565.37 6782.48 9564.96 6780.22 9571.86 6761.10 9587.48 6725.37 9589.33 6722.70 9597.38 6718.75 9613.20 6717.71 9633.79 6721.53 9665.07 6727.86 9680.41 6741.38 9693.71 6764.60 9692.06 6773.90 9656.21 6824.08
9 10629.69 3926.68 10549.71 3890.55 10553.66 3838.29 10584.93 3816.49 10643.46 3838.33 10651.09 3862.42 10652.98 3885.65 10645.40 3904.34 10640.76 3914.40
9 10754.12 542.97 10690.54 552.94 10660.45 547.32 10638.79 538.33 10608.28 502.19 10605.13 488.41 10752.67 465.17 10762.23 467.06 10759.55 501.37
7 2295.51 6787.96 2262.74 6734.13 2292.37 6718.98 2366.66 6706.31 2369.71 6708.97 2363.25 6741.25 2334.80 6815.79
8 3498.46 4949.82 3472.27 5006.55 3424.12 5000.02 3401.63 4988.41 3377.89 4934.02 3429.78 4882.29 3447.20 4887.62 3468.62 4905.29
6 4340.41 10386.74 4287.93 10316.20 4332.17 10239.82 4423.42 10258.10 4411.60 10323.00 4366.64 10365.86
5 532.69 10662.94 574.09 10563.10 630.27 10584.26 660.75 10671.60 561.30 10712.82
10 1418.76 3426.76 1403.64 3340.23 1422.68 3311.98 1477.53 3318.36 1497.09 3324.10 1507.43 3363.91 1508.12 3405.87 1492.61 3429.01 1459.25 3438.88 1437.26 3437.80
6 6855.39 3510.56 6769.78 3423.95 6776.67 3397.21 6819.10 3404.02 6863.30 3443.56 6865.81 3461.84
8 4469.99 10051.42 4437.32 10019.53 4445.12 9989.66 4489.74 9949.45 4519.61 9975.10 4530.66 10000.72 4527.16 10034.77 4522.39 10039.32
10 7537.99 12372.31 7564.11 12312.06 7573.14 12301.05 7674.84 12312.18 7692.23 12336.80 7699.71 12362.04 7705.58 12391.60 7681.40 12439.77 7580.19 12438.97 7566.66 12435.06
7 7049.64 4081.39 7098.42 4038.11 7174.81 4079.08 7145.90 4130.56 7098.48 4160.50 7069.96 4139.60 7054.70 4114.48
12 11602.84 5784.12 11539.96 5762.35 11534.71 5755.02 11533.35 5733.36 11535.94 5713.80 11544.23 5693.30 11551.68 5687.46 11564.35 5686.35 11604.67 5685.56 11628.32 5709.80 11642.82 5734.08 11621.06 5766.61
11 11154.04 7806.43 11083.31 7851.12 11061.33 7839.71 11051.13 7826.80 11051.02 7814.77 11066.35 7757.06 11082.13 7740.57 11095.44 7731.44 11125.05 7739.03 11135.22 7751.60 11143.17 7774.03
8 6775.13 4833.70 6755.83 4809.13 6764.02 4786.94 6772.48 4773.05 6785.28 4772.33 6792.41 4775.15 6807.99 4792.08 6805.45 4822.73
8 10214.04 10077.20 10237.09 10121.48 10235.44 10127.30 10138.76 10150.44 10150.36 10107.05 10173.94 10058.50 10179.50 10048.87 10188.17 10053.89
9 3447.68 4278.88 3466.67 4370.49 3453.34 4383.80 3405.38 4390.17 3396.03 4391.35 3366.63 4364.75 3359.36 4342.88 3368.32 4327.47 3426.58 4289.59
8 6712.74 9746.27 6729.44 9691.15 6746.61 9665.77 6806.30 9682.32 6870.47 9788.77 6860.22 9807.73 6820.95 9839.21 6721.77 9786.34
11 6652.01 11735.51 6659.82 11722.59 6682.75 11708.77 6703.39 11709.37 6720.99 11716.60 6724.95 11758.64 6723.83 11767.73 6713.10 11778.94 6694.02 11778.44 6671.55 11768.95 6661.89 11760.54
8 12117.84 1138.18 12140.03 1155.21 12133.56 1193.90 12101.50 1215.78 12095.80 1214.36 12080.33 1174.73 12076.02 1156.69 12084.89 1145.30
8 1031.78 9769.50 1066.82 9721.81 1116.57 9734.42 1138.48 9746.55 1151.07 9762.80 1127.50 9828.34 1095.04 9836.62 1037.34 9784.94
7 8013.92 7773.31 8055.24 7887.14 7995.04 7953.57 7937.41 7898.98 7906.21 7851.49 7910.21 7836.54 7934.46 7783.06
11 4714.09 974.13 4695.24 891.13 4720.73 866.53 4766.68 851.77 4786.60 848.36 4838.72 884.06 4845.31 918.87 4836.97 937.24 4812.40 979.87 4773.11 1002.79 4745.49 993.87
9 3599.69 9339.17 3600.00 9310.00 3604.69 9283.40 3644.99 9289.85 3663.00 9305.92 3657.14 9342.61 3645.51 9352.82 3632.53 9360.82 3613.78 9360.56
11 5265.25 1003.33 5288.96 994.66 5333.57 999.25 5344.00 1023.33 5341.23 1033.11 5336.02 1044.61 5319.97 1058.14 5298.75 1066.91 5280.77 1065.90 5258.12 1045.56 5260.25 1017.86
9 2465.90 1118.13 2488.48 1079.39 2527.73 1071.10 2586.29 1083.54 2592.11 1089.96 2569.74 1157.41 2549.59 1191.08 2533.07 1197.20 2528.93 1194.54
6 11157.79 1166.68 11144.52 1218.59 11078.97 1203.10 11051.63 1142.82 11099.81 1100.38 11156.16 1109.16
7 3770.99 4512.04 3723.55 4590.48 3647.41 4583.99 3612.97 4551.80 3618.29 4480.44 3684.90 4456.79 3726.61 4481.93
11 3821.61 12318.77 3845.92 12303.01 3896.50 12315.28 3920.66 12326.10 3929.62 12361.02 3921.99 12417.56 3912.92 12429.07 3867.96 12436.23 3833.81 12417.11 3801.16 12397.49 3805.36 12354.64
7 8732.21 5992.60 8787.05 5993.20 8787.65 5994.82 8816.30 6092.07 8777.92 6099.14 8695.54 6108.48 8727.51 5999.53
7 852.85 10853.36 865.83 10790.60 934.52 10794.24 946.95 10806.39 943.87 10827.78 917.27 10868.15 863.20 10871.40
8 8779.96 9758.36 8783.65 9739.67 8810.60 9734.39 8876.92 9756.11 8896.72 9802.12 8886.30 9826.97 8875.56 9823.91 8788.63 9779.03
10 10890.83 11904.22 10897.01 11842.85 10920.45 11824.55 10950.72 11814.41 10975.34 11822.83 11014.28 11847.63 11041.63 11900.75 11022.50 11937.81 10968.65 11963.36 10920.16 11958.39
9 9260.06 1409.58 9169.50 1507.04 9127.90 1489.59 9120.14 1480.98 9111.93 1470.19 9111.55 1391.28 9111.88 1389.28 9172.66 1343.17 9251.08 1372.66
11 10635.75 5162.40 10614.28 5096.25 10635.04 5067.64 10674.76 5046.51 10689.62 5050.90 10719.27 5082.36 10738.27 5121.37 10726.23 5142.33 10717.81 5153.15 10706.66 5166.77 10645.73 5176.38
7 10273.85 5509.64 10194.96 5576.54 10137.67 5573.94 10128.08 5472.71 10173.57 5407.89 10206.49 5414.61 10259.08 5483.06
10 1808.28 10528.70 1778.52 10495.67 1796.96 10453.63 1851.88 10417.48 1894.07 10418.30 1921.57 10453.38 1911.70 10503.59 1880.07 10530.40 1851.93 10542.78 1827.94 10540.51
10 12634.11 9890.27 12643.73 9926.28 12616.35 9956.56 12606.17 9956.99 12594.27 9956.04 12575.20 9941.19 12570.04 9916.41 12581.91 9894.87 12593.47 9886.76 12613.93 9888.36
12 10447.96 11633.30 10481.61 11602.57 10554.58 11624.86 10562.44 11653.57 10558.03 11664.60 10546.53 11690.88 10537.27 11701.14 10520.09 11712.13 10518.21 11711.97 10474.19 11704.85 10457.86 11680.45 10452.26 11660.78
11 2165.03 9096.70 2140.39 9055.18 2152.41 9025.73 2180.48 9004.26 2220.42 9009.11 2243.50 9038.00 2248.36 9063.09 2240.23 9084.91 2216.00 9120.87 2208.84 9126.93 2186.67 9127.33
9 1143.97 7424.71 1111.39 7481.67 1064.88 7484.03 1050.30 7480.78 1009.15 7453.08 1009.60 7412.36 1036.12 7370.77 1066.33 7351.80 1096.10 7364.22
6 8326.89 2773.90 8301.65 2825.52 8274.80 2831.62 8255.92 2790.58 8252.95 2767.79 8291.06 2766.13
11 8628.74 3797.66 8671.43 3797.21 8694.06 3817.43 8708.95 3846.18 8717.75 3894.42 8684.14 3956.73 8659.91 3961.48 8544.28 3905.80 8539.76 3891.50 8533.56 3871.82 8541.13 3862.56
9 8490.00 9342.71 8542.00 9397.44 8535.44 9438.23 8510.86 9467.70 8457.52 9453.96 8446.81 9449.11 8416.57 9412.65 8411.55 9386.40 8444.73 9360.61
10 6313.18 8530.12 6352.77 8536.73 6364.95 8616.55 6367.06 8632.90 6354.70 8654.19 6338.05 8652.33 6240.69 8631.74 6241.98 8596.70 6246.66 8585.70 6254.63 8577.11
7 4911.75 2198.31 4869.45 2143.40 4883.12 2110.58 4926.11 2079.76 4971.25 2121.93 4966.11 2137.62 4934.31 2183.17
10 380.66 2123.99 292.39 2171.39 265.21 2160.23 255.74 2156.06 239.10 2128.24 238.13 2091.87 267.47 2029.78 283.49 2018.81 337.48 2027.12 356.83 2063.09
7 4492.94 3925.18 4527.68 3957.07 4517.00 3991.63 4469.81 4057.60 4399.96 4039.87 4398.29 4001.33 4447.30 3946.89
10 1750.74 1088.17 1761.28 1024.56 1817.83 979.99 1852.61 983.73 1899.73 1030.99 1914.98 1057.49 1919.45 1104.04 1882.95 1137.11 1828.83 1142.85 1768.17 1126.23
7 7961.64 5398.66 8006.21 5346.22 8040.93 5358.32 8060.45 5377.35 8048.30 5411.31 8009.04 5434.38 7969.67 5408.67
8 9896.73 5827.84 9837.90 5828.06 9812.95 5808.52 9797.41 5745.90 9830.15 5724.67 9866.43 5737.05 9880.94 5747.73 9896.08 5788.86
7 9789.98 1238.16 9879.73 1316.47 9854.49 1358.51 9769.44 1402.52 9726.65 1377.11 9713.94 1355.58 9763.56 1245.04
8 10814.69 2771.00 10856.18 2685.90 10949.42 2706.84 10978.58 2714.31 10991.34 2762.44 10923.85 2824.47 10884.99 2841.14 10863.00 2845.72
7 458.04 11124.68 445.06 11192.55 387.85 11234.75 363.33 11201.88 353.50 11130.77 370.37 11117.81 425.55 11105.04
9 5719.24 2074.54 5737.71 2022.98 5816.95 2040.66 5836.62 2081.99 5830.73 2106.71 5803.98 2132.84 5790.34 2134.60 5775.61 2135.28 5726.01 2125.98
6 11618.99 7747.17 11649.80 7707.94 11692.40 7740.45 11686.50 7750.59 11669.09 7769.70 11636.03 7778.87
11 8503.99 8814.77 8482.72 8779.72 8505.56 8738.25 8508.47 8734.51 8561.85 8733.13 8575.01 8743.30 8581.65 8772.37 8580.42 8809.56 8580.13 8812.70 8578.93 8814.57 8553.07 8829.34
8 696.33 10429.16 744.00 10375.47 782.61 10429.50 782.51 10440.93 779.80 10449.75 756.93 10471.08 746.92 10473.07 712.27 10464.26
8 3627.92 7658.59 3600.91 7586.87 3603.35 7574.17 3612.12 7549.24 3644.18 7548.28 3673.55 7573.88 3681.11 7587.91 3675.42 7645.91
8 7459.00 1835.74 7513.80 1866.66 7496.17 1943.21 7470.28 1953.16 7425.97 1952.47 7417.98 1929.52 7407.83 1881.50 7418.88 1852.54
7 7562.50 2033.08 7589.44 1948.62 7657.24 1927.49 7690.05 1959.42 7703.29 2044.44 7668.96 2072.35 7577.97 2055.41
9 7698.10 3353.56 7698.29 3309.79 7747.16 3273.87 7796.25 3256.71 7847.09 3294.26 7848.55 3367.41 7828.24 3377.77 7733.28 3416.63 7708.45 3376.15
7 4203.04 8697.43 4166.60 8759.73 4114.83 8749.67 4076.41 8736.47 4045.21 8662.92 4136.22 8617.16 4173.05 8641.14
11 8001.47 9987.03 8007.05 9965.26 8024.49 9938.93 8029.02 9932.72 8071.54 9942.47 8078.64 9959.05 8080.34 9968.92 8073.06 10001.28 8069.63 10008.46 8042.39 10007.43 8018.18 9997.40
7 10283.73 7869.34 10277.26 7802.03 10279.47 7765.69 10420.76 7768.11 10418.61 7829.48 10396.98 7906.78 10320.63 7891.98
6 5355.54 5693.71 5373.53 5602.24 5425.76 5630.31 5426.10 5643.46 5426.83 5677.89 5377.52 5704.98
8 12527.61 3711.51 12530.49 3678.17 12574.59 3644.07 12609.16 3660.22 12633.45 3699.38 12603.98 3727.10 12566.08 3735.97 12540.59 3735.08
10 3649.84 945.62 3736.61 985.73 3731.15 1031.59 3706.20 1060.14 3697.26 1061.28 3614.86 1050.78 3605.04 1043.21 3598.75 1005.66 3605.78 980.00 3616.20 961.71
8 9797.95 9062.16 9830.98 8999.43 9894.70 8955.82 9924.59 8990.18 9934.09 9021.62 9917.32 9093.74 9877.51 9114.43 9832.60 9093.86
8 12311.57 6094.57 12311.65 6066.39 12328.32 6045.14 12377.69 6062.44 12399.02 6077.55 12391.35 6118.22 12359.31 6129.32 12314.42 6123.51
10 8044.77 12247.95 8007.64 12188.98 8038.56 12134.44 8060.61 12129.92 8080.06 12127.77 8121.38 12142.16 8139.98 12195.74 8140.84 12204.87 8090.17 12241.49 8077.34 12245.55
9 10624.22 6845.89 10615.30 6785.46 10647.41 6735.33 10678.10 6725.71 10731.16 6766.88 10775.23 6807.39 10758.78 6883.64 10709.96 6905.57 10640.39 6863.82
11 2320.60 7830.55 2330.78 7911.68 2265.38 7964.86 2216.44 7965.15 2203.17 7947.12 2177.84 7868.78 2199.20 7819.50 2206.64 7806.03 2223.48 7800.96 2270.20 7793.81 2299.91 7812.99
8 1406.94 11996.49 1380.84 11947.38 1431.69 11903.51 1444.68 11903.10 1478.19 11918.52 1490.11 11967.91 1478.77 12006.83 1440.75 12022.21
8 9006.05 10985.26 8965.63 10967.19 8972.03 10922.64 8976.43 10913.19 8985.81 10902.32 9005.97 10901.71 9018.00 10903.68 9035.47 10966.41
11 6953.35 11237.64 6934.38 11229.78 6922.62 11217.82 6914.42 11203.62 6928.19 11166.54 6952.70 11161.35 6981.43 11170.02 6984.40 11174.38 6991.78 11187.48 6988.43 11208.06 6964.23 11229.90
8 4368.94 8584.48 4438.34 8651.78 4424.29 8684.10 4409.68 8702.78 4381.75 8704.07 4335.21 8694.26 4314.14 8622.05 4322.61 8599.97
10 1686.94 12365.73 1685.18 12341.18 1685.64 12339.70 1701.49 12327.30 1730.97 12309.72 1751.11 12327.51 1751.35 12341.29 1745.96 12366.29 1732.91 12381.99 1709.23 12379.04
8 8851.64 3021.93 8843.14 3059.49 8809.02 3057.43 8795.06 3045.16 8773.71 2996.01 8818.35 2974.73 8826.19 2979.12 8833.67 2988.42
10 558.00 3578.91 524.29 3547.59 525.75 3510.94 538.20 3498.78 550.23 3490.42 555.77 3489.86 596.70 3500.02 609.32 3513.88 612.48 3525.90 591.13 3565.55
7 5072.29 9455.77 5085.88 9483.46 5084.90 9514.15 5084.16 9521.32 5018.69 9513.58 5012.00 9486.96 5023.14 9471.97
11 10053.96 11383.31 10078.43 11349.51 10087.50 11343.38 10110.42 11332.12 10124.22 11343.82 10147.55 11372.07 10162.92 11395.73 10099.52 11434.83 10088.85 11440.20 10078.53 11442.55 10055.13 11394.66
8 3170.74 6165.94 3192.57 6132.15 3242.92 6123.93 3268.67 6146.64 3251.52 6197.99 3233.29 6241.32 3178.35 6216.01 3172.46 6184.68
6 3833.28 6237.08 3915.61 6202.09 3975.71 6216.52 3960.57 6268.75 3923.54 6296.86 3877.54 6282.39
8 5894.53 10718.04 5861.51 10692.48 5867.48 10659.34 5869.14 10656.01 5892.78 10648.95 5942.65 10660.85 5938.61 10694.70 5924.68 10719.72
6 10638.83 10008.71 10621.08 9941.56 10704.30 9942.37 10710.88 9946.11 10701.44 9983.75 10684.28 10000.23
13 9453.00 188.44 9455.70 167.40 9471.17 154.88 9516.94 124.07 9543.08 127.68 9566.52 136.16 9588.22 157.39 9621.11 195.86 9634.39 222.24 9611.81 258.53 9555.41 268.08 9477.66 268.09 9469.49 260.51
12 8311.15 9327.19 8274.97 9325.42 8256.75 9305.42 8249.61 9297.33 8247.92 9286.48 8257.13 9278.27 8295.23 9246.58 8299.70 9244.44 8313.80 9248.82 8353.28 9281.21 8344.10 9307.97 8341.50 9313.01
9 10348.53 10998.88 10378.31 10941.70 10439.75 10937.55 10454.93 10937.47 10508.93 10950.12 10508.06 11005.15 10469.43 11066.58 10428.29 11081.09 10400.79 11065.57
7 4883.26 5905.46 4867.43 5959.17 4821.31 5954.68 4800.58 5935.34 4810.55 5878.70 4838.12 5865.44 4880.92 5888.55
7 2534.01 12295.84 2509.78 12351.83 2482.22 12342.69 2410.81 12291.34 2451.40 12258.11 2456.66 12257.51 2520.96 12260.84
9 5114.26 10145.95 5161.16 10168.03 5154.13 10203.66 5105.16 10244.58 5078.91 10247.94 5056.78 10249.54 5038.66 10224.85 5053.50 10166.51 5092.00 10152.96
7 5439.16 5246.09 5465.88 5296.91 5456.14 5319.42 5444.79 5336.78 5389.77 5334.31 5357.60 5279.48 5372.58 5255.54
8 1265.67 8376.41 1220.27 8274.94 1276.83 8235.82 1314.33 8240.98 1344.55 8276.38 1336.77 8340.44 1322.40 8356.02 1302.98 8367.79
8 2403.52 8074.33 2428.44 8040.96 2478.03 8027.89 2494.02 8030.25 2509.76 8100.49 2452.91 8116.42 2435.69 8117.38 2403.96 8082.05
11 4581.83 1253.97 4597.56 1203.44 4622.13 1189.44 4654.15 1179.91 4660.26 1184.07 4699.23 1212.26 4716.08 1228.96 4724.83 1287.94 4676.86 1331.87 4655.59 1330.60 4595.49 1315.40
9 6430.07 1164.24 6412.03 1197.39 6360.52 1188.64 6339.16 1177.68 6339.51 1170.14 6343.43 1144.26 6347.83 1132.23 6364.16 1124.06 6415.53 1144.56
5 5500.45 7623.80 5423.63 7601.57 5441.64 7576.90 5526.16 7566.98 5511.68 7606.33
12 7712.20 6092.05 7765.79 6088.54 7776.61 6102.57 7781.12 6109.16 7782.01 6144.80 7776.19 6155.48 7744.16 6165.64 7732.03 6168.10 7702.93 6150.09 7702.69 6139.51 7705.29 6117.04 7708.53 6100.13
11 10003.29 5553.65 10002.50 5600.99 9966.48 5625.03 9935.79 5629.43 9928.69 5589.14 9927.78 5583.22 9931.37 5561.30 9947.25 5545.05 9950.69 5543.62 9959.09 5541.57 9992.60 5545.03
9 1838.66 11414.63 1849.22 11397.63 1863.44 11375.98 1894.86 11385.65 1898.11 11401.37 1900.76 11424.39 1889.68 11435.79 1853.69 11441.56 1849.81 11438.29
7 3231.64 12233.91 3249.70 12283.17 3234.58 12311.26 3179.46 12317.77 3170.82 12291.43 3172.77 12273.55 3194.92 12244.56
9 7259.88 5465.86 7261.77 5528.71 7246.71 5538.54 7188.16 5529.31 7178.97 5510.57 7182.37 5483.84 7221.80 5454.40 7232.82 5453.79 7254.05 5460.73
9 3356.71 12592.69 3298.84 12532.24 3322.07 12483.68 3349.32 12476.60 3378.21 12474.50 3414.84 12491.45 3425.20 12538.81 3417.73 12571.33 3394.67 12582.09
12 3435.20 512.93 3427.46 423.81 3431.57 411.67 3457.17 390.73 3480.24 383.88 3532.02 391.86 3560.41 419.79 3564.02 438.76 3565.79 474.03 3522.93 534.06 3494.63 535.67 3447.01 521.01
11 4596.90 11646.22 4590.27 11622.88 4594.18 11612.20 4617.32 11587.54 4641.73 11601.07 4682.57 11625.33 4669.81 11648.62 4647.91 11657.35 4630.30 11663.67 4615.47 11662.77 4606.38 11655.67
8 10546.07 4787.36 10486.88 4743.84 10487.76 4728.53 10515.51 4716.60 10567.07 4699.99 10579.03 4714.36 10573.49 4734.46 10561.62 4774.78
6 4962.02 4823.74 4860.82 4838.45 4834.81 4801.55 4827.99 4778.74 4823.27 4756.88 4955.80 4785.80
11 10885.76 9757.46 10869.91 9690.06 10887.64 9662.27 10966.24 9634.25 11015.69 9667.21 11019.45 9681.63 11019.02 9712.85 10983.11 9756.58 10967.32 9773.09 10936.52 9775.52 10925.43 9771.76
8 7893.56 7356.03 7940.46 7299.70 7964.84 7298.87 8004.67 7322.99 8006.00 7328.49 7993.24 7402.33 7962.47 7421.88 7911.87 7401.06
9 7957.59 2140.92 7947.01 2118.11 7967.05 2094.71 7969.21 2094.64 8071.04 2122.57 8083.11 2127.59 8068.65 2166.60 8042.84 2189.51 8009.83 2195.45
7 9038.51 6804.01 9084.41 6842.16 9053.49 6897.82 9007.72 6907.64 8979.40 6902.57 8974.76 6881.03 8984.57 6811.82
9 9258.50 781.99 9195.13 833.30 9163.30 815.57 9139.10 789.57 9144.44 760.63 9193.18 704.19 9196.50 704.79 9233.42 735.30 9249.60 762.70
12 12530.45 3069.80 12564.44 3029.32 12616.57 3037.97 12629.55 3045.23 12656.25 3084.66 12661.93 3140.99 12651.54 3172.69 12602.47 3200.42 12522.41 3187.79 12502.29 3168.19 12490.45 3143.02 12499.29 3118.76
5 7748.45 3445.28 7867.30 3433.14 7858.55 3464.45 7848.09 3495.34 7765.83 3475.17
7 11942.28 8131.94 11980.53 8143.42 11987.75 8190.33 11991.88 8228.12 11960.27 8243.44 11827.88 8214.63 11883.75 8146.44
8 3906.96 8269.57 3873.08 8284.89 3827.59 8252.91 3827.01 8238.93 3840.37 8221.99 3856.50 8208.80 3881.80 8222.16 3902.54 8249.12
6 2060.27 2587.64 2103.39 2561.12 2215.20 2617.74 2150.85 2666.25 2101.58 2691.99 2091.58 2667.28
8 12247.36 12201.60 12280.26 12169.16 12329.10 12175.58 12337.52 12182.89 12354.32 12198.75 12320.80 12261.32 12281.56 12265.92 12256.34 12236.88
6 4423.02 6704.56 4547.17 6732.24 4541.79 6767.84 4520.03 6803.44 4462.45 6806.53 4434.71 6760.28
8 7085.77 7201.95 7076.75 7156.71 7106.34 7114.65 7111.89 7114.80 7177.78 7152.36 7207.40 7222.03 7204.49 7233.52 7098.70 7245.03
11 4714.62 8749.29 4635.23 8793.84 4612.22 8774.04 4596.62 8759.97 4595.30 8751.26 4594.71 8743.25 4595.25 8736.98 4598.61 8705.83 4606.66 8694.79 4651.38 8681.66 4702.27 8709.31
10 10144.69 4646.34 10147.06 4558.94 10181.79 4521.13 10221.41 4512.40 10297.19 4535.41 10317.04 4606.86 10305.46 4659.42 10287.89 4677.67 10264.88 4692.41 10160.05 4671.09
7 1698.91 6233.39 1710.60 6290.35 1680.84 6310.18 1626.40 6318.12 1601.22 6289.61 1639.71 6230.41 1650.83 6223.21
9 9074.89 9143.73 9079.04 9114.38 9084.43 9099.64 9162.61 9106.23 9177.85 9134.92 9163.63 9154.08 9136.12 9174.79 9130.57 9176.59 9107.09 9174.04
10 12273.53 11963.61 12201.71 11902.96 12207.53 11871.87 12215.51 11855.07 12241.27 11827.50 12252.29 11827.98 12295.39 11844.98 12317.13 11865.41 12332.26 11909.85 12328.80 11915.46
8 5063.81 1447.32 5067.12 1439.72 5123.90 1425.68 5139.19 1450.49 5145.97 1495.84 5120.08 1519.77 5068.39 1500.64 5066.29 1495.69
9 8446.13 3094.28 8424.48 3155.31 8322.50 3139.03 8312.88 3126.36 8294.68 3061.36 8297.61 3052.43 8352.68 3021.61 8414.39 3037.12 8430.96 3052.50
13 6328.12 5612.45 6316.49 5595.84 6326.15 5568.99 6337.51 5555.56 6354.93 5538.86 6368.15 5542.68 6404.18 5555.34 6411.10 5559.42 6412.74 5567.29 6411.50 5583.78 6405.99 5609.48 6375.11 5627.01 6344.15 5617.66
8 4539.74 5303.30 4485.18 5203.31 4497.66 5190.19 4570.35 5122.29 4625.67 5132.56 4651.88 5175.31 4663.78 5267.59 4575.56 5309.88
10 12126.91 9406.01 12172.57 9393.72 12191.59 9399.15 12233.29 9437.60 12228.90 9456.90 12208.00 9488.63 12180.28 9500.06 12120.09 9504.79 12095.55 9462.75 12099.96 9444.34
6 6685.21 8987.11 6681.38 8929.23 6703.11 8889.43 6738.42 8879.51 6761.28 8882.87 6784.89 8943.70
6 348.33 5316.99 414.04 5365.82 401.65 5407.74 309.58 5469.15 269.40 5429.53 270.67 5358.43
8 6119.61 11664.00 6066.60 11569.25 6077.59 11513.03 6165.70 11518.69 6195.14 11582.53 6199.52 11605.79 6183.24 11625.65 6166.98 11643.17
11 6025.50 8579.76 5910.27 8548.68 5917.49 8483.88 5921.25 8477.66 5953.48 8436.23 5960.09 8431.81 5983.68 8428.92 6007.91 8430.78 6054.26 8457.67 6057.44 8517.15 6058.55 8548.56
9 5407.24 3464.03 5311.14 3406.90 5321.80 3356.39 5352.43 3313.93 5398.21 3297.06 5410.35 3303.96 5434.56 3319.46 5463.39 3344.95 5459.59 3368.26
8 679.90 9344.16 675.44 9405.06 634.88 9413.24 611.92 9406.87 576.72 9364.93 568.82 9338.20 636.70 9315.19 651.45 9318.61
7 9026.72 11624.09 9028.87 11583.47 9085.47 11580.08 9114.48 11610.18 9091.72 11656.66 9077.11 11665.84 9029.46 11645.76
9 1409.56 11539.26 1379.09 11566.35 1342.55 11563.53 1338.96 11558.17 1333.24 11518.39 1344.68 11503.94 1349.98 11499.50 1356.39 11495.87 1371.17 11500.12
10 2701.90 12346.36 2659.12 12277.46 2679.61 12246.73 2685.57 12241.55 2717.71 12218.20 2737.10 12205.47 2745.07 12204.70 2801.00 12249.10 2755.66 12342.67 2719.91 12353.56
10 6676.47 6046.18 6631.20 6030.18 6615.76 5992.65 6608.60 5925.28 6621.29 5903.23 6661.95 5882.28 6725.75 5896.44 6732.63 5899.46 6763.39 5927.40 6748.83 6008.78
9 2625.40 693.06 2697.35 727.67 2696.47 786.41 2682.96 808.00 2659.60 822.24 2613.48 830.92 2590.39 807.37 2568.75 754.28 2600.32 704.50
12 12250.55 4633.76 12259.76 4616.20 12313.83 4613.82 12323.13 4621.05 12325.41 4623.10 12335.11 4654.12 12336.02 4660.87 12329.59 4676.86 12315.53 4678.33 12286.64 4680.56 12261.97 4680.15 12252.84 4645.77
8 10893.25 3640.63 10868.48 3682.92 10832.62 3679.91 10827.05 3646.16 10846.21 3604.32 10857.88 3590.36 10870.02 3591.75 10888.40 3625.03
5 10739.07 935.46 10862.83 925.40 10850.41 1027.60 10820.41 1053.62 10759.39 1037.64
8 7496.24 11499.76 7449.24 11553.59 7406.56 11547.93 7393.22 11518.97 7385.66 11460.11 7393.26 11443.50 7453.42 11469.18 7495.47 11490.78
10 9374.24 8488.95 9353.26 8435.32 9365.41 8418.75 9394.66 8389.07 9440.51 8395.46 9452.88 8398.17 9457.64 8407.02 9470.15 8466.05 9462.86 8479.27 9423.61 8491.84
11 6110.05 582.57 6111.65 565.39 6162.77 487.58 6207.08 495.89 6229.28 508.22 6237.76 520.33 6248.29 579.26 6220.04 618.26 6173.97 631.71 6141.84 618.19 6123.70 606.50
7 6714.77 3731.72 6743.27 3659.03 6807.31 3680.97 6829.85 3724.04 6786.40 3757.42 6757.04 3769.94 6716.97 3738.13
13 10251.51 3299.75 10257.86 3275.15 10317.06 3224.46 10323.66 3227.94 10363.94 3275.48 10352.57 3312.33 10349.30 3320.43 10348.45 3322.10 10343.56 3329.67 10318.70 3336.91 10273.36 3317.44 10258.27 3307.68 10254.22 3304.43
11 1232.67 10257.31 1241.52 10232.12 1272.12 10223.43 1308.61 10241.35 1309.79 10258.52 1307.71 10267.98 1284.10 10286.43 1273.79 10289.52 1261.11 10289.86 1238.26 10281.66 1235.05 10275.74
8 8971.24 448.96 8965.30 403.26 8996.06 349.29 9053.87 342.97 9086.04 372.67 9103.51 413.99 9086.36 471.10 9035.35 481.94
6 9429.50 8666.31 9438.80 8688.24 9402.07 8725.12 9382.20 8725.38 9381.34 8704.69 9406.53 8667.68
7 2489.27 5475.35 2520.80 5426.22 2576.11 5441.46 2581.10 5456.84 2582.03 5466.59 2583.39 5539.89 2504.50 5529.73
6 1332.22 2258.85 1385.98 2158.95 1476.01 2177.72 1472.15 2261.55 1442.09 2328.99 1397.25 2328.70
10 7780.14 3720.67 7786.57 3684.21 7788.54 3675.88 7805.47 3676.50 7845.22 3689.28 7850.10 3695.40 7838.07 3743.33 7827.50 3749.56 7803.19 3749.93 7782.83 3729.70
9 12103.11 293.10 12108.66 348.85 12083.67 410.42 12061.38 423.81 12056.39 422.39 12002.26 403.32 11974.50 310.68 12003.34 277.30 12025.84 277.22
12 6199.73 5064.42 6264.28 5101.46 6266.25 5110.20 6268.31 5166.08 6240.69 5200.49 6196.65 5229.28 6165.70 5224.78 6134.82 5213.19 6095.50 5182.76 6102.32 5147.60 6139.28 5093.97 6146.67 5087.04
9 3093.19 1776.82 3097.66 1756.78 3135.19 1750.02 3143.56 1761.25 3153.93 1796.17 3149.21 1799.79 3121.65 1813.49 3104.07 1817.21 3096.17 1793.23
7 9189.16 11174.82 9251.68 11235.66 9246.13 11240.45 9176.75 11261.93 9150.20 11241.37 9158.57 11201.38 9177.64 11179.33
9 10564.54 2937.37 10580.04 2853.21 10653.35 2833.88 10678.92 2849.48 10693.92 2871.11 10723.03 2916.23 10699.83 2970.83 10663.33 2998.64 10642.36 2986.25
9 1963.88 490.81 1958.60 563.85 1920.78 574.82 1906.64 564.32 1893.98 542.64 1884.12 519.77 1916.92 486.70 1926.90 481.95 1956.76 486.92
7 7031.21 3538.85 7057.93 3619.56 7046.20 3642.24 7002.21 3658.55 6949.94 3641.32 6961.92 3595.71 6978.13 3558.55
11 927.26 10637.14 965.02 10565.39 981.19 10567.93 1040.15 10584.26 1064.66 10621.05 1061.77 10637.66 1057.86 10649.69 1048.33 10667.69 978.53 10696.43 946.29 10669.06 933.74 10650.83
10 5202.24 12060.67 5202.90 12011.37 5244.36 11977.82 5277.25 11983.84 5323.92 12019.13 5328.17 12030.53 5317.89 12072.74 5282.84 12102.48 5254.40 12099.34 5205.36 12072.54
13 11087.75 6990.37 11102.40 7013.72 11090.34 7037.76 11066.55 7048.02 11053.43 7041.90 11026.54 7025.16 11023.69 7023.35 11010.32 7010.21 11005.78 6996.91 11006.27 6975.82 11017.66 6962.73 11050.60 6954.56 11062.41 6953.97
9 8094.51 10841.25 8112.65 10910.39 8109.43 10945.61 8083.04 10968.78 7998.59 10969.70 7988.29 10892.78 7987.42 10875.05 8000.09 10861.33 8047.22 10842.30
7 12230.20 9295.17 12274.89 9226.47 12326.59 9241.90 12331.59 9247.66 12365.58 9358.48 12282.68 9384.09 12257.71 9356.30
9 10875.98 8758.73 10879.02 8709.25 10921.57 8680.43 10938.98 8684.79 10969.03 8726.37 10978.65 8739.90 10959.31 8783.85 10934.41 8790.17 10897.26 8781.96
7 1538.95 4282.49 1564.78 4264.31 1599.23 4263.48 1624.55 4274.83 1616.15 4294.19 1597.20 4311.90 1584.14 4306.49
9 6201.27 12693.02 6181.78 12644.93 6209.52 12575.74 6262.69 12568.78 6290.44 12586.71 6299.75 12599.21 6320.81 12629.57 6305.96 12684.15 6268.66 12712.27
10 10238.73 6631.78 10295.36 6610.96 10337.71 6639.76 10347.85 6672.68 10334.38 6690.97 10300.44 6734.16 10222.47 6681.60 10220.56 6677.84 10222.16 6662.00 10232.86 6639.60
9 2760.56 8339.69 2700.26 8294.64 2719.50 8231.87 2772.91 8216.78 2798.01 8244.29 2803.75 8253.17 2826.69 8295.26 2820.08 8315.31 2783.36 8335.52
8 4847.65 3396.98 4850.63 3430.42 4839.46 3434.37 4789.13 3422.03 4782.86 3417.03 4775.94 3399.46 4782.36 3394.05 4803.10 3376.98
8 4779.27 5844.22 4728.87 5972.54 4690.98 5930.65 4669.53 5902.54 4687.54 5826.43 4713.36 5823.06 4747.04 5825.70 4769.54 5834.17
10 2964.92 9606.29 2947.87 9605.62 2935.07 9569.36 2931.68 9543.63 2962.15 9531.36 2992.01 9542.36 2998.57 9549.45 3003.68 9558.44 3005.91 9584.30 2990.44 9599.77
8 3205.40 10279.41 3227.16 10253.93 3242.74 10240.44 3280.32 10241.45 3297.75 10296.57 3292.98 10307.90 3237.00 10319.89 3206.27 10297.68
9 12511.96 1258.50 12485.46 1255.33 12462.50 1225.97 12455.41 1214.53 12459.36 1208.71 12519.61 1161.43 12537.39 1160.09 12543.59 1185.53 12539.65 1253.36
12 3324.14 1920.94 3335.31 1873.42 3352.15 1861.91 3364.81 1861.81 3419.06 1864.06 3425.91 1878.41 3439.21 1935.47 3435.21 1949.55 3425.41 1964.58 3377.68 1989.11 3372.05 1990.63 3346.00 1973.42
6 1429.34 7375.78 1425.57 7417.17 1371.41 7411.93 1361.80 7362.12 1399.55 7341.75 1413.25 7357.16
8 5862.64 5711.60 5842.03 5661.72 5855.00 5623.07 5905.04 5592.80 5934.56 5594.14 5978.81 5656.41 5978.15 5660.26 5928.45 5725.21
10 11237.23 4520.40 11251.26 4491.19 11286.02 4422.92 11346.39 4447.46 11362.38 4486.31 11361.90 4507.56 11333.73 4563.33 11316.83 4566.54 11263.40 4551.69 11248.07 4534.56
11 6070.01 5368.08 6038.15 5439.70 6011.98 5444.71 5958.00 5421.57 5947.29 5402.43 5944.21 5394.15 5946.55 5373.18 5957.90 5341.97 6002.50 5315.51 6021.21 5317.77 6038.91 5322.05
11 7429.64 10392.19 7403.34 10354.33 7404.48 10341.24 7412.17 10322.79 7442.23 10301.40 7473.06 10296.09 7489.20 10313.13 7506.22 10342.74 7490.90 10366.95 7468.13 10398.99 7454.04 10399.22
7 10105.62 1154.50 10125.58 1114.03 10166.73 1118.53 10203.92 1132.77 10196.87 1178.95 10133.47 1215.39 10124.41 1198.85
9 1187.42 9539.98 1130.38 9503.66 1135.68 9453.47 1150.93 9408.71 1177.96 9400.85 1209.17 9400.04 1229.91 9400.22 1263.36 9427.42 1241.96 9519.14
7 12412.28 9970.15 12505.75 10038.76 12454.29 10132.70 12415.07 10153.40 12356.38 10143.29 12332.96 10042.82 12379.07 9976.25
10 3953.00 7933.27 3922.00 7924.95 3909.97 7900.36 3907.97 7892.28 3914.54 7871.09 3920.07 7860.34 3961.14 7851.64 3979.83 7873.03 3987.80 7891.31 3965.37 7929.46
8 4484.85 11055.81 4508.17 10989.54 4564.67 10958.32 4649.43 10988.76 4674.33 11065.59 4625.73 11097.10 4531.95 11116.13 4514.24 11099.03
7 4020.43 11127.22 4077.28 11020.49 4167.79 11041.91 4156.50 11111.99 4140.01 11158.70 4102.62 11192.28 4043.29 11171.79
10 6021.09 3393.84 6079.88 3425.54 6078.53 3461.90 6070.23 3494.20 6032.18 3544.63 6012.95 3551.35 5970.35 3539.68 5951.63 3499.81 5948.07 3433.06 5949.09 3430.07
8 4015.32 5075.15 4052.36 5024.28 4143.99 5022.08 4180.19 5057.87 4123.12 5164.96 4101.17 5175.84 4076.82 5167.61 4030.00 5137.01
9 11095.53 6475.39 11096.22 6472.09 11184.70 6446.54 11199.21 6452.33 11225.34 6510.54 11228.23 6550.44 11162.10 6584.13 11141.02 6581.27 11121.06 6568.47
9 5325.18 1810.03 5342.39 1773.16 5345.70 1770.57 5392.65 1778.29 5408.83 1818.94 5382.80 1843.75 5364.15 1852.82 5360.74 1853.17 5331.45 1833.36
9 10720.00 6353.99 10746.06 6338.82 10788.72 6346.91 10804.25 6366.94 10800.71 6380.20 10793.24 6398.40 10752.39 6407.01 10737.53 6388.31 10724.61 6364.70
12 5141.46 10565.01 5173.78 10590.13 5172.26 10600.69 5164.98 10633.03 5156.12 10645.91 5121.00 10650.83 5103.60 10643.93 5092.07 10630.01 5080.66 10594.72 5098.36 10568.78 5100.73 10567.98 5108.61 10567.36
8 7804.32 12115.15 7862.57 11999.86 7892.47 11986.00 7921.17 12022.55 7906.45 12093.78 7898.87 12105.70 7879.18 12127.28 7819.27 12123.90
9 8260.16 843.35 8252.85 838.66 8265.81 804.73 8272.76 787.94 8296.99 785.06 8344.99 820.49 8344.39 850.73 8329.82 872.75 8315.87 876.79
6 5232.40 7806.14 5263.64 7716.89 5303.28 7745.29 5274.86 7820.83 5251.78 7822.32 5241.14 7817.00
9 8245.12 7102.97 8207.43 7031.68 8283.01 6966.76 8303.47 6956.99 8355.17 6966.52 8396.57 7045.96 8396.35 7050.34 8347.62 7105.00 8288.01 7125.16
8 5109.38 3013.10 5091.64 2986.64 5138.34 2911.32 5162.16 2901.69 5235.58 2923.34 5271.73 2950.85 5271.29 3013.90 5232.64 3063.92
13 1936.22 688.15 1950.36 654.21 1957.00 648.53 1966.53 646.45 1991.21 652.58 2010.18 658.57 2015.38 671.93 2009.71 683.12 1991.54 708.09 1974.32 712.81 1959.79 713.03 1954.27 709.49 1946.75 701.87
6 7647.22 10812.24 7632.74 10935.20 7537.23 10941.48 7516.54 10898.53 7513.77 10846.20 7532.59 10793.67
8 2265.51 12189.04 2226.12 12263.50 2127.33 12256.71 2108.95 12232.22 2107.56 12184.93 2106.96 12121.75 2137.12 12107.98 2180.95 12101.42
6 12421.32 10401.42 12397.18 10325.51 12409.26 10272.27 12446.82 10276.13 12513.46 10312.07 12512.70 10381.99
8 11768.38 3503.40 11757.41 3450.81 11800.68 3412.38 11849.20 3413.86 11899.33 3443.17 11876.39 3508.37 11853.58 3514.29 11820.52 3513.03
10 307.72 908.10 361.29 937.86 358.03 959.67 356.66 968.32 349.17 982.26 308.14 994.91 302.66 990.41 290.08 972.47 279.84 953.00 281.82 933.58
12 2777.58 4003.44 2757.66 3911.99 2760.07 3888.70 2811.48 3849.25 2882.75 3865.68 2889.91 3870.17 2899.29 3885.54 2910.72 3924.69 2896.78 3994.80 2885.69 4010.92 2862.87 4022.88 2815.20 4023.29
7 2178.19 7643.88 2152.31 7704.96 2086.07 7714.50 2055.93 7679.43 2079.88 7603.51 2133.76 7594.61 2173.96 7625.60
11 3654.01 6135.07 3657.23 6093.36 3706.99 6054.92 3716.98 6056.82 3769.91 6076.49 3794.17 6112.99 3790.09 6131.81 3750.49 6166.48 3714.02 6180.93 3692.64 6178.83 3672.28 6162.16
8 10580.41 699.91 10593.86 649.83 10695.61 664.90 10702.99 682.60 10710.30 715.16 10684.04 743.29 10626.60 793.57 10584.39 748.53
9 5862.37 10918.26 5867.52 11015.33 5857.60 11047.81 5831.25 11077.62 5778.13 11054.58 5718.70 11018.97 5719.13 10980.92 5750.38 10947.14 5786.56 10933.59
8 12569.33 1952.32 12524.58 1878.06 12541.36 1873.26 12602.96 1859.08 12619.98 1869.50 12633.22 1897.03 12612.75 1939.91 12596.83 1953.91
7 428.67 12107.24 436.31 12156.20 414.70 12188.97 356.51 12185.49 343.84 12159.25 345.59 12151.62 358.22 12127.00
10 4193.61 2357.17 4108.38 2325.05 4097.87 2315.49 4086.50 2261.56 4106.78 2210.41 4197.41 2172.67 4226.43 2199.67 4260.76 2235.48 4264.22 2265.70 4241.09 2303.34
11 2078.77 11545.50 2111.53 11478.07 2144.67 11474.70 2165.29 11479.50 2198.04 11498.34 2220.01 11567.63 2207.76 11588.07 2198.90 11600.41 2173.15 11606.91 2131.22 11604.01 2095.96 11585.55
9 3027.81 3533.57 3052.45 3489.49 3065.24 3483.38 3126.30 3505.09 3133.89 3558.96 3127.46 3569.91 3067.57 3592.94 3056.01 3588.08 3040.71 3581.23
7 8829.60 2804.79 8823.32 2848.72 8774.02 2848.66 8751.69 2813.23 8750.14 2809.68 8772.58 2786.50 8776.76 2786.83
8 5750.57 9314.60 5787.19 9383.80 5773.03 9435.08 5721.67 9436.98 5686.25 9426.68 5671.49 9411.03 5663.86 9318.18 5674.28 9306.74
8 6379.50 6503.54 6273.29 6539.01 6260.40 6528.01 6259.21 6467.76 6260.39 6446.12 6278.59 6411.22 6327.92 6421.72 6360.84 6465.98
7 10955.24 6865.47 10912.85 6862.39 10909.12 6857.67 10908.50 6821.26 10915.72 6809.25 10938.32 6801.76 10951.10 6817.77
8 11064.00 196.32 11033.65 151.09 11051.76 120.74 11109.55 119.71 11111.96 122.72 11127.39 166.06 11125.61 173.27 11088.65 198.66
7 10390.06 5527.62 10407.25 5553.63 10384.20 5594.64 10349.29 5591.55 10334.78 5587.94 10347.78 5535.03 10378.05 5528.89
9 11952.35 11452.99 12011.61 11507.88 12003.25 11602.40 11988.18 11612.32 11931.17 11617.69 11894.23 11609.21 11871.09 11575.02 11853.57 11522.19 11916.99 11473.76
8 12007.02 5657.93 11969.53 5719.56 11920.71 5698.86 11860.74 5670.15 11866.43 5596.48 11910.48 5565.04 11978.84 5570.97 11998.17 5626.14
10 8226.22 4031.42 8207.15 3953.93 8223.01 3929.94 8244.81 3908.33 8256.11 3905.21 8302.60 3908.86 8329.60 3958.42 8295.44 4032.57 8270.77 4050.34 8241.30 4041.03
9 6336.79 6884.16 6316.90 6799.95 6340.19 6753.77 6368.17 6724.76 6405.16 6720.14 6460.00 6780.93 6485.18 6815.52 6473.67 6863.84 6415.61 6889.27
10 11762.26 8025.02 11787.74 7984.94 11845.67 8006.00 11851.15 8018.91 11849.80 8033.69 11833.33 8056.32 11819.21 8072.63 11815.74 8071.70 11780.46 8052.37 11763.77 8032.89
11 962.96 1246.91 910.39 1216.55 888.88 1191.30 884.89 1175.67 894.57 1139.61 921.96 1128.57 946.90 1128.79 999.60 1144.42 1016.86 1171.23 1010.00 1209.37 971.30 1240.75
9 4154.14 12295.02 4159.62 12263.08 4173.42 12227.36 4223.02 12246.82 4233.78 12263.55 4244.52 12288.20 4202.74 12316.35 4191.60 12320.96 4165.91 12309.90
11 5076.81 8474.28 5139.44 8450.26 5193.30 8479.61 5220.29 8495.95 5233.32 8533.32 5195.14 8583.03 5131.47 8593.36 5104.40 8588.64 5070.62 8547.53 5058.33 8531.17 5067.09 8502.06
10 2052.07 3118.59 2048.91 3050.25 2051.54 3033.68 2064.97 3018.32 2084.80 3009.57 2110.92 3003.68 2154.79 3022.61 2163.43 3103.59 2145.11 3119.00 2094.61 3124.58
11 9510.87 2358.50 9574.89 2319.01 9607.13 2305.06 9631.36 2314.48 9660.56 2362.38 9665.56 2402.20 9646.82 2435.87 9579.05 2451.58 9556.30 2446.02 9534.26 2433.14 9514.53 2394.38
10 6912.71 1792.85 6921.20 1766.51 6968.25 1748.49 6993.36 1754.72 6998.82 1766.17 7002.49 1799.79 6990.14 1824.77 6944.15 1831.58 6938.73 1831.56 6930.21 1822.59
9 8529.83 8031.33 8518.95 8013.38 8538.72 7943.68 8558.81 7922.74 8577.14 7903.97 8618.33 7904.96 8638.28 7936.86 8632.10 8039.72 8609.06 8075.59
6 9020.48 9406.06 9144.69 9344.01 9149.90 9462.82 9128.26 9464.14 9080.77 9460.05 9027.24 9417.98
10 10773.77 10676.32 10770.08 10655.75 10797.24 10623.57 10818.09 10622.06 10835.51 10621.71 10864.53 10649.52 10867.19 10661.96 10845.33 10708.47 10806.39 10717.40 10781.20 10686.62
7 9613.11 11125.12 9614.87 11096.57 9662.18 11058.29 9666.42 11055.63 9674.73 11063.84 9684.22 11128.71 9642.11 11141.81
6 10329.31 5918.15 10360.01 5885.70 10500.26 5894.93 10499.28 5940.15 10444.76 6001.18 10394.71 5998.36
12 4520.30 11860.36 4536.70 11844.42 4560.96 11849.48 4574.57 11870.88 4580.68 11884.88 4573.76 11897.46 4555.05 11914.18 4537.87 11916.90 4527.76 11910.42 4521.89 11901.92 4516.52 11893.18 4517.91 11873.43
10 2605.40 1610.06 2603.73 1574.24 2630.30 1547.12 2647.09 1539.12 2661.03 1542.32 2687.11 1570.44 2713.83 1602.86 2712.45 1615.29 2700.53 1629.86 2654.71 1659.13
10 2799.43 8412.57 2795.27 8369.89 2855.02 8331.82 2869.14 8325.03 2902.34 8335.60 2941.25 8398.13 2921.58 8449.94 2907.78 8457.85 2846.26 8468.77 2827.23 8458.02
8 12542.86 2605.52 12448.03 2663.78 12396.34 2644.71 12369.09 2611.34 12359.93 2557.84 12416.80 2495.81 12467.78 2505.91 12536.89 2586.09
8 12267.23 7387.87 12262.00 7399.99 12227.19 7391.93 12196.11 7383.25 12186.13 7371.09 12229.11 7332.31 12253.99 7322.97 12264.56 7332.62
5 8481.84 5832.14 8528.23 5774.54 8577.59 5863.14 8547.86 5899.56 8528.45 5905.65
8 149.69 4293.79 137.83 4267.38 166.18 4197.54 175.63 4185.81 240.34 4191.80 262.60 4237.06 252.04 4258.06 173.98 4286.42
8 7710.14 5703.02 7713.25 5634.71 7785.36 5621.51 7806.89 5642.23 7814.79 5660.86 7800.11 5709.66 7773.43 5710.72 7713.02 5707.22
8 10102.38 1730.01 10119.92 1679.39 10132.13 1682.81 10150.46 1693.45 10162.88 1705.10 10168.60 1714.00 10169.74 1729.54 10112.35 1749.12
10 972.57 2184.02 953.42 2139.96 956.21 2106.60 994.57 2077.87 1042.68 2087.43 1064.62 2106.71 1063.56 2129.60 1062.15 2149.91 1058.65 2170.77 1002.66 2195.81
8 9836.34 2081.92 9757.70 2139.10 9730.06 2124.98 9684.87 2061.16 9688.14 2017.37 9741.44 1972.64 9801.92 1978.57 9817.79 2020.94
10 10431.19 5869.63 10418.87 5831.26 10419.96 5821.96 10430.22 5801.78 10463.62 5798.30 10481.16 5804.61 10490.24 5837.12 10481.90 5865.32 10455.23 5874.59 10436.63 5876.38
8 11585.37 11741.32 11587.52 11776.01 11585.00 11785.94 11555.24 11785.21 11536.81 11778.19 11515.77 11749.24 11522.25 11735.04 11533.33 11734.42
6 10992.58 9905.43 11000.78 9993.95 10959.15 10011.87 10897.97 10023.33 10893.70 9947.01 10909.62 9926.48
10 5476.66 7811.23 5507.58 7796.95 5510.69 7797.76 5541.69 7806.60 5552.68 7829.17 5550.30 7835.51 5529.88 7855.61 5523.35 7857.30 5497.68 7855.49 5482.04 7841.06
8 1898.35 6156.67 1928.19 6121.63 1939.35 6123.83 1995.47 6160.41 1999.22 6201.36 1972.91 6213.62 1955.90 6220.13 1905.87 6181.42
8 4796.36 11279.10 4729.87 11235.29 4737.60 11188.56 4767.54 11127.11 4850.28 11161.84 4854.14 11178.87 4844.14 11213.35 4834.55 11244.32
7 2414.84 1925.49 2406.13 1892.72 2415.39 1869.14 2435.58 1856.58 2461.88 1862.54 2462.40 1867.50 2464.03 1907.27
10 2871.10 5343.09 2873.62 5276.43 2877.68 5273.82 2908.04 5260.25 2971.36 5258.82 2987.31 5282.00 2988.71 5320.13 2962.96 5348.69 2944.35 5361.15 2889.27 5354.30
8 10208.49 6378.04 10270.84 6458.42 10251.63 6531.45 10215.32 6542.09 10156.82 6521.14 10121.21 6478.75 10133.07 6460.98 10189.99 6389.64
10 7724.02 4833.23 7716.04 4790.58 7739.46 4773.35 7763.52 4757.70 7800.02 4767.36 7831.09 4805.95 7816.22 4830.66 7806.06 4846.26 7759.31 4856.53 7741.48 4855.23
10 250.00 9545.27 230.61 9441.22 256.18 9409.30 312.97 9391.39 345.87 9429.73 381.98 9473.61 379.56 9529.59 355.46 9552.09 317.43 9553.96 292.13 9550.70
8 6066.06 9185.25 6014.73 9152.05 6034.87 9126.27 6040.29 9120.38 6063.91 9095.48 6106.50 9113.27 6112.35 9144.04 6096.33 9163.04
11 866.69 12386.05 846.32 12363.98 851.74 12329.20 866.15 12290.74 879.76 12283.17 943.40 12278.20 950.42 12280.18 992.13 12319.13 992.07 12329.36 971.19 12383.20 938.56 12417.12
12 11799.52 8484.70 11829.28 8392.91 11855.61 8365.89 11875.40 8369.39 11937.32 8382.46 11971.59 8427.19 11965.62 8462.70 11958.39 8491.76 11938.55 8515.42 11898.86 8541.89 11828.13 8517.90 11808.11 8510.90
9 10541.88 8209.13 10564.88 8161.73 10596.74 8144.35 10623.22 8169.41 10660.96 8210.11 10662.49 8225.80 10627.17 8274.15 10609.64 8278.18 10548.06 8264.65
8 5663.53 11763.20 5594.36 11818.06 5560.98 11811.88 5540.40 11786.29 5529.23 11767.96 5514.97 11733.52 5583.61 11691.69 5615.71 11698.17
8 6559.10 10439.12 6547.01 10488.46 6495.02 10481.84 6480.97 10458.19 6486.91 10433.63 6498.98 10412.01 6519.70 10404.66 6547.08 10421.66
11 9630.81 10469.11 9682.04 10546.52 9675.38 10570.58 9670.92 10583.44 9664.10 10600.06 9589.07 10630.70 9570.41 10626.51 9524.37 10568.97 9521.78 10525.63 9545.29 10494.41 9588.79 10479.88
10 10594.30 1387.01 10578.47 1331.22 10595.77 1326.33 10635.55 1324.86 10667.16 1341.67 10666.15 1366.86 10664.39 1375.48 10653.71 1393.57 10639.09 1404.76 10621.89 1403.94
12 10903.14 10220.36 10854.54 10200.78 10838.67 10181.93 10803.64 10124.74 10823.49 10073.48 10829.78 10065.35 10900.80 10050.41 10941.24 10057.91 10964.64 10093.90 10958.06 10131.20 10923.21 10192.85 10913.46 10207.33
5 1788.51 6296.37 1858.57 6258.78 1868.27 6323.24 1856.01 6359.10 1810.74 6344.60
10 6055.27 7425.39 6014.14 7421.95 5959.54 7376.41 5940.44 7352.87 5960.41 7309.00 5993.20 7252.94 6051.26 7256.25 6117.41 7309.37 6115.77 7324.80 6088.02 7389.85
8 12501.07 7914.75 12513.34 7846.39 12579.93 7822.16 12622.49 7828.41 12640.98 7862.61 12611.00 7970.82 12592.44 7970.96 12553.23 7963.38
8 6137.56 5532.99 6077.18 5607.32 6029.31 5583.98 5999.43 5550.33 5997.56 5531.20 6016.57 5456.99 6075.66 5472.93 6112.69 5495.65
7 10956.48 7824.18 10918.14 7762.37 10924.71 7716.09 10979.41 7685.82 11018.24 7702.34 11042.39 7779.12 11015.86 7805.01
10 7704.54 5478.19 7768.32 5424.02 7811.68 5406.98 7844.70 5475.53 7854.69 5507.08 7852.68 5514.59 7821.91 5563.21 7769.20 5566.29 7739.13 5542.25 7714.01 5506.21
10 4852.64 6352.31 4866.89 6338.27 4903.45 6320.57 4928.09 6338.89 4928.33 6372.52 4918.91 6389.73 4892.61 6396.91 4885.09 6395.34 4866.02 6386.86 4854.20 6364.76
9 2043.86 2647.48 2024.56 2692.40 1950.95 2723.45 1948.46 2723.62 1931.52 2712.35 1935.65 2684.72 1954.79 2612.07 1987.42 2609.80 2024.26 2622.46
10 7590.80 191.96 7598.39 166.58 7646.12 137.46 7670.71 131.96 7695.21 138.61 7724.56 186.52 7737.97 250.38 7693.47 283.69 7674.50 294.72 7606.77 251.88
10 1093.11 8545.51 1175.98 8489.11 1226.28 8517.54 1251.46 8539.66 1261.04 8561.49 1241.01 8621.24 1183.80 8664.28 1160.31 8667.13 1099.66 8567.98 1094.93 8560.18
11 1177.57 10911.70 1171.41 10859.50 1197.76 10837.30 1204.97 10837.93 1239.15 10851.88 1245.89 10855.42 1266.58 10868.97 1272.22 10875.16 1249.78 10920.23 1227.40 10920.50 1205.93 10917.93
7 4628.97 7720.23 4560.45 7609.15 4607.14 7557.76 4613.62 7552.63 4635.70 7547.32 4711.66 7594.76 4652.70 7705.79
10 1436.19 11395.27 1421.87 11334.28 1427.45 11312.65 1469.62 11286.13 1514.28 11293.79 1521.18 11300.24 1527.40 11306.95 1527.04 11331.74 1508.31 11399.87 1469.11 11405.02
13 7921.77 11270.00 7935.76 11268.76 7940.96 11272.03 7953.09 11281.69 7967.98 11304.56 7969.72 11315.03 7969.34 11322.70 7965.33 11330.93 7921.26 11336.88 7915.77 11334.17 7907.23 11313.25 7909.36 11303.78 7914.94 11285.00
11 11612.94 3068.76 11582.85 3033.35 11589.21 3017.66 11609.12 2973.18 11628.65 2958.42 11662.67 2938.98 11685.11 2940.10 11706.43 2961.24 11716.70 2985.80 11722.65 3032.29 11705.38 3059.17
8 8278.28 4819.73 8348.28 4780.43 8404.75 4803.11 8414.84 4864.54 8403.51 4875.06 8399.76 4876.18 8358.92 4883.04 8299.65 4873.76
9 1182.90 12151.82 1265.18 12148.37 1288.96 12173.67 1297.52 12190.79 1300.72 12214.02 1236.21 12261.75 1203.81 12247.73 1179.06 12234.32 1180.40 12170.89
9 3765.03 10224.73 3735.54 10150.27 3745.10 10144.69 3812.72 10111.58 3872.02 10135.24 3888.69 10210.04 3886.28 10228.16 3829.95 10265.47 3794.89 10267.17
8 9896.28 10536.28 9912.14 10506.81 9953.79 10490.13 9983.18 10520.79 9991.58 10536.07 9990.01 10549.19 9959.50 10572.41 9937.16 10570.97
7 3070.97 1643.77 3049.68 1680.01 3007.07 1675.60 2985.91 1656.65 3004.30 1613.06 3028.23 1603.40 3070.47 1619.96
8 4312.84 1691.64 4281.56 1653.93 4282.99 1605.74 4323.78 1581.31 4382.64 1559.42 4418.72 1595.77 4400.04 1656.93 4350.19 1700.22
7 4587.48 5502.28 4651.75 5461.07 4702.61 5465.93 4736.75 5558.47 4637.12 5578.90 4588.33 5576.61 4588.02 5576.09
8 10956.88 2300.75 10946.87 2371.26 10874.23 2382.10 10862.30 2370.75 10857.61 2359.85 10849.62 2278.06 10878.34 2258.02 10923.70 2255.89
8 363.15 9003.13 318.36 8930.83 347.64 8908.98 391.14 8882.73 451.58 8860.79 486.35 8918.42 389.41 8990.54 371.41 9000.68
6 11428.75 9641.79 11420.89 9744.77 11333.27 9757.91 11322.52 9750.38 11299.07 9666.89 11320.02 9622.70
10 12238.42 8208.03 12247.23 8227.54 12233.32 8249.86 12200.77 8274.05 12173.80 8257.55 12169.45 8244.80 12172.95 8232.66 12195.02 8204.13 12197.11 8202.26 12213.00 8195.79
11 1066.48 8840.10 1036.07 8781.93 1065.60 8728.81 1072.00 8719.85 1093.13 8715.68 1159.34 8749.61 1194.22 8777.11 1174.96 8824.04 1173.11 8825.89 1161.39 8837.00 1078.99 8848.49
7 9488.23 959.50 9503.93 894.60 9653.87 981.83 9630.45 1008.93 9540.20 1067.04 9517.30 1056.10 9494.94 1027.61
8 2896.44 1844.75 2923.38 1743.73 3004.30 1765.13 3010.46 1769.41 3045.53 1794.05 3002.46 1894.37 2942.27 1915.39 2898.17 1867.13
10 2142.56 8323.25 2147.82 8283.91 2157.19 8265.99 2181.57 8238.51 2210.75 8254.28 2233.77 8274.10 2236.69 8289.95 2233.84 8307.88 2193.32 8347.62 2160.91 8339.52
9 1071.82 3746.51 1136.73 3820.27 1071.96 3903.11 1047.96 3905.21 1037.54 3904.37 1003.80 3872.33 1001.30 3859.14 1008.34 3785.55 1017.74 3774.47
9 3342.97 11674.40 3281.10 11566.14 3283.28 11557.79 3295.16 11523.01 3365.57 11515.23 3429.18 11524.75 3427.09 11572.08 3415.55 11610.28 3390.18 11650.22
10 6239.52 3252.70 6218.48 3192.99 6241.36 3155.46 6248.80 3150.43 6269.20 3150.30 6310.67 3165.39 6321.50 3233.45 6314.76 3248.07 6279.98 3259.68 6264.03 3260.70
10 8318.02 10231.72 8361.30 10162.99 8399.74 10164.04 8443.92 10195.64 8449.46 10225.27 8435.99 10243.80 8412.55 10261.21 8383.66 10278.65 8334.72 10281.94 8321.19 10260.73
7 7438.71 9040.68 7414.89 9035.22 7403.93 9015.60 7400.95 8975.66 7421.27 8968.84 7457.45 9004.88 7453.73 9027.79
7 9102.80 5189.34 9135.34 5129.91 9228.64 5140.42 9210.43 5249.33 9209.35 5250.64 9166.73 5242.07 9129.73 5232.79
7 6723.59 3008.28 6702.79 2974.72 6709.48 2945.30 6771.33 2879.24 6801.03 2891.85 6820.74 2989.38 6769.97 3009.12
9 1251.21 5286.72 1249.03 5274.92 1249.78 5251.24 1264.13 5245.54 1280.14 5242.15 1314.51 5236.22 1322.76 5246.49 1321.23 5286.33 1315.41 5290.87
7 3183.97 3378.27 3133.65 3310.57 3143.36 3297.56 3181.73 3268.83 3228.74 3304.25 3236.90 3354.90 3225.32 3365.71
6 9571.87 7264.82 9542.69 7314.57 9529.50 7309.87 9528.08 7272.47 9541.10 7257.00 9569.31 7245.56
10 8559.05 385.00 8587.65 376.38 8600.48 389.11 8656.32 446.08 8627.82 473.88 8598.93 484.27 8555.70 496.65 8521.07 474.26 8515.26 466.41 8521.02 440.34
9 7875.37 4819.88 7887.39 4754.67 7947.06 4733.17 7962.04 4733.54 8000.64 4772.74 8018.24 4831.95 7986.07 4891.93 7935.31 4913.68 7913.29 4882.99
10 2453.30 11163.24 2464.47 11103.81 2475.20 11102.75 2547.03 11113.99 2554.69 11133.08 2545.21 11171.52 2513.68 11204.29 2493.72 11204.84 2488.30 11202.10 2467.62 11187.51
8 8989.46 5052.60 9010.30 5006.04 9032.24 5003.57 9083.14 5021.55 9076.88 5071.95 9058.42 5113.61 9008.09 5113.13 8996.11 5081.03
7 3843.64 11166.95 3840.24 11222.02 3788.78 11229.22 3759.12 11211.27 3763.62 11174.52 3791.31 11126.70 3806.85 11128.47
8 8739.17 6427.19 8686.03 6445.85 8677.96 6442.88 8665.69 6437.30 8653.05 6415.82 8684.54 6377.21 8699.12 6365.22 8728.99 6382.28
10 9359.95 5332.06 9380.06 5235.45 9405.37 5221.14 9458.14 5215.20 9520.02 5257.07 9523.85 5329.20 9510.68 5344.70 9453.62 5368.46 9416.08 5362.16 9396.08 5354.88
7 1979.80 2103.73 1962.57 2043.64 1991.88 2028.21 2037.70 2050.49 2018.81 2095.81 2014.21 2101.55 2005.37 2106.17
9 7665.11 9210.62 7625.38 9201.06 7583.91 9155.65 7572.17 9135.53 7590.46 9063.45 7606.65 9054.70 7684.58 9066.01 7736.18 9104.58 7730.60 9156.32
7 4440.13 2001.26 4532.78 1970.65 4553.79 1984.50 4564.73 2008.52 4544.31 2056.10 4530.56 2075.03 4508.40 2073.28
10 6487.63 2541.07 6497.00 2507.72 6534.69 2491.71 6549.01 2505.45 6564.30 2526.24 6551.40 2555.00 6543.66 2565.74 6533.83 2571.77 6528.63 2569.60 6497.13 2555.48
7 8606.70 11117.52 8527.79 11019.19 8548.88 10992.70 8592.97 10976.70 8623.89 10974.47 8691.53 11014.21 8665.70 11080.79
7 7129.02 4594.52 7102.04 4597.25 7089.90 4572.08 7089.81 4530.91 7137.57 4525.57 7148.43 4536.39 7141.00 4565.42
6 4471.81 2491.52 4501.52 2420.91 4532.55 2425.59 4554.09 2479.13 4525.31 2500.99 4497.19 2513.99
9 2714.57 8930.52 2672.17 8853.35 2711.65 8810.22 2743.41 8797.26 2806.67 8815.82 2837.54 8841.78 2840.57 8853.17 2834.28 8888.30 2814.18 8912.35
6 714.90 1153.76 695.46 1061.13 741.36 1020.76 769.56 996.39 858.13 1100.88 844.62 1145.52
12 9457.15 9332.47 9492.51 9360.10 9485.49 9411.84 9447.09 9418.53 9428.49 9415.90 9406.10 9397.50 9403.54 9390.82 9402.55 9382.89 9401.71 9363.43 9423.58 9342.94 9429.43 9339.53 9441.41 9335.90
10 1382.49 5816.26 1394.06 5774.36 1457.97 5778.93 1466.37 5793.11 1444.94 5838.88 1434.91 5848.53 1420.13 5854.15 1414.59 5851.92 1398.03 5844.69 1384.39 5821.98
8 11556.25 10467.61 11538.86 10517.58 11475.90 10513.58 11452.43 10485.01 11455.71 10468.62 11471.53 10441.71 11513.70 10435.19 11541.44 10446.51
11 1205.69 5394.01 1214.97 5361.46 1260.46 5336.54 1309.23 5312.20 1335.22 5333.84 1352.28 5407.89 1348.61 5473.65 1263.67 5486.99 1253.75 5487.79 1226.04 5450.08 1208.27 5413.78
7 5401.88 6358.98 5346.93 6247.91 5406.85 6200.14 5426.72 6185.85 5432.89 6190.87 5465.53 6245.23 5488.86 6345.11
7 1653.74 4896.40 1679.96 4832.64 1745.09 4854.04 1761.83 4872.13 1773.25 4900.56 1760.36 4912.50 1720.98 4940.59
8 12380.07 5819.59 12345.00 5753.64 12345.73 5742.97 12352.79 5724.89 12370.88 5707.74 12398.77 5702.84 12434.76 5705.27 12457.95 5799.18
11 6659.55 9901.87 6628.97 9888.63 6621.32 9879.38 6615.57 9851.27 6627.39 9838.96 6642.54 9825.00 6677.49 9827.88 6708.60 9849.76 6710.81 9866.12 6692.41 9894.57 6674.65 9901.24
9 12145.17 11133.94 12128.96 11103.26 12147.84 11083.10 12162.67 11077.47 12178.42 11075.52 12205.21 11084.86 12195.67 11123.69 12182.27 11143.92 12158.04 11138.68
9 482.69 4483.64 536.38 4545.69 521.72 4600.16 476.28 4615.05 447.47 4606.05 425.51 4595.32 407.11 4584.82 388.40 4557.70 400.07 4526.68
11 3859.93 7064.59 3818.19 7117.27 3788.25 7115.43 3727.23 7106.70 3710.86 7089.62 3689.99 7067.06 3688.55 7063.27 3697.88 7006.85 3740.27 6969.45 3815.46 6963.92 3851.22 7035.78
7 120.83 10590.59 174.07 10502.74 202.83 10509.60 243.72 10593.37 244.40 10619.86 209.22 10625.46 173.89 10628.34
9 2474.17 9855.86 2429.88 9893.57 2377.14 9867.42 2363.62 9855.75 2370.16 9841.84 2386.56 9819.68 2396.48 9808.86 2459.82 9805.00 2469.01 9813.59
7 7193.11 8549.10 7133.48 8494.51 7155.29 8418.97 7204.68 8377.56 7276.09 8428.04 7293.43 8448.64 7277.90 8502.89
6 10768.63 2127.63 10776.52 2164.25 10770.11 2176.93 10734.10 2189.29 10713.27 2160.88 10717.14 2132.02
8 5087.65 9912.54 5167.13 9869.14 5189.71 9892.15 5223.85 9955.76 5221.32 10015.75 5135.39 10057.82 5110.09 10046.79 5100.88 9996.62
9 9243.28 6399.62 9203.97 6374.82 9208.27 6349.06 9223.91 6324.91 9247.19 6330.71 9257.05 6339.17 9271.76 6355.04 9275.63 6376.03 9258.57 6388.55
9 10138.03 518.18 10122.11 624.60 10044.49 639.70 10009.45 611.30 9987.76 544.39 9995.34 527.46 10036.19 486.50 10051.96 484.80 10102.28 488.73
9 5555.87 10410.66 5542.46 10453.36 5472.01 10455.94 5420.14 10435.62 5423.17 10421.23 5432.71 10381.72 5478.31 10346.10 5499.43 10340.80 5535.89 10351.23
11 11318.71 5596.69 11233.58 5657.58 11204.19 5640.88 11191.82 5622.59 11192.23 5600.93 11194.82 5531.47 11210.91 5522.72 11245.62 5509.69 11253.19 5507.15 11298.65 5533.74 11310.72 5546.27
8 4886.16 6244.29 4788.34 6245.06 4765.26 6209.05 4757.53 6173.32 4772.44 6146.87 4801.28 6126.01 4851.12 6148.58 4872.71 6169.03
9 4431.71 280.71 4398.26 200.20 4459.92 179.19 4491.08 176.17 4528.66 195.99 4528.05 232.97 4517.79 246.71 4509.71 257.21 4487.56 275.20
11 733.12 8088.21 707.08 8054.57 716.92 8021.98 756.22 7989.01 787.92 7967.98 809.63 7975.53 820.86 7998.51 826.32 8026.45 816.88 8070.57 800.90 8100.30 763.38 8100.26
8 10030.54 10507.60 10052.91 10471.57 10134.83 10488.95 10135.93 10553.20 10128.51 10567.08 10094.38 10571.91 10050.73 10543.26 10043.06 10535.21
9 11802.54 4461.38 11715.13 4463.77 11719.38 4406.74 11731.88 4362.93 11758.09 4356.37 11771.40 4364.26 11780.84 4371.49 11809.09 4395.79 11813.06 4435.43
9 10589.74 3590.40 10597.76 3502.50 10613.78 3470.86 10626.30 3468.55 10706.37 3470.97 10719.28 3553.84 10688.23 3600.42 10670.70 3625.15 10609.52 3617.84
13 12236.38 762.95 12281.94 745.43 12290.84 747.67 12336.19 773.61 12337.20 774.43 12365.79 854.65 12352.74 890.51 12323.41 922.62 12302.34 931.76 12269.23 938.79 12230.00 910.56 12204.99 856.30 12225.74 793.79
12 12705.57 975.63 12711.86 984.50 12709.16 1006.96 12681.19 1027.58 12654.89 1041.46 12642.26 1042.05 12584.69 1008.19 12588.20 984.81 12615.21 940.20 12615.55 939.78 12628.30 924.73 12642.09 918.01
11 7843.78 8489.63 7838.83 8534.53 7836.13 8536.67 7815.23 8550.22 7792.42 8550.01 7774.75 8540.47 7762.54 8501.59 7760.37 8494.13 7776.34 8471.87 7797.04 8461.41 7842.86 8486.08
8 10100.71 8453.00 10098.74 8402.78 10118.67 8396.33 10217.64 8394.92 10233.07 8425.63 10204.33 8467.86 10176.57 8481.38 10134.23 8476.94
9 5360.65 10247.20 5426.34 10310.05 5410.42 10340.05 5377.98 10351.05 5355.40 10349.92 5333.58 10346.45 5324.92 10335.67 5313.40 10286.07 5325.11 10266.90
10 856.23 4753.99 867.92 4718.20 908.69 4704.36 946.96 4723.15 943.19 4769.41 933.96 4780.53 913.81 4790.69 891.78 4785.57 875.44 4777.78 871.03 4773.67
10 8140.31 1438.69 8120.26 1406.36 8120.41 1398.58 8124.20 1375.43 8135.43 1350.37 8144.40 1332.39 8161.74 1330.16 8216.09 1359.96 8217.35 1398.68 8215.46 1400.80
7 6374.20 12053.28 6344.91 11996.40 6346.63 11987.35 6377.68 11952.94 6424.69 11971.56 6437.30 11995.60 6428.86 12006.73
8 5761.10 10203.21 5739.52 10244.46 5691.42 10225.78 5680.84 10201.26 5690.54 10170.52 5697.34 10158.06 5741.02 10143.53 5759.60 10180.53
9 10297.11 2002.53 10256.11 2014.00 10215.26 1988.62 10182.43 1923.84 10196.02 1907.05 10213.60 1895.30 10223.20 1891.25 10305.44 1887.04 10304.76 1970.33
9 3908.05 5495.98 3950.85 5528.61 3939.88 5585.20 3931.19 5604.11 3908.14 5614.15 3854.07 5614.24 3829.69 5571.55 3820.86 5544.55 3841.35 5516.40
9 108.01 243.51 125.03 193.27 142.39 188.31 201.56 187.33 212.90 206.01 224.30 243.89 196.41 266.70 169.41 288.60 129.19 280.54
8 2337.54 9165.63 2264.65 9110.20 2306.29 9047.51 2317.09 9032.42 2345.95 9016.68 2414.00 9092.75 2435.36 9116.84 2392.36 9150.07
8 7458.89 4617.94 7414.86 4669.34 7398.46 4651.87 7389.26 4637.73 7404.29 4595.79 7417.34 4593.00 7437.04 4591.90 7454.40 4604.16
8 11893.55 12490.87 11865.08 12421.55 11901.00 12398.80 11934.46 12407.98 11936.11 12408.49 11940.08 12424.14 11926.03 12480.37 11922.80 12487.77
8 8865.57 8491.92 8877.63 8405.62 8961.93 8401.17 8969.54 8414.12 9000.10 8466.50 8970.85 8492.92 8941.85 8519.00 8898.71 8519.66
9 8264.48 8117.92 8251.18 8087.65 8267.43 8032.76 8343.86 8034.80 8353.61 8044.15 8382.94 8102.70 8356.64 8141.96 8346.11 8153.03 8293.60 8154.01
9 8335.39 9587.11 8245.74 9661.26 8201.24 9609.08 8193.33 9584.48 8192.04 9571.61 8247.85 9524.61 8266.32 9526.97 8291.54 9531.20 8320.99 9555.43
9 2947.90 5838.92 2971.42 5836.22 3002.21 5883.48 3013.71 5913.91 2991.93 5940.84 2922.66 5939.06 2913.77 5900.83 2911.36 5879.73 2913.45 5866.87
8 5285.34 11801.25 5250.35 11739.99 5288.36 11677.84 5339.07 11669.09 5414.01 11722.76 5415.42 11742.39 5327.58 11812.61 5321.08 11817.33
8 6777.99 8562.85 6768.14 8522.26 6785.28 8505.52 6792.35 8499.01 6825.86 8502.13 6837.44 8518.89 6827.93 8557.80 6799.98 8567.78
9 11971.25 11246.36 11977.68 11184.03 12000.04 11174.85 12072.30 11170.66 12090.84 11176.91 12120.03 11232.28 12103.66 11290.26 11992.97 11301.17 11975.63 11273.67
13 9546.71 2764.63 9556.63 2730.20 9581.88 2707.00 9600.03 2703.30 9619.42 2717.51 9628.32 2732.31 9629.74 2746.40 9627.25 2766.88 9624.97 2774.90 9614.56 2785.63 9609.38 2787.24 9580.35 2779.80 9559.03 2770.83
7 1580.16 6459.66 1640.92 6442.62 1662.35 6453.98 1665.45 6494.30 1662.31 6509.59 1620.79 6518.50 1592.02 6514.81
10 1763.99 7202.10 1754.13 7191.99 1743.55 7163.42 1733.65 7120.43 1753.52 7094.72 1770.64 7083.88 1809.38 7091.76 1826.50 7109.88 1807.81 7192.75 1803.98 7195.51
11 8318.45 9061.33 8314.30 9035.93 8356.85 8996.07 8366.85 8986.87 8413.29 8975.57 8428.09 8990.34 8467.31 9035.97 8480.27 9056.39 8462.51 9093.19 8401.02 9122.50 8356.09 9092.07
14 8357.16 7272.06 8332.95 7266.72 8295.37 7233.50 8285.88 7214.41 8288.49 7208.12 8322.68 7167.55 8327.43 7164.56 8387.78 7169.62 8397.39 7181.01 8399.10 7187.55 8398.27 7228.82 8395.33 7239.29 8386.14 7248.00 8370.06 7261.77
5 10141.05 9888.74 10124.06 9850.44 10149.81 9825.32 10182.03 9835.11 10181.22 9880.73
8 3289.48 3461.12 3264.01 3420.64 3295.41 3390.65 3318.98 3384.36 3337.81 3414.41 3342.09 3432.11 3311.53 3457.79 3304.38 3462.37
9 1831.59 7026.86 1846.57 6997.19 1874.58 6954.31 1949.18 6963.17 1977.21 7023.06 1967.14 7045.52 1927.71 7083.63 1884.35 7089.35 1863.90 7082.50
7 2187.73 5915.45 2140.45 5966.85 2127.92 5953.06 2099.00 5898.67 2133.20 5872.60 2138.37 5874.17 2156.87 5882.85
8 5459.17 542.56 5428.19 540.62 5414.70 514.71 5411.76 478.18 5422.49 460.03 5481.75 457.18 5499.41 461.08 5484.06 523.49
10 7490.01 8792.01 7544.93 8772.11 7581.30 8792.80 7588.51 8822.43 7584.64 8845.36 7573.48 8864.16 7567.29 8869.71 7530.29 8883.48 7509.15 8874.55 7490.07 8835.94
9 2695.86 3036.21 2718.92 2964.37 2782.92 2971.24 2789.13 2974.64 2808.63 3005.73 2811.93 3017.98 2804.51 3031.15 2775.98 3061.57 2733.69 3066.32
7 11348.36 502.88 11314.80 453.78 11360.10 406.38 11398.81 392.22 11410.18 422.09 11402.31 486.53 11382.21 501.46
8 11161.78 1445.96 11176.10 1401.58 11229.77 1409.32 11246.69 1429.08 11244.29 1451.33 11242.27 1453.38 11207.44 1475.38 11169.11 1459.87
9 606.64 9012.97 595.39 8995.07 590.88 8978.40 581.01 8941.60 602.83 8931.13 642.85 8928.06 658.25 8953.40 665.04 8989.83 645.69 9003.79
9 1959.33 9549.98 1964.64 9585.59 1955.11 9598.43 1920.16 9603.76 1917.26 9603.09 1900.20 9596.37 1897.40 9577.19 1914.07 9554.74 1927.36 9550.53
8 6350.66 2938.74 6339.09 2876.67 6344.90 2833.80 6392.25 2822.72 6408.08 2832.38 6423.95 2857.17 6432.13 2910.78 6385.45 2939.80
8 4803.05 11349.55 4862.91 11319.54 4910.39 11328.85 4947.27 11365.31 4932.90 11414.76 4876.79 11440.59 4830.23 11410.64 4806.28 11381.93
10 1959.52 7304.49 1920.35 7257.89 1924.37 7208.51 1931.07 7174.24 1978.61 7139.36 2007.15 7133.59 2041.87 7137.05 2080.68 7183.65 2082.07 7253.92 2054.63 7300.13
6 5547.88 2685.44 5557.31 2617.72 5648.93 2630.56 5674.41 2717.50 5575.25 2714.09 5548.46 2706.20
8 7162.58 8301.52 7102.31 8319.24 7032.62 8278.59 7025.14 8265.31 7043.01 8221.69 7060.25 8217.14 7113.03 8207.13 7130.58 8234.06
8 5530.77 3582.30 5550.53 3494.28 5588.36 3493.56 5600.76 3506.92 5639.70 3550.10 5629.70 3579.98 5618.83 3597.27 5573.29 3604.81
9 11327.73 3920.83 11293.05 3863.36 11321.20 3801.72 11355.42 3789.88 11417.33 3798.93 11450.72 3830.42 11470.41 3856.46 11464.82 3904.60 11378.09 3972.36
10 6123.30 12041.48 6058.83 12035.43 6049.18 11972.59 6044.91 11944.48 6050.62 11932.22 6109.10 11880.11 6149.20 11899.30 6168.08 11951.69 6153.36 12024.72 6131.75 12039.49
8 6424.72 11400.30 6480.28 11448.37 6473.32 11516.34 6445.92 11574.52 6420.88 11574.37 6330.26 11511.44 6319.51 11461.79 6332.42 11439.38
10 11752.08 5985.07 11800.33 5929.27 11847.79 5895.47 11880.03 5924.52 11905.13 5952.31 11915.93 5988.15 11895.63 6023.02 11858.48 6050.38 11829.99 6056.11 11782.81 6019.81
10 5610.21 12399.18 5636.38 12328.84 5727.37 12328.36 5749.38 12341.74 5773.04 12371.19 5766.32 12431.42 5696.16 12481.32 5682.97 12476.02 5674.20 12471.50 5628.42 12421.89
6 2670.98 6321.63 2636.35 6389.66 2551.31 6389.14 2533.54 6313.90 2549.00 6300.04 2653.98 6271.03
11 6938.47 8564.99 6945.11 8564.32 6980.90 8576.04 7002.46 8634.06 6997.48 8641.30 6965.10 8672.44 6953.60 8669.07 6929.37 8650.63 6896.82 8617.85 6900.81 8610.64 6913.62 8593.35
9 6787.38 5605.46 6765.89 5575.77 6772.49 5545.33 6792.46 5532.31 6825.18 5532.54 6830.80 5536.93 6833.71 5564.50 6825.17 5578.87 6801.57 5598.48
9 10996.81 5172.56 10942.54 5130.56 10952.44 5094.33 10973.80 5088.09 10990.93 5085.52 11003.07 5089.33 11036.84 5110.59 11041.01 5123.91 11037.84 5146.85
11 10073.93 4738.62 10035.08 4788.71 9993.42 4783.43 9964.83 4770.76 9943.68 4724.35 9962.91 4694.60 9999.43 4679.10 10032.20 4686.39 10041.57 4691.39 10051.65 4698.05 10069.95 4724.75
8 12215.73 1358.08 12296.44 1405.15 12286.90 1443.85 12253.69 1513.64 12214.33 1507.49 12163.83 1488.05 12158.27 1446.41 12175.09 1405.25
8 2810.33 8587.40 2834.37 8552.05 2866.36 8550.51 2889.69 8558.35 2912.36 8574.99 2888.92 8625.92 2842.11 8638.38 2817.35 8604.25
11 5972.04 6051.11 5983.43 5992.40 6032.80 6003.13 6050.40 6012.03 6070.33 6037.96 6074.74 6056.99 6058.08 6074.74 6041.00 6079.75 6030.04 6078.47 5994.65 6068.39 5978.80 6059.29
8 9876.97 757.67 9891.89 701.82 9911.21 703.53 9940.61 713.86 9948.57 722.82 9946.19 757.42 9902.96 784.09 9884.21 766.70
9 138.97 9579.49 143.71 9531.29 188.41 9503.92 196.12 9505.67 218.55 9520.98 237.76 9560.48 232.19 9572.32 179.01 9596.73 139.20 9591.46
10 5138.22 5503.38 5173.97 5495.23 5216.19 5524.36 5228.31 5582.46 5221.04 5650.96 5181.74 5667.88 5123.17 5669.79 5086.07 5633.61 5088.73 5586.12 5114.65 5540.66
8 10692.94 7631.05 10700.17 7582.96 10714.69 7576.30 10737.16 7568.77 10739.53 7570.48 10770.96 7607.50 10778.99 7619.03 10740.73 7641.30
6 3015.25 5194.90 2980.31 5136.47 2981.62 5126.70 3035.29 5076.35 3041.95 5081.07 3097.80 5154.14
9 5023.46 2604.51 5063.17 2631.05 5062.45 2647.82 5042.63 2670.13 5028.83 2675.74 5010.64 2677.27 4981.24 2654.86 4980.91 2631.34 4992.56 2619.65
8 12022.13 12181.48 12046.08 12225.24 12017.13 12264.08 12006.97 12268.17 11987.44 12269.26 11965.07 12247.82 11973.33 12220.22 12006.02 12184.56
7 5689.76 11283.91 5607.80 11236.40 5614.28 11206.62 5647.86 11113.28 5769.15 11130.34 5756.24 11250.88 5703.52 11278.88
9 2342.83 5111.05 2349.75 5170.15 2284.34 5184.30 2259.96 5167.10 2250.92 5149.38 2252.42 5131.91 2265.46 5077.64 2275.23 5075.51 2315.57 5092.45
10 4237.30 2009.77 4183.87 2008.10 4180.56 2004.93 4162.67 1986.04 4161.19 1948.69 4176.94 1917.71 4248.14 1880.26 4278.02 1893.99 4295.61 1903.18 4280.59 1968.90
11 623.10 7728.89 657.76 7785.98 628.41 7848.29 589.22 7856.56 555.05 7853.05 541.11 7845.93 501.79 7792.76 518.13 7762.43 531.25 7739.96 574.17 7711.37 607.33 7704.32
8 564.13 3476.66 548.38 3449.14 565.52 3411.24 569.14 3404.30 592.58 3390.52 644.58 3448.89 645.72 3469.49 630.51 3471.08
5 12392.91 3786.78 12361.88 3723.13 12373.72 3719.72 12391.60 3720.85 12412.36 3782.17
8 6230.60 1634.79 6263.56 1555.52 6351.74 1552.58 6376.13 1573.73 6390.22 1594.17 6330.94 1687.52 6305.54 1711.68 6240.28 1667.32
7 8029.27 8779.30 7980.39 8889.22 7912.81 8889.92 7866.71 8844.06 7861.51 8747.03 7912.47 8718.20 7972.85 8729.88
6 10037.36 4284.62 9953.46 4254.57 9955.83 4197.49 10016.45 4166.76 10037.37 4200.75 10059.75 4239.39
10 12433.47 5598.79 12418.53 5537.97 12420.12 5530.55 12434.08 5498.52 12490.48 5495.66 12515.01 5504.04 12544.00 5525.19 12536.21 5568.40 12511.96 5602.71 12445.54 5602.39
8 6544.72 5781.03 6544.44 5768.92 6550.42 5740.28 6554.93 5728.01 6594.13 5715.61 6614.36 5745.94 6585.94 5792.37 6573.02 5800.32
8 7841.18 9429.48 7775.42 9382.28 7780.64 9320.42 7810.83 9302.88 7826.10 9294.21 7897.08 9305.89 7932.21 9358.78 7900.87 9415.77
5 12632.62 6367.24 12561.45 6519.24 12526.08 6502.55 12494.46 6413.21 12533.82 6356.18
8 6355.80 9822.70 6373.81 9796.59 6384.86 9796.88 6416.77 9803.53 6421.57 9816.42 6410.29 9848.44 6393.50 9862.40 6358.73 9852.63
9 7577.74 8148.17 7575.85 8107.38 7605.56 8048.87 7641.62 8021.42 7675.83 8044.25 7712.47 8099.95 7694.32 8145.05 7657.29 8175.63 7614.97 8190.17
8 6803.59 12496.58 6836.88 12545.62 6814.35 12601.12 6764.46 12665.35 6699.38 12624.63 6694.65 12607.20 6689.96 12554.35 6705.44 12508.91
10 11152.03 4177.77 11131.01 4090.40 11146.26 4029.04 11234.13 4014.76 11259.83 4036.35 11280.24 4063.95 11298.94 4101.09 11259.38 4142.68 11230.12 4160.95 11185.49 4177.45
12 6629.45 3939.97 6623.55 3918.33 6642.47 3890.76 6663.24 3878.76 6708.73 3898.62 6716.66 3911.35 6719.75 3923.60 6711.12 3959.93 6710.10 3961.48 6704.84 3969.42 6651.68 3973.57 6642.70 3960.33
8 7997.87 8464.75 7988.41 8398.09 8026.03 8355.15 8096.54 8365.80 8113.45 8377.59 8124.24 8434.55 8105.25 8453.20 8019.14 8482.01
10 5321.31 10417.25 5366.53 10484.89 5364.27 10508.91 5345.17 10535.73 5332.97 10547.97 5264.16 10546.33 5232.89 10514.03 5226.16 10504.61 5226.35 10484.51 5254.14 10426.46
9 726.70 3479.56 789.50 3416.05 848.77 3387.26 865.33 3397.00 893.26 3439.30 898.55 3462.85 863.94 3508.49 825.90 3546.45 810.74 3542.34
8 4250.28 1142.30 4280.89 1062.83 4347.29 1077.11 4386.37 1089.17 4407.22 1132.36 4386.01 1147.80 4300.63 1185.12 4289.76 1179.02
7 10853.93 1677.36 10863.83 1715.98 10823.20 1738.24 10763.53 1726.05 10772.37 1656.17 10787.88 1652.91 10829.45 1666.81
10 7488.47 171.97 7495.31 134.46 7508.90 126.58 7545.79 125.48 7560.59 150.34 7562.58 165.59 7557.55 183.72 7549.98 196.46 7518.80 193.28 7488.60 178.35
7 11247.22 7550.94 11142.66 7445.88 11212.79 7412.24 11226.90 7407.80 11289.05 7424.93 11311.72 7479.19 11268.04 7538.13
8 9106.21 713.67 9092.98 780.40 9023.52 791.32 9004.66 767.85 8995.23 735.98 8991.94 702.48 9024.77 673.22 9068.92 676.53
9 10545.29 10048.39 10498.28 10031.22 10502.08 10007.03 10506.44 9984.20 10519.40 9962.82 10544.87 9964.60 10564.98 9966.63 10559.24 10027.45 10555.76 10048.09
9 7736.06 802.58 7766.46 781.88 7813.44 760.71 7825.67 775.09 7845.14 801.86 7853.40 854.30 7801.32 874.59 7777.18 871.89 7768.95 864.10
7 11736.31 4579.56 11781.24 4682.67 11731.21 4711.48 11660.39 4683.02 11661.85 4621.31 11687.02 4571.34 11722.76 4576.72
9 5288.52 11247.05 5310.03 11265.39 5302.78 11297.44 5273.07 11319.36 5260.84 11317.48 5247.05 11309.82 5238.82 11288.14 5246.17 11273.69 5265.56 11258.28
8 950.15 5479.32 889.38 5430.55 909.53 5363.71 911.25 5359.13 918.30 5349.30 1000.99 5393.81 1027.59 5465.17 1016.51 5474.35
7 10591.68 8516.79 10640.85 8532.22 10637.32 8625.74 10622.55 8634.99 10583.71 8633.08 10540.41 8591.93 10564.24 8539.41
7 9204.13 9902.29 9161.81 9850.96 9187.42 9806.69 9200.62 9783.98 9235.85 9775.53 9272.69 9808.67 9243.24 9880.47
7 1001.66 11102.51 966.92 11175.65 910.76 11164.60 899.50 11133.91 941.70 11086.31 966.52 11061.33 977.09 11066.61
7 921.82 12472.55 1010.86 12535.25 992.27 12612.63 951.80 12618.84 897.33 12610.28 861.97 12551.56 889.11 12484.65
9 4936.96 12371.97 4938.28 12422.68 4916.54 12439.00 4835.58 12407.13 4818.12 12392.27 4808.92 12376.64 4816.46 12320.77 4841.87 12290.87 4884.78 12311.85
10 1289.78 3525.98 1285.49 3498.25 1296.82 3462.90 1299.86 3460.21 1327.57 3439.70 1370.26 3450.92 1402.03 3480.41 1386.91 3537.78 1341.98 3555.92 1316.38 3550.72
10 4757.99 8205.96 4729.82 8153.13 4734.97 8115.88 4742.07 8109.09 4760.24 8098.30 4831.97 8081.90 4852.81 8117.22 4841.49 8183.19 4810.87 8207.29 4801.09 8207.76
7 3129.02 12208.55 3141.13 12146.58 3195.00 12132.33 3216.73 12134.52 3225.62 12205.00 3208.32 12210.73 3155.04 12218.95
12 7623.69 8527.47 7615.75 8459.22 7652.45 8425.58 7663.75 8417.67 7683.53 8424.20 7706.17 8433.27 7715.48 8444.01 7719.24 8460.42 7718.82 8474.01 7703.22 8503.60 7680.87 8539.09 7675.61 8543.26
9 9501.74 4709.73 9575.85 4780.27 9562.60 4830.98 9547.37 4836.35 9500.47 4848.73 9443.34 4832.80 9422.75 4780.40 9425.79 4770.27 9442.97 4728.16
8 6212.16 8056.01 6259.14 7940.92 6336.21 7958.22 6352.94 7972.70 6381.07 8012.60 6339.59 8097.11 6262.36 8100.47 6250.27 8095.93
10 2014.25 1277.61 2025.15 1236.14 2068.90 1225.89 2087.35 1241.86 2103.90 1272.55 2117.68 1305.09 2104.08 1307.56 2046.14 1316.90 2033.55 1313.65 2016.61 1300.45
12 8018.17 10134.99 8034.04 10124.96 8098.36 10156.55 8112.55 10188.82 8128.22 10224.49 8129.80 10236.93 8114.75 10272.55 8082.59 10288.91 8028.51 10273.39 7986.58 10240.45 7969.24 10199.45 7974.43 10192.41
9 4157.85 11665.94 4224.61 11607.62 4256.62 11593.04 4262.76 11597.95 4295.73 11651.81 4283.71 11690.22 4252.64 11710.47 4191.46 11715.66 4174.14 11692.68
9 7613.11 3962.74 7602.51 3915.07 7611.98 3885.28 7624.84 3861.39 7657.90 3854.97 7695.22 3862.39 7707.84 3893.91 7706.57 3945.88 7640.11 3980.94
10 11688.14 8998.82 11620.38 9038.95 11559.92 9012.53 11548.90 8999.14 11542.36 8972.20 11584.77 8914.32 11602.82 8905.69 11629.44 8918.85 11663.79 8936.30 11683.74 8966.73
7 5824.79 4789.43 5735.76 4701.60 5738.01 4678.62 5807.87 4600.07 5870.09 4610.44 5927.03 4680.04 5893.95 4754.17
7 7101.94 3420.94 7115.94 3400.86 7171.92 3412.43 7172.77 3425.44 7167.92 3448.42 7134.16 3478.80 7114.86 3473.71
9 6702.69 1279.72 6727.83 1184.48 6791.53 1176.37 6835.08 1177.52 6876.80 1237.34 6868.47 1296.49 6830.12 1339.12 6821.31 1343.71 6748.73 1336.23
8 515.82 8196.75 474.85 8158.20 516.48 8098.48 530.35 8092.09 551.45 8100.52 579.95 8121.36 576.05 8133.02 539.13 8197.94
8 5254.18 1316.67 5275.13 1373.45 5261.33 1399.55 5184.25 1428.74 5164.05 1427.04 5153.61 1424.27 5139.62 1410.63 5164.92 1323.28
9 8587.92 12118.57 8571.20 12179.37 8561.34 12176.60 8482.19 12153.96 8469.52 12137.00 8486.62 12090.80 8502.46 12067.63 8526.62 12051.48 8563.48 12081.44
8 1891.71 659.31 1852.34 692.39 1828.89 681.02 1801.83 665.76 1790.07 625.38 1794.03 576.04 1826.82 560.81 1890.55 589.41
11 5598.26 373.89 5600.10 335.99 5636.12 311.31 5656.65 317.71 5674.16 328.19 5677.80 349.77 5672.57 369.23 5662.80 388.72 5652.09 403.14 5630.04 406.56 5600.61 388.61
9 12151.92 1723.65 12124.58 1693.37 12135.13 1625.82 12145.88 1588.17 12194.94 1570.25 12246.20 1587.78 12273.45 1616.54 12271.87 1682.41 12232.50 1730.62
9 7341.86 11459.30 7286.85 11512.98 7206.83 11478.50 7173.66 11432.11 7166.24 11412.37 7191.63 11361.52 7242.28 11332.50 7298.95 11343.84 7333.49 11436.72
8 11559.50 5352.49 11505.67 5301.99 11518.65 5283.78 11542.56 5268.31 11573.98 5262.38 11577.62 5264.03 11585.15 5295.97 11580.39 5310.40
8 7357.10 6509.65 7419.09 6474.23 7449.70 6484.71 7457.51 6503.17 7440.48 6563.41 7435.21 6574.14 7390.48 6582.14 7370.94 6569.86
9 10363.93 7596.29 10440.23 7513.18 10486.29 7543.88 10496.14 7554.89 10509.18 7607.32 10487.54 7633.92 10463.89 7657.93 10433.44 7665.93 10378.92 7636.04
7 6723.80 927.50 6796.13 886.61 6854.64 954.03 6829.45 1014.54 6792.79 1016.78 6766.81 1010.74 6736.93 980.01
9 10702.07 1164.14 10652.94 1243.45 10618.22 1243.12 10540.01 1212.24 10526.28 1190.95 10563.90 1160.13 10659.83 1116.91 10687.94 1130.85 10700.69 1139.71
10 2998.58 2103.94 2984.43 2047.70 3020.35 2020.52 3032.82 2011.67 3075.01 2022.75 3080.71 2027.51 3077.04 2062.52 3071.07 2082.22 3031.08 2103.73 3006.15 2105.19
8 6218.07 9826.67 6244.54 9868.80 6230.57 9887.25 6205.60 9884.67 6186.25 9882.04 6167.92 9867.10 6168.48 9852.97 6189.98 9831.73
12 630.50 3078.30 588.96 3047.80 599.58 3000.22 626.71 2973.39 660.41 2961.60 697.60 2988.40 704.17 3001.86 707.96 3010.59 707.02 3019.97 691.80 3050.38 672.16 3083.44 659.17 3095.38
7 4743.93 778.78 4738.52 839.26 4700.09 835.45 4676.89 785.68 4685.88 778.09 4726.68 762.50 4735.15 762.23
7 8823.69 5623.25 8875.80 5545.37 8938.10 5552.30 8957.76 5600.58 8952.81 5645.48 8908.16 5672.02 8878.23 5661.18
10 6913.72 551.63 6931.06 601.78 6914.64 624.01 6882.11 644.94 6862.04 638.87 6820.62 612.56 6831.62 600.59 6844.67 589.20 6866.66 570.48 6905.33 540.40
7 3993.90 10543.96 3977.63 10447.70 3999.73 10452.82 4037.55 10488.40 4052.60 10507.84 4052.16 10525.87 4032.41 10558.87
11 6431.40 11055.90 6375.49 10988.13 6384.28 10947.31 6390.49 10939.91 6402.22 10932.61 6432.75 10918.04 6444.67 10923.79 6469.72 10937.67 6512.40 10980.09 6508.63 11024.76 6449.40 11059.78
6 6195.60 8951.90 6191.02 9001.86 6167.19 9005.80 6153.60 9000.76 6130.14 8952.06 6145.25 8936.85
7 10296.62 10913.20 10270.98 10951.68 10258.28 10950.03 10232.89 10940.16 10219.45 10919.14 10234.37 10905.42 10273.05 10882.64
10 9753.78 11596.58 9791.68 11559.33 9851.49 11547.70 9896.01 11589.14 9915.80 11639.50 9895.81 11667.51 9855.10 11669.13 9808.55 11669.26 9776.79 11649.01 9770.22 11641.02
9 10504.03 10323.72 10501.42 10297.14 10534.62 10244.49 10559.60 10214.32 10573.40 10208.47 10611.35 10252.80 10625.61 10293.75 10616.05 10315.18 10607.60 10315.91
8 7138.78 2838.48 7122.59 2755.75 7135.90 2744.57 7195.52 2723.72 7217.43 2745.64 7254.24 2815.20 7205.89 2852.96 7173.81 2848.46
11 3637.63 10743.28 3611.08 10713.98 3622.71 10695.79 3646.23 10679.60 3707.15 10646.00 3729.78 10665.17 3759.75 10703.81 3774.15 10733.19 3770.49 10768.51 3745.40 10784.73 3702.06 10804.97
8 6013.38 4168.04 6005.49 4072.86 6006.92 4069.44 6037.15 4060.15 6052.06 4056.42 6112.93 4064.60 6108.86 4108.89 6058.69 4161.84
10 8326.48 5250.76 8342.65 5188.80 8354.51 5181.71 8374.74 5177.16 8381.22 5182.29 8421.32 5219.11 8409.81 5241.31 8384.12 5273.57 8376.74 5276.11 8346.75 5275.29
8 9522.34 11942.53 9514.97 11897.69 9529.85 11879.42 9570.22 11882.12 9588.80 11891.39 9602.32 11929.74 9587.37 11953.46 9569.27 11967.86
8 8205.29 12442.09 8261.27 12362.02 8290.82 12367.09 8300.31 12373.91 8320.71 12430.11 8310.18 12452.46 8296.72 12474.87 8232.04 12491.25
10 1437.26 8270.79 1411.29 8204.68 1425.22 8178.15 1461.48 8161.57 1493.21 8156.63 1537.32 8182.54 1543.50 8197.99 1543.25 8249.14 1536.54 8255.60 1486.60 8266.11
8 6440.46 919.05 6411.60 863.95 6414.56 847.06 6429.32 824.91 6438.88 823.35 6488.24 841.79 6513.60 901.16 6482.26 932.31
10 9491.06 1529.84 9419.01 1550.02 9407.39 1534.74 9382.53 1497.09 9385.24 1480.76 9425.33 1422.94 9442.64 1421.05 9468.57 1424.36 9472.80 1433.20 9484.35 1480.22
8 8695.47 11421.42 8670.49 11360.99 8679.29 11347.41 8699.08 11333.53 8716.14 11337.22 8722.51 11361.43 8723.62 11414.63 8702.00 11420.80
8 1784.57 12639.78 1830.82 12568.23 1900.96 12567.42 1926.26 12603.65 1907.37 12674.23 1893.91 12685.00 1807.12 12694.34 1797.55 12681.49
10 7872.09 2403.28 7842.00 2325.46 7859.82 2280.23 7894.58 2251.02 7938.39 2260.59 7963.41 2267.34 7996.52 2291.11 7985.82 2331.52 7965.16 2402.46 7913.21 2407.89
10 232.43 6089.66 231.17 6025.59 244.70 6017.94 340.87 6009.46 348.23 6017.72 358.22 6036.56 357.05 6055.03 342.96 6089.65 329.75 6107.65 271.42 6103.84
9 2626.02 5762.16 2599.74 5810.35 2570.88 5815.76 2546.53 5802.19 2524.94 5784.38 2531.96 5725.39 2555.25 5715.65 2582.51 5714.28 2621.92 5750.51
12 4134.97 591.63 4132.29 546.07 4132.86 541.06 4143.76 530.35 4158.59 524.71 4189.85 525.36 4213.06 532.86 4226.07 565.24 4224.18 578.75 4221.95 587.08 4215.32 603.92 4155.52 612.41
7 11216.83 3257.60 11254.96 3210.33 11299.15 3215.75 11309.02 3223.89 11320.28 3287.93 11278.33 3319.67 11222.32 3278.72
11 3511.14 3080.35 3496.42 3078.82 3439.45 3047.77 3413.21 3028.65 3414.62 2996.97 3451.09 2923.22 3461.30 2922.77 3564.29 2954.23 3554.46 2989.99 3534.74 3043.73 3520.91 3072.80
8 3644.60 10858.59 3672.32 10956.12 3641.22 10995.76 3616.96 11022.15 3606.49 11022.69 3550.05 10989.41 3518.76 10946.13 3535.03 10869.70
6 7561.27 4652.74 7610.95 4540.93 7663.94 4551.68 7701.43 4578.43 7688.91 4600.80 7636.89 4683.77
8 10416.36 1907.80 10505.00 1926.40 10510.49 1972.17 10489.17 2001.33 10467.43 2019.18 10447.86 2019.87 10436.33 2014.81 10429.82 1994.60
10 12453.58 11405.29 12429.28 11363.77 12440.20 11334.93 12498.60 11298.72 12546.52 11319.46 12559.55 11329.32 12563.52 11349.40 12548.48 11389.04 12528.93 11418.68 12476.62 11422.85
7 11739.78 2560.27 11699.94 2543.88 11702.21 2508.96 11712.40 2428.59 11780.67 2447.15 11800.66 2495.85 11791.25 2522.09
10 10981.02 490.15 10994.25 421.49 11000.85 420.20 11048.00 425.36 11099.20 434.02 11124.67 489.77 11103.67 518.81 11070.59 547.42 11003.90 550.50 10983.14 504.99
6 3177.24 7692.52 3249.65 7607.68 3297.97 7614.04 3311.07 7694.65 3267.69 7755.56 3213.74 7736.19
7 9674.81 10771.00 9742.31 10736.88 9835.52 10765.05 9839.55 10833.40 9809.01 10879.50 9725.64 10852.67 9675.58 10816.06
8 1120.30 3311.06 1155.27 3370.32 1131.76 3420.62 1092.39 3440.20 1058.43 3400.31 1032.76 3364.73 1036.79 3323.78 1072.58 3313.50
9 5803.10 8166.53 5781.37 8225.67 5728.42 8211.23 5718.88 8167.78 5722.19 8153.61 5745.12 8134.67 5780.83 8136.42 5789.15 8138.58 5798.79 8157.03
7 8769.61 2914.87 8738.55 2938.78 8678.75 2912.67 8672.26 2860.17 8697.08 2847.16 8716.82 2848.53 8751.26 2872.58
8 11901.23 2517.08 11937.63 2534.49 11932.27 2570.81 11873.76 2585.32 11861.21 2574.94 11864.38 2562.49 11875.05 2533.78 11898.79 2518.25
10 12050.46 6301.27 12049.14 6258.21 12076.06 6204.59 12125.35 6164.26 12154.63 6169.84 12183.61 6197.96 12205.15 6231.46 12187.34 6286.41 12130.19 6345.04 12092.50 6343.82
8 3790.57 1143.01 3761.10 1096.03 3833.80 1065.42 3847.87 1065.93 3879.54 1095.17 3892.85 1128.00 3863.75 1170.90 3813.49 1176.46
12 7349.37 6424.10 7333.74 6393.74 7347.00 6380.37 7372.11 6356.04 7394.59 6361.46 7416.96 6382.88 7425.14 6401.11 7427.03 6406.59 7418.24 6435.68 7403.81 6444.23 7376.37 6455.84 7368.30 6450.69
9 9790.71 9734.30 9842.49 9767.50 9841.89 9783.22 9840.32 9809.21 9816.16 9827.15 9797.89 9823.95 9765.15 9804.51 9747.34 9788.52 9764.61 9752.76
9 1213.94 4774.30 1217.57 4727.76 1259.27 4696.71 1290.86 4700.02 1296.24 4707.02 1328.07 4780.36 1310.32 4808.91 1289.01 4816.49 1231.36 4795.07
8 3497.98 183.42 3545.99 157.00 3580.08 206.44 3579.87 207.91 3568.41 221.88 3514.81 243.93 3504.06 241.47 3499.71 201.40
7 10990.56 10871.75 10987.01 10920.10 10949.89 10928.14 10912.85 10922.21 10918.76 10878.78 10947.97 10854.64 10977.02 10858.48
9 7920.74 3382.03 7910.18 3348.40 7912.13 3325.86 7955.06 3292.65 7994.48 3273.21 8021.13 3299.84 8040.89 3321.92 8045.52 3381.06 7991.90 3398.34
8 12131.03 6499.66 12146.68 6550.78 12137.74 6575.75 12115.01 6592.65 12067.20 6564.10 12062.72 6545.69 12095.48 6520.24 12112.39 6508.38
8 6459.78 11982.86 6432.67 11945.52 6441.54 11916.23 6475.29 11902.41 6497.33 11897.79 6523.75 11914.18 6527.09 11978.99 6502.22 11985.29
8 8134.63 5125.64 8153.56 5102.07 8191.08 5084.62 8203.78 5104.00 8210.79 5139.66 8209.22 5141.87 8177.09 5176.86 8136.50 5149.82
8 432.27 5848.31 491.98 5760.44 520.76 5765.32 545.31 5782.61 566.99 5798.64 550.29 5860.24 479.97 5869.24 444.94 5871.49
8 9937.01 3664.79 9948.72 3584.29 9974.60 3563.87 10044.98 3565.62 10079.01 3633.18 10072.70 3688.73 10041.75 3727.25 9946.20 3710.64
12 11127.18 617.77 11136.22 616.87 11169.33 638.66 11177.61 653.84 11179.43 683.54 11170.18 700.78 11135.13 700.12 11122.96 698.67 11109.51 678.45 11102.24 664.29 11100.76 648.08 11103.69 640.66
6 968.95 1445.97 1058.91 1432.72 1080.54 1515.08 1064.65 1543.48 1026.78 1545.65 985.69 1540.95
7 10940.58 4238.54 10903.19 4327.91 10869.21 4305.46 10859.28 4277.70 10856.49 4267.53 10868.70 4228.40 10908.83 4217.54
7 11059.85 8525.71 11021.94 8437.05 11049.19 8407.24 11059.52 8404.58 11105.29 8404.95 11153.02 8421.34 11170.32 8466.16
10 171.50 12005.26 158.29 11974.94 193.52 11928.67 197.94 11925.04 225.10 11940.45 254.83 11972.01 250.43 11993.23 239.41 12002.36 221.57 12015.38 193.09 12025.88
8 3418.77 2424.84 3351.17 2447.21 3331.34 2426.35 3318.27 2401.51 3329.29 2370.93 3391.45 2354.12 3411.84 2384.12 3418.15 2393.58
8 11370.73 6251.66 11279.78 6268.03 11272.08 6264.21 11238.57 6208.18 11239.62 6192.98 11273.55 6136.86 11321.20 6134.62 11327.75 6137.74
11 12536.17 2817.64 12506.16 2814.14 12486.38 2795.46 12473.84 2762.85 12476.31 2756.82 12492.69 2740.96 12507.16 2744.19 12530.16 2750.59 12556.98 2763.10 12556.75 2780.82 12550.98 2802.17
10 301.13 10292.30 264.38 10349.36 237.73 10344.30 209.94 10307.10 203.64 10295.74 209.67 10255.80 218.54 10238.48 259.42 10232.41 267.36 10233.40 284.13 10248.87
8 1155.35 10099.80 1239.04 10041.16 1263.66 10054.28 1275.70 10067.30 1279.39 10175.49 1268.58 10198.78 1255.72 10193.21 1167.16 10150.82
8 4774.20 5470.77 4731.08 5446.90 4737.97 5408.51 4747.23 5370.76 4801.65 5375.73 4819.27 5393.37 4813.01 5428.86 4807.56 5436.97
13 11128.08 12461.50 11131.19 12439.13 11149.31 12422.21 11155.90 12417.81 11167.52 12418.50 11169.08 12419.12 11199.05 12437.38 11206.67 12460.61 11201.06 12475.10 11189.95 12482.78 11186.04 12485.08 11162.08 12487.15 11154.95 12485.10
7 1712.76 754.66 1778.49 804.80 1762.70 841.22 1738.96 895.70 1680.17 889.47 1636.42 841.45 1663.34 780.46
8 2843.74 11528.80 2832.53 11471.27 2843.49 11387.19 2911.46 11376.46 2953.91 11415.94 2965.70 11435.78 2964.42 11469.13 2944.09 11499.31
8 700.54 430.13 670.15 447.58 650.97 445.35 631.56 433.35 652.51 374.81 658.98 366.29 671.51 367.26 698.72 410.05
9 3472.77 11385.08 3467.59 11316.37 3510.18 11260.48 3546.84 11256.74 3594.56 11307.67 3621.60 11368.71 3596.54 11392.72 3557.29 11422.34 3516.60 11438.29
9 1506.44 861.07 1495.94 829.87 1513.86 809.99 1526.62 804.46 1556.13 824.56 1573.68 843.97 1565.82 862.68 1560.43 870.26 1516.23 877.76
9 3888.15 5780.77 3883.12 5648.47 3912.36 5631.13 3989.89 5648.30 4035.24 5693.70 4018.27 5733.39 3995.25 5774.25 3959.89 5790.20 3917.28 5788.83
10 12252.34 1124.05 12225.14 1067.12 12232.37 1050.26 12261.91 995.02 12288.17 969.09 12302.85 966.79 12342.80 974.61 12364.53 986.77 12379.37 1109.38 12339.40 1119.63
11 6816.84 5444.71 6817.79 5404.48 6836.25 5394.44 6852.59 5387.00 6868.24 5393.17 6882.29 5428.15 6877.81 5445.81 6856.04 5452.90 6832.75 5458.33 6822.62 5458.73 6817.82 5454.39
8 10130.28 11004.22 10168.13 11040.97 10167.12 11068.84 10160.61 11095.78 10109.12 11120.17 10086.34 11117.22 10058.38 11071.21 10067.46 11040.06
7 10253.60 9732.98 10237.26 9762.30 10211.02 9771.87 10171.98 9734.99 10165.01 9715.52 10177.56 9707.24 10243.32 9722.87
8 2413.27 4941.42 2399.07 4914.87 2415.37 4875.15 2451.75 4871.47 2471.68 4877.39 2495.95 4907.44 2473.89 4956.65 2438.84 4957.80
11 2596.20 8159.24 2634.83 8122.89 2648.09 8122.57 2662.50 8135.59 2671.01 8143.65 2679.94 8155.32 2679.57 8167.89 2679.03 8179.63 2638.26 8218.12 2629.54 8218.93 2596.51 8197.92
8 11845.04 5807.69 11823.17 5776.58 11865.85 5750.45 11896.37 5752.22 11901.80 5773.17 11902.08 5783.76 11874.93 5805.37 11854.29 5814.76
8 9529.35 12160.12 9527.15 12149.59 9541.70 12135.41 9570.36 12141.29 9585.26 12152.10 9589.19 12166.66 9581.21 12194.85 9555.68 12203.70
7 2973.62 11638.05 2978.65 11562.46 3059.97 11522.39 3097.57 11538.35 3118.58 11588.06 3109.46 11630.27 3027.77 11652.99
13 9986.59 6898.49 10014.14 6896.17 10020.23 6898.42 10028.06 6902.89 10031.47 6934.38 10032.13 6960.01 10024.53 6965.82 9992.57 6987.53 9983.55 6987.14 9967.35 6971.52 9952.08 6939.30 9948.41 6917.41 9960.73 6908.68
12 11890.42 9165.51 11841.89 9141.23 11840.62 9138.31 11838.42 9124.70 11844.17 9111.08 11879.31 9077.38 11898.55 9085.93 11918.75 9103.69 11921.58 9110.55 11922.04 9115.95 11912.01 9155.10 11895.69 9163.68
8 10078.23 10821.83 10128.03 10866.48 10119.93 10889.93 10078.87 10925.08 10052.44 10912.24 10003.60 10858.84 10013.88 10834.80 10017.70 10826.71
7 7539.72 7654.27 7521.51 7602.69 7561.46 7582.34 7578.19 7578.06 7607.54 7584.17 7610.98 7637.23 7568.55 7661.93
10 8638.31 4332.18 8600.72 4338.42 8584.91 4323.00 8565.19 4301.25 8565.85 4279.74 8586.46 4271.66 8608.50 4265.69 8643.47 4264.26 8648.04 4273.53 8646.61 4319.10
10 6994.74 2285.27 6977.02 2280.91 6972.77 2245.16 6970.80 2210.79 7016.79 2210.63 7044.12 2222.56 7049.02 2234.79 7049.53 2245.67 7047.91 2260.60 7005.79 2283.54
9 10433.50 8352.91 10456.46 8309.89 10486.24 8314.94 10536.11 8335.38 10536.34 8347.55 10527.34 8388.72 10499.70 8407.02 10488.48 8401.35 10440.12 8368.77
5 8324.87 1868.84 8247.74 1859.16 8254.08 1815.31 8271.85 1810.26 8321.25 1820.12
7 9047.73 10061.67 9077.16 10100.99 9070.46 10132.94 9039.03 10143.18 9026.70 10137.02 8999.14 10114.67 9013.01 10090.07
9 4249.91 9003.65 4303.14 8951.41 4391.54 8954.76 4409.54 8992.55 4404.70 9037.35 4399.95 9054.96 4343.72 9115.89 4334.02 9117.03 4266.24 9065.08
7 9684.29 196.43 9737.67 137.96 9847.31 191.62 9816.21 275.38 9789.29 313.85 9729.74 308.70 9702.07 265.10
10 12226.64 6586.47 12220.00 6561.15 12221.43 6552.72 12245.33 6512.74 12270.35 6509.45 12282.68 6516.40 12296.46 6532.31 12311.80 6552.33 12298.06 6582.37 12270.11 6608.92
5 10056.31 5323.15 10050.65 5261.36 10115.50 5253.33 10118.81 5295.95 10106.91 5318.14
8 7419.33 7080.23 7521.58 7133.47 7504.64 7220.22 7446.47 7235.32 7405.57 7202.69 7398.12 7186.39 7397.39 7127.38 7411.23 7085.21
7 5669.42 708.04 5621.02 795.91 5561.50 781.69 5518.05 738.51 5524.32 691.61 5561.11 660.97 5643.02 677.58
9 2648.68 7961.73 2611.13 8001.11 2589.27 7997.47 2560.57 7985.12 2555.24 7976.59 2547.13 7958.30 2553.10 7949.48 2587.42 7899.96 2636.10 7917.16
9 2707.14 4529.33 2731.35 4523.25 2749.82 4548.37 2766.24 4584.71 2745.60 4604.52 2717.97 4608.00 2709.13 4600.91 2703.02 4583.18 2703.69 4572.75
10 8536.46 3341.25 8542.20 3307.59 8565.48 3295.27 8607.21 3309.34 8629.11 3320.37 8639.51 3344.33 8619.67 3372.66 8610.34 3378.70 8605.42 3381.22 8566.50 3370.08
11 8209.47 2439.21 8149.07 2424.50 8142.86 2388.36 8139.39 2362.37 8171.19 2307.12 8225.92 2285.46 8254.07 2296.36 8271.03 2304.74 8287.99 2356.11 8287.35 2385.45 8257.82 2416.26
6 8955.65 7583.48 8946.51 7711.94 8889.69 7685.19 8869.29 7672.48 8869.97 7579.40 8902.05 7564.23
8 1128.93 6966.61 1197.73 6925.50 1256.90 6950.33 1278.79 6965.52 1283.25 7003.25 1237.45 7077.92 1229.47 7084.55 1158.77 7074.07
10 8828.28 10973.39 8789.62 10943.96 8781.27 10915.50 8777.55 10885.78 8833.09 10854.52 8840.65 10850.51 8883.23 10872.58 8888.35 10894.60 8884.49 10929.07 8857.27 10954.99
12 3423.06 3800.66 3426.34 3847.38 3419.62 3868.37 3398.08 3926.11 3362.15 3940.03 3341.15 3945.58 3333.04 3942.45 3307.21 3915.80 3264.77 3824.74 3279.41 3792.82 3319.90 3793.81 3390.34 3797.83
7 11131.84 5882.40 11165.50 5839.39 11195.34 5846.61 11233.01 5863.02 11214.19 5948.53 11168.28 5953.30 11152.51 5939.04
8 12256.12 8519.37 12216.23 8577.48 12148.42 8570.28 12107.37 8517.08 12136.40 8458.01 12154.94 8434.28 12232.55 8449.12 12251.86 8463.05
10 11115.76 6773.62 11089.54 6735.55 11104.04 6695.45 11130.83 6685.82 11133.03 6686.30 11153.02 6698.18 11162.88 6710.10 11160.95 6758.40 11152.97 6768.14 11137.46 6774.07
8 8913.26 7827.44 8954.23 7733.68 9013.81 7734.25 9075.73 7757.51 9066.91 7833.37 9041.66 7861.34 9004.29 7874.67 8926.77 7854.13
11 2423.30 11303.70 2453.02 11303.06 2462.77 11306.93 2465.38 11331.98 2468.62 11368.73 2440.08 11395.40 2408.82 11388.30 2402.34 11380.50 2388.40 11338.65 2390.47 11335.26 2395.05 11330.79
10 6598.34 6473.36 6647.44 6419.67 6667.63 6423.68 6684.54 6427.54 6724.45 6443.30 6730.29 6455.43 6729.31 6470.52 6695.88 6522.22 6640.85 6549.18 6617.65 6534.52
11 529.42 9454.83 528.51 9439.88 528.95 9426.42 555.66 9399.17 571.41 9402.93 580.39 9406.78 607.12 9420.86 613.18 9438.52 607.19 9470.79 596.05 9482.11 575.11 9482.30
7 5398.44 5440.68 5407.25 5458.65 5396.92 5484.89 5389.45 5499.14 5340.29 5504.06 5345.54 5478.31 5356.11 5448.82
11 2655.83 1488.14 2665.63 1458.38 2684.33 1435.27 2711.15 1406.53 2772.29 1416.23 2800.04 1455.12 2804.70 1504.81 2787.16 1533.58 2758.29 1559.97 2705.30 1557.88 2695.15 1546.15
8 5066.95 6167.91 5054.14 6070.87 5062.51 6065.51 5138.81 6019.68 5190.91 6071.31 5203.05 6111.99 5168.95 6168.18 5094.62 6176.72
7 223.50 5197.47 268.48 5237.48 265.88 5253.83 241.75 5289.93 200.17 5296.40 170.93 5266.07 195.02 5213.69
11 7664.67 3356.22 7630.79 3408.04 7595.45 3408.00 7546.01 3396.21 7528.60 3366.14 7528.78 3349.50 7531.93 3319.14 7569.09 3285.68 7576.44 3281.12 7591.78 3281.61 7595.47 3282.23
9 4573.28 12231.01 4632.77 12273.85 4620.24 12344.87 4559.03 12360.35 4522.70 12314.35 4520.85 12285.04 4522.38 12278.51 4532.13 12252.64 4547.17 12236.80
10 5484.82 3723.50 5517.04 3648.38 5541.53 3650.35 5574.02 3662.10 5619.77 3720.91 5598.21 3784.98 5550.43 3789.01 5538.46 3788.73 5510.53 3785.35 5485.94 3733.84
8 11256.68 12268.27 11292.93 12339.20 11251.47 12405.54 11231.94 12407.44 11173.76 12370.29 11136.84 12336.80 11148.85 12320.58 11200.48 12268.43
11 10844.57 11008.08 10826.44 10969.94 10838.09 10952.94 10855.32 10940.21 10876.63 10935.57 10922.77 10939.30 10950.10 10975.42 10942.40 11003.34 10918.78 11045.49 10885.33 11048.47 10867.84 11038.35
7 4742.06 4457.63 4704.43 4412.98 4709.42 4376.12 4746.67 4331.82 4807.74 4323.44 4837.59 4323.90 4876.92 4418.74
6 7252.49 9944.84 7278.70 10001.69 7212.68 10024.49 7201.98 10024.94 7174.53 9991.68 7224.32 9948.15
12 3531.91 1496.32 3542.95 1472.79 3551.01 1468.25 3578.74 1458.52 3592.79 1465.96 3596.06 1469.55 3607.11 1498.76 3590.19 1519.13 3585.26 1523.27 3577.92 1523.53 3554.43 1522.20 3536.99 1513.73
12 11818.89 9430.01 11807.80 9412.48 11799.79 9396.04 11796.09 9387.26 11790.66 9372.99 11808.26 9353.29 11828.30 9347.76 11845.96 9354.13 11860.09 9369.40 11862.65 9388.64 11851.47 9421.97 11825.19 9429.21
10 4425.95 11187.88 4474.43 11257.44 4448.65 11286.88 4432.42 11294.90 4396.85 11307.60 4366.84 11249.86 4359.48 11227.11 4371.80 11206.33 4380.11 11199.80 4400.71 11188.84
7 6858.49 229.75 6892.79 173.81 6929.33 175.34 6967.91 186.02 6974.94 242.31 6971.62 255.52 6946.98 273.07
9 12070.09 2517.15 12110.74 2446.61 12160.80 2460.60 12211.26 2531.31 12210.59 2559.33 12196.44 2571.66 12133.19 2606.25 12082.37 2588.54 12073.10 2541.86
9 4271.57 9790.69 4179.42 9762.09 4145.91 9709.93 4145.49 9704.53 4147.09 9675.73 4206.41 9625.49 4270.07 9642.59 4304.46 9697.53 4284.00 9772.58
8 12322.28 150.48 12341.47 130.64 12366.02 135.40 12388.54 153.25 12374.43 205.15 12356.16 207.47 12344.90 206.67 12334.68 199.28
11 2284.48 4013.59 2282.57 4049.11 2273.21 4076.77 2223.13 4069.39 2208.67 4065.34 2200.86 4059.82 2194.65 4047.45 2199.31 4035.38 2218.02 4002.15 2273.02 4007.13 2278.97 4009.31
6 7369.43 4085.09 7300.05 4002.40 7359.37 3959.50 7435.18 3962.39 7451.92 4037.79 7441.56 4078.87
8 5469.98 11305.36 5419.31 11344.98 5390.12 11337.39 5385.01 11314.74 5386.53 11292.48 5407.71 11264.71 5433.11 11254.51 5469.32 11281.63
8 1842.50 8539.46 1851.51 8517.41 1878.66 8500.71 1896.68 8518.09 1912.93 8560.57 1891.21 8582.01 1874.73 8594.42 1850.03 8583.92
8 4357.14 9593.24 4424.76 9597.69 4419.02 9648.42 4414.34 9669.04 4410.67 9675.37 4375.75 9691.48 4361.70 9695.54 4359.61 9679.43
9 9205.56 1661.02 9282.94 1638.84 9331.85 1715.40 9351.47 1759.94 9335.18 1779.10 9296.87 1820.35 9245.45 1811.49 9226.35 1793.98 9221.94 1784.78
7 8153.93 2845.18 8196.48 2923.11 8155.07 2959.27 8081.48 2960.48 8047.71 2931.17 8073.09 2877.65 8087.78 2860.93
8 3151.54 11397.57 3173.77 11362.32 3209.59 11374.23 3217.43 11402.75 3219.25 11411.29 3202.29 11442.06 3198.27 11439.14 3163.00 11413.57
10 754.86 4339.52 685.94 4230.39 688.92 4222.30 725.93 4193.06 779.52 4173.34 804.31 4191.48 837.41 4235.82 837.30 4288.83 828.64 4315.44 764.19 4343.39
6 1170.29 8467.58 1117.65 8515.96 1092.09 8476.84 1090.20 8446.26 1147.77 8434.87 1166.15 8455.57
8 7391.79 2612.13 7350.35 2574.36 7358.99 2552.80 7399.32 2477.48 7445.54 2466.45 7505.86 2515.16 7477.35 2582.57 7439.03 2626.13
9 4457.89 7871.60 4464.51 7819.03 4488.15 7820.71 4502.85 7822.14 4512.48 7824.84 4516.02 7831.19 4525.46 7864.00 4518.51 7881.05 4480.19 7885.57
11 10994.72 12177.21 11006.07 12091.18 11033.05 12082.01 11069.15 12073.47 11102.46 12100.15 11122.44 12121.44 11128.93 12143.19 11106.45 12191.49 11080.01 12207.68 11034.97 12222.38 11006.30 12203.71
8 1631.94 3797.38 1571.74 3754.06 1586.63 3682.45 1615.69 3665.28 1669.18 3651.14 1702.96 3704.76 1708.70 3750.07 1690.97 3777.79
7 4897.96 10439.66 4866.38 10394.82 4885.26 10361.93 4904.55 10357.65 4924.93 10368.62 4947.01 10396.35 4936.90 10421.53
6 2239.15 2054.02 2237.00 2108.62 2188.00 2135.87 2125.14 2088.21 2122.91 2034.97 2128.13 2028.74
10 5634.15 8112.33 5577.56 8153.51 5553.28 8148.04 5501.23 8119.14 5491.84 8107.00 5504.00 8077.29 5533.38 8044.86 5552.07 8029.91 5618.77 8073.28 5627.58 8080.37
10 7606.85 6354.57 7584.33 6349.22 7572.25 6307.39 7570.70 6297.62 7589.95 6284.01 7630.26 6281.35 7635.93 6282.99 7644.88 6307.53 7642.24 6329.80 7634.32 6351.51
8 3773.24 2435.84 3743.37 2402.08 3778.92 2384.28 3821.10 2373.35 3851.63 2379.14 3872.42 2423.39 3870.43 2438.42 3814.26 2467.21
7 11894.67 8829.26 11909.15 8800.07 11953.76 8818.40 11947.13 8845.82 11942.23 8855.50 11936.55 8863.21 11901.60 8862.28
13 1885.58 3776.69 1886.40 3719.39 1923.00 3685.82 1966.08 3671.89 2036.11 3684.73 2056.44 3717.73 2058.38 3748.87 2056.22 3773.22 2042.87 3803.72 1979.14 3846.10 1913.38 3825.63 1893.43 3807.28 1886.00 3786.01
8 10581.85 5907.87 10555.36 5798.93 10608.05 5765.31 10639.69 5755.43 10677.09 5787.65 10684.99 5827.05 10642.19 5889.42 10614.45 5926.65
10 405.40 1464.95 534.18 1462.67 554.45 1519.95 566.10 1559.39 554.33 1586.37 463.29 1619.41 408.92 1578.31 388.22 1541.53 381.18 1525.86 392.98 1477.11
7 11003.10 2273.79 10996.17 2230.32 11015.63 2209.13 11037.81 2209.21 11060.61 2214.57 11080.10 2245.14 11053.63 2267.05
8 7862.25 7738.10 7829.80 7748.09 7800.12 7732.51 7793.24 7722.80 7793.47 7711.56 7823.63 7676.99 7839.40 7686.82 7854.11 7702.48
8 3683.92 4400.48 3679.38 4384.20 3682.98 4370.96 3706.25 4369.92 3747.91 4403.27 3749.54 4417.35 3747.08 4419.67 3701.80 4443.84
11 7490.83 9922.75 7504.08 9964.14 7479.43 9996.75 7467.06 10003.74 7454.46 10006.75 7434.11 9998.36 7431.90 9996.90 7415.53 9949.92 7417.39 9944.33 7458.51 9924.24 7484.44 9922.58
9 5437.43 9496.25 5372.04 9531.52 5355.89 9528.61 5336.98 9506.96 5325.07 9481.97 5341.43 9446.55 5348.88 9442.26 5371.71 9429.30 5411.66 9440.12
9 5652.14 12042.75 5620.65 11931.34 5658.08 11891.94 5698.85 11895.11 5754.91 11935.78 5766.21 11975.70 5723.27 12023.96 5720.13 12025.69 5670.52 12044.99
9 5597.48 10670.78 5590.77 10757.84 5524.44 10760.55 5506.69 10751.19 5499.49 10730.67 5484.53 10662.30 5518.89 10639.19 5537.59 10627.51 5587.26 10644.14
8 11942.10 9303.49 11989.31 9214.84 12071.96 9193.01 12113.08 9246.07 12097.04 9308.74 12079.96 9365.62 12044.75 9374.97 12010.00 9357.48
9 4937.31 6711.29 4958.58 6657.47 4972.51 6647.05 5028.46 6648.72 5062.56 6695.69 5033.85 6737.04 5015.40 6744.96 4981.06 6759.11 4949.22 6744.97
9 9737.62 7608.03 9748.41 7648.78 9745.79 7683.14 9725.38 7709.35 9707.32 7711.30 9702.80 7707.46 9675.94 7657.27 9663.56 7632.05 9691.69 7615.47
7 6941.78 3344.89 6935.56 3294.61 6938.48 3267.15 6966.78 3247.91 7024.08 3281.46 7061.63 3347.28 7020.50 3372.14
6 1078.83 1123.28 1180.70 1064.44 1220.24 1085.25 1225.51 1141.67 1145.44 1192.59 1122.89 1195.34
8 5084.15 4655.03 5080.57 4618.72 5084.08 4608.43 5129.37 4593.14 5167.99 4619.61 5172.35 4633.37 5134.80 4681.92 5116.71 4687.39
9 2237.98 2663.36 2231.29 2645.02 2243.23 2605.92 2260.40 2596.56 2290.66 2596.10 2309.35 2603.81 2314.49 2625.71 2304.97 2660.11 2294.07 2676.36
6 4709.74 9876.76 4737.26 9928.06 4695.34 9979.46 4631.28 9967.16 4613.61 9934.93 4623.12 9888.13
10 10515.19 4449.11 10494.30 4408.96 10515.73 4387.51 10547.13 4368.27 10552.08 4369.81 10557.34 4371.93 10578.27 4389.21 10575.73 4422.17 10564.76 4455.49 10539.28 4457.72
10 5973.61 6911.85 5974.59 6862.06 5990.20 6842.58 6016.86 6834.55 6062.12 6857.69 6068.50 6870.00 6074.08 6908.87 6055.38 6923.34 6006.72 6934.14 5989.40 6927.09
10 3131.48 10850.49 3088.32 10849.86 3081.98 10841.17 3081.30 10820.85 3091.98 10800.01 3125.54 10781.07 3137.57 10787.84 3155.97 10811.99 3155.24 10846.80 3143.95 10848.71
8 6305.02 4827.85 6211.69 4777.87 6217.37 4674.76 6235.16 4656.62 6294.91 4635.66 6334.17 4668.68 6367.96 4710.96 6383.84 4754.75
10 1396.59 8481.63 1424.29 8470.55 1477.00 8487.13 1492.95 8505.08 1482.60 8540.77 1456.42 8554.13 1445.30 8557.43 1433.73 8554.99 1385.96 8542.27 1393.66 8488.79
7 7205.58 7647.86 7255.24 7709.88 7240.22 7749.27 7226.51 7769.54 7144.88 7779.67 7127.94 7757.95 7151.61 7714.00
9 5691.10 1911.50 5630.29 1869.43 5636.12 1845.00 5655.84 1816.97 5692.50 1811.51 5695.61 1812.07 5722.75 1820.88 5725.45 1877.22 5724.17 1906.82
7 6031.99 12248.31 6042.49 12212.52 6076.15 12214.00 6076.80 12214.22 6087.20 12246.47 6089.73 12267.98 6032.84 12259.73
9 6232.36 2937.36 6228.14 2928.37 6234.50 2889.31 6244.92 2877.84 6300.94 2880.15 6317.55 2895.52 6308.89 2937.58 6284.48 2957.74 6269.80 2965.49
10 787.19 6465.48 807.83 6498.19 796.96 6525.43 787.88 6533.41 762.41 6533.19 723.67 6510.19 729.82 6492.42 745.50 6474.09 760.32 6462.59 779.55 6459.71
9 762.55 5578.29 764.16 5546.53 789.09 5548.09 809.79 5553.28 822.74 5566.25 824.13 5588.75 794.35 5614.71 783.50 5612.65 769.08 5596.58
9 5328.92 10190.73 5285.22 10111.84 5314.74 10057.82 5356.24 10038.33 5392.43 10056.08 5401.55 10065.04 5424.10 10111.12 5428.23 10160.96 5367.19 10197.20
6 9416.18 216.74 9342.04 360.62 9281.32 301.59 9269.16 264.64 9282.68 214.65 9370.99 205.46
10 11486.59 993.14 11498.30 968.28 11527.76 942.16 11552.59 942.73 11563.84 953.42 11574.45 976.17 11584.73 1022.66 11561.63 1036.08 11533.30 1040.11 11508.94 1015.85
10 7432.05 11263.02 7437.19 11237.01 7457.85 11223.91 7460.67 11223.72 7462.98 11226.88 7477.94 11269.15 7481.64 11288.07 7472.31 11294.68 7447.64 11290.40 7443.89 11287.66
8 8749.72 434.17 8858.47 418.60 8891.77 471.30 8854.85 524.22 8834.81 543.64 8771.65 546.75 8761.39 545.77 8753.36 537.59
10 4038.77 12549.14 4003.73 12503.98 4023.82 12464.92 4030.82 12458.52 4065.17 12430.51 4103.75 12458.94 4105.44 12460.70 4114.34 12482.06 4088.64 12534.08 4078.14 12538.57
9 9739.30 3388.72 9729.98 3364.98 9747.84 3337.80 9787.75 3305.05 9832.64 3336.71 9850.15 3351.56 9840.79 3388.38 9813.29 3404.37 9794.58 3411.86
7 4138.06 3698.98 4131.50 3759.19 4087.37 3778.95 4045.54 3763.56 4050.79 3720.19 4074.91 3644.48 4085.37 3651.40
6 5882.97 8757.54 5871.44 8807.79 5791.30 8797.38 5788.28 8767.00 5792.44 8756.36 5829.11 8731.50
8 6777.64 10791.93 6811.37 10840.28 6798.20 10872.82 6775.64 10899.63 6750.67 10892.00 6712.41 10873.08 6693.57 10848.16 6698.94 10815.89
6 2507.21 253.63 2531.57 207.78 2592.72 249.40 2589.67 296.38 2559.72 310.27 2523.86 308.74
11 10864.70 820.76 10866.72 717.55 10886.16 704.12 10939.45 718.76 10986.49 735.18 11000.37 764.27 11002.73 770.63 10996.25 808.53 10981.93 828.07 10952.11 845.43 10906.84 849.32
10 4641.35 4195.90 4602.03 4134.73 4632.58 4075.26 4650.26 4060.90 4702.73 4069.56 4720.56 4090.89 4731.10 4105.67 4735.78 4185.73 4723.25 4200.70 4705.34 4206.53
7 8846.83 1495.83 8908.50 1440.55 8996.22 1499.10 8995.16 1507.21 8946.55 1550.81 8895.21 1540.32 8849.70 1522.51
11 10360.76 330.45 10353.44 364.61 10335.23 388.03 10327.79 391.36 10293.32 390.46 10282.38 381.69 10280.33 377.93 10270.40 328.35 10276.83 300.87 10300.01 296.71 10338.49 317.67
9 5895.44 1423.13 5859.13 1410.56 5856.20 1402.80 5855.87 1360.74 5871.98 1349.17 5910.18 1342.63 5935.23 1363.22 5926.53 1416.29 5922.12 1420.31
10 8144.34 2597.43 8163.26 2579.00 8190.00 2565.10 8210.63 2576.69 8215.67 2586.24 8224.39 2612.06 8212.65 2633.30 8188.74 2641.26 8169.69 2634.24 8147.54 2616.78
9 4393.96 9347.64 4398.20 9271.79 4467.79 9246.60 4527.82 9293.74 4541.46 9332.76 4518.40 9396.47 4454.64 9404.62 4408.85 9395.58 4405.11 9387.36
7 556.43 4326.31 637.20 4257.88 707.94 4336.85 700.23 4376.18 679.89 4411.55 659.28 4416.15 601.97 4390.21
9 7632.33 1815.13 7671.95 1741.29 7715.48 1746.87 7770.27 1761.66 7795.31 1809.42 7757.50 1860.82 7735.15 1864.08 7664.01 1871.80 7650.19 1848.49
9 9115.32 10103.39 9137.20 10016.82 9172.16 10011.89 9219.97 10033.11 9230.86 10082.68 9231.26 10098.91 9219.94 10116.78 9168.46 10140.43 9135.09 10123.87
6 11864.37 3864.23 11916.82 3947.51 11887.93 4008.39 11802.13 4005.12 11745.95 3969.01 11749.37 3891.33
12 1396.08 10194.60 1331.62 10176.85 1314.73 10157.71 1296.71 10126.63 1293.21 10090.03 1329.91 10040.86 1346.57 10025.25 1365.01 10022.08 1431.48 10064.31 1457.01 10081.40 1466.57 10119.24 1447.77 10141.88
11 11359.16 9339.10 11389.25 9283.86 11422.10 9265.86 11469.80 9249.00 11505.02 9244.05 11512.49 9324.35 11516.66 9376.12 11442.29 9409.97 11431.05 9411.83 11406.93 9402.56 11363.34 9368.32
10 2541.70 11459.01 2519.66 11430.36 2520.50 11411.04 2536.17 11394.88 2574.29 11391.91 2581.98 11396.90 2592.02 11415.92 2591.66 11425.05 2586.41 11460.43 2552.76 11464.50
8 5897.26 8317.38 5852.32 8342.94 5811.58 8333.11 5793.06 8310.57 5814.43 8252.99 5840.72 8232.28 5867.90 8236.03 5889.21 8269.98
6 5947.25 12531.00 5878.23 12478.36 5886.29 12443.39 5970.61 12379.85 6001.82 12440.61 6019.26 12490.48
7 8545.65 1515.17 8458.31 1505.87 8462.98 1474.76 8466.42 1460.65 8489.60 1454.23 8560.72 1447.87 8555.37 1497.15
9 4181.77 1104.80 4192.47 1149.72 4190.05 1164.47 4181.65 1182.88 4152.12 1188.58 4141.15 1179.88 4126.08 1167.67 4112.29 1128.75 4147.45 1110.28
9 2203.20 10997.25 2183.35 11029.98 2153.11 11021.04 2144.20 11017.89 2125.24 10996.16 2120.30 10984.03 2122.45 10970.46 2159.28 10952.49 2200.14 10976.42
8 9201.46 2806.88 9225.35 2760.53 9279.84 2727.44 9306.24 2737.89 9345.23 2828.67 9316.79 2863.67 9243.47 2861.40 9223.27 2839.41
9 9813.13 7120.31 9846.21 7094.28 9853.96 7091.35 9883.62 7114.54 9884.83 7141.21 9880.79 7149.19 9876.48 7157.19 9822.60 7162.37 9814.79 7133.33
8 10808.24 12392.96 10906.02 12350.65 10928.84 12357.13 10942.92 12396.00 10950.98 12445.17 10895.93 12489.92 10855.51 12477.73 10815.87 12439.98
9 3504.42 4572.39 3546.39 4530.26 3561.02 4538.52 3589.26 4555.14 3600.14 4568.17 3598.39 4600.19 3540.54 4617.07 3525.00 4617.88 3511.27 4593.17
9 6115.57 8966.24 6116.27 9035.31 6091.22 9042.26 6044.24 9044.63 6034.97 9042.65 6031.62 9023.53 6033.58 8964.65 6050.24 8946.23 6106.54 8961.86
7 11929.83 4394.77 11999.65 4339.55 12011.71 4353.48 12034.92 4402.87 12025.58 4437.48 12002.56 4465.67 11936.56 4448.31
7 326.82 4923.79 357.37 4827.83 394.48 4828.51 450.38 4852.06 461.84 4899.83 459.81 4931.41 426.21 4967.85
9 9116.28 4801.48 9111.97 4768.29 9125.84 4756.75 9146.83 4742.74 9179.82 4763.10 9183.25 4777.94 9174.86 4801.65 9162.89 4819.89 9153.77 4824.22
13 1434.14 7135.54 1433.23 7121.92 1438.74 7104.09 1455.86 7086.72 1502.96 7093.53 1513.46 7098.04 1539.53 7114.96 1541.93 7128.89 1540.34 7143.78 1524.19 7165.49 1501.77 7179.35 1486.97 7180.44 1467.32 7166.41
8 9009.23 7288.21 8990.44 7221.92 9000.95 7203.58 9037.29 7190.97 9072.88 7226.40 9071.29 7244.83 9056.12 7276.26 9047.78 7280.74
12 4129.27 4068.64 4135.88 4005.53 4176.81 3992.80 4194.69 3994.58 4215.08 4020.82 4226.72 4045.23 4224.54 4068.00 4223.72 4070.77 4210.12 4089.72 4191.06 4104.10 4136.42 4089.49 4133.75 4087.79
7 6614.64 4533.61 6551.57 4660.17 6472.02 4632.41 6453.44 4558.25 6458.14 4540.05 6493.99 4508.31 6551.70 4500.37
8 3088.62 11048.79 3059.99 11107.24 3041.51 11099.24 3023.48 11075.25 3031.21 11042.44 3041.88 11033.71 3061.44 11019.39 3072.09 11030.21
7 5269.01 4701.65 5314.28 4805.81 5300.90 4807.41 5235.60 4794.48 5190.48 4773.93 5205.10 4741.92 5262.08 4703.44
9 2527.96 7638.50 2539.20 7621.33 2603.54 7631.60 2612.63 7649.64 2608.91 7667.09 2581.01 7689.86 2556.33 7701.82 2536.77 7671.92 2530.98 7655.03
9 5271.03 3765.86 5296.80 3751.83 5322.72 3769.26 5338.38 3785.42 5346.10 3794.51 5336.93 3849.27 5322.27 3857.51 5279.64 3814.13 5274.97 3791.69
8 10702.11 8684.92 10730.51 8753.22 10726.04 8763.08 10692.50 8817.93 10646.60 8825.86 10594.01 8826.24 10580.13 8807.18 10585.52 8692.22
8 6042.09 11245.86 6023.09 11237.13 6012.56 11222.79 6002.87 11199.98 6006.79 11195.41 6081.91 11219.21 6070.18 11236.97 6056.50 11242.18
10 11900.20 3803.22 11894.91 3769.70 11898.73 3757.87 11936.34 3752.68 11959.18 3759.26 11964.04 3786.46 11961.43 3802.96 11942.68 3823.54 11914.16 3825.21 11907.36 3818.00
10 6502.62 4431.84 6492.86 4391.64 6498.39 4383.24 6519.38 4365.80 6536.23 4371.71 6545.58 4380.49 6565.11 4407.51 6563.79 4417.02 6552.93 4435.04 6524.23 4442.73
10 7859.97 11672.56 7879.98 11638.33 7891.23 11623.34 7904.71 11630.64 7917.92 11654.33 7922.96 11668.21 7912.19 11689.68 7909.93 11690.50 7880.29 11696.43 7867.59 11688.87
10 10442.83 12152.59 10413.89 12136.72 10403.94 12110.70 10403.37 12092.08 10412.00 12069.71 10469.39 12043.90 10494.94 12057.11 10519.63 12080.73 10517.17 12122.95 10469.57 12147.02
9 12342.69 8682.12 12343.60 8634.21 12384.13 8618.40 12387.29 8617.24 12423.64 8607.80 12486.78 8643.90 12492.35 8703.57 12482.57 8719.84 12351.23 8708.41
8 9870.92 6032.35 9825.64 6059.59 9712.86 6054.60 9692.43 6027.55 9736.83 5939.89 9748.78 5932.11 9779.17 5915.73 9865.85 6022.43
10 5794.01 9614.55 5753.33 9554.44 5753.48 9530.18 5781.65 9478.11 5818.20 9464.10 5837.37 9464.92 5886.37 9503.11 5909.28 9554.73 5906.56 9579.86 5863.53 9596.55
11 457.61 12017.21 430.36 11990.58 439.92 11956.74 460.37 11942.03 499.82 11938.03 519.73 11944.02 529.87 11949.25 542.03 11959.18 532.59 12001.18 513.79 12026.17 498.54 12034.16
7 9307.65 2004.32 9339.29 1972.86 9363.76 1972.76 9411.90 1993.84 9397.94 2050.16 9362.18 2079.30 9314.25 2045.20
6 9407.75 3415.62 9422.98 3512.22 9403.95 3535.44 9302.16 3498.66 9293.95 3448.24 9312.52 3419.39
9 5143.44 4390.77 5048.93 4435.79 4989.19 4402.18 4985.37 4358.57 4989.01 4322.36 5031.27 4310.81 5073.01 4300.88 5132.95 4292.74 5142.38 4376.37
7 11649.62 5101.46 11694.43 5157.76 11683.69 5199.35 11644.85 5207.17 11561.48 5207.88 11550.33 5154.62 11600.78 5112.44
10 7873.54 12598.32 7869.11 12525.97 7872.19 12519.74 7906.74 12497.88 7950.90 12493.37 7964.53 12498.10 7971.53 12515.53 7989.83 12568.65 7981.31 12585.11 7927.77 12615.62
9 9859.74 2002.00 9884.88 1987.10 9932.55 2011.09 9934.02 2012.19 9953.48 2026.88 9949.04 2037.39 9931.27 2071.59 9913.76 2073.51 9862.89 2039.30
5 1921.50 309.99 1901.46 229.90 1986.47 196.15 2022.15 213.91 2004.43 235.40
9 2558.23 607.52 2550.33 586.59 2550.75 583.81 2598.93 570.61 2610.11 578.77 2621.33 596.46 2613.99 617.76 2603.10 623.40 2585.29 629.61
7 1801.30 11138.45 1834.63 11100.94 1874.08 11120.70 1898.11 11160.53 1883.01 11194.05 1858.37 11206.89 1807.42 11183.13
8 8991.67 5675.69 9012.41 5619.82 9065.19 5580.13 9153.53 5633.19 9165.28 5665.50 9155.43 5708.73 9031.60 5747.12 9027.86 5741.39
8 6675.44 7304.36 6700.85 7267.47 6710.56 7265.40 6745.10 7268.09 6750.11 7304.14 6749.40 7326.63 6735.37 7339.70 6697.98 7334.55
5 5729.38 5705.92 5737.20 5751.89 5688.18 5763.10 5669.36 5754.48 5675.54 5706.67
9 7517.20 5530.11 7471.31 5469.13 7511.17 5417.76 7551.07 5413.17 7575.62 5442.83 7590.26 5461.93 7588.57 5480.80 7575.46 5521.03 7557.59 5533.70
9 11925.86 6999.21 11976.25 7027.07 11973.21 7066.28 11957.24 7095.15 11909.52 7102.54 11886.26 7077.08 11884.24 7047.08 11897.41 7021.05 11903.72 7010.51
6 2078.84 10816.92 1977.26 10744.44 2024.70 10658.57 2075.80 10671.80 2112.14 10684.69 2108.53 10760.04
7 5218.97 5903.50 5189.98 5961.72 5099.29 5960.93 5082.17 5947.06 5080.74 5873.84 5113.77 5820.09 5170.32 5830.74
8 11346.80 9482.57 11372.68 9512.05 11358.80 9544.55 11343.00 9571.87 11322.87 9569.60 11293.77 9546.27 11296.68 9520.56 11331.50 9493.40
10 2250.77 7442.31 2255.65 7371.41 2338.86 7321.68 2419.70 7367.66 2429.56 7399.89 2416.79 7464.68 2373.69 7486.58 2357.57 7483.00 2275.88 7462.20 2261.73 7453.55
9 7040.84 5200.01 7042.76 5180.50 7085.78 5132.28 7152.93 5145.29 7173.91 5210.21 7168.63 5219.66 7126.52 5257.35 7097.82 5252.48 7066.04 5233.34
9 12405.20 11455.26 12404.12 11519.71 12327.60 11520.79 12265.75 11492.48 12290.32 11407.72 12301.81 11395.06 12339.30 11367.14 12361.45 11374.11 12373.87 11378.28
9 4723.25 1133.03 4761.18 1093.14 4823.40 1075.27 4846.06 1076.92 4874.91 1104.18 4892.73 1180.24 4792.35 1225.92 4764.02 1221.09 4731.12 1178.11
6 10701.94 1770.47 10670.41 1751.38 10675.76 1711.34 10686.63 1694.83 10737.34 1683.08 10725.76 1760.53
9 2711.86 4096.02 2705.50 4075.13 2722.23 4041.83 2745.82 4041.65 2796.25 4052.93 2804.28 4086.63 2791.44 4094.75 2736.49 4123.71 2730.89 4123.64
7 3260.98 9827.84 3207.18 9758.38 3251.78 9745.61 3275.86 9740.52 3302.72 9748.90 3308.30 9781.97 3303.47 9821.26
10 5090.78 1793.02 5203.23 1837.86 5202.61 1846.61 5164.96 1881.34 5152.85 1890.93 5106.34 1915.14 5086.38 1894.53 5057.66 1847.73 5056.02 1839.93 5067.51 1793.69
8 11919.65 7658.45 11902.32 7613.03 11907.75 7600.11 11947.98 7565.39 11969.03 7586.34 11975.23 7647.27 11971.86 7663.56 11933.88 7663.48
10 10747.04 9284.72 10740.24 9231.75 10752.43 9222.59 10762.09 9219.83 10793.22 9218.47 10801.53 9223.91 10835.52 9262.01 10819.33 9286.09 10795.21 9298.17 10763.12 9297.59
12 3856.25 3410.39 3834.46 3348.28 3838.84 3344.13 3854.69 3334.39 3862.45 3330.24 3882.66 3324.29 3913.84 3333.23 3925.74 3350.01 3941.41 3392.27 3905.49 3430.15 3877.51 3435.95 3867.30 3429.73
10 2409.80 745.09 2361.42 782.85 2331.01 775.38 2316.62 735.63 2315.86 723.46 2316.55 711.02 2332.49 696.96 2373.13 682.20 2395.46 711.54 2403.98 727.07
12 5188.74 7550.63 5190.06 7564.31 5183.97 7581.85 5174.78 7586.69 5148.41 7589.24 5112.94 7576.08 5104.24 7557.78 5097.20 7537.68 5109.38 7503.83 5121.40 7484.78 5131.72 7475.08 5145.54 7469.66
9 5101.91 3916.56 5152.14 3968.22 5139.73 3999.29 5119.30 4030.94 5101.27 4039.07 5081.87 4044.98 5033.53 4022.51 5028.77 3942.14 5069.59 3926.81
6 7014.43 2552.78 6904.17 2467.89 6942.31 2443.78 7043.13 2441.07 7040.55 2483.89 7029.87 2523.57
11 11420.07 12596.90 11439.44 12563.60 11449.74 12555.74 11461.48 12551.28 11487.00 12568.04 11494.92 12574.76 11500.33 12597.87 11498.32 12604.04 11455.74 12634.63 11452.88 12632.94 11426.86 12611.16
8 6626.40 1783.38 6605.83 1811.32 6579.08 1813.95 6541.86 1799.73 6539.29 1792.58 6540.05 1755.59 6559.41 1733.60 6591.88 1748.77
12 10131.81 1060.02 10113.29 1025.09 10138.06 999.47 10142.81 997.80 10164.82 991.71 10179.84 991.39 10197.11 998.52 10212.39 1023.90 10199.32 1057.67 10171.91 1073.24 10158.77 1074.02 10141.45 1067.15
8 10714.89 7287.62 10710.57 7236.77 10765.28 7226.61 10808.29 7240.26 10811.23 7263.92 10807.92 7270.29 10784.98 7300.63 10737.40 7295.92
8 2952.19 4504.16 2948.00 4435.76 2962.10 4401.37 3032.83 4383.00 3083.68 4407.83 3080.38 4446.41 3073.57 4500.32 3041.30 4534.56
7 7439.30 4251.39 7421.14 4145.48 7445.11 4136.46 7511.63 4160.03 7513.39 4164.94 7516.44 4175.66 7510.11 4228.65
9 8902.21 4951.22 8875.66 4914.38 8890.42 4886.55 8909.71 4873.52 8939.90 4880.67 8949.53 4905.63 8951.64 4911.92 8943.56 4931.36 8911.28 4948.85
10 3485.82 10555.96 3473.85 10527.74 3514.68 10497.45 3525.93 10492.23 3550.27 10500.58 3576.94 10517.59 3572.89 10540.47 3570.02 10543.58 3525.66 10585.47 3509.79 10587.70
9 8727.33 11149.91 8732.97 11108.25 8760.87 11068.11 8813.47 11095.01 8833.59 11128.67 8838.94 11164.00 8819.58 11205.67 8750.83 11209.64 8736.32 11183.18
8 9398.57 1557.74 9420.41 1588.73 9414.01 1643.08 9355.16 1665.18 9320.20 1630.05 9309.04 1592.95 9311.24 1590.78 9371.40 1566.29
9 2079.57 8849.79 2115.85 8821.19 2128.62 8823.92 2154.05 8832.06 2166.30 8846.10 2159.86 8885.59 2142.86 8898.95 2122.08 8896.60 2108.14 8881.76
10 7130.08 4881.84 7143.13 4914.24 7138.79 4952.37 7046.02 5011.16 7027.20 5003.27 7007.44 4972.39 7036.45 4914.73 7044.33 4900.81 7071.07 4869.91 7092.23 4866.76
8 546.29 10802.23 527.32 10900.14 444.08 10896.82 411.97 10862.83 407.92 10850.71 407.21 10803.48 494.13 10763.82 505.36 10769.29
7 5971.52 9652.76 6001.26 9654.81 6011.57 9672.10 6024.90 9704.41 6014.55 9719.88 5951.26 9709.39 5955.33 9656.23
8 4757.42 7548.81 4721.66 7514.36 4762.04 7448.74 4785.38 7444.31 4794.94 7451.13 4811.43 7482.58 4820.10 7501.41 4832.23 7545.77
7 10522.48 9018.74 10487.98 9044.60 10452.10 9038.15 10436.91 9013.88 10442.61 8977.15 10497.24 8960.89 10522.29 9007.27
7 1204.03 11244.01 1133.08 11182.09 1141.03 11134.23 1166.52 11100.02 1242.38 11118.56 1274.10 11131.11 1238.17 11221.20
8 3706.51 5173.77 3745.30 5144.01 3777.13 5159.41 3792.91 5192.42 3777.73 5226.78 3760.97 5240.74 3710.50 5226.43 3708.75 5218.82
11 5296.62 11949.74 5239.54 11956.98 5206.32 11938.47 5199.67 11913.86 5219.96 11885.79 5245.16 11867.58 5264.46 11869.14 5286.95 11875.81 5289.26 11877.20 5294.00 11898.13 5296.52 11921.43
9 6641.10 10117.56 6667.32 10048.26 6735.40 10055.33 6752.31 10074.64 6751.17 10084.60 6746.29 10120.81 6722.47 10163.90 6707.63 10158.90 6651.62 10128.72
10 1395.50 2562.70 1347.88 2620.30 1314.57 2613.09 1287.13 2601.50 1269.51 2518.57 1278.03 2502.13 1304.71 2490.36 1334.07 2491.16 1356.59 2493.21 1385.25 2529.34
6 5806.51 11605.72 5812.33 11510.71 5851.89 11526.52 5870.08 11544.50 5871.98 11574.84 5853.32 11595.38
6 6460.58 723.63 6468.77 658.32 6560.53 688.37 6571.51 721.38 6575.08 766.34 6467.63 742.56
8 5957.12 9297.87 5998.07 9239.27 6053.40 9262.52 6064.06 9268.88 6085.26 9292.99 6066.08 9326.86 6043.05 9366.36 5972.23 9312.61
8 1969.75 8577.22 2001.06 8622.02 1992.99 8642.45 1962.93 8667.97 1927.93 8678.32 1910.86 8673.77 1888.35 8604.57 1897.25 8598.55
7 5403.13 2551.37 5431.04 2643.56 5363.46 2671.69 5309.25 2640.37 5312.05 2616.36 5332.98 2562.30 5347.87 2551.29
9 5326.70 11192.93 5268.31 11156.28 5300.45 11105.41 5322.82 11075.63 5349.96 11080.98 5382.52 11115.63 5378.12 11151.84 5368.81 11178.15 5345.58 11197.43
7 5914.78 778.75 5954.05 887.76 5934.70 937.44 5842.17 888.20 5829.79 852.60 5849.47 830.55 5913.74 779.42
6 2655.11 5511.00 2608.44 5469.83 2623.14 5444.57 2653.83 5435.45 2688.49 5449.02 2689.20 5488.96
11 3757.18 9381.96 3755.88 9342.63 3756.87 9329.79 3769.92 9319.80 3783.62 9319.30 3786.29 9320.33 3844.58 9346.66 3840.12 9366.66 3838.09 9369.47 3799.06 9395.42 3778.24 9389.33
9 9978.55 2451.49 10037.43 2389.45 10076.90 2387.48 10127.85 2427.52 10132.67 2529.26 10107.77 2543.68 10011.89 2550.13 9989.32 2527.77 9982.65 2485.61
8 2355.22 10728.29 2349.00 10646.81 2355.03 10630.46 2403.69 10612.46 2432.12 10623.77 2462.93 10663.69 2453.09 10705.59 2413.01 10743.80
9 11243.98 5162.61 11266.03 5162.02 11282.20 5200.41 11282.94 5215.27 11268.47 5244.82 11260.76 5244.78 11204.44 5227.00 11203.59 5192.39 11209.48 5184.00
9 8187.53 1099.43 8139.38 1072.23 8143.96 1056.12 8164.42 1034.20 8192.14 1019.68 8214.81 1037.66 8220.11 1057.56 8220.37 1068.59 8215.40 1082.17
