Medium_750_B
7451.07 6925.25
3083.67 1378.52
4 0.00 0.00 11200.00 0.00 11200.00 11200.00 0.00 11200.00
750
10 7829.36 9515.24 7790.98 9463.84 7801.61 9439.13 7815.27 9408.78 7864.65 9403.57 7881.79 9429.33 7905.96 9474.28 7910.89 9487.21 7910.79 9492.48 7898.24 9502.75
14 7529.09 5409.29 7515.09 5423.69 7509.35 5426.71 7507.50 5408.20 7508.03 5393.89 7494.54 5394.45 7496.04 5389.65 7490.20 5351.80 7485.48 5343.15 7512.15 5365.35 7531.22 5352.36 7543.82 5364.56 7553.51 5377.38 7531.96 5379.87
9 9808.64 7432.38 9798.71 7479.15 9713.38 7410.09 9718.85 7335.09 9762.60 7366.16 9783.05 7359.97 9834.39 7377.37 9819.47 7391.36 9812.70 7401.90
9 4124.69 2955.12 4141.81 2885.21 4156.18 2857.46 4217.68 2867.89 4244.05 2890.06 4251.18 2945.80 4215.82 2979.20 4187.50 3001.18 4130.12 2966.44
10 10909.11 3957.13 10835.80 3920.32 10812.78 3883.71 10809.93 3871.09 10833.49 3814.57 10907.49 3795.05 10954.92 3792.28 10979.99 3846.30 10985.62 3870.97 10956.42 3948.46
12 882.80 751.90 871.36 714.24 873.80 693.11 876.72 668.59 896.87 663.21 943.70 651.25 967.48 654.28 989.24 690.39 983.68 706.90 946.12 759.22 940.92 764.84 923.53 769.42
14 3469.28 9524.85 3441.95 9539.71 3434.01 9568.16 3435.78 9553.38 3433.75 9551.78 3439.04 9536.50 3420.72 9556.81 3404.59 9530.97 3406.10 9529.29 3431.20 9523.49 3419.31 9504.52 3438.07 9512.62 3431.54 9484.71 3460.92 9489.71
13 10963.68 1249.28 10939.67 1245.78 10937.48 1265.49 10935.93 1264.36 10934.01 1278.07 10926.83 1255.49 10905.49 1294.06 10907.69 1249.69 10904.30 1201.78 10907.60 1204.94 10915.96 1191.68 10930.17 1219.22 10946.51 1217.13
12 7116.91 7089.20 7081.97 7085.96 7061.64 7073.05 7053.62 7053.63 7058.56 7040.01 7069.82 7022.86 7105.68 7008.57 7129.20 7020.07 7142.33 7039.85 7144.29 7045.29 7139.97 7059.38 7126.51 7080.96
7 1887.62 7661.18 1843.45 7610.78 1866.82 7529.42 1911.76 7522.81 1960.40 7537.76 1966.60 7620.09 1903.73 7656.70
11 792.98 9006.36 791.24 8984.08 793.64 8947.78 809.20 8933.97 812.11 8931.88 850.54 8941.26 868.96 8956.44 866.94 8970.76 857.58 9003.60 835.72 9014.32 816.13 9020.16
10 3186.93 891.44 3199.53 812.23 3235.94 764.09 3277.44 768.23 3319.06 804.06 3369.02 868.15 3343.61 899.04 3272.26 921.98 3241.62 930.14 3190.81 898.86
7 1809.77 182.42 1740.97 208.85 1716.35 190.21 1685.45 129.98 1712.03 90.47 1771.10 74.84 1784.87 79.39
10 6851.99 710.68 6808.03 701.10 6789.96 669.03 6786.84 642.06 6803.28 621.44 6811.38 618.61 6868.84 605.43 6881.37 620.26 6902.23 660.51 6868.21 708.32
11 10190.68 9601.93 10189.75 9575.01 10208.82 9567.82 10246.39 9563.06 10281.69 9587.17 10285.23 9602.11 10283.09 9620.95 10268.52 9642.22 10263.75 9645.93 10218.28 9650.35 10208.31 9650.63
11 3301.77 3567.84 3261.36 3565.38 3264.33 3570.47 3247.43 3602.12 3229.44 3567.41 3204.26 3577.17 3218.59 3559.88 3215.12 3528.24 3259.83 3531.47 3258.57 3547.29 3279.10 3554.31
9 9074.74 7465.31 9077.18 7476.03 9027.42 7440.00 8994.10 7414.60 9041.08 7424.71 9043.49 7407.92 9063.48 7412.03 9073.80 7409.11 9088.35 7436.82
7 664.75 9629.88 626.61 9635.56 599.00 9662.14 605.89 9626.09 591.81 9587.57 608.79 9577.32 627.40 9573.44
9 1107.89 3273.66 1132.80 3246.32 1161.08 3250.03 1183.96 3268.12 1182.65 3291.18 1172.71 3311.71 1155.81 3320.80 1140.56 3324.48 1108.53 3290.51
10 3144.08 10077.07 3146.70 9993.38 3236.31 9992.51 3242.18 9993.96 3269.54 10009.00 3288.19 10034.93 3261.21 10101.41 3251.48 10110.16 3213.99 10107.90 3199.72 10106.31
9 8652.74 2288.23 8663.76 2255.55 8709.30 2224.53 8770.58 2256.65 8775.09 2291.92 8771.45 2309.93 8745.87 2337.36 8738.18 2339.25 8685.06 2325.31
5 8858.23 2844.51 8822.85 2864.26 8821.15 2868.43 8810.57 2834.78 8845.87 2820.16
10 3919.72 5738.58 3809.54 5770.23 3805.61 5760.73 3780.23 5748.77 3807.36 5736.93 3860.60 5629.94 3861.25 5640.23 3866.66 5654.63 3854.72 5691.19 3919.75 5677.59
8 525.38 2134.39 502.53 2115.84 481.37 2138.72 469.04 2166.87 484.12 2074.24 565.09 2085.75 556.65 2087.86 558.64 2094.03
6 3334.83 10542.38 3305.14 10488.84 3341.30 10470.77 3377.89 10452.83 3418.45 10501.11 3388.54 10537.38
9 9664.28 7345.88 9670.24 7389.53 9653.59 7411.96 9631.60 7414.29 9575.51 7401.13 9577.84 7356.33 9580.02 7332.51 9609.58 7328.80 9648.44 7334.87
14 6716.39 4154.02 6681.01 4198.78 6672.41 4162.68 6638.01 4173.77 6624.89 4152.96 6626.28 4148.14 6637.03 4106.74 6663.88 4133.58 6658.85 4117.98 6672.05 4091.75 6679.37 4088.88 6680.49 4132.61 6704.01 4118.74 6707.46 4142.62
8 5208.24 539.34 5154.65 570.16 5154.16 544.36 5136.56 527.54 5146.90 522.70 5134.01 516.71 5221.83 506.71 5234.49 509.72
8 6658.14 9568.06 6623.60 9558.54 6589.73 9536.98 6620.21 9479.91 6623.29 9495.15 6633.01 9504.58 6658.42 9480.77 6646.74 9495.37
6 452.95 5188.39 424.55 5147.15 450.95 5128.12 508.72 5130.74 507.11 5166.35 493.50 5176.61
6 3781.83 8419.15 3693.09 8351.62 3695.95 8326.35 3705.58 8315.91 3780.44 8277.36 3848.26 8337.22
10 4809.31 1769.19 4771.01 1767.33 4733.62 1737.42 4718.01 1702.42 4722.83 1680.36 4737.13 1636.50 4740.60 1633.34 4826.33 1632.76 4840.95 1668.66 4820.51 1746.81
12 10286.60 1995.59 10258.46 1964.61 10246.43 2011.51 10183.71 1959.80 10229.11 1950.31 10208.43 1942.50 10205.48 1922.70 10211.24 1896.56 10222.23 1897.70 10256.44 1916.85 10259.76 1898.75 10300.34 1941.54
8 7453.59 6716.74 7393.98 6670.57 7395.11 6640.98 7396.56 6636.69 7417.61 6603.67 7438.85 6575.63 7497.50 6577.49 7529.44 6676.31
12 3769.49 7370.32 3750.80 7367.48 3778.59 7394.96 3740.26 7396.76 3710.62 7376.11 3715.45 7373.13 3693.95 7359.99 3716.95 7346.15 3738.68 7342.69 3768.18 7299.78 3769.21 7310.94 3782.77 7316.11
8 10988.14 2935.76 10909.47 2990.04 10885.98 2950.78 10878.69 2932.64 10868.70 2907.39 10882.51 2884.80 10930.90 2872.59 10980.95 2903.10
15 3043.24 5369.32 3039.62 5378.72 3010.43 5381.22 3033.14 5414.35 2978.52 5391.23 2974.89 5381.64 2940.36 5363.80 2948.09 5351.21 2965.79 5345.13 2991.24 5336.75 3020.62 5346.78 3042.30 5332.36 3029.67 5345.38 3011.85 5359.60 3048.22 5365.33
9 8641.57 4089.32 8607.13 4030.94 8625.30 3991.07 8680.20 3972.31 8695.98 3975.18 8704.43 4011.33 8720.07 4084.05 8693.73 4098.96 8681.15 4102.45
10 7500.74 266.66 7512.55 245.28 7534.66 243.84 7553.56 253.20 7575.10 265.13 7577.67 302.74 7565.34 311.21 7548.05 322.86 7513.06 319.19 7504.09 300.97
10 6219.36 9439.45 6240.39 9393.99 6274.33 9395.41 6282.45 9400.67 6298.57 9413.85 6284.13 9450.88 6266.45 9461.60 6258.67 9463.64 6236.35 9458.50 6226.17 9449.15
9 3382.33 7895.65 3422.96 7923.43 3416.11 7977.99 3392.81 7991.82 3367.21 7989.28 3342.13 7970.84 3332.39 7954.02 3345.20 7913.44 3377.10 7897.53
8 4210.51 1330.72 4244.72 1402.13 4239.88 1422.82 4228.37 1446.49 4208.37 1452.93 4161.66 1444.67 4109.42 1420.39 4127.47 1348.31
13 4564.54 8737.47 4581.39 8756.71 4551.90 8746.27 4553.96 8763.84 4522.37 8780.70 4503.27 8731.66 4480.65 8722.14 4524.63 8722.91 4531.62 8684.16 4539.30 8718.30 4553.09 8708.52 4568.83 8700.58 4549.28 8731.49
11 10538.15 9243.72 10559.11 9169.49 10578.43 9160.26 10623.16 9165.59 10640.59 9176.13 10651.81 9194.05 10675.43 9235.13 10670.91 9270.99 10653.30 9311.79 10618.55 9317.03 10576.32 9319.27
8 2634.33 4882.79 2690.41 4874.33 2740.61 4916.94 2746.65 4929.23 2718.03 4965.88 2688.28 4989.51 2667.59 4977.10 2637.36 4898.52
10 274.43 9910.17 266.46 9840.98 278.85 9806.72 293.35 9786.82 357.50 9805.60 365.88 9862.46 363.87 9878.66 358.84 9901.37 334.33 9927.22 314.55 9929.82
11 116.51 11032.91 128.21 11013.24 149.89 10992.98 213.76 11009.74 221.12 11060.80 219.33 11073.94 200.72 11091.82 190.70 11097.51 151.22 11090.25 135.66 11087.17 117.58 11062.76
10 7367.83 3585.25 7347.60 3533.62 7374.34 3474.63 7414.77 3456.19 7474.49 3459.41 7497.50 3481.01 7501.76 3508.35 7500.48 3566.32 7424.04 3593.60 7396.66 3601.14
9 305.78 10725.49 243.59 10685.59 254.68 10601.94 322.64 10567.25 359.92 10589.37 379.97 10627.81 382.49 10636.12 359.83 10681.63 345.91 10693.35
6 956.38 4632.89 1058.12 4638.18 1001.86 4703.21 996.09 4706.88 976.85 4704.41 967.28 4690.45
8 7170.88 9289.02 7196.86 9189.61 7307.47 9186.27 7328.12 9231.25 7331.93 9251.09 7286.49 9338.58 7273.96 9340.83 7207.05 9319.27
9 10615.55 6741.49 10662.74 6719.55 10684.77 6729.21 10697.93 6736.52 10708.70 6760.89 10702.61 6773.61 10685.02 6801.68 10651.07 6790.22 10618.74 6769.71
10 2260.91 4739.51 2258.39 4663.43 2267.08 4640.31 2289.69 4623.56 2361.50 4639.71 2387.30 4656.86 2392.43 4705.28 2357.80 4758.25 2323.31 4780.32 2273.68 4748.60
10 3572.15 5841.34 3567.78 5826.12 3567.89 5803.32 3566.03 5803.78 3567.90 5795.12 3560.86 5769.63 3571.91 5779.88 3571.76 5778.27 3570.50 5764.00 3609.79 5748.90
5 9792.85 2697.56 9778.93 2637.99 9843.68 2623.03 9852.98 2651.43 9841.26 2665.22
9 1914.42 1109.17 1919.40 1162.45 1908.98 1154.97 1855.25 1112.32 1825.71 1118.09 1848.89 1108.00 1832.70 1035.80 1876.69 1084.84 1848.10 1047.88
9 6167.31 1247.03 6220.00 1354.70 6214.93 1385.42 6170.83 1397.16 6127.72 1394.82 6072.49 1379.93 6081.06 1344.26 6098.63 1289.94 6141.11 1250.13
10 2790.42 10143.33 2739.90 10188.67 2707.36 10170.97 2680.89 10144.66 2675.75 10130.99 2680.92 10102.42 2691.47 10090.73 2722.60 10058.45 2737.47 10055.52 2780.12 10109.35
10 9109.47 3371.48 9073.59 3381.58 9058.53 3365.51 9044.57 3346.65 9051.38 3343.44 9045.06 3321.04 9071.62 3336.64 9092.34 3319.51 9092.50 3326.78 9085.94 3350.30
8 2905.09 4261.60 2979.85 4213.88 2989.52 4215.73 3030.05 4225.24 3049.50 4258.99 3016.32 4365.22 2962.76 4370.75 2909.38 4317.97
6 10934.77 10151.23 10952.16 10181.09 10972.30 10200.85 10956.19 10202.64 10876.41 10215.25 10847.47 10106.60
14 7903.33 5596.99 7882.27 5605.17 7872.18 5599.69 7856.59 5578.08 7865.72 5575.04 7875.88 5552.63 7894.93 5527.45 7895.94 5525.89 7900.84 5562.60 7902.45 5551.30 7910.40 5541.50 7911.94 5554.35 7915.34 5552.90 7918.52 5556.56
5 7796.57 5710.51 7721.73 5668.09 7748.71 5614.88 7814.74 5628.85 7820.52 5654.70
10 5220.17 4008.36 5209.81 4008.05 5220.33 4022.40 5157.77 4034.65 5138.96 4031.73 5165.15 3998.83 5136.45 3998.14 5166.72 3969.66 5214.08 3932.96 5237.73 3976.82
8 1397.06 9832.15 1429.05 9869.73 1425.13 9903.97 1390.44 9910.88 1361.22 9906.50 1322.46 9877.15 1336.34 9845.10 1376.00 9833.92
5 6852.78 2390.40 6832.09 2362.92 6817.15 2360.23 6867.65 2337.76 6866.69 2350.28
8 10709.63 8223.93 10648.16 8250.15 10652.28 8197.50 10647.69 8200.13 10606.68 8218.73 10597.55 8187.12 10650.72 8174.02 10670.49 8147.17
7 9862.64 3789.83 9897.21 3700.46 9930.76 3700.23 9987.25 3729.72 9959.41 3846.01 9896.56 3861.96 9870.07 3825.09
8 3565.21 1191.19 3499.79 1216.40 3497.78 1216.24 3493.42 1189.30 3480.36 1108.13 3521.20 1090.41 3575.04 1125.26 3574.74 1147.14
10 8947.58 7569.23 8924.47 7528.46 8931.93 7503.36 8968.73 7461.82 9029.05 7482.19 9039.16 7503.11 9020.56 7547.50 8999.90 7576.59 8986.24 7579.12 8958.80 7573.34
8 10890.11 7783.59 10881.16 7816.68 10832.06 7774.20 10849.31 7742.89 10872.26 7755.06 10878.58 7747.96 10874.28 7767.04 10891.02 7753.73
7 10407.04 5867.16 10371.18 5907.11 10293.10 5910.49 10277.65 5882.78 10317.50 5788.78 10334.58 5776.92 10375.73 5807.38
6 5658.73 9551.95 5675.14 9608.86 5623.28 9620.70 5580.76 9613.47 5579.91 9575.27 5599.61 9554.44
7 7692.98 2068.02 7640.21 2050.30 7658.70 2021.94 7667.37 1974.19 7700.40 1996.76 7738.23 1947.78 7710.87 1998.36
11 4399.77 6766.05 4409.23 6775.52 4399.89 6803.95 4352.69 6810.13 4350.46 6799.38 4336.89 6818.74 4329.04 6779.81 4360.06 6702.32 4362.65 6708.96 4410.64 6732.74 4415.65 6740.43
9 4653.69 443.50 4670.99 417.43 4691.97 409.12 4729.57 399.25 4762.64 418.68 4781.75 482.51 4750.60 515.12 4703.46 516.50 4662.13 477.10
9 1821.38 1747.61 1861.17 1774.15 1849.68 1809.35 1838.28 1834.34 1816.89 1850.74 1800.14 1846.23 1782.51 1841.28 1763.69 1801.56 1773.84 1775.22
9 5712.59 6484.80 5738.49 6450.06 5751.96 6433.44 5775.63 6444.10 5797.24 6479.27 5783.80 6499.02 5776.21 6503.65 5750.78 6514.85 5724.04 6494.52
8 9772.59 8224.15 9694.94 8302.02 9653.23 8287.32 9597.69 8242.43 9607.69 8157.60 9670.43 8119.75 9686.92 8122.61 9754.40 8175.52
11 3010.73 6798.42 3048.18 6742.48 3075.62 6719.66 3082.37 6716.54 3139.81 6762.04 3145.25 6774.96 3147.91 6836.32 3109.58 6861.03 3090.45 6860.04 3025.29 6851.52 3014.65 6816.29
5 3459.10 10339.77 3406.12 10363.30 3362.33 10312.85 3388.03 10283.97 3419.09 10267.24
7 392.04 1292.79 408.47 1344.40 399.03 1353.78 347.72 1372.20 339.82 1368.85 285.55 1293.19 316.50 1271.25
7 6219.94 1411.13 6298.99 1339.39 6370.22 1407.18 6361.72 1430.90 6320.76 1482.70 6258.52 1483.26 6225.42 1447.85
7 1334.29 3037.42 1350.58 3064.25 1302.14 3068.55 1298.98 3076.59 1281.20 3058.85 1326.61 2980.52 1319.23 3011.67
11 7626.02 4750.75 7597.87 4694.24 7598.98 4652.24 7652.82 4613.70 7722.12 4615.41 7765.36 4668.24 7764.83 4707.37 7729.07 4749.04 7710.09 4762.28 7646.46 4768.13 7634.24 4757.83
8 5480.15 3430.79 5440.51 3420.94 5442.23 3462.99 5417.60 3425.85 5372.45 3434.74 5368.21 3389.10 5418.69 3360.48 5449.43 3371.05
9 6946.98 6756.65 6977.13 6788.88 6902.50 6769.91 6865.31 6765.09 6873.65 6710.57 6892.25 6719.13 6932.97 6731.58 6947.27 6735.75 6949.90 6743.18
15 5389.99 2897.89 5396.62 2904.30 5374.97 2893.14 5357.42 2887.95 5367.69 2923.50 5353.28 2893.20 5339.11 2922.10 5330.88 2913.27 5312.28 2877.74 5337.21 2867.77 5330.63 2854.08 5345.50 2821.40 5362.13 2835.12 5380.91 2848.71 5404.90 2859.18
6 7783.82 1505.19 7780.69 1513.82 7767.48 1532.91 7759.69 1505.23 7750.29 1497.90 7783.64 1464.57
11 133.76 5463.31 154.92 5436.54 175.58 5438.07 186.02 5439.13 211.95 5459.57 221.69 5480.46 216.26 5502.45 167.66 5511.66 136.66 5505.90 125.15 5478.82 125.73 5476.69
14 7811.39 5078.17 7785.67 5087.86 7784.20 5089.39 7786.73 5110.13 7747.46 5102.43 7760.65 5087.11 7763.19 5081.24 7764.29 5078.62 7745.81 5064.40 7763.82 5045.18 7785.65 5044.73 7781.66 5063.08 7782.55 5064.52 7789.20 5062.69
8 5772.10 2459.95 5703.56 2484.07 5722.89 2465.12 5692.24 2462.62 5724.00 2457.39 5741.65 2441.94 5758.64 2448.68 5803.44 2450.98
9 6525.65 5214.56 6519.82 5186.68 6524.98 5164.96 6559.54 5156.27 6584.83 5164.92 6609.12 5205.05 6605.97 5209.85 6596.66 5218.19 6545.04 5238.53
11 9223.96 9032.72 9215.25 8975.50 9216.82 8945.29 9249.01 8928.99 9290.70 8939.34 9312.13 8960.38 9313.70 8962.28 9314.57 8963.45 9313.12 8986.01 9307.40 8997.77 9262.36 9042.78
5 7428.71 9565.96 7427.76 9597.10 7410.44 9586.93 7394.18 9568.71 7401.24 9559.63
11 2988.25 8760.79 3015.66 8723.05 3076.38 8723.58 3099.82 8763.67 3102.26 8779.96 3065.08 8815.96 3051.34 8823.50 3005.69 8817.59 3001.76 8810.85 2986.20 8772.14 2986.98 8767.00
10 2519.82 9189.49 2542.22 9141.41 2556.84 9116.80 2599.29 9120.47 2631.84 9169.22 2636.97 9221.39 2630.36 9263.72 2555.61 9255.04 2533.70 9240.18 2520.13 9222.82
5 3290.58 10911.20 3232.64 10877.02 3207.86 10818.85 3255.37 10846.31 3275.40 10854.79
11 8476.20 2613.54 8450.24 2606.76 8442.69 2612.20 8423.06 2642.99 8405.45 2638.88 8385.39 2666.86 8386.91 2623.75 8351.73 2540.34 8392.05 2565.95 8388.18 2557.01 8431.01 2578.32
8 5878.30 1569.30 5874.31 1533.87 5894.43 1511.20 5896.92 1508.72 5935.14 1521.11 5953.22 1553.69 5943.44 1579.21 5911.47 1593.36
9 1843.34 7383.84 1846.61 7345.70 1914.44 7321.70 1968.59 7343.96 1968.93 7398.56 1955.22 7420.66 1923.02 7448.20 1909.71 7451.69 1869.66 7433.30
8 2505.27 2728.18 2466.32 2743.47 2461.98 2750.31 2447.03 2717.83 2471.21 2716.87 2483.20 2694.05 2489.08 2688.54 2496.30 2717.73
9 10895.61 4766.25 10876.25 4672.75 10936.13 4623.26 10952.40 4614.08 10960.13 4615.17 11016.15 4654.86 11023.67 4668.99 11038.81 4734.41 11007.58 4742.91
7 553.65 198.78 645.99 128.02 704.33 256.43 699.84 270.64 611.20 291.14 586.59 288.59 563.79 239.59
9 1936.16 9878.33 1957.10 9816.42 1988.67 9812.41 2032.98 9818.99 2043.81 9850.49 2004.65 9920.90 1991.97 9926.48 1968.18 9929.11 1945.06 9896.75
9 10608.11 8578.18 10536.82 8631.80 10532.52 8628.47 10462.53 8565.51 10480.79 8519.76 10486.86 8513.32 10518.37 8494.31 10556.13 8491.11 10588.07 8507.21
5 2183.15 6254.06 2127.33 6193.93 2147.07 6163.42 2163.31 6174.57 2234.54 6183.59
9 9761.37 2346.73 9745.13 2354.17 9717.63 2390.96 9696.91 2385.72 9681.02 2333.38 9688.00 2324.96 9694.58 2326.09 9704.87 2292.46 9759.75 2326.96
15 2029.87 8005.17 2026.75 8006.68 2079.10 8053.44 2030.00 8038.63 2009.64 8039.87 1984.56 8038.45 1971.42 8041.13 1987.30 8003.53 1920.56 8008.83 1963.82 7988.34 2041.49 7933.90 2026.68 7963.64 2026.63 7969.15 2030.51 7963.63 2053.09 7980.83
9 5137.45 5895.89 5146.48 5968.57 5140.39 5995.73 5104.12 6009.05 5073.98 6003.53 5046.58 5969.41 5043.53 5950.86 5077.83 5899.56 5078.35 5899.44
10 9592.90 8974.55 9620.57 8971.16 9671.13 9029.21 9705.16 9079.08 9706.43 9095.69 9656.04 9140.15 9574.21 9147.54 9554.38 9123.99 9519.62 9064.59 9546.81 9028.69
8 5438.02 3825.81 5405.64 3807.40 5404.39 3785.07 5336.08 3739.83 5412.87 3714.41 5466.59 3683.11 5472.00 3709.25 5472.83 3746.50
10 4524.86 6257.76 4481.99 6212.21 4502.20 6163.53 4539.09 6146.34 4545.06 6146.77 4560.59 6148.17 4573.78 6153.50 4588.86 6172.86 4580.10 6256.16 4563.33 6261.59
8 6993.86 6068.54 7004.27 5964.26 7048.44 5945.78 7117.06 5968.20 7122.80 6011.39 7114.70 6074.73 7090.56 6095.94 7038.29 6083.07
9 2772.31 4647.95 2768.78 4608.58 2789.90 4576.88 2835.96 4566.10 2872.05 4586.28 2879.63 4592.48 2863.66 4641.16 2820.86 4668.80 2793.64 4670.30
9 2151.51 4241.42 2151.34 4169.97 2165.34 4154.49 2205.00 4126.18 2256.09 4128.47 2270.29 4141.73 2277.66 4183.80 2243.73 4265.53 2198.37 4272.53
7 7901.72 10048.60 7867.55 10021.57 7881.44 9992.03 7919.63 9972.66 7943.49 9993.68 7939.14 10015.82 7934.74 10027.59
10 1713.14 7486.39 1750.36 7510.62 1703.06 7502.30 1680.31 7502.83 1655.09 7487.42 1667.08 7472.12 1640.09 7453.22 1668.69 7443.64 1674.88 7444.34 1740.65 7446.97
13 7194.05 7810.05 7252.30 7859.81 7151.17 7903.78 7089.85 7832.61 7085.14 7826.82 7138.36 7800.94 7128.68 7745.85 7154.66 7756.34 7155.33 7751.51 7152.20 7736.38 7192.01 7755.58 7212.67 7800.29 7227.90 7809.23
9 8456.22 540.58 8498.48 619.43 8471.28 653.36 8433.77 690.47 8404.79 684.48 8369.60 674.23 8329.48 640.12 8354.92 575.63 8407.99 541.22
9 3818.03 764.38 3814.79 701.53 3816.65 676.46 3882.94 654.90 3933.30 682.44 3942.56 721.85 3946.88 762.25 3900.06 799.72 3866.21 814.60
10 10507.36 10149.48 10515.65 10129.54 10567.81 10078.28 10582.20 10072.59 10604.23 10079.61 10631.22 10141.03 10626.55 10176.02 10590.44 10215.18 10542.29 10209.74 10519.39 10182.65
10 10276.92 5545.02 10298.97 5497.36 10343.99 5452.00 10394.27 5495.75 10399.69 5503.97 10417.73 5545.64 10416.96 5554.73 10410.25 5587.34 10340.68 5604.36 10290.33 5569.17
11 7271.58 5293.59 7283.07 5300.16 7227.20 5277.44 7211.11 5304.11 7211.17 5326.13 7180.64 5299.28 7176.01 5253.93 7113.68 5228.08 7151.22 5180.43 7170.84 5208.80 7247.48 5258.31
12 7707.06 6358.05 7720.54 6348.14 7758.19 6350.02 7759.37 6350.33 7782.49 6394.47 7772.79 6405.06 7753.21 6425.04 7731.54 6432.88 7706.31 6432.68 7690.48 6413.83 7687.06 6394.69 7687.93 6392.17
10 7314.50 2855.86 7328.54 2898.41 7310.43 2926.60 7305.94 2929.52 7233.87 2934.51 7180.88 2923.76 7188.12 2861.98 7215.39 2823.76 7269.37 2795.95 7273.73 2795.53
6 143.15 8103.97 154.02 8012.86 183.75 8027.47 200.10 8006.99 238.89 8005.44 204.57 8036.69
11 3217.67 9556.29 3216.24 9527.60 3232.39 9510.95 3253.06 9493.56 3288.59 9499.21 3308.67 9514.53 3317.47 9538.68 3316.48 9561.26 3293.01 9583.88 3268.62 9581.80 3258.27 9578.87
7 4730.86 6904.10 4772.11 6996.08 4706.30 7047.81 4633.30 7015.18 4622.74 6978.05 4631.97 6923.18 4670.50 6905.33
15 3749.47 7695.75 3762.11 7705.21 3748.37 7706.99 3756.78 7727.23 3736.09 7740.99 3736.37 7700.61 3731.55 7737.16 3709.81 7721.53 3718.51 7685.56 3742.17 7669.87 3769.31 7642.62 3759.08 7667.74 3762.36 7668.02 3770.83 7682.56 3751.24 7686.53
8 4235.92 2560.44 4195.93 2614.64 4160.04 2604.32 4151.13 2588.62 4156.47 2547.29 4160.44 2543.47 4186.64 2529.58 4224.37 2543.88
8 181.68 8826.97 247.57 8780.77 259.43 8790.20 281.63 8817.67 278.11 8859.79 245.20 8889.08 213.11 8883.75 194.63 8870.48
15 6838.74 2821.72 6834.53 2830.56 6802.89 2831.78 6785.72 2816.34 6724.17 2804.05 6740.48 2801.56 6748.61 2792.19 6772.24 2787.99 6753.05 2765.90 6762.50 2750.65 6779.10 2783.56 6796.29 2776.37 6803.16 2772.35 6796.87 2790.27 6842.73 2777.92
11 694.83 825.17 675.87 789.48 675.39 788.11 668.97 799.04 655.56 792.14 639.51 800.00 623.39 777.58 665.20 765.59 673.55 741.36 683.05 753.96 714.86 752.40
14 4120.52 4957.90 4091.84 4961.91 4109.95 4982.14 4077.83 4969.92 4076.77 4997.25 4038.62 4991.36 4022.27 4951.75 4026.61 4946.57 4062.91 4947.30 4057.39 4926.04 4062.76 4930.86 4058.82 4897.68 4062.60 4906.58 4105.31 4940.91
15 8857.73 6646.18 8849.06 6645.37 8879.60 6663.70 8882.30 6667.72 8871.33 6674.96 8843.07 6665.42 8856.40 6684.75 8826.45 6694.72 8813.72 6691.52 8808.72 6681.45 8803.01 6656.45 8774.50 6584.95 8805.81 6610.01 8826.11 6608.87 8872.13 6609.97
11 10386.93 10129.39 10324.39 10202.99 10292.27 10192.05 10256.90 10168.78 10227.09 10126.23 10223.87 10112.17 10223.27 10091.89 10260.57 10071.58 10342.69 10062.94 10373.63 10069.02 10385.59 10093.12
11 6622.88 4847.22 6591.88 4828.66 6566.76 4770.30 6565.24 4751.09 6569.88 4688.39 6635.32 4664.51 6677.93 4679.48 6711.45 4700.53 6713.67 4718.54 6706.16 4807.75 6690.78 4816.59
7 3214.52 235.15 3172.26 269.24 3124.56 234.32 3119.87 213.90 3122.23 190.26 3172.37 164.33 3203.72 197.09
7 5658.90 2029.96 5649.52 1997.60 5656.75 1966.89 5687.83 1938.53 5724.45 1943.99 5752.41 1991.32 5734.47 2004.31
6 10428.23 8198.13 10495.06 8228.70 10482.29 8266.75 10438.52 8289.83 10401.36 8258.48 10413.12 8209.41
7 1430.42 7301.48 1462.53 7362.78 1423.06 7396.96 1367.60 7421.55 1332.16 7407.75 1340.48 7356.71 1418.57 7305.18
12 7100.95 6975.75 7112.61 6988.79 7078.15 6981.43 7078.72 6988.51 7069.16 6993.32 7066.24 6989.72 7065.36 6968.86 7092.94 6915.82 7086.66 6945.50 7116.71 6928.06 7128.45 6946.36 7095.94 6954.98
8 3944.25 2024.33 3991.57 2160.69 3936.30 2194.07 3885.14 2188.61 3844.18 2111.36 3837.80 2099.19 3872.48 2033.37 3882.98 2029.32
7 9063.48 5168.84 9027.60 5214.07 9013.39 5212.93 8991.87 5193.33 8982.35 5178.64 8977.61 5170.69 9017.98 5144.36
11 456.24 1097.93 456.13 1098.31 448.01 1101.42 420.73 1107.73 425.92 1028.73 442.81 1053.47 442.85 1042.40 460.91 1052.22 504.46 1052.76 489.87 1070.72 457.72 1081.59
11 4157.02 6029.49 4171.62 6000.40 4211.67 5979.57 4274.09 5966.62 4300.31 5999.19 4326.73 6049.04 4304.92 6088.47 4295.80 6104.35 4257.68 6115.76 4229.01 6112.20 4164.93 6066.23
15 3125.13 3206.37 3080.69 3167.94 3050.05 3195.61 3057.27 3165.97 3011.02 3145.46 3009.92 3136.03 3031.55 3127.42 3076.47 3120.93 3085.18 3077.81 3088.65 3085.75 3087.97 3116.87 3093.37 3115.55 3113.23 3106.99 3116.26 3116.20 3120.48 3135.84
7 4710.05 213.50 4683.18 215.02 4694.04 245.57 4648.27 245.80 4646.14 230.76 4660.67 163.34 4685.31 121.77
11 5726.26 8888.66 5741.76 8901.17 5724.66 8909.80 5677.31 8913.67 5683.76 8895.86 5666.80 8915.16 5656.34 8910.89 5680.29 8891.04 5676.87 8890.93 5639.51 8862.49 5698.88 8869.72
10 10952.24 6766.45 10959.57 6741.75 10982.84 6701.67 11026.85 6707.80 11029.99 6709.37 11060.63 6736.82 11064.06 6743.90 11027.29 6802.24 11002.67 6811.86 10972.72 6788.58
10 7330.24 9891.14 7309.23 9911.47 7276.10 9905.18 7271.27 9899.63 7261.66 9870.41 7283.17 9869.65 7288.39 9866.00 7294.88 9854.56 7310.08 9848.11 7298.23 9879.69
15 5685.74 1189.78 5675.50 1173.25 5671.64 1164.90 5656.95 1183.43 5656.39 1175.35 5667.04 1157.22 5645.83 1128.95 5666.10 1140.55 5680.48 1118.67 5680.05 1134.76 5695.65 1126.89 5688.28 1140.56 5687.67 1142.58 5707.95 1129.83 5684.69 1150.32
8 7158.64 5464.27 7108.66 5471.37 7109.03 5430.29 7128.95 5429.76 7135.91 5429.38 7140.30 5425.95 7158.24 5395.35 7161.81 5404.64
8 2813.79 7489.43 2836.45 7433.64 2872.11 7437.93 2878.09 7439.53 2892.36 7451.86 2886.64 7491.21 2867.38 7513.09 2857.11 7510.47
13 5982.21 7509.97 5918.84 7502.54 5916.42 7492.90 5867.34 7490.03 5905.00 7483.88 5886.16 7485.02 5898.98 7482.64 5867.62 7482.57 5914.90 7478.06 5917.80 7465.39 5901.67 7432.88 5915.12 7440.82 5989.08 7457.04
8 1700.51 9770.77 1687.06 9710.92 1697.10 9688.81 1759.91 9656.61 1809.23 9685.62 1833.64 9720.90 1834.93 9775.30 1811.14 9793.22
9 3525.69 7377.21 3527.57 7330.16 3545.65 7303.58 3564.68 7299.33 3612.61 7327.28 3620.70 7337.22 3616.75 7373.05 3562.22 7398.31 3550.38 7400.28
13 4762.41 3855.49 4777.19 3859.57 4788.47 3876.00 4805.88 3909.66 4809.99 3920.81 4779.29 3949.25 4750.03 3976.23 4704.52 3948.97 4693.55 3927.68 4701.52 3894.91 4707.34 3886.14 4735.82 3864.38 4749.28 3856.74
6 2560.87 2260.73 2584.28 2300.36 2584.22 2316.72 2520.86 2335.22 2500.56 2302.43 2518.00 2270.71
9 2984.63 9248.37 3005.71 9185.38 3068.57 9162.43 3095.11 9203.31 3099.96 9214.44 3104.13 9230.19 3095.08 9271.09 3026.94 9288.28 2992.60 9277.69
10 8195.21 8834.66 8176.51 8793.27 8189.46 8768.75 8215.45 8748.21 8225.04 8746.61 8262.51 8764.14 8282.08 8808.96 8264.40 8837.79 8224.88 8854.89 8206.22 8846.39
7 9644.63 7706.56 9685.89 7765.11 9684.72 7814.53 9596.21 7842.85 9544.88 7821.18 9550.55 7777.88 9620.34 7712.36
10 2882.86 9175.34 2860.28 9104.72 2915.80 9067.98 2949.67 9061.76 3002.11 9058.21 3012.15 9081.05 3021.76 9121.93 3016.88 9145.41 2983.82 9182.51 2958.39 9200.80
8 4206.21 6744.26 4181.76 6710.43 4184.25 6685.17 4201.98 6670.09 4221.18 6665.62 4236.55 6663.08 4253.70 6686.43 4258.46 6724.00
11 3624.27 4737.28 3664.70 4674.13 3698.06 4666.32 3731.53 4704.26 3744.35 4742.66 3744.05 4761.74 3741.80 4773.45 3705.23 4803.01 3655.90 4811.28 3631.31 4775.62 3625.88 4767.65
12 2782.17 1107.89 2838.21 1097.31 2843.77 1099.55 2888.97 1193.56 2885.49 1197.60 2857.79 1216.99 2808.98 1241.28 2760.43 1232.23 2752.43 1224.91 2743.66 1216.08 2740.31 1196.06 2761.19 1138.06
9 3221.37 4335.88 3244.26 4320.96 3285.58 4353.61 3287.96 4359.70 3287.93 4377.22 3277.88 4392.32 3261.54 4399.03 3229.67 4409.14 3223.32 4395.77
9 6518.93 6615.32 6523.33 6606.47 6545.62 6580.89 6583.05 6592.44 6596.81 6614.66 6591.66 6619.11 6561.60 6641.26 6551.81 6643.07 6524.92 6635.78
5 4019.97 11000.96 3963.72 11021.87 3974.49 11012.84 4007.05 10949.16 4042.09 10961.24
7 7132.27 2192.07 7080.23 2172.99 7087.48 2073.48 7118.74 2055.46 7153.12 2065.41 7165.22 2142.30 7154.33 2168.33
9 8822.50 4230.88 8826.16 4247.05 8781.59 4236.78 8749.09 4246.94 8718.59 4170.15 8725.37 4160.97 8789.25 4179.84 8825.76 4157.06 8842.43 4160.12
11 2987.03 8336.13 3035.01 8332.65 3054.36 8333.42 3060.22 8337.27 3093.10 8371.34 3098.55 8419.22 3070.87 8458.97 3011.74 8482.95 2967.25 8451.13 2953.15 8412.29 2976.90 8348.60
8 8070.15 1805.91 8106.99 1893.19 8101.95 1945.81 8083.19 1961.82 8045.72 1959.32 8031.08 1950.95 7966.34 1849.58 8011.75 1810.23
11 1921.87 6971.41 1929.00 6988.09 1906.89 7015.39 1882.61 7039.38 1869.25 7039.56 1839.20 7036.89 1810.38 6985.53 1816.51 6956.18 1828.70 6943.49 1838.60 6938.01 1878.71 6929.28
11 5335.64 771.00 5325.02 779.92 5255.90 796.81 5261.28 783.61 5283.03 770.79 5258.22 765.35 5287.76 725.39 5303.34 659.65 5320.56 689.47 5327.87 669.59 5331.07 670.42
9 1632.29 8736.74 1679.48 8675.42 1759.06 8691.02 1779.35 8739.77 1777.41 8745.51 1763.76 8780.74 1714.45 8813.27 1678.43 8797.84 1671.75 8792.80
7 4410.60 2099.80 4464.22 2204.39 4439.28 2236.31 4405.33 2246.71 4339.63 2189.97 4328.10 2117.80 4339.45 2097.72
5 6160.50 6483.63 6142.48 6466.38 6118.93 6499.07 6101.25 6413.92 6192.49 6375.08
7 5912.27 2615.40 5985.01 2642.93 5957.13 2686.81 5916.11 2709.04 5897.39 2679.70 5897.76 2673.44 5909.15 2620.18
7 6544.98 4900.19 6468.09 4883.26 6504.05 4840.74 6498.19 4786.23 6506.69 4790.84 6516.03 4851.62 6578.05 4865.12
5 7622.46 8543.91 7581.49 8550.27 7552.52 8545.96 7609.44 8509.32 7638.50 8523.17
8 4920.09 2454.39 4931.21 2397.50 4962.33 2388.03 5036.25 2407.38 5042.13 2440.17 5039.42 2482.39 4993.05 2493.35 4926.80 2486.60
11 686.99 9253.83 712.36 9193.66 738.61 9183.86 776.42 9190.92 789.98 9195.24 807.91 9223.17 818.90 9241.90 813.24 9271.53 807.26 9285.96 748.27 9304.88 735.93 9304.38
13 7610.73 4331.72 7587.62 4364.16 7576.16 4359.65 7563.44 4373.64 7540.65 4398.81 7534.84 4357.04 7506.32 4319.06 7496.67 4316.35 7541.08 4275.59 7541.01 4250.65 7589.69 4301.99 7610.81 4282.70 7636.01 4320.31
7 6577.43 2261.67 6616.18 2297.19 6615.62 2324.39 6568.12 2335.88 6528.63 2327.12 6545.21 2277.20 6567.07 2265.48
15 2652.69 9006.97 2661.86 9027.68 2606.64 9056.27 2575.05 9029.23 2558.89 9031.26 2583.71 9006.33 2565.34 9004.75 2533.76 8962.38 2569.91 8974.60 2574.34 8939.69 2587.31 8922.51 2629.14 8929.99 2636.60 8942.94 2642.59 8970.30 2635.52 8984.71
10 3903.47 2651.12 3946.20 2601.51 3972.20 2611.12 4007.67 2630.32 4024.59 2644.54 4019.00 2675.36 4004.77 2711.50 3997.38 2716.14 3953.26 2725.56 3910.29 2715.88
7 10363.76 2731.97 10360.69 2739.48 10325.24 2736.71 10331.59 2715.76 10344.18 2707.93 10347.61 2708.83 10357.86 2718.35
9 3750.43 6727.50 3737.90 6749.36 3720.66 6745.96 3709.71 6744.83 3720.00 6652.53 3722.56 6682.95 3749.24 6670.46 3764.77 6674.41 3748.77 6686.66
9 4712.81 1102.10 4729.85 1085.07 4791.92 1086.67 4818.00 1110.77 4813.26 1160.48 4792.52 1181.49 4722.92 1203.67 4702.56 1173.33 4704.46 1144.51
10 1442.89 6143.37 1412.14 6142.39 1412.58 6144.10 1432.36 6165.24 1415.05 6154.23 1396.65 6162.49 1372.00 6161.44 1381.55 6113.79 1391.31 6103.36 1444.57 6110.98
5 7125.72 8436.20 7092.33 8437.31 7007.67 8469.87 7023.78 8441.69 7076.59 8387.63
9 9381.07 2839.99 9373.79 2842.61 9361.19 2838.55 9354.69 2858.26 9340.38 2853.62 9315.39 2846.16 9319.39 2803.84 9336.46 2806.52 9363.78 2824.68
8 10316.76 4410.44 10245.51 4308.85 10248.24 4296.87 10269.82 4294.47 10331.51 4288.44 10373.19 4292.04 10377.56 4379.50 10349.51 4405.63
9 4681.67 8756.86 4677.47 8742.70 4684.23 8736.65 4724.73 8718.28 4756.11 8733.78 4761.84 8773.33 4744.68 8788.50 4727.29 8797.34 4701.11 8802.72
14 4028.37 658.51 4038.67 599.10 4047.68 588.54 4067.96 569.37 4091.75 563.48 4125.37 564.06 4136.65 577.75 4155.13 601.03 4165.58 654.22 4139.53 682.82 4130.58 689.77 4128.52 691.08 4089.87 710.20 4049.31 690.76
7 8238.73 9992.67 8250.01 10017.42 8218.57 10057.77 8210.56 10062.71 8167.70 10066.05 8152.77 10048.29 8170.58 10009.54
5 9018.40 4524.72 9008.18 4530.81 8983.04 4443.09 8988.24 4438.24 9035.59 4459.19
6 752.34 4692.68 745.65 4707.33 664.62 4704.27 714.90 4680.79 729.11 4667.96 753.52 4679.67
10 5272.54 9462.47 5249.63 9473.08 5257.68 9487.95 5228.24 9495.41 5215.34 9495.47 5209.50 9502.94 5221.47 9479.73 5218.03 9476.09 5209.67 9470.33 5210.29 9423.70
8 871.63 4660.24 842.87 4643.88 789.13 4639.93 786.49 4572.52 818.50 4573.03 835.80 4560.74 844.38 4564.30 895.03 4607.27
7 7221.60 8811.82 7258.45 8742.45 7322.89 8753.10 7338.57 8791.91 7332.64 8848.56 7312.99 8852.27 7243.92 8831.23
9 9302.89 4174.56 9272.54 4153.27 9244.89 4130.19 9238.80 4123.63 9263.63 4076.24 9284.35 4070.72 9320.52 4079.60 9346.67 4100.99 9334.11 4167.21
12 2358.45 6421.20 2327.62 6397.61 2349.19 6435.51 2285.76 6400.25 2254.75 6403.93 2250.99 6391.96 2265.73 6373.15 2267.24 6304.43 2294.08 6345.44 2290.22 6301.64 2306.38 6330.08 2340.28 6314.23
12 2376.22 7356.82 2375.67 7396.17 2360.43 7390.65 2337.54 7385.06 2318.75 7384.77 2309.01 7367.71 2327.99 7350.35 2314.86 7323.88 2331.40 7321.31 2361.63 7330.87 2375.01 7304.03 2376.43 7351.63
10 688.53 1116.42 684.33 1085.27 693.39 1070.82 750.31 1051.59 760.93 1059.85 770.37 1081.43 781.05 1106.94 758.11 1130.32 745.12 1138.31 712.26 1144.86
6 10211.36 10039.23 10171.70 9958.66 10201.41 9928.35 10279.24 9991.45 10284.11 10001.82 10214.21 10038.31
8 1779.67 9305.21 1771.29 9327.62 1769.11 9325.61 1735.84 9292.82 1753.10 9290.56 1757.99 9284.16 1764.93 9292.47 1764.84 9293.83
11 5244.61 5581.51 5244.65 5612.75 5217.89 5608.21 5207.05 5588.93 5171.12 5609.75 5182.77 5597.59 5179.66 5555.18 5192.50 5561.91 5192.30 5556.85 5218.28 5542.77 5243.20 5576.64
5 9164.98 708.98 9073.43 689.03 9099.99 682.66 9115.28 655.98 9158.00 664.86
8 2947.71 3605.93 2855.52 3541.53 2919.83 3525.27 2902.17 3461.53 2912.32 3470.22 2986.54 3471.33 2984.19 3492.84 3007.02 3525.33
12 4310.81 2905.05 4294.87 2845.50 4314.81 2816.00 4351.78 2808.00 4372.60 2813.58 4379.02 2821.31 4393.31 2851.62 4392.70 2857.24 4385.74 2869.42 4359.91 2904.34 4351.12 2915.44 4344.06 2916.36
14 606.13 3340.76 604.93 3367.02 587.28 3393.39 571.92 3335.75 540.25 3353.70 508.39 3318.63 561.25 3298.34 519.13 3277.76 602.12 3279.09 596.44 3290.25 598.50 3291.34 650.58 3260.80 625.69 3288.13 622.96 3301.51
10 7605.62 10928.14 7607.95 10884.85 7655.98 10851.65 7688.00 10851.25 7697.98 10855.33 7716.75 10864.46 7749.47 10907.94 7703.04 10966.28 7651.63 10976.07 7611.48 10952.28
10 1286.45 6739.35 1322.50 6813.84 1321.77 6820.92 1302.14 6843.38 1268.99 6842.79 1219.02 6827.13 1220.88 6787.37 1228.44 6751.57 1245.92 6732.87 1269.82 6732.26
8 8801.80 7135.87 8740.47 7204.21 8701.49 7186.68 8675.81 7167.65 8653.01 7104.29 8659.07 7099.76 8721.57 7066.60 8772.47 7079.73
10 2107.91 1902.38 2064.49 1922.84 2041.38 1914.89 2021.41 1885.81 2022.16 1881.93 2034.47 1843.22 2066.04 1830.95 2083.02 1828.27 2100.37 1842.59 2105.72 1856.74
10 4370.64 4035.95 4397.94 4060.59 4359.51 4051.04 4360.66 4057.94 4375.31 4097.34 4326.29 4056.24 4285.55 4057.72 4326.36 4012.96 4363.03 4010.13 4360.41 4028.29
7 9867.94 6236.70 9739.49 6267.36 9785.54 6241.57 9737.20 6209.44 9774.41 6160.45 9817.11 6203.35 9879.76 6231.84
12 710.10 8000.64 717.92 7942.99 753.91 7906.32 789.17 7908.66 828.98 7933.29 843.08 7955.03 851.45 7972.07 855.66 7981.04 854.02 8007.34 808.62 8038.26 728.16 8033.55 721.66 8032.12
9 4958.93 5907.50 5000.65 5903.50 5023.69 5960.70 5024.98 6020.33 5006.68 6032.51 4913.86 6032.87 4903.33 6008.19 4892.63 5963.56 4907.57 5939.68
10 6857.17 9178.59 6857.72 9189.91 6829.84 9189.91 6803.69 9177.09 6764.20 9170.23 6768.55 9141.40 6820.64 9153.34 6818.99 9141.12 6823.25 9123.32 6835.44 9145.05
9 1483.20 1587.67 1501.72 1584.31 1529.57 1588.08 1550.85 1646.82 1521.53 1684.74 1519.18 1686.32 1476.60 1664.87 1456.94 1653.75 1457.12 1628.92
9 2205.71 7117.17 2249.32 7055.18 2318.89 7075.30 2373.44 7100.69 2339.68 7171.27 2303.96 7192.14 2250.77 7185.34 2229.43 7166.13 2227.71 7163.04
5 8597.89 8285.93 8674.35 8281.14 8658.17 8318.48 8673.13 8309.78 8636.11 8343.36
10 5385.89 754.57 5411.84 720.92 5453.25 687.81 5505.00 700.49 5540.57 763.44 5528.16 798.61 5509.68 815.96 5498.39 825.60 5427.15 822.51 5393.86 767.85
11 9608.48 3580.11 9607.24 3555.59 9624.54 3534.81 9652.01 3524.18 9706.41 3527.98 9735.89 3554.27 9733.12 3605.54 9725.11 3617.15 9696.98 3644.33 9650.22 3654.19 9645.49 3653.74
11 4433.50 6984.02 4393.58 7034.18 4389.92 7010.72 4366.69 6973.28 4375.82 6939.73 4391.68 6925.59 4405.73 6943.74 4412.86 6944.50 4431.75 6945.37 4427.62 6949.32 4411.51 6966.58
8 1762.74 5039.29 1680.28 5060.52 1627.47 5009.49 1672.89 5004.77 1673.07 4962.61 1704.05 4969.30 1766.13 4992.23 1755.99 5017.09
9 8172.50 2208.55 8151.42 2182.24 8127.60 2178.17 8116.28 2151.06 8112.45 2144.23 8083.12 2124.73 8082.10 2111.26 8117.45 2142.28 8163.76 2150.21
14 3657.03 10049.65 3642.96 10085.69 3576.80 10065.32 3577.81 10111.41 3521.74 10062.69 3547.04 10031.85 3478.80 9990.73 3540.78 9959.35 3550.62 9983.05 3558.64 9933.44 3645.40 9977.46 3618.72 10005.04 3632.21 10013.24 3589.99 10025.90
8 303.44 10368.87 356.72 10371.03 365.74 10408.46 371.64 10461.87 349.15 10466.37 299.07 10453.22 266.69 10441.44 272.61 10391.88
7 10550.30 3412.76 10565.73 3339.74 10646.24 3339.52 10651.48 3341.03 10654.80 3394.50 10631.37 3415.60 10614.15 3422.37
12 7127.31 812.01 7161.79 838.02 7117.15 839.15 7072.30 843.09 7083.95 818.54 7056.70 812.95 7083.92 807.79 7055.94 804.98 7058.39 791.29 7097.14 789.62 7112.07 792.28 7133.51 762.33
8 8440.04 4501.36 8380.94 4533.23 8355.73 4481.46 8343.73 4462.24 8358.70 4465.67 8356.98 4457.31 8398.83 4425.30 8442.71 4472.98
6 1874.86 4839.62 2012.11 4858.82 2030.57 4932.69 1991.82 4950.24 1911.21 4968.31 1876.64 4888.24
14 1849.50 5162.74 1822.90 5169.00 1817.93 5169.33 1816.33 5183.16 1812.96 5173.35 1802.14 5168.90 1802.02 5165.93 1793.22 5167.78 1783.81 5170.71 1781.93 5143.35 1805.96 5146.93 1815.48 5142.69 1825.64 5143.83 1827.93 5154.94
11 5673.40 9774.34 5650.18 9796.62 5661.53 9832.54 5588.05 9796.88 5595.66 9786.06 5606.53 9772.57 5559.51 9795.92 5592.47 9766.77 5600.97 9746.53 5638.97 9743.59 5683.18 9756.28
14 2463.00 6274.59 2409.62 6254.84 2358.93 6248.03 2368.64 6243.35 2352.36 6227.57 2380.53 6208.47 2407.79 6216.31 2406.18 6215.02 2371.12 6184.86 2409.14 6213.27 2414.37 6210.19 2423.42 6205.13 2438.43 6204.44 2458.77 6220.61
13 8224.78 5730.93 8206.91 5740.23 8210.04 5724.08 8185.27 5716.54 8192.30 5705.38 8204.49 5699.24 8198.00 5691.86 8193.54 5685.54 8198.43 5687.04 8220.13 5675.24 8239.89 5676.78 8244.12 5683.65 8257.51 5686.21
14 4932.09 7004.49 4916.89 7013.82 4916.48 7021.59 4905.41 7016.57 4900.30 7048.95 4873.82 7071.22 4873.90 7032.64 4863.68 7011.76 4857.47 6971.67 4874.78 6952.03 4884.23 6964.72 4896.21 6971.81 4918.47 6950.33 4934.96 6929.85
9 7966.96 3204.74 7947.89 3152.67 7963.09 3095.25 8045.21 3062.34 8096.80 3075.70 8116.87 3095.49 8131.16 3145.18 8071.05 3185.86 8050.81 3194.51
9 9949.30 1317.58 9933.77 1297.18 9939.72 1263.87 9965.48 1236.06 9988.32 1247.94 10013.88 1261.23 10015.48 1273.85 10016.16 1288.34 9981.43 1313.08
6 3341.58 5472.26 3363.67 5372.42 3514.06 5433.94 3494.31 5463.04 3447.39 5510.80 3409.84 5511.67
14 8521.44 3663.82 8506.43 3675.53 8484.57 3687.05 8485.56 3663.90 8460.99 3658.60 8474.51 3658.05 8465.60 3633.57 8486.93 3649.40 8476.83 3627.94 8475.38 3623.44 8499.53 3625.16 8512.63 3641.42 8517.37 3648.21 8525.68 3657.06
8 8423.16 6017.84 8360.44 5933.51 8390.93 5891.75 8420.85 5887.98 8436.48 5886.95 8481.49 5916.23 8499.25 5934.93 8469.48 6004.55
6 4438.29 8316.39 4463.57 8419.04 4444.06 8454.07 4347.10 8447.97 4344.44 8422.48 4359.09 8386.60
11 8435.37 3381.09 8446.61 3360.18 8463.99 3338.99 8541.64 3359.31 8552.67 3396.85 8552.71 3412.87 8552.22 3414.80 8542.92 3427.46 8497.42 3437.16 8478.02 3431.89 8447.75 3421.71
7 9776.96 3705.25 9772.88 3708.02 9772.25 3718.60 9747.46 3720.85 9737.14 3724.05 9745.96 3704.93 9800.76 3693.21
15 9838.08 9282.79 9856.01 9292.42 9815.74 9282.25 9812.79 9287.24 9825.18 9317.87 9810.29 9301.52 9805.75 9298.32 9803.58 9324.62 9791.11 9300.92 9759.03 9258.48 9795.48 9228.32 9803.34 9253.01 9840.25 9239.48 9837.54 9258.05 9856.49 9271.59
9 11042.13 9087.00 11055.76 9135.91 11054.81 9160.25 11014.78 9163.89 10990.20 9160.58 10990.10 9159.45 10989.85 9153.74 10991.86 9131.74 11028.97 9089.33
13 2129.07 5914.57 2106.65 5922.12 2106.38 5942.24 2084.07 5984.47 2075.41 5936.36 2049.60 5955.78 2021.06 5915.40 2035.02 5903.65 2036.03 5894.29 2066.42 5886.99 2067.54 5837.35 2082.75 5885.73 2143.52 5881.02
8 3255.35 4045.67 3232.84 3959.38 3241.20 3942.19 3267.90 3923.77 3310.26 3911.56 3356.43 3950.92 3344.98 3995.74 3325.14 4021.15
7 4229.21 10801.33 4241.77 10818.08 4183.12 10774.01 4193.54 10768.21 4177.44 10746.69 4221.23 10766.81 4252.63 10762.26
6 8637.26 2466.98 8606.27 2488.78 8603.51 2472.19 8575.91 2461.33 8584.83 2451.34 8621.03 2396.22
6 4885.13 2557.68 4856.88 2546.41 4884.90 2466.87 4903.24 2494.49 4883.94 2501.31 4869.58 2512.81
10 5964.35 4283.12 5927.96 4281.22 5908.89 4244.76 5908.42 4219.45 5908.98 4178.17 5946.76 4154.98 6015.46 4166.05 6030.56 4197.14 6025.13 4228.43 6017.57 4242.97
11 4649.39 8173.26 4618.33 8175.95 4624.63 8155.81 4597.52 8125.72 4605.62 8072.33 4645.74 8108.84 4684.70 8087.87 4688.96 8083.36 4674.80 8108.42 4683.32 8108.81 4669.01 8132.13
6 8622.60 5503.99 8582.23 5525.15 8571.11 5524.35 8548.09 5493.26 8509.58 5536.09 8566.34 5437.46
7 8221.85 400.03 8160.45 381.04 8173.61 320.42 8214.62 300.62 8219.17 300.59 8246.33 316.48 8243.60 391.65
12 9238.07 4965.29 9208.63 4973.23 9221.70 5006.00 9218.78 5010.37 9164.35 4980.90 9181.59 4966.25 9167.43 4966.59 9169.02 4966.11 9180.57 4956.38 9185.49 4952.51 9188.49 4928.84 9218.65 4943.32
11 10757.28 7415.26 10747.39 7438.57 10734.18 7418.56 10726.62 7393.09 10723.43 7392.85 10693.62 7363.19 10728.71 7366.12 10720.87 7357.15 10722.34 7347.45 10783.82 7345.84 10772.16 7368.26
9 7445.61 8899.05 7416.44 8907.23 7398.72 8911.56 7409.57 8901.96 7371.32 8883.42 7398.69 8857.87 7434.11 8864.78 7446.47 8868.83 7448.97 8880.77
13 1881.77 7901.08 1863.74 7906.73 1859.59 7916.26 1843.58 7903.97 1844.28 7914.89 1834.48 7899.97 1824.09 7898.20 1822.40 7890.09 1792.08 7890.43 1792.88 7866.22 1810.03 7841.98 1839.04 7868.37 1868.06 7878.20
6 2261.52 5489.43 2257.65 5595.17 2236.43 5592.30 2164.66 5571.23 2146.79 5524.87 2186.43 5468.32
9 8970.91 7177.22 8955.74 7133.50 8944.41 7072.68 8942.80 7050.58 8968.24 7033.63 9013.03 7042.58 9040.40 7069.22 9048.89 7117.11 9033.83 7153.86
7 4039.07 6940.53 4014.39 6899.15 4036.86 6817.13 4042.65 6833.69 4079.03 6837.86 4100.05 6853.70 4100.86 6884.53
11 10667.65 9927.56 10717.37 9935.47 10650.52 9966.48 10654.09 10004.64 10605.89 9897.64 10615.98 9889.28 10649.00 9863.99 10665.98 9843.95 10649.30 9902.29 10678.15 9895.19 10687.05 9898.18
14 4791.53 597.10 4779.62 592.00 4798.89 605.31 4772.85 638.82 4745.98 597.21 4731.75 597.58 4726.03 583.90 4738.39 582.27 4745.28 579.31 4730.64 558.59 4738.25 561.43 4752.10 565.21 4745.87 556.88 4783.62 542.35
7 1651.01 2873.64 1641.82 2882.76 1632.82 2915.49 1589.92 2906.88 1574.38 2876.50 1608.56 2822.24 1680.60 2824.15
10 1599.90 1347.76 1602.53 1290.61 1659.41 1267.75 1709.44 1277.33 1750.85 1359.60 1747.43 1364.54 1676.24 1422.98 1666.60 1426.13 1631.35 1397.93 1614.56 1373.48
11 4293.24 1814.47 4299.24 1734.69 4356.26 1695.01 4400.33 1705.67 4419.53 1716.69 4436.53 1751.59 4445.28 1806.48 4444.41 1819.26 4380.66 1841.68 4338.22 1856.08 4293.34 1828.56
14 11015.39 3722.03 11017.71 3724.77 11006.37 3727.33 10992.66 3768.13 10965.24 3742.58 10961.78 3749.10 10945.64 3747.62 10961.33 3722.17 10926.34 3701.77 10949.67 3705.19 10970.02 3674.86 10981.62 3671.57 10989.10 3701.11 10996.68 3717.19
14 7092.79 4257.74 7067.40 4246.30 7044.35 4208.24 7041.94 4190.99 7055.38 4162.48 7077.24 4151.62 7091.04 4155.50 7105.94 4160.99 7109.20 4162.45 7141.17 4184.80 7146.01 4212.02 7146.24 4219.05 7145.74 4227.18 7137.94 4245.63
9 1379.72 970.13 1390.72 941.92 1411.70 900.78 1429.81 904.28 1484.76 917.84 1500.02 938.25 1492.99 980.54 1452.42 1007.15 1417.42 1012.38
9 1949.20 356.00 1899.21 310.16 1881.32 271.34 1866.08 226.64 1936.47 202.86 1971.24 194.62 2000.80 229.19 2002.70 237.48 2030.71 246.58
7 1734.60 6317.88 1813.08 6397.45 1766.88 6428.23 1755.25 6429.58 1727.05 6411.01 1710.11 6323.47 1723.36 6314.58
13 9570.46 7253.56 9516.43 7229.51 9523.54 7249.28 9501.07 7211.64 9497.15 7274.43 9493.47 7241.12 9483.29 7278.56 9446.45 7249.28 9465.95 7198.55 9458.16 7134.04 9489.33 7144.41 9545.72 7140.11 9532.57 7156.93
9 8238.64 3856.36 8242.81 3793.63 8296.32 3782.74 8341.64 3814.78 8331.76 3856.86 8323.61 3888.88 8281.97 3894.17 8265.28 3885.26 8244.76 3871.88
7 2456.76 10676.41 2494.95 10644.91 2509.78 10646.27 2542.54 10670.02 2530.14 10719.40 2474.89 10737.13 2459.44 10712.44
8 5441.75 9468.07 5535.69 9450.27 5551.62 9519.74 5549.67 9543.36 5509.18 9573.72 5473.15 9555.27 5469.60 9551.18 5444.73 9520.67
13 4387.47 8831.53 4374.55 8829.51 4395.09 8843.43 4311.78 8854.19 4316.23 8838.00 4288.39 8849.15 4328.03 8822.51 4323.16 8809.00 4319.03 8772.08 4340.15 8796.58 4341.11 8797.96 4356.56 8806.89 4395.89 8811.17
9 4430.45 1554.45 4428.51 1563.68 4403.40 1591.81 4380.24 1556.25 4365.56 1565.18 4357.07 1561.96 4454.04 1480.77 4453.56 1497.71 4456.56 1521.76
10 5467.46 362.55 5447.87 303.96 5479.29 241.75 5506.11 241.16 5580.51 266.52 5613.70 313.70 5603.04 356.05 5574.67 370.71 5511.49 394.07 5493.93 389.24
14 9188.40 3381.22 9209.38 3385.64 9175.43 3386.86 9193.82 3405.38 9159.28 3392.69 9159.99 3402.63 9179.52 3432.09 9110.53 3436.29 9123.90 3363.03 9116.69 3333.14 9122.46 3311.43 9143.38 3324.41 9180.73 3364.18 9159.96 3376.91
12 4268.87 3984.59 4263.29 3995.34 4251.73 3992.94 4176.97 4031.74 4170.64 4008.94 4149.95 4005.31 4142.64 3977.25 4152.90 3955.47 4188.23 3904.09 4221.56 3917.39 4255.86 3932.05 4262.99 3946.08
15 7046.16 5461.77 7039.85 5471.19 7028.29 5471.61 7024.04 5500.88 7003.22 5504.91 6990.55 5468.55 6945.41 5488.02 6984.39 5466.73 6959.26 5444.77 6950.34 5422.68 6986.23 5441.54 6989.31 5440.04 6977.87 5421.27 6987.19 5427.29 7041.05 5440.84
11 8297.09 2695.98 8261.38 2702.37 8273.57 2744.92 8232.71 2742.43 8221.06 2729.52 8208.83 2702.75 8191.64 2665.69 8231.86 2618.06 8255.28 2655.71 8258.79 2642.64 8283.96 2643.87
8 3031.79 464.44 3051.15 387.82 3092.31 394.73 3131.30 414.51 3136.25 455.06 3134.04 470.03 3085.63 495.38 3049.03 477.11
14 202.02 6326.42 165.57 6320.47 170.63 6339.59 173.99 6359.10 159.15 6331.51 158.04 6352.04 152.96 6350.91 152.57 6352.77 146.11 6339.71 134.84 6357.68 129.25 6312.07 150.42 6307.88 162.53 6300.53 168.93 6305.89
10 10782.85 3633.82 10801.79 3674.00 10786.87 3706.65 10764.20 3727.14 10756.16 3728.42 10736.10 3719.98 10716.86 3709.73 10715.36 3695.34 10714.47 3678.64 10721.87 3637.21
10 1951.91 9244.11 1910.71 9229.41 1882.96 9284.38 1874.88 9292.69 1885.70 9233.19 1869.65 9204.25 1878.22 9161.79 1884.14 9178.10 1915.46 9158.19 1911.57 9215.27
9 3640.34 505.94 3625.02 404.63 3643.54 367.25 3736.54 367.31 3767.81 401.94 3768.54 467.42 3731.77 490.20 3705.23 501.24 3686.22 506.66
9 3428.44 349.00 3418.69 287.08 3442.57 269.58 3478.28 258.15 3516.23 284.62 3528.86 295.44 3519.39 323.41 3497.12 358.52 3472.42 366.54
14 10339.30 3837.31 10320.59 3830.22 10295.63 3820.30 10295.54 3823.51 10330.88 3858.51 10290.29 3850.44 10275.94 3837.97 10267.29 3814.75 10264.49 3804.58 10268.08 3794.90 10242.92 3763.40 10306.91 3771.61 10337.50 3803.21 10310.65 3807.92
10 7554.77 4090.21 7544.65 4065.51 7552.48 4027.85 7577.81 3979.40 7615.07 3954.90 7682.01 3971.47 7691.33 3979.07 7677.37 4042.40 7644.11 4101.53 7598.63 4116.35
12 4761.75 5845.83 4741.47 5811.25 4756.57 5788.63 4781.16 5772.92 4797.63 5783.40 4807.97 5791.22 4812.88 5801.83 4814.69 5811.34 4813.51 5826.03 4807.21 5837.03 4798.74 5847.42 4772.80 5850.31
9 6669.65 3324.86 6729.58 3279.64 6754.79 3288.55 6808.93 3312.14 6808.75 3329.45 6789.70 3397.82 6767.09 3411.59 6740.20 3417.11 6699.04 3393.68
11 467.56 8979.00 440.77 9030.61 400.81 9021.68 389.63 9017.95 374.26 8992.45 371.69 8983.06 391.96 8945.75 402.19 8940.43 418.24 8933.09 426.76 8934.43 455.32 8952.19
10 5900.70 3965.34 5885.93 3944.07 5881.41 3952.17 5878.46 3943.97 5878.90 3966.49 5869.51 3918.43 5872.60 3911.59 5890.93 3917.12 5885.85 3922.89 5894.30 3923.93
9 8795.01 9083.11 8803.45 9062.34 8833.98 9046.08 8836.80 9047.52 8867.74 9076.18 8868.01 9097.65 8840.75 9118.90 8811.95 9119.30 8806.63 9115.41
10 8152.86 5689.07 8136.80 5716.28 8133.71 5696.35 8088.09 5686.05 8112.46 5617.89 8119.94 5633.26 8168.06 5637.19 8171.05 5641.63 8191.83 5648.03 8200.70 5664.20
8 3123.74 4545.10 3070.89 4552.94 2998.40 4532.55 3018.31 4494.88 3054.54 4505.86 3094.18 4469.91 3084.97 4484.86 3097.12 4476.21
11 9578.39 977.77 9574.83 948.90 9588.05 940.97 9616.61 924.50 9668.64 923.21 9677.06 954.12 9682.60 986.35 9657.75 1008.12 9641.49 1017.75 9604.43 1023.07 9583.13 986.85
9 1720.47 3546.57 1697.16 3490.94 1703.69 3455.18 1745.59 3429.11 1813.08 3432.29 1825.90 3464.46 1820.95 3485.74 1810.89 3496.07 1764.06 3540.62
12 9504.66 9082.73 9502.22 9089.57 9495.56 9095.60 9486.99 9090.13 9503.18 9112.12 9496.21 9114.90 9487.29 9129.32 9449.96 9089.47 9465.67 9084.70 9445.06 9089.61 9441.24 9079.98 9480.98 9056.76
9 9794.17 3918.45 9784.04 3905.52 9768.04 3903.65 9766.50 3885.22 9771.06 3876.46 9774.72 3871.39 9796.88 3894.94 9795.88 3883.61 9815.13 3901.09
5 9150.29 10831.34 9104.32 10782.41 9178.62 10748.15 9198.95 10771.84 9175.19 10800.90
8 10394.98 6716.62 10386.03 6764.56 10344.28 6760.61 10367.61 6702.88 10355.78 6697.83 10349.38 6665.18 10400.25 6676.13 10403.78 6694.60
8 2239.06 5360.90 2205.17 5308.97 2247.12 5249.85 2296.48 5224.93 2340.32 5262.94 2366.16 5312.64 2351.91 5337.13 2315.48 5348.72
11 2378.00 3815.79 2376.92 3879.50 2303.35 3861.92 2331.78 3824.05 2280.44 3788.78 2364.54 3777.39 2379.50 3744.94 2371.66 3783.29 2383.16 3774.29 2374.13 3789.67 2426.61 3788.99
6 4197.40 9693.31 4118.60 9624.49 4159.40 9580.11 4210.97 9557.10 4246.27 9596.39 4237.15 9662.76
9 8436.92 7783.09 8498.27 7717.01 8585.63 7726.49 8610.47 7784.06 8590.04 7838.08 8556.43 7866.52 8527.09 7858.36 8480.40 7842.28 8461.94 7819.24
13 1459.49 4596.51 1425.38 4576.48 1417.35 4571.84 1374.03 4538.52 1374.93 4527.70 1400.91 4521.84 1393.24 4510.77 1438.81 4488.14 1448.89 4532.97 1448.45 4535.69 1447.15 4537.22 1446.72 4537.59 1466.18 4534.50
11 9212.10 10155.49 9218.62 10165.97 9192.18 10167.11 9173.48 10182.88 9176.43 10128.96 9176.63 10124.15 9182.82 10120.65 9183.62 10115.24 9207.16 10134.35 9209.84 10144.44 9221.97 10139.07
7 5919.17 6821.14 5870.24 6876.77 5810.65 6838.14 5789.15 6808.50 5862.45 6761.69 5882.51 6757.64 5912.63 6781.56
10 7976.64 4208.61 7963.57 4124.40 7967.43 4105.03 8030.43 4085.18 8075.31 4080.65 8108.95 4103.40 8129.17 4153.48 8122.09 4168.67 8057.24 4236.70 7999.49 4222.01
14 7830.36 2720.93 7759.45 2747.78 7754.63 2722.49 7718.05 2725.51 7724.56 2714.67 7722.08 2701.82 7715.29 2699.60 7727.66 2670.49 7739.54 2677.36 7791.24 2664.38 7823.79 2680.44 7789.62 2691.73 7832.54 2687.15 7831.17 2691.94
11 4462.79 10591.77 4470.65 10544.51 4487.59 10516.77 4496.99 10507.40 4562.92 10507.60 4577.10 10521.75 4599.65 10587.88 4584.38 10620.13 4525.68 10648.85 4480.24 10633.23 4463.45 10618.54
12 884.41 10064.11 864.25 10084.64 835.96 10101.56 811.95 10083.68 784.21 10083.70 761.34 10060.74 785.01 9973.82 793.99 9987.73 805.82 9959.05 832.63 9953.40 887.87 9982.64 863.21 10002.07
15 6383.23 7973.34 6346.29 7972.24 6351.30 7987.27 6372.36 8025.45 6363.29 8022.70 6337.49 7995.12 6329.04 7996.57 6321.16 7985.86 6290.84 8004.32 6293.95 7940.37 6286.81 7874.36 6352.01 7910.81 6340.38 7936.67 6379.05 7935.91 6351.47 7959.83
13 3518.92 1410.40 3520.04 1378.43 3522.74 1374.70 3564.45 1334.55 3582.68 1338.19 3588.11 1340.00 3592.98 1346.08 3616.71 1386.16 3607.86 1420.07 3601.05 1422.95 3568.57 1421.87 3557.87 1420.85 3532.84 1414.50
7 3298.53 9910.20 3268.19 9899.36 3253.38 9963.64 3204.03 9846.03 3238.01 9858.35 3240.24 9817.70 3268.29 9877.97
11 5859.00 4654.69 5852.43 4664.47 5753.75 4697.98 5738.39 4673.88 5749.09 4571.70 5759.44 4564.81 5789.96 4628.42 5799.22 4592.04 5835.71 4622.53 5830.92 4640.53 5817.17 4651.50
8 5013.12 2683.67 5014.09 2704.10 5011.09 2709.87 4962.74 2696.19 4962.41 2663.96 5017.86 2627.29 5036.09 2640.70 5035.61 2654.59
5 10526.18 7037.30 10515.70 7041.32 10492.14 7071.24 10473.65 6976.13 10540.60 6980.85
11 4792.08 8526.56 4788.18 8517.33 4781.78 8516.46 4766.68 8532.25 4765.73 8512.05 4729.58 8488.37 4749.35 8476.18 4763.93 8466.82 4803.45 8479.17 4804.38 8479.70 4831.06 8498.41
7 4341.22 10051.89 4315.45 10091.51 4283.52 10065.55 4268.89 10035.47 4303.89 10006.96 4308.72 10005.88 4340.06 10030.66
12 7425.02 9104.71 7412.90 9126.26 7405.54 9144.49 7388.65 9114.91 7378.67 9116.36 7372.37 9094.50 7375.72 9039.19 7375.58 9022.57 7391.80 9066.82 7424.18 9048.88 7421.33 9058.80 7451.07 9057.63
9 5922.15 10040.74 5905.23 10050.13 5907.45 10053.84 5895.20 10048.20 5894.57 10053.39 5859.62 10040.05 5866.02 10032.32 5905.19 10008.68 5919.17 10010.47
9 4749.91 3436.43 4722.35 3460.35 4713.31 3430.58 4719.92 3422.17 4718.28 3390.52 4723.48 3388.75 4730.80 3377.00 4731.00 3364.40 4735.12 3385.90
11 6673.75 1063.79 6626.90 1040.90 6626.82 1105.36 6573.11 1047.36 6554.24 976.49 6611.77 968.40 6660.62 977.08 6641.39 1002.22 6645.79 1010.04 6665.57 1006.73 6669.04 1011.74
10 6223.74 10032.90 6227.86 10059.62 6189.16 10039.94 6201.23 10028.83 6205.23 10025.83 6203.29 10010.69 6231.97 9991.77 6236.85 10007.32 6251.10 9996.71 6253.51 10012.47
9 1529.83 3503.43 1480.12 3501.08 1460.07 3457.47 1451.73 3404.73 1490.82 3387.15 1503.57 3382.78 1574.04 3419.79 1574.15 3451.16 1562.57 3466.65
7 8473.51 7091.07 8516.70 7206.09 8491.51 7234.23 8458.80 7249.67 8370.73 7205.37 8355.42 7156.93 8360.89 7138.87
10 9313.14 10158.37 9357.35 10135.92 9416.85 10175.01 9419.73 10246.98 9417.68 10271.10 9376.59 10286.30 9328.82 10273.99 9324.91 10268.47 9286.68 10214.00 9292.48 10183.77
14 9716.47 10566.82 9708.86 10561.15 9706.73 10570.01 9645.12 10542.51 9661.99 10536.54 9639.25 10535.74 9638.76 10534.48 9655.33 10510.47 9668.59 10491.88 9678.41 10490.34 9692.73 10523.94 9723.63 10504.56 9708.84 10520.05 9722.05 10528.10
12 5090.87 8066.61 5080.88 8056.72 5053.10 8052.76 5045.86 8046.91 5039.83 8042.24 5026.30 8028.56 5042.44 8013.41 5060.73 7994.81 5074.73 8016.04 5094.51 8009.45 5098.62 8020.97 5082.66 8031.56
7 4220.51 4124.94 4197.65 4122.91 4199.56 4133.09 4180.95 4120.58 4173.55 4151.85 4136.69 4131.63 4131.04 4099.73
11 5946.90 10328.08 5888.47 10329.50 5873.84 10389.13 5864.30 10366.55 5830.04 10364.69 5849.74 10332.14 5826.18 10344.77 5804.00 10320.04 5822.37 10309.03 5914.38 10262.91 5900.10 10283.82
8 6370.85 1174.77 6296.60 1109.41 6309.64 1063.40 6329.41 1046.29 6401.25 1032.59 6442.97 1086.32 6452.19 1130.93 6400.30 1169.36
5 3257.01 5427.67 3300.22 5496.03 3267.59 5525.30 3167.22 5537.47 3179.15 5463.84
9 2562.15 6924.76 2519.67 6919.69 2514.05 6914.38 2484.68 6862.48 2502.43 6834.23 2538.95 6825.09 2565.31 6838.78 2584.60 6878.89 2568.74 6915.38
15 8685.92 3094.90 8670.50 3098.84 8654.71 3106.29 8660.38 3112.59 8672.78 3124.04 8635.33 3144.95 8635.95 3112.31 8617.38 3121.38 8621.11 3115.93 8608.64 3082.70 8598.64 3064.15 8643.91 3052.90 8674.81 3076.61 8665.96 3084.54 8650.45 3092.32
14 10743.24 7669.58 10738.15 7673.59 10723.68 7704.52 10726.79 7678.55 10712.79 7679.88 10713.59 7676.14 10710.34 7672.27 10723.96 7639.39 10739.76 7633.97 10748.65 7612.96 10772.10 7642.04 10785.28 7645.10 10783.63 7647.28 10771.41 7649.48
10 7673.13 1683.27 7668.69 1672.19 7678.38 1654.22 7706.95 1644.31 7730.81 1638.06 7763.70 1645.28 7785.54 1694.45 7782.99 1707.91 7776.70 1733.06 7732.21 1753.25
7 1991.49 7235.29 2040.57 7265.09 2032.10 7299.28 1998.06 7305.50 1987.38 7297.42 1963.61 7269.64 1971.53 7253.60
7 2834.04 6761.27 2798.66 6770.22 2786.38 6727.19 2810.98 6712.62 2814.08 6722.43 2836.18 6717.62 2834.14 6721.80
7 7851.45 3935.27 7888.50 3974.44 7879.25 3988.25 7815.01 4018.77 7797.11 3980.09 7820.83 3953.53 7838.23 3938.49
8 7578.47 4717.92 7575.42 4767.51 7522.86 4793.30 7503.14 4782.16 7490.76 4757.94 7521.64 4723.18 7539.70 4715.75 7544.62 4715.36
10 7905.62 10562.11 7810.39 10555.25 7788.09 10461.43 7792.44 10460.59 7844.94 10485.57 7859.14 10439.53 7875.91 10428.91 7897.06 10444.31 7900.23 10493.21 7917.19 10494.17
10 7968.63 4588.23 7948.31 4524.76 7953.17 4516.86 7989.65 4509.43 8016.77 4525.96 8027.83 4540.55 8036.43 4555.66 8033.87 4557.97 7995.96 4585.78 7986.13 4590.14
7 8304.80 318.90 8275.00 343.55 8268.66 286.74 8268.00 283.07 8276.37 283.30 8277.34 286.23 8319.11 289.21
12 10756.21 594.51 10754.62 599.80 10716.66 625.42 10699.80 643.87 10682.55 633.30 10663.92 623.70 10675.84 575.15 10693.62 575.28 10697.32 541.35 10709.64 565.31 10717.14 566.82 10732.65 545.56
5 7346.56 4542.13 7344.07 4596.30 7313.67 4492.47 7352.78 4496.66 7349.05 4512.21
6 7765.02 7001.32 7713.62 7028.16 7701.23 7028.76 7693.76 7001.53 7693.05 6936.22 7733.09 6925.42
10 3733.05 5655.64 3730.39 5626.35 3749.28 5612.19 3771.97 5609.45 3785.93 5616.74 3799.48 5628.28 3796.29 5637.25 3777.71 5667.91 3773.96 5669.51 3739.63 5660.45
15 4138.27 7638.72 4152.47 7658.70 4132.42 7680.81 4128.51 7685.01 4111.99 7712.52 4087.19 7683.21 4075.01 7712.11 4059.62 7700.51 4075.92 7662.24 4037.11 7628.12 4080.28 7586.48 4087.02 7577.55 4106.10 7573.91 4127.00 7574.76 4147.56 7587.86
7 4626.12 9307.00 4683.30 9382.95 4668.29 9419.65 4622.35 9445.36 4565.21 9418.55 4569.48 9402.76 4590.23 9350.45
11 1499.17 6491.08 1490.59 6491.52 1483.29 6480.18 1473.80 6485.98 1447.59 6456.30 1462.40 6451.05 1453.54 6440.11 1481.83 6413.85 1509.86 6430.72 1508.62 6437.68 1526.45 6441.29
9 943.43 8405.09 908.81 8395.87 900.27 8379.44 900.09 8349.40 928.71 8330.89 938.04 8331.35 975.30 8357.79 983.76 8389.72 968.34 8404.45
14 8896.62 1532.99 8881.16 1539.55 8883.26 1548.12 8883.05 1548.67 8872.47 1557.83 8870.71 1547.69 8866.13 1539.08 8864.32 1533.85 8843.26 1531.55 8867.64 1527.27 8851.13 1503.88 8864.93 1516.22 8892.49 1508.62 8894.78 1528.84
9 7617.08 2962.45 7599.31 2924.96 7635.39 2844.59 7650.51 2823.31 7689.00 2816.07 7739.61 2838.71 7773.69 2869.82 7764.77 2941.61 7707.73 2985.96
12 8663.30 7031.80 8678.80 7039.98 8648.14 7053.78 8632.83 7068.35 8632.01 7031.04 8620.94 7028.53 8626.23 7024.66 8635.72 7018.17 8634.05 7007.20 8647.81 6998.00 8652.20 7003.76 8653.99 7028.08
7 4769.54 2159.68 4828.81 2134.56 4895.11 2211.24 4885.70 2229.77 4830.97 2268.83 4773.99 2235.10 4770.51 2178.78
10 5086.21 5505.71 5080.25 5445.81 5083.98 5428.05 5101.26 5395.13 5162.32 5403.62 5197.00 5418.42 5217.46 5455.21 5210.76 5475.47 5180.74 5503.29 5148.79 5515.00
12 3035.81 10613.84 3017.79 10582.02 3026.08 10540.85 3064.55 10506.50 3109.07 10503.57 3145.13 10538.53 3147.90 10550.32 3141.43 10590.01 3139.63 10594.86 3102.80 10627.30 3089.46 10631.03 3077.55 10629.85
11 2738.05 8028.08 2729.77 7957.42 2738.10 7948.97 2766.77 7933.11 2775.66 7929.26 2849.73 7961.12 2856.21 7984.35 2852.64 8001.76 2850.95 8004.70 2831.99 8029.63 2799.39 8034.99
13 8128.15 5296.60 8126.95 5324.94 8065.10 5310.23 8067.94 5323.20 8063.93 5374.05 8028.29 5325.51 7991.90 5306.82 8026.02 5290.65 7999.71 5260.68 7999.90 5255.13 8010.38 5231.92 8007.94 5225.91 8062.95 5258.94
5 5501.80 542.30 5486.65 502.92 5510.56 472.18 5557.51 467.64 5566.96 493.57
8 9234.58 8097.65 9211.34 8061.76 9219.63 8035.15 9225.37 8033.93 9251.34 8029.03 9276.91 8032.76 9291.49 8043.79 9267.29 8094.61
8 10885.76 622.99 10870.68 634.76 10842.31 645.23 10851.39 615.42 10871.23 589.90 10866.16 607.23 10884.33 609.38 10891.21 611.73
10 2850.06 1610.75 2829.51 1691.33 2795.92 1711.35 2775.22 1713.51 2756.59 1698.49 2731.97 1661.71 2734.14 1658.15 2740.17 1653.83 2793.69 1616.31 2832.06 1593.93
13 306.63 4480.98 316.23 4454.28 314.28 4452.72 281.53 4467.01 293.31 4456.09 298.99 4428.83 299.56 4400.02 322.66 4408.88 335.06 4433.73 341.11 4426.64 348.65 4420.02 350.07 4425.85 364.50 4415.74
8 3420.63 5179.79 3455.17 5224.38 3430.08 5249.98 3395.87 5244.90 3392.07 5243.69 3384.16 5220.26 3384.17 5218.12 3385.36 5206.27
10 6943.80 3075.45 6911.55 3127.57 6913.41 3073.57 6864.15 3104.29 6874.09 3035.99 6865.42 3029.27 6899.00 3039.37 6893.39 3030.41 6925.03 3046.68 6928.64 3048.87
9 10559.27 8970.02 10545.60 8979.82 10511.87 8938.05 10509.66 8935.20 10541.09 8933.83 10547.57 8932.22 10583.20 8925.51 10577.57 8941.94 10574.39 8943.34
8 1960.34 1754.53 1956.58 1753.25 1948.49 1771.25 1902.77 1722.74 1922.05 1717.15 1950.35 1712.06 1963.84 1654.75 1968.41 1688.21
11 8946.66 3937.39 8951.91 3917.59 8972.95 3898.80 9007.47 3876.05 9015.74 3880.37 9039.17 3908.25 9052.49 3933.12 9054.72 3946.58 9039.24 3977.75 9009.32 3993.22 8968.18 3982.60
7 2877.37 8800.53 2775.14 8770.67 2793.44 8714.01 2828.56 8713.81 2816.65 8689.61 2868.36 8720.60 2905.16 8709.98
14 281.79 4922.52 291.98 4977.43 237.22 4960.82 243.40 4939.74 239.83 4946.97 205.36 4921.91 176.08 4919.96 227.85 4903.80 232.58 4902.54 225.03 4880.87 220.33 4858.02 285.02 4891.44 325.13 4892.63 276.73 4911.58
7 10362.34 8871.60 10398.73 8933.90 10377.33 8970.90 10339.91 9002.55 10287.31 8980.43 10277.96 8910.94 10305.05 8879.41
11 2481.28 3983.98 2487.10 3991.90 2500.67 3999.73 2484.25 4018.72 2458.73 4003.69 2423.18 3986.74 2468.92 3955.49 2475.15 3947.35 2478.06 3963.58 2500.24 3974.58 2482.60 3982.52
13 10950.30 4346.51 10964.85 4358.09 10946.87 4349.23 10958.75 4376.96 10957.29 4375.22 10942.40 4361.55 10915.18 4350.42 10914.74 4323.41 10919.88 4313.65 10939.69 4320.43 10941.50 4330.03 10966.56 4324.31 10979.88 4340.61
8 3351.10 3764.68 3346.92 3731.59 3360.03 3727.54 3402.25 3717.87 3406.35 3729.61 3407.56 3756.10 3406.37 3773.79 3394.73 3788.47
10 426.25 8348.77 398.37 8438.50 365.27 8440.02 320.49 8434.91 291.45 8386.12 293.71 8377.24 298.74 8360.08 368.00 8278.14 373.93 8277.38 406.52 8316.39
10 8167.64 4542.01 8168.50 4500.86 8146.87 4516.52 8164.68 4494.87 8129.92 4496.65 8139.48 4491.71 8179.51 4459.20 8179.30 4472.51 8221.44 4467.84 8204.51 4482.60
9 9759.64 11037.63 9681.61 11107.96 9653.08 11084.66 9634.67 11061.86 9631.20 11017.66 9655.73 11004.39 9711.62 10975.09 9720.21 10974.55 9740.32 10998.66
9 1120.34 6131.73 1102.59 6087.76 1116.71 6078.25 1146.42 6058.28 1180.16 6096.40 1176.90 6106.33 1173.93 6113.30 1164.81 6120.36 1158.47 6123.33
8 149.53 379.08 119.38 329.47 127.81 302.40 162.93 268.20 186.88 269.77 214.56 331.67 211.54 355.76 189.99 365.96
8 1161.41 3441.39 1140.43 3364.78 1191.01 3335.61 1197.33 3337.24 1230.06 3351.85 1236.84 3393.91 1231.37 3425.46 1172.23 3449.15
15 4705.91 895.14 4695.09 885.37 4685.72 840.76 4684.78 846.49 4664.78 877.74 4671.14 848.14 4621.10 871.03 4660.67 786.22 4666.49 791.34 4668.05 771.10 4679.43 788.89 4690.63 753.75 4752.73 754.98 4756.98 768.80 4739.75 797.90
8 4622.70 1124.91 4631.16 1207.81 4552.28 1172.24 4576.23 1107.92 4632.95 1052.33 4675.38 1081.36 4670.29 1113.70 4657.23 1117.95
11 568.33 8974.06 560.26 9041.66 549.78 9052.45 489.44 9026.57 502.35 9008.99 494.08 9014.47 511.99 8994.15 492.16 8928.03 530.45 8904.84 535.00 8950.88 543.58 8900.10
10 8429.68 9011.44 8444.23 8984.61 8537.49 8969.51 8563.17 9036.44 8565.60 9053.71 8564.54 9073.86 8547.80 9093.29 8508.50 9107.54 8481.06 9104.55 8478.87 9102.42
13 6163.51 3679.30 6131.52 3670.45 6125.28 3684.77 6072.72 3718.49 6075.49 3699.02 6061.35 3689.27 6066.31 3678.85 6100.93 3646.65 6102.11 3636.54 6106.78 3617.67 6108.46 3629.67 6133.56 3620.78 6141.51 3661.84
9 9820.09 8448.56 9800.70 8447.61 9814.72 8457.52 9776.88 8464.48 9763.96 8447.64 9746.89 8448.44 9762.40 8434.28 9775.67 8439.01 9783.29 8416.03
7 9776.11 4044.66 9783.20 4070.11 9768.67 4065.96 9732.45 4044.99 9708.88 4008.71 9748.76 4027.98 9756.61 4022.97
5 7769.42 442.83 7782.11 482.70 7755.42 494.78 7744.82 453.70 7694.59 399.35
10 1841.54 6719.84 1826.76 6721.65 1788.44 6746.00 1782.92 6701.90 1747.41 6721.39 1742.39 6692.83 1726.45 6635.15 1788.72 6650.85 1810.59 6649.30 1829.19 6674.22
8 10658.37 8057.99 10612.57 8034.53 10619.98 7987.00 10643.30 7970.84 10670.66 7964.84 10692.36 7982.95 10702.89 8026.60 10683.73 8041.10
5 3267.90 6473.44 3209.13 6450.56 3283.79 6384.74 3289.83 6414.62 3314.12 6418.84
6 9857.90 8066.01 9801.59 7971.68 9830.56 7925.45 9839.66 7918.04 9941.00 7964.93 9903.37 8049.83
7 1775.03 4093.73 1753.60 4046.85 1758.64 4038.09 1773.04 4028.07 1820.64 4008.13 1837.02 4077.12 1837.21 4080.68
7 7956.39 6177.78 7927.76 6124.33 7959.76 6097.96 7976.77 6093.55 7979.20 6105.96 7978.04 6117.98 7969.83 6159.70
8 7756.97 5762.42 7711.98 5779.37 7708.41 5782.60 7661.14 5809.79 7653.02 5793.02 7663.63 5746.56 7618.68 5718.35 7739.14 5746.91
8 8258.60 4721.16 8290.57 4680.29 8301.32 4682.54 8330.94 4707.01 8332.23 4739.04 8314.30 4747.46 8287.94 4751.44 8273.33 4749.34
14 5526.48 6419.28 5529.97 6433.37 5525.02 6461.68 5520.52 6456.33 5504.72 6439.78 5492.42 6468.09 5489.96 6460.27 5488.60 6430.45 5493.15 6427.03 5476.66 6426.97 5478.52 6406.73 5488.30 6373.27 5567.21 6406.07 5562.18 6409.62
7 5978.14 1888.94 5994.34 1894.82 5969.21 1895.49 5968.17 1914.89 5956.36 1912.81 5922.61 1873.64 5936.93 1867.82
7 7867.90 4827.97 7900.30 4751.38 7915.60 4762.06 7966.40 4814.91 7940.66 4862.58 7918.19 4865.64 7883.50 4848.18
8 717.81 7548.16 655.66 7567.82 638.39 7550.09 624.97 7509.57 626.42 7500.86 644.13 7486.16 709.29 7482.45 714.53 7509.02
8 4270.57 2494.47 4286.14 2472.61 4368.69 2427.80 4376.36 2445.01 4379.60 2505.52 4376.60 2532.08 4347.19 2537.96 4325.97 2534.99
13 6600.72 4348.22 6588.21 4321.57 6590.05 4311.52 6606.34 4297.98 6660.70 4254.61 6672.33 4253.82 6734.83 4285.25 6727.63 4331.85 6717.50 4360.71 6712.61 4366.66 6684.47 4398.72 6659.81 4398.80 6641.63 4385.29
13 6409.75 2936.39 6398.93 2942.80 6345.81 2917.77 6348.14 2874.05 6361.29 2876.53 6385.68 2831.55 6388.27 2827.16 6397.86 2834.80 6413.56 2840.00 6466.64 2833.44 6458.16 2874.40 6443.09 2891.61 6497.55 2889.15
6 2232.48 280.77 2188.51 252.01 2194.77 223.92 2246.06 227.53 2259.17 241.05 2261.25 249.35
8 9281.77 1663.69 9300.87 1592.43 9325.93 1597.96 9380.16 1633.66 9385.00 1651.32 9332.99 1696.69 9328.33 1699.59 9297.14 1680.88
10 10025.25 1439.30 10114.06 1416.09 10125.72 1450.15 10136.13 1485.72 10122.74 1503.80 10091.85 1528.74 10073.38 1542.11 10069.02 1542.06 10062.91 1536.05 10026.06 1471.55
9 4158.19 11049.75 4118.74 11038.41 4105.61 10988.54 4083.88 10962.01 4076.60 10951.16 4122.02 10966.18 4142.33 10933.37 4158.44 10951.93 4149.75 10986.61
10 8353.83 3972.40 8388.59 3988.14 8347.16 4021.41 8289.61 4040.85 8275.78 4025.72 8234.10 3960.96 8257.39 3947.37 8274.01 3952.11 8339.12 3893.09 8367.71 3934.04
6 1236.83 4762.58 1193.23 4776.03 1258.61 4675.96 1258.30 4694.10 1274.71 4718.53 1297.03 4721.05
8 10279.10 8103.52 10257.96 8084.89 10262.68 8047.72 10286.15 8027.79 10297.01 8029.98 10335.82 8052.01 10322.66 8108.83 10317.12 8111.07
7 6660.53 9838.16 6641.64 9852.78 6599.79 9864.49 6580.04 9879.34 6595.02 9844.86 6622.67 9790.39 6624.44 9788.13
8 4683.13 6176.42 4760.25 6231.26 4752.70 6256.56 4727.52 6287.72 4679.28 6302.42 4637.77 6272.22 4631.42 6245.86 4648.69 6199.28
14 3135.54 3969.56 3189.95 3996.71 3134.46 3989.26 3121.31 4024.57 3115.44 4043.15 3088.51 4013.50 3069.15 4032.96 3054.86 4004.06 3020.30 3996.86 3057.38 3951.34 3090.32 3930.83 3108.13 3916.62 3124.48 3917.93 3133.13 3958.06
8 8671.36 1719.95 8693.80 1744.74 8620.44 1755.11 8621.51 1752.40 8632.59 1717.97 8633.63 1712.77 8657.49 1684.26 8678.48 1685.46
5 2170.76 8157.41 2093.07 8159.58 2086.90 8078.68 2095.59 8081.59 2151.86 8085.18
11 5670.12 10170.95 5673.87 10182.27 5676.89 10190.03 5648.47 10179.27 5587.56 10196.12 5615.70 10164.59 5591.36 10134.70 5623.53 10136.10 5601.84 10105.00 5642.30 10089.68 5662.79 10109.61
7 10990.46 1564.61 11016.63 1611.47 11001.86 1652.14 10964.56 1661.45 10945.57 1635.56 10946.47 1577.59 10967.01 1571.21
10 8723.64 412.08 8711.26 425.05 8692.97 409.51 8670.06 392.20 8699.42 364.94 8718.20 386.17 8748.18 383.36 8725.55 402.74 8731.88 400.50 8726.23 405.39
6 4943.81 6675.76 4958.51 6685.36 4885.38 6686.92 4874.97 6708.00 4859.68 6611.78 4912.01 6641.24
11 4943.38 5221.33 4875.39 5169.89 4876.56 5155.77 4850.95 5124.03 4903.72 5133.68 4893.45 5121.84 4895.93 5118.25 4905.93 5122.02 4911.96 5103.43 4913.33 5093.26 4940.08 5079.24
7 724.88 10818.89 753.33 10729.05 803.35 10730.11 818.11 10750.53 828.73 10794.95 808.06 10821.68 759.05 10828.89
6 2326.33 6787.36 2356.54 6750.61 2386.81 6755.71 2400.87 6798.94 2351.29 6823.98 2346.27 6822.87
7 4046.18 8122.82 4028.21 8109.75 3985.59 8069.33 4006.65 8036.81 4055.43 8029.07 4050.62 8039.70 4046.36 8055.15
15 5186.12 1604.48 5174.78 1605.73 5172.67 1615.06 5171.46 1628.03 5155.80 1629.42 5134.77 1622.59 5133.02 1622.66 5130.52 1623.21 5118.47 1611.59 5147.59 1584.42 5154.13 1591.94 5163.43 1591.32 5167.77 1596.92 5169.74 1602.33 5163.00 1603.28
5 4718.33 9371.45 4710.68 9287.07 4778.40 9306.47 4810.11 9277.16 4798.96 9295.99
8 4754.74 3239.05 4715.04 3193.44 4734.60 3159.87 4744.69 3144.70 4772.89 3142.16 4808.15 3177.07 4815.43 3191.13 4800.67 3224.24
7 3682.37 7890.13 3635.40 7907.45 3629.00 7933.05 3613.46 7937.53 3608.73 7888.91 3712.77 7836.37 3668.87 7881.66
8 6701.03 8634.47 6681.34 8585.88 6700.01 8571.04 6735.62 8570.86 6752.53 8613.19 6748.04 8617.62 6744.56 8620.49 6726.88 8633.51
7 7869.06 3572.84 7874.24 3519.31 7907.80 3502.88 7942.14 3510.76 7949.99 3552.19 7909.80 3581.82 7894.03 3583.57
12 5375.01 2539.38 5399.45 2560.01 5396.06 2587.98 5373.76 2564.87 5332.89 2560.94 5296.77 2538.68 5329.44 2533.15 5353.91 2495.15 5368.37 2475.80 5381.78 2476.20 5368.81 2522.53 5395.88 2520.30
8 10547.34 874.89 10541.06 895.57 10514.65 924.40 10480.66 923.76 10468.98 880.89 10470.81 872.14 10463.46 840.55 10562.03 868.96
7 7504.76 3938.53 7473.34 3892.38 7477.57 3880.89 7479.54 3877.30 7536.75 3839.15 7588.95 3877.53 7543.00 3921.60
10 7128.10 3500.69 7110.22 3441.56 7113.10 3426.51 7136.15 3389.83 7208.29 3399.60 7217.23 3401.17 7243.01 3449.20 7229.69 3505.71 7202.34 3526.73 7145.29 3535.53
7 4159.71 8480.26 4162.69 8510.60 4115.14 8452.64 4131.11 8457.23 4140.54 8442.26 4147.41 8449.07 4172.47 8453.27
8 2588.90 8648.89 2611.93 8580.37 2639.22 8571.46 2665.62 8577.95 2692.28 8643.62 2664.65 8676.83 2613.47 8680.59 2603.00 8672.59
5 538.80 4810.85 518.99 4801.10 508.32 4819.18 504.25 4807.95 525.52 4741.78
9 1997.95 10057.15 2005.18 10110.67 1999.33 10114.67 1984.45 10116.14 1958.70 10115.20 1951.70 10110.10 1940.09 10094.07 1950.20 10054.45 1973.01 10046.29
10 9715.06 7804.18 9749.00 7746.68 9816.44 7725.69 9873.58 7750.44 9884.39 7760.94 9891.83 7833.27 9877.01 7857.78 9797.29 7871.89 9758.18 7870.86 9733.77 7835.06
7 1751.41 2992.31 1724.76 3011.10 1726.40 2950.90 1720.11 2919.45 1770.97 2942.38 1785.31 2916.17 1799.93 2921.36
6 1357.96 6871.44 1377.40 6944.53 1353.97 6951.34 1251.36 6957.50 1252.03 6904.41 1297.29 6859.34
11 7254.22 820.70 7258.09 864.02 7215.97 822.17 7207.62 828.03 7165.77 826.31 7166.14 820.66 7189.59 801.41 7200.63 784.62 7189.33 738.91 7204.57 732.20 7254.19 777.92
7 4511.09 5303.40 4533.71 5363.15 4517.32 5402.77 4488.02 5430.88 4485.46 5430.23 4427.54 5337.15 4461.69 5316.54
10 5693.10 10917.34 5596.52 10912.31 5595.12 10910.47 5595.00 10839.13 5599.11 10830.52 5641.62 10776.73 5679.96 10783.40 5736.62 10820.46 5739.20 10825.85 5733.99 10897.92
9 7148.78 8200.27 7110.21 8232.97 7106.22 8231.84 7110.26 8196.04 7123.83 8152.42 7116.78 8138.06 7115.08 8134.70 7153.20 8138.67 7159.89 8107.23
9 10026.31 9533.78 10023.57 9481.72 10019.02 9482.16 9979.00 9500.79 10002.19 9484.88 10021.09 9425.59 10023.54 9430.11 10065.00 9399.95 10072.99 9410.61
6 865.93 4456.84 798.36 4462.89 800.74 4431.24 745.52 4350.12 871.25 4391.24 842.37 4405.40
14 7791.98 6589.19 7755.02 6584.33 7745.76 6626.78 7721.22 6610.41 7715.91 6662.89 7690.00 6598.63 7639.18 6581.01 7684.99 6563.88 7679.53 6502.44 7679.60 6487.45 7702.63 6512.12 7711.00 6490.24 7723.34 6511.58 7762.69 6524.42
11 2193.95 2101.88 2172.38 2102.02 2149.92 2092.14 2139.59 2091.44 2145.25 2143.44 2123.59 2101.31 2112.02 2105.24 2118.79 2090.49 2112.59 2072.41 2104.28 2034.43 2124.33 2030.38
7 4357.15 9741.45 4339.32 9673.99 4354.20 9671.17 4414.16 9687.30 4407.93 9721.99 4397.61 9747.66 4375.38 9745.48
8 7499.04 7689.58 7559.26 7765.62 7501.93 7807.14 7470.59 7816.12 7436.25 7811.74 7401.65 7785.50 7395.99 7744.55 7417.34 7726.76
12 10807.29 6858.31 10823.77 6871.81 10803.15 6857.81 10782.75 6849.86 10769.91 6847.16 10779.62 6846.09 10780.00 6841.26 10770.91 6827.23 10777.46 6810.95 10791.09 6836.74 10793.02 6821.19 10820.22 6847.06
8 1994.05 6713.91 2017.66 6626.99 2037.53 6615.53 2069.69 6613.95 2131.49 6686.68 2133.75 6708.37 2062.84 6743.58 2024.46 6746.28
10 7488.94 7615.83 7494.13 7618.74 7490.07 7630.22 7508.67 7660.04 7418.74 7601.22 7410.88 7595.59 7437.81 7584.41 7434.68 7539.96 7436.41 7532.31 7447.57 7572.52
6 5020.85 8966.87 5043.42 9034.38 4989.58 9074.69 4943.23 9037.14 4925.33 9013.72 4946.02 8976.79
8 3178.33 5296.54 3178.48 5302.93 3134.01 5313.18 3125.16 5267.55 3068.08 5260.73 3067.96 5243.01 3193.51 5191.38 3179.59 5234.56
13 1162.75 211.85 1112.03 203.78 1100.16 207.10 1114.19 224.42 1077.40 231.72 1029.58 237.68 1029.18 226.30 1013.32 184.52 1024.77 181.45 1043.35 151.52 1086.80 129.27 1102.96 135.23 1147.67 177.93
6 10148.43 4592.31 10094.59 4613.63 10100.18 4593.29 10119.50 4583.63 10108.31 4558.38 10151.53 4548.47
14 2552.61 6299.40 2546.43 6301.45 2532.12 6289.93 2523.00 6326.44 2521.65 6330.46 2482.59 6308.26 2510.62 6276.58 2502.75 6267.04 2511.39 6233.08 2529.37 6260.45 2532.26 6263.78 2574.31 6250.67 2560.28 6264.85 2573.03 6269.56
9 8850.68 3539.48 8841.95 3491.91 8893.68 3459.04 8925.57 3458.84 8959.12 3498.76 8969.63 3531.79 8953.48 3557.35 8930.48 3585.58 8880.21 3586.45
8 2853.14 3259.39 2851.77 3237.11 2854.60 3221.25 2864.39 3198.74 2926.62 3202.80 2933.72 3237.72 2924.70 3259.18 2909.28 3281.00
10 5673.44 6177.71 5665.46 6118.64 5684.20 6084.56 5718.37 6067.85 5731.74 6065.56 5768.31 6075.75 5807.01 6112.40 5812.21 6155.17 5785.93 6181.07 5738.50 6208.21
10 2221.73 3869.66 2225.96 3901.72 2197.34 3885.21 2170.98 3869.49 2150.87 3847.94 2121.26 3827.70 2184.38 3817.28 2197.04 3766.63 2223.07 3787.41 2228.47 3816.40
13 8781.74 3426.69 8753.23 3447.28 8759.16 3435.20 8739.83 3436.45 8752.22 3418.30 8758.70 3417.41 8734.36 3410.00 8748.22 3408.05 8741.04 3378.92 8754.56 3391.54 8768.76 3370.63 8794.88 3413.55 8798.59 3413.16
9 463.22 4077.02 433.34 4129.36 423.37 4127.61 404.68 4119.75 395.69 4110.08 395.29 4085.26 395.44 4065.90 408.83 4052.65 449.86 4057.84
6 9324.48 5391.63 9283.85 5397.27 9280.75 5394.67 9296.90 5375.31 9291.79 5350.60 9357.98 5355.49
11 2182.86 9116.49 2121.15 9101.94 2107.95 9083.65 2086.50 9040.69 2086.36 9009.77 2089.95 9006.09 2122.68 8976.78 2166.76 8977.86 2218.57 9020.45 2221.56 9034.45 2216.42 9091.26
15 6043.36 1960.55 6041.99 1994.57 6020.25 1962.38 6008.87 1973.22 5985.22 1979.87 5969.54 1971.82 5980.02 1927.31 5985.17 1913.78 6000.54 1909.24 6023.63 1931.38 6025.05 1895.34 6034.95 1924.24 6038.86 1920.64 6060.13 1901.21 6058.85 1923.79
10 756.14 5161.23 702.26 5174.36 693.89 5167.70 691.16 5156.26 687.10 5112.98 700.69 5098.58 732.98 5101.26 739.51 5103.37 746.99 5110.91 754.65 5135.33
10 8836.89 7843.45 8836.31 7811.50 8851.20 7801.95 8879.14 7802.10 8901.67 7808.11 8928.73 7835.51 8929.41 7904.81 8908.75 7908.50 8867.09 7910.34 8845.89 7867.12
10 1376.32 2887.01 1381.52 2958.80 1349.83 2909.95 1275.01 2896.46 1272.41 2886.59 1291.80 2808.77 1320.08 2838.82 1317.06 2786.10 1367.68 2853.89 1429.01 2873.26
8 3438.99 1223.02 3356.31 1262.53 3299.60 1227.98 3285.67 1186.37 3300.64 1099.47 3322.39 1087.09 3399.69 1079.20 3437.41 1159.06
8 10440.25 190.44 10421.73 211.39 10433.97 187.68 10414.00 189.24 10439.27 164.32 10442.99 155.45 10451.40 163.96 10472.04 152.65
9 4549.86 3648.09 4539.28 3653.23 4514.60 3643.24 4508.09 3645.64 4522.51 3624.24 4507.94 3612.72 4562.21 3613.96 4558.14 3627.94 4589.87 3624.88
8 6813.64 6941.13 6826.13 6906.41 6855.36 6898.47 6896.68 6914.77 6894.86 6952.53 6887.06 6966.99 6865.42 6979.36 6819.32 6973.29
10 7137.80 10789.68 7133.45 10805.10 7131.17 10813.30 7108.85 10805.97 7089.21 10813.46 7082.63 10813.36 7097.62 10794.48 7076.75 10770.36 7115.28 10726.91 7118.81 10752.38
13 10782.25 8463.58 10782.42 8478.78 10809.34 8541.82 10793.41 8523.17 10764.08 8486.80 10751.94 8539.33 10662.75 8481.71 10664.01 8432.40 10720.69 8449.64 10744.09 8428.75 10756.97 8406.66 10766.49 8378.91 10801.45 8394.43
12 4901.43 10784.32 4866.32 10804.28 4859.82 10824.87 4831.51 10875.06 4766.95 10830.54 4778.22 10778.85 4794.35 10761.64 4786.91 10702.71 4801.18 10720.21 4817.77 10723.23 4832.84 10728.39 4891.47 10761.78
9 10522.45 2329.08 10526.85 2289.54 10548.76 2275.45 10558.49 2271.32 10588.59 2278.78 10612.64 2317.40 10596.82 2341.44 10559.55 2366.93 10548.89 2360.51
11 3186.60 8234.36 3164.00 8179.83 3168.24 8170.66 3217.69 8159.54 3254.78 8155.37 3261.55 8157.91 3270.42 8196.38 3267.81 8230.10 3257.47 8244.88 3234.83 8258.34 3192.71 8239.93
12 6122.00 413.83 6129.80 351.84 6193.04 323.54 6195.24 322.89 6210.31 330.36 6262.11 359.68 6265.52 410.32 6267.33 456.15 6223.38 485.11 6197.79 494.05 6167.56 489.95 6124.74 431.66
12 3979.74 3548.39 3947.49 3574.65 3932.15 3577.97 3941.68 3556.20 3932.97 3538.35 3940.40 3539.52 3920.76 3530.31 3919.66 3523.76 3947.79 3517.21 3950.62 3511.51 3952.55 3523.09 3965.61 3538.29
7 8486.25 4823.69 8547.99 4747.45 8624.98 4765.01 8648.92 4810.59 8639.92 4840.86 8568.48 4902.52 8557.78 4892.76
12 5485.85 3034.50 5435.57 3029.97 5411.00 3007.48 5406.99 2966.27 5437.47 2920.97 5446.64 2918.97 5494.74 2920.59 5504.48 2934.74 5534.68 2982.61 5524.03 3005.78 5512.24 3027.76 5509.63 3031.40
8 3736.25 5220.63 3797.26 5262.95 3768.66 5302.45 3753.62 5314.21 3720.99 5336.49 3708.62 5330.31 3665.97 5280.45 3681.53 5258.54
12 6446.59 7541.10 6464.81 7561.35 6459.68 7565.50 6441.41 7563.54 6414.42 7548.06 6410.46 7525.71 6435.17 7501.09 6438.04 7510.38 6438.12 7518.55 6450.42 7522.69 6466.54 7509.06 6451.95 7533.15
9 2040.00 6197.14 2019.19 6137.19 2031.01 6108.20 2076.45 6082.54 2109.61 6082.08 2144.25 6120.58 2114.69 6189.26 2078.87 6214.77 2050.04 6208.51
9 4824.00 7841.77 4796.18 7784.98 4811.20 7738.55 4858.74 7711.98 4886.18 7707.99 4928.21 7737.51 4959.25 7792.03 4947.98 7851.82 4883.23 7894.66
7 1079.57 1786.31 1078.89 1802.19 1073.49 1809.89 1029.72 1787.44 1033.35 1766.82 1021.58 1739.68 1024.08 1734.89
9 6469.00 5853.72 6428.56 5890.37 6427.62 5912.67 6345.04 5856.06 6370.08 5844.00 6353.46 5828.30 6409.37 5794.60 6408.03 5779.17 6487.71 5782.62
6 4477.71 5508.15 4473.43 5558.79 4430.50 5521.16 4441.34 5459.57 4454.80 5473.70 4463.87 5496.89
9 10822.17 4101.03 10774.72 4083.42 10764.63 4043.16 10762.68 4018.71 10799.51 3991.59 10823.06 3990.97 10842.35 4008.69 10864.58 4045.87 10850.34 4078.58
7 7010.34 5764.22 7055.02 5720.36 7095.23 5743.24 7112.77 5754.91 7074.38 5807.46 7054.25 5822.74 7011.61 5781.02
14 2152.07 10489.88 2150.58 10516.17 2130.61 10516.34 2123.11 10498.71 2115.89 10496.60 2123.71 10481.78 2105.73 10472.86 2104.25 10464.53 2131.90 10475.58 2118.85 10465.23 2156.21 10446.66 2158.46 10446.22 2162.71 10454.68 2150.45 10475.22
11 5548.10 4078.31 5532.90 4052.99 5547.27 4041.52 5553.02 4037.99 5583.66 4028.87 5599.89 4035.22 5608.22 4043.29 5607.45 4054.88 5605.97 4067.08 5602.02 4081.05 5594.46 4086.34
9 10878.98 5010.07 10844.44 5045.01 10837.82 5044.39 10784.03 5022.28 10784.61 5012.63 10799.74 4979.82 10840.48 4952.42 10865.26 4964.44 10877.24 4996.51
10 8895.22 2906.76 8915.72 2906.49 8923.86 2911.65 8941.34 2957.59 8925.69 2965.11 8901.35 2976.62 8892.15 2969.86 8881.05 2950.61 8867.88 2927.73 8871.22 2917.53
9 3279.73 3332.13 3327.08 3209.15 3376.83 3224.23 3422.60 3284.61 3431.30 3303.44 3438.88 3325.23 3437.18 3327.88 3369.21 3372.62 3350.17 3373.98
11 5583.66 2518.93 5579.27 2527.10 5529.59 2537.74 5511.57 2544.81 5487.41 2496.07 5510.02 2503.65 5526.93 2494.90 5530.84 2492.22 5541.84 2467.05 5578.93 2484.30 5579.76 2493.60
8 575.05 10822.80 524.03 10859.37 516.12 10878.27 486.65 10764.97 479.65 10742.25 550.61 10732.97 541.95 10770.61 579.39 10805.71
7 6181.90 2326.78 6217.53 2408.51 6185.64 2441.33 6145.70 2434.97 6100.95 2412.81 6101.32 2356.35 6117.60 2325.71
7 5159.60 1291.83 5120.43 1330.66 5103.24 1319.46 5071.94 1285.40 5073.66 1243.34 5119.69 1229.72 5153.11 1274.35
8 1673.43 2082.42 1676.25 2095.74 1659.22 2136.43 1641.77 2099.80 1628.97 2100.98 1628.87 2077.64 1627.40 2076.44 1669.00 2070.11
11 1583.07 5326.12 1637.10 5311.22 1648.24 5314.06 1656.78 5335.83 1655.92 5345.74 1652.02 5366.45 1630.25 5388.20 1625.27 5390.96 1607.83 5381.87 1597.66 5366.73 1585.60 5341.40
11 10262.35 6631.41 10196.21 6644.91 10113.41 6613.42 10104.35 6573.01 10106.97 6558.99 10109.83 6546.97 10183.12 6496.82 10203.38 6495.75 10208.67 6497.23 10248.83 6515.11 10258.14 6565.49
8 6195.02 701.77 6229.53 664.62 6284.63 650.79 6330.73 685.84 6345.73 762.92 6298.35 801.10 6236.98 792.72 6199.54 773.49
9 1754.17 3262.80 1679.36 3174.40 1694.32 3151.91 1737.94 3106.36 1769.16 3103.05 1831.22 3151.24 1832.86 3201.49 1828.33 3231.45 1806.77 3245.42
11 573.15 4390.52 595.06 4400.22 578.90 4408.76 561.57 4413.92 526.42 4364.01 537.12 4362.87 535.27 4354.70 559.14 4346.41 560.43 4358.61 572.67 4384.98 591.58 4386.37
8 6000.86 609.96 6007.15 631.70 5931.14 616.07 5908.76 529.70 5912.08 523.95 5952.88 573.34 5972.92 580.14 5955.41 596.85
10 6159.45 9459.97 6135.81 9480.26 6115.03 9502.49 6094.69 9489.88 6067.76 9487.53 6089.24 9470.83 6144.33 9432.39 6130.47 9446.90 6127.94 9448.51 6122.65 9454.86
8 4242.67 10984.80 4251.12 10933.41 4309.39 10918.54 4323.14 10961.41 4325.18 10970.68 4318.36 10994.55 4312.71 11005.35 4259.99 11005.61
7 563.13 8270.73 536.40 8278.61 532.11 8298.28 503.90 8266.28 512.22 8241.18 540.90 8232.96 556.00 8242.35
11 6047.94 500.57 6029.87 501.80 6007.28 526.98 5998.22 543.84 5978.98 514.85 5964.90 478.76 5960.27 472.58 5956.71 461.12 6018.86 448.09 5997.64 476.35 5998.78 481.14
8 4410.01 5154.15 4354.81 5204.45 4303.43 5173.59 4299.17 5150.51 4309.78 5133.94 4343.54 5106.98 4367.22 5091.96 4394.88 5101.19
10 666.79 2016.39 622.69 2003.88 629.63 1936.30 658.49 1905.87 678.97 1902.06 696.67 1905.13 711.87 1938.12 710.97 1979.00 704.61 2010.03 700.06 2022.88
6 5815.20 5929.53 5707.22 5988.83 5698.13 5975.95 5647.41 5880.33 5685.68 5869.32 5781.13 5857.73
13 3244.26 5140.55 3214.78 5156.82 3124.58 5181.11 3102.81 5175.75 3092.97 5140.97 3112.66 5124.76 3145.65 5127.36 3104.93 5110.30 3159.48 5101.68 3154.87 5062.27 3208.62 5067.51 3220.74 5082.71 3246.11 5123.04
11 9612.48 7123.36 9622.12 7098.66 9643.28 7064.45 9646.10 7063.50 9668.40 7069.86 9675.13 7075.75 9687.04 7098.01 9687.83 7101.01 9685.67 7122.85 9644.93 7151.41 9615.84 7134.55
5 3418.95 8259.67 3357.09 8270.90 3343.96 8287.18 3376.39 8178.83 3427.75 8223.22
8 5225.30 9624.05 5239.85 9596.63 5264.45 9571.51 5301.84 9609.66 5316.47 9631.97 5306.73 9651.36 5273.37 9675.80 5251.71 9673.68
9 547.14 5373.70 533.38 5417.53 518.10 5403.21 481.09 5422.90 465.80 5415.91 483.96 5359.12 498.78 5346.97 516.74 5309.49 544.69 5360.58
12 10050.06 8284.56 10056.84 8310.63 10058.40 8321.74 9983.61 8319.55 10006.02 8287.66 9968.03 8262.51 10006.17 8242.41 10026.42 8242.63 10031.41 8222.84 10036.17 8223.36 10040.40 8272.75 10060.54 8274.67
11 10902.41 1918.25 10916.17 1964.21 10899.06 1985.98 10878.50 1992.05 10868.24 1994.85 10849.17 1988.54 10840.41 1968.14 10835.99 1942.50 10844.29 1927.82 10866.65 1916.34 10876.12 1915.56
7 4189.32 8201.09 4230.98 8148.93 4302.30 8194.23 4307.27 8224.07 4277.07 8252.32 4269.69 8254.20 4237.78 8255.62
13 9852.16 2162.74 9816.22 2218.35 9819.35 2180.98 9811.97 2176.41 9787.80 2179.01 9816.92 2163.96 9812.37 2163.63 9835.55 2111.89 9846.72 2118.63 9859.33 2103.49 9871.34 2100.80 9857.57 2140.65 9877.55 2156.29
10 8734.13 2507.80 8737.08 2546.61 8733.25 2563.90 8726.99 2580.61 8682.16 2587.11 8659.86 2582.58 8630.02 2562.14 8622.10 2517.41 8622.55 2497.72 8684.48 2496.50
6 5229.73 1771.94 5113.30 1740.06 5093.89 1716.48 5099.48 1638.60 5104.29 1629.03 5160.54 1671.83
12 9731.84 2681.96 9726.43 2682.92 9702.53 2691.20 9661.29 2720.46 9647.68 2718.23 9643.69 2699.28 9656.81 2659.42 9648.25 2626.54 9606.47 2587.03 9647.17 2582.27 9686.71 2568.73 9741.70 2637.60
10 8373.68 9129.51 8368.78 9139.26 8364.56 9137.84 8359.59 9128.37 8337.60 9129.82 8310.14 9111.84 8336.05 9077.97 8353.20 9068.86 8367.68 9054.55 8371.70 9092.09
6 2768.18 4073.81 2675.22 4147.36 2657.99 4140.80 2620.47 4015.83 2641.28 4001.08 2734.17 4035.89
12 1441.58 5699.20 1471.30 5719.32 1438.25 5705.01 1418.11 5732.43 1421.95 5702.17 1406.20 5685.72 1385.99 5677.45 1418.39 5686.93 1421.62 5647.31 1425.42 5665.85 1433.34 5674.08 1469.14 5659.09
11 6141.91 9313.05 6137.93 9297.66 6141.78 9251.16 6177.83 9217.59 6221.88 9208.92 6223.05 9208.81 6255.31 9206.00 6302.54 9232.46 6302.28 9252.76 6258.44 9324.60 6217.62 9355.86
6 6512.51 10418.36 6580.59 10470.29 6553.92 10538.39 6512.39 10582.99 6429.53 10541.49 6481.72 10425.81
7 10426.20 6186.25 10385.54 6141.44 10389.85 6112.28 10423.77 6094.08 10440.28 6101.17 10446.95 6127.30 10437.12 6176.14
10 5676.91 2489.75 5704.86 2515.41 5693.56 2531.86 5646.22 2561.79 5617.16 2561.66 5615.96 2561.27 5607.86 2532.38 5611.75 2519.30 5638.65 2497.81 5653.60 2493.94
13 10343.30 10373.10 10368.03 10376.18 10362.55 10390.00 10336.61 10401.06 10332.29 10389.34 10342.43 10431.84 10331.39 10404.55 10327.60 10421.16 10291.65 10393.41 10276.30 10366.85 10297.85 10348.73 10301.81 10336.43 10329.65 10326.54
7 8863.47 1829.98 8906.86 1775.73 8943.33 1810.98 8951.34 1828.16 8955.18 1842.92 8915.63 1884.46 8880.65 1874.40
9 9327.68 6835.82 9357.97 6764.19 9443.98 6776.84 9451.09 6798.16 9455.92 6825.42 9451.02 6865.22 9370.80 6899.38 9340.89 6903.65 9328.12 6849.54
10 977.69 9324.69 973.19 9336.19 968.05 9337.37 925.54 9316.46 903.95 9340.41 894.36 9312.53 924.34 9298.68 920.75 9269.85 954.50 9278.34 956.30 9281.83
12 5729.74 5627.33 5726.96 5644.11 5707.46 5628.27 5693.61 5635.21 5679.79 5648.30 5664.03 5633.07 5691.24 5619.55 5681.71 5576.51 5708.23 5596.84 5708.33 5589.04 5722.07 5576.57 5729.69 5588.62
7 9153.75 9501.09 9143.70 9465.76 9156.34 9421.71 9200.29 9391.45 9242.33 9405.79 9238.98 9454.76 9189.20 9500.79
13 8857.46 10293.90 8821.18 10265.60 8796.05 10269.31 8792.08 10267.16 8737.03 10288.98 8774.97 10236.53 8729.84 10211.73 8795.17 10223.33 8774.96 10168.18 8791.92 10190.64 8854.23 10160.80 8854.15 10200.01 8886.61 10240.84
5 4067.72 7379.38 3979.06 7393.65 4004.67 7377.13 4043.43 7353.29 4036.16 7359.36
9 6856.05 1112.87 6867.33 1184.76 6829.98 1209.44 6818.95 1216.18 6779.30 1210.92 6754.85 1166.68 6762.76 1111.80 6779.69 1097.58 6807.86 1100.27
11 4989.75 9408.16 5003.77 9439.57 4884.38 9433.08 4920.50 9367.98 4940.53 9366.92 4913.61 9326.07 4936.08 9347.55 4926.86 9312.62 4959.77 9307.14 4977.96 9360.87 5022.69 9347.08
7 10674.27 4399.25 10664.69 4419.10 10662.06 4401.89 10624.60 4435.13 10626.08 4394.43 10639.51 4292.88 10701.50 4338.68
8 2821.36 9357.97 2772.93 9389.04 2759.46 9337.81 2727.02 9334.15 2699.62 9340.78 2678.78 9282.10 2710.32 9262.97 2796.72 9235.62
7 2418.10 2541.59 2382.36 2620.37 2367.02 2612.82 2329.00 2577.56 2373.22 2520.54 2382.94 2523.77 2414.24 2537.41
9 2007.20 4706.75 1992.39 4705.94 1976.32 4702.60 1974.49 4738.06 1939.97 4731.37 1880.59 4667.58 1894.15 4668.08 1932.43 4641.32 1972.69 4598.56
10 5099.98 7945.35 5052.19 7959.92 5036.00 7951.52 5014.76 7921.77 5018.86 7890.25 5023.52 7866.96 5037.14 7859.49 5054.80 7854.88 5075.95 7854.86 5085.91 7870.66
12 2560.58 1658.59 2526.74 1601.98 2526.87 1586.35 2530.42 1579.21 2545.01 1559.94 2605.36 1535.03 2666.01 1580.15 2671.74 1594.73 2671.07 1602.35 2635.59 1647.58 2624.04 1656.37 2573.37 1668.40
10 7991.99 7969.77 8038.81 8047.64 8035.23 8060.54 8016.57 8077.21 7979.83 8089.41 7964.66 8081.21 7934.01 8049.46 7924.38 8026.19 7933.69 7999.83 7956.39 7973.84
9 1677.60 2236.06 1683.11 2188.44 1699.91 2165.41 1732.75 2173.66 1744.85 2180.37 1771.43 2202.23 1763.95 2235.85 1744.26 2259.70 1698.69 2254.39
9 10737.78 1060.95 10723.46 1039.60 10732.83 1001.61 10736.37 989.24 10742.32 983.41 10782.14 979.34 10811.33 1008.69 10798.55 1045.37 10789.49 1067.35
6 7669.72 1531.49 7648.85 1558.50 7599.45 1541.57 7577.12 1482.26 7607.27 1499.73 7615.79 1502.55
9 3912.28 10984.01 3871.79 10992.74 3868.90 11000.28 3866.25 11004.27 3850.08 11025.06 3851.58 10965.01 3875.07 10938.15 3869.05 10957.67 3882.26 10970.68
15 3546.20 10233.76 3543.95 10250.37 3518.00 10237.60 3513.73 10245.67 3517.15 10259.99 3501.07 10270.47 3493.29 10248.69 3498.17 10235.59 3481.29 10242.48 3476.07 10235.26 3474.69 10201.30 3502.91 10200.22 3509.99 10221.22 3521.96 10222.38 3529.16 10223.26
6 7480.38 7293.88 7465.19 7224.08 7498.68 7178.37 7564.59 7198.43 7580.04 7222.69 7539.59 7293.00
7 508.93 739.99 558.87 757.44 538.42 803.27 497.03 826.96 478.24 820.04 458.36 787.49 482.14 760.94
9 3828.48 9430.94 3835.60 9439.18 3846.32 9461.97 3837.72 9457.57 3754.30 9403.49 3797.93 9382.04 3800.23 9382.12 3808.86 9369.86 3827.63 9419.31
13 6066.33 7637.99 6070.38 7646.94 6072.48 7655.31 6072.04 7664.76 6066.33 7672.82 6053.16 7647.41 5998.39 7651.60 6020.64 7629.34 6028.43 7618.45 6029.84 7606.94 6091.94 7580.65 6103.81 7585.05 6088.62 7608.40
7 1165.58 7760.79 1145.23 7766.93 1099.29 7740.12 1125.23 7707.85 1161.69 7703.14 1196.49 7651.28 1211.37 7683.66
9 4498.05 10737.83 4572.73 10737.73 4580.28 10746.28 4609.29 10828.32 4598.90 10866.76 4566.52 10878.97 4462.30 10876.34 4457.96 10828.10 4476.30 10758.70
6 486.82 7115.75 474.91 7149.21 459.14 7131.00 469.35 7103.00 459.14 7101.29 504.00 7081.85
8 4782.26 4810.13 4740.75 4846.53 4718.08 4817.26 4703.50 4806.40 4700.25 4799.79 4704.38 4787.25 4747.26 4770.12 4793.88 4764.33
9 7028.75 9531.64 7043.91 9494.73 7084.35 9473.15 7142.79 9470.15 7188.15 9524.65 7206.63 9574.28 7137.72 9632.35 7090.52 9628.61 7075.27 9623.95
8 2766.25 6463.72 2764.05 6490.00 2669.61 6460.54 2726.39 6383.50 2756.08 6370.65 2751.19 6396.85 2768.17 6377.61 2760.59 6412.65
14 3136.77 5968.11 3121.42 5988.85 3110.19 6007.05 3077.79 5964.30 3088.25 5995.33 3003.92 5972.88 3030.76 5947.06 2992.47 5930.37 3054.85 5889.79 3079.25 5926.39 3086.93 5917.08 3130.81 5921.33 3134.32 5928.37 3122.22 5942.68
8 5562.87 7771.81 5598.81 7731.95 5624.17 7736.55 5627.83 7750.51 5631.45 7783.58 5621.59 7797.53 5600.89 7808.18 5575.12 7786.50
10 3257.44 1128.26 3244.04 1151.04 3240.08 1158.55 3200.11 1118.99 3213.82 1120.10 3187.58 1103.02 3220.27 1114.11 3229.59 1113.17 3247.80 1098.49 3273.43 1120.10
13 2060.44 2116.49 2054.83 2140.98 2045.79 2136.91 2036.07 2135.94 2030.32 2165.25 2032.57 2126.26 1977.81 2147.75 1976.89 2090.49 2013.49 2096.23 1991.99 2080.45 2038.15 2090.74 2079.51 2094.98 2072.00 2099.86
13 4719.51 2772.00 4732.21 2777.71 4689.01 2777.78 4714.30 2804.80 4689.45 2809.07 4678.42 2825.16 4635.42 2807.79 4620.03 2741.25 4655.42 2698.72 4661.49 2694.28 4689.99 2703.47 4700.07 2726.95 4724.14 2716.31
9 5965.64 9897.51 5934.65 9946.97 5942.79 9900.52 5904.01 9889.38 5916.16 9833.87 5929.16 9829.72 5954.46 9852.63 5983.39 9841.49 5968.49 9870.78
11 5324.34 10418.62 5294.92 10412.38 5293.57 10404.68 5287.91 10346.06 5300.61 10341.16 5326.89 10337.28 5362.38 10360.77 5366.75 10365.84 5369.89 10380.86 5363.97 10398.28 5345.58 10416.72
15 400.36 6620.88 382.12 6643.98 359.21 6626.79 339.36 6619.19 346.99 6613.20 341.85 6609.34 357.54 6607.73 345.49 6597.20 354.83 6597.36 357.30 6577.12 361.11 6581.01 409.39 6591.33 393.31 6599.84 398.46 6601.04 398.89 6606.30
11 2046.06 9798.88 2022.53 9790.50 2029.53 9730.12 2033.42 9726.34 2030.39 9722.68 2061.58 9722.26 2077.16 9705.65 2094.91 9724.15 2106.30 9730.89 2115.00 9746.01 2080.93 9759.06
10 2152.76 2828.55 2153.17 2839.58 2149.79 2849.37 2066.01 2866.34 2086.65 2760.38 2097.82 2771.66 2115.45 2727.90 2124.29 2773.48 2140.30 2757.40 2127.89 2789.54
10 10484.43 3214.69 10482.81 3174.89 10490.54 3153.82 10500.54 3142.59 10520.48 3142.48 10558.62 3147.71 10586.69 3172.49 10576.99 3193.89 10552.25 3231.52 10514.70 3232.25
15 10944.72 10078.90 10954.08 10096.13 10943.60 10104.64 10928.48 10096.25 10920.20 10097.55 10921.51 10105.52 10903.28 10101.84 10905.75 10078.17 10881.54 10090.94 10893.37 10024.66 10910.82 10021.95 10912.05 10042.67 10913.84 10020.88 10914.28 10058.91 10944.60 10065.18
7 3155.48 4299.02 3158.21 4344.65 3157.25 4366.84 3125.31 4386.96 3084.13 4346.20 3081.51 4305.55 3124.35 4296.06
6 4356.94 4865.01 4332.39 4850.75 4330.00 4832.66 4316.51 4826.80 4388.34 4798.65 4381.11 4817.84
8 2246.50 3401.05 2230.92 3418.34 2188.36 3399.81 2180.58 3389.52 2171.79 3369.56 2204.23 3349.50 2224.31 3346.06 2246.09 3393.65
10 4075.50 10348.82 4134.52 10274.42 4192.45 10286.41 4215.10 10335.48 4207.29 10380.33 4182.41 10400.57 4166.91 10409.20 4151.56 10405.01 4120.66 10393.22 4087.64 10370.14
11 753.14 7013.55 716.15 6954.33 747.17 6915.15 777.79 6881.12 860.04 6871.62 882.33 6888.91 903.95 6942.34 902.24 6948.53 888.52 6978.24 852.17 7007.15 799.78 7025.79
11 8031.20 7824.54 8010.06 7853.28 8027.89 7873.27 7998.50 7850.37 7970.36 7867.87 7931.13 7826.64 7925.86 7808.35 7954.91 7799.61 8002.98 7775.45 7993.10 7796.43 8019.47 7778.55
11 9875.58 6836.19 9851.25 6886.23 9840.08 6844.54 9800.64 6800.88 9801.64 6785.29 9806.87 6782.00 9821.99 6766.29 9843.66 6763.96 9849.81 6749.80 9862.86 6794.53 9881.56 6787.32
6 3086.95 10960.47 3014.00 11039.71 2996.60 11034.80 2942.20 11009.13 2934.68 10993.58 2962.34 10949.44
7 9099.86 5358.03 9123.61 5301.96 9155.88 5291.53 9170.03 5306.79 9173.74 5310.94 9174.60 5353.48 9118.95 5371.22
10 3689.25 4089.43 3734.38 4147.57 3731.62 4172.76 3685.44 4224.21 3673.22 4228.79 3619.56 4230.18 3588.88 4135.61 3583.70 4108.72 3650.26 4084.77 3664.64 4083.15
11 8733.29 10326.47 8710.10 10338.99 8659.85 10340.35 8633.50 10361.92 8614.72 10320.94 8617.66 10302.78 8624.86 10286.82 8641.60 10254.34 8692.41 10287.22 8703.53 10311.20 8718.38 10311.38
9 6233.31 1876.55 6210.40 1907.50 6187.75 1928.36 6159.75 1951.87 6127.08 1876.04 6130.00 1870.20 6160.36 1869.86 6157.81 1851.76 6129.38 1836.24
8 405.02 6168.07 386.21 6085.34 427.94 6048.47 476.57 6021.89 502.41 6026.22 530.62 6087.54 535.71 6167.88 458.03 6190.24
10 3730.51 2849.66 3739.97 2876.60 3694.50 2893.45 3644.58 2900.06 3666.33 2865.25 3667.70 2809.93 3680.42 2769.45 3712.56 2767.85 3729.49 2807.52 3753.96 2836.24
8 367.50 4677.74 359.74 4705.28 361.52 4722.96 299.90 4710.39 299.85 4687.63 323.81 4672.98 274.61 4665.37 340.43 4591.66
8 2845.09 5836.76 2844.87 5855.15 2850.44 5860.40 2833.13 5864.13 2818.58 5848.29 2793.39 5877.57 2783.44 5833.78 2818.45 5824.74
12 3720.62 1834.78 3695.80 1872.19 3683.86 1854.50 3661.72 1871.52 3656.64 1869.76 3673.46 1839.85 3653.01 1802.02 3686.67 1802.20 3690.47 1787.31 3701.61 1819.02 3712.50 1783.94 3730.84 1824.54
9 3376.48 1863.84 3420.41 1793.68 3470.75 1804.45 3498.64 1811.31 3538.18 1897.79 3494.69 1953.37 3438.96 1951.68 3433.10 1947.16 3401.10 1922.29
10 10070.09 3630.76 10064.05 3557.75 10077.46 3542.63 10106.95 3527.28 10132.83 3521.15 10192.57 3547.52 10207.92 3578.54 10185.26 3627.87 10138.52 3659.68 10122.35 3656.19
13 6233.06 10779.51 6244.35 10809.79 6180.06 10802.61 6183.25 10790.71 6170.73 10804.73 6178.59 10786.35 6153.24 10794.13 6136.88 10801.96 6166.96 10783.69 6131.86 10774.03 6128.32 10752.61 6149.16 10752.17 6208.73 10739.00
13 2932.23 2843.55 2913.43 2827.85 2903.98 2859.50 2882.63 2839.59 2865.90 2860.33 2867.40 2809.80 2826.54 2794.41 2870.36 2800.52 2864.63 2776.82 2893.37 2762.69 2901.52 2773.00 2904.01 2759.64 2945.47 2801.92
8 9175.47 1281.18 9249.40 1267.18 9256.91 1309.86 9254.08 1326.79 9238.29 1348.99 9213.21 1365.46 9210.99 1366.49 9189.27 1359.57
9 5780.64 2906.87 5783.72 2885.03 5809.21 2862.84 5836.35 2849.25 5865.10 2875.70 5866.16 2911.32 5847.83 2928.63 5835.16 2935.67 5795.59 2932.48
8 7932.71 2107.97 7948.79 2116.89 7888.98 2120.26 7823.79 2099.04 7852.76 2067.41 7845.95 2049.42 7848.10 2024.94 7905.13 2010.61
9 8378.55 6814.45 8389.84 6810.72 8450.87 6824.99 8461.30 6861.55 8455.60 6905.83 8424.60 6923.35 8347.94 6899.04 8347.45 6886.28 8350.18 6873.80
8 4169.88 4281.97 4208.72 4381.19 4166.24 4417.19 4086.95 4420.51 4077.95 4418.09 4056.04 4383.16 4054.22 4335.25 4097.07 4292.82
10 1531.98 5636.79 1477.05 5649.58 1466.71 5580.54 1459.30 5560.91 1506.00 5553.49 1507.63 5566.77 1516.03 5566.96 1533.57 5515.78 1569.15 5531.51 1553.18 5577.15
7 9420.38 5496.77 9387.90 5512.67 9360.22 5504.96 9359.98 5448.52 9378.78 5442.32 9413.08 5419.27 9406.36 5457.41
13 5330.73 6759.98 5304.70 6779.72 5302.14 6773.42 5296.93 6811.59 5253.34 6794.56 5263.02 6772.44 5282.19 6740.43 5281.83 6721.95 5295.61 6729.74 5302.35 6730.45 5332.34 6687.54 5327.81 6701.71 5349.46 6742.58
11 4929.79 4327.72 4894.59 4343.80 4909.12 4361.04 4919.18 4369.85 4864.10 4354.70 4833.04 4341.23 4805.27 4350.69 4844.66 4282.10 4903.30 4267.47 4912.45 4260.92 4924.35 4281.26
8 1671.12 2505.13 1682.32 2462.01 1700.75 2425.21 1765.94 2439.77 1790.58 2467.56 1765.24 2525.15 1728.57 2538.78 1706.55 2528.35
14 11098.08 2840.38 11063.49 2840.83 11064.15 2865.63 11044.41 2838.50 11042.02 2856.16 11036.34 2857.12 11008.07 2855.50 11032.17 2827.67 11002.55 2829.24 11015.49 2800.00 11024.14 2796.34 11030.57 2800.76 11031.61 2767.17 11041.55 2778.90
10 2451.79 10963.36 2459.56 10977.54 2426.79 10965.35 2449.98 10991.08 2413.29 10978.95 2410.69 10975.61 2407.07 10984.67 2370.68 10972.03 2399.12 10936.19 2438.80 10920.02
7 9233.66 1383.22 9243.29 1413.33 9236.79 1432.85 9225.77 1439.34 9183.38 1440.36 9197.83 1387.16 9218.46 1384.11
12 8535.03 3164.60 8515.14 3213.08 8463.51 3172.33 8383.89 3156.90 8461.30 3106.61 8469.07 3128.89 8473.29 3107.81 8490.93 3075.51 8499.95 3073.27 8498.04 3119.77 8523.18 3124.82 8535.93 3141.15
13 9883.67 661.22 9909.37 687.74 9904.07 711.67 9861.73 727.20 9825.47 707.50 9809.92 719.01 9791.76 702.24 9824.34 639.52 9813.65 605.78 9820.73 591.51 9861.99 593.43 9866.65 593.83 9898.25 634.75
9 7997.07 10098.37 7975.34 10108.22 7964.60 10117.52 7907.11 10131.53 7916.38 10095.71 7926.73 10064.74 7934.11 10068.95 7951.17 10073.06 7969.21 10078.22
11 3341.09 7527.33 3324.32 7427.41 3362.55 7370.53 3370.02 7368.89 3450.58 7382.32 3465.47 7386.03 3470.79 7387.71 3491.73 7432.41 3493.31 7454.23 3424.99 7535.71 3395.84 7540.72
8 4947.51 9926.88 4979.20 9867.10 5011.58 9870.38 5024.56 9884.88 5029.95 9896.87 5036.45 9920.90 5006.74 9967.55 4956.40 9966.92
7 3969.19 4001.80 3980.76 4009.91 3955.01 4028.45 3948.75 4012.01 3929.84 4016.47 3941.02 3968.62 3939.98 3959.96
9 6396.57 450.48 6407.51 414.18 6433.25 398.22 6480.35 412.08 6488.85 443.15 6489.30 447.17 6477.01 479.29 6425.86 491.38 6398.80 475.82
7 10688.52 5931.59 10682.83 5984.17 10633.22 5981.58 10612.05 5964.63 10608.96 5943.46 10632.30 5901.56 10680.30 5907.18
8 749.17 4219.94 760.84 4264.46 738.03 4329.98 675.61 4347.02 631.37 4291.79 629.86 4236.60 640.40 4228.93 698.00 4212.50
7 5471.96 2168.47 5434.41 2114.60 5452.27 2082.21 5507.22 2091.26 5527.84 2117.18 5527.73 2146.42 5505.90 2167.85
14 3422.87 10619.54 3383.71 10633.13 3380.42 10658.41 3346.28 10685.82 3345.40 10689.62 3341.43 10664.53 3343.53 10645.67 3323.03 10664.24 3294.67 10662.95 3309.51 10635.01 3343.16 10599.56 3333.99 10582.64 3351.92 10564.43 3427.59 10604.26
10 271.13 3365.30 304.92 3302.16 348.46 3273.33 370.19 3274.12 385.60 3287.69 402.94 3356.28 402.91 3387.90 364.11 3422.31 312.93 3417.85 287.86 3386.40
15 2855.06 3445.27 2827.96 3436.78 2817.53 3444.27 2816.39 3447.89 2815.63 3471.63 2796.15 3459.96 2799.39 3433.09 2772.86 3441.37 2795.45 3432.21 2800.73 3426.99 2766.75 3422.45 2765.63 3406.40 2800.23 3410.03 2807.03 3412.50 2806.02 3391.41
7 9749.70 9546.07 9766.01 9479.09 9810.04 9483.81 9839.47 9491.84 9853.95 9526.30 9856.78 9558.49 9796.01 9586.04
13 793.82 712.42 820.52 758.45 774.96 700.79 800.95 766.63 786.50 775.26 737.44 718.08 706.34 741.51 737.51 701.55 722.99 695.29 773.30 637.93 781.47 645.53 849.98 657.63 844.88 678.81
12 8993.46 6119.27 9009.00 6107.08 9026.83 6110.25 9034.59 6116.57 9045.79 6131.93 9048.70 6138.11 9045.83 6158.47 9029.22 6173.99 9008.90 6171.53 8976.58 6162.01 8978.73 6146.98 8986.98 6130.85
5 5916.60 5050.98 5851.61 5057.17 5843.49 5046.28 5889.96 5014.95 5887.60 5036.90
11 10824.21 6263.79 10774.87 6285.33 10757.91 6275.74 10762.14 6280.61 10733.35 6326.74 10718.20 6308.08 10691.12 6259.97 10710.50 6256.37 10732.82 6224.55 10781.64 6229.83 10774.65 6242.55
8 4127.10 3742.94 4119.53 3660.22 4121.74 3619.98 4131.90 3613.96 4175.97 3611.25 4232.24 3666.80 4222.77 3690.87 4202.25 3736.04
5 1560.66 8786.97 1513.27 8776.08 1526.02 8756.22 1540.35 8724.42 1546.64 8742.77
10 8264.93 3145.98 8214.47 3142.70 8171.35 3148.99 8142.08 3102.13 8183.85 3109.40 8171.22 3065.27 8234.53 3093.43 8226.87 3103.48 8221.59 3109.77 8266.64 3108.52
10 8670.12 2430.11 8630.17 2391.67 8633.90 2366.38 8660.21 2351.75 8670.81 2349.48 8706.37 2354.84 8718.24 2378.74 8711.74 2392.04 8686.03 2426.72 8682.14 2428.01
13 2920.33 582.00 2889.51 583.03 2905.56 594.58 2924.45 608.13 2831.25 591.66 2832.91 574.36 2858.75 552.76 2871.32 543.10 2882.71 559.84 2892.33 536.87 2894.27 544.11 2900.82 555.45 2891.70 575.83
10 9113.56 6594.23 9033.73 6627.68 9022.54 6617.47 9002.84 6598.69 8992.17 6582.80 8994.54 6540.88 9004.85 6526.99 9018.62 6512.41 9032.20 6504.53 9086.08 6511.48
14 1004.97 9996.83 988.60 9996.45 986.93 10006.42 982.48 9999.71 974.74 9998.05 972.81 10009.77 961.83 9978.43 941.37 9970.36 936.73 9961.80 952.64 9970.28 954.40 9966.21 956.84 9953.84 1000.50 9946.79 1000.56 9972.50
14 4878.57 6775.15 4894.20 6796.16 4881.80 6787.77 4864.87 6810.36 4830.63 6772.21 4856.28 6732.76 4873.35 6728.21 4880.21 6739.40 4880.98 6746.58 4876.24 6757.50 4883.85 6753.44 4876.08 6764.41 4909.80 6758.31 4886.58 6771.02
7 7651.77 2284.02 7589.35 2330.90 7563.79 2310.81 7533.62 2223.25 7538.64 2211.96 7620.03 2193.40 7644.83 2222.20
5 4947.98 10388.13 4880.31 10373.94 4871.72 10356.37 4908.34 10354.96 4973.07 10367.75
8 1903.73 10714.65 1912.08 10745.79 1900.88 10750.68 1896.00 10763.49 1880.81 10744.39 1868.81 10725.37 1893.11 10669.15 1941.22 10699.14
11 9948.73 1500.56 9928.18 1497.78 9918.35 1481.75 9908.38 1455.16 9905.20 1446.07 9910.44 1428.18 9924.34 1422.06 9965.58 1419.14 9989.14 1436.85 9989.44 1453.06 9979.21 1492.35
12 209.40 4515.96 200.14 4519.04 198.85 4579.15 190.82 4531.16 179.10 4570.11 129.14 4541.18 139.65 4505.22 137.32 4449.42 179.68 4469.83 228.36 4464.88 235.87 4466.31 254.69 4498.30
13 413.46 586.81 400.99 586.74 388.23 594.79 384.51 599.89 378.89 598.24 375.80 617.55 361.27 610.04 351.23 587.00 366.68 561.81 390.50 555.66 384.24 578.41 405.90 575.84 413.11 585.24
9 10547.46 7935.82 10518.60 7924.91 10490.13 7918.98 10472.57 7924.13 10441.64 7879.83 10503.39 7872.45 10509.80 7881.74 10519.17 7885.55 10526.92 7888.37
12 2939.81 8977.21 2936.13 8996.40 2929.13 8986.24 2929.88 8991.33 2924.58 8990.12 2914.19 8983.33 2897.90 8988.43 2901.88 8982.04 2889.28 8951.97 2911.72 8963.15 2954.79 8951.32 2932.20 8969.78
10 1116.11 1202.95 1127.62 1284.82 1124.12 1293.54 1112.08 1299.45 1088.04 1309.81 1042.08 1311.79 1035.49 1309.13 1042.11 1252.88 1045.28 1238.00 1085.15 1188.73
12 8884.39 599.51 8867.84 601.25 8865.87 624.51 8837.90 638.37 8810.95 647.84 8783.98 617.01 8833.10 581.67 8788.87 554.68 8805.74 552.59 8861.74 535.12 8884.00 546.65 8922.33 542.16
8 7670.78 3156.45 7670.64 3204.51 7606.70 3233.50 7574.68 3201.75 7577.35 3161.29 7609.83 3130.02 7632.81 3135.20 7655.64 3141.78
14 10372.50 11033.86 10301.36 11014.54 10291.65 11025.75 10288.18 11019.36 10278.91 10993.92 10264.62 10989.43 10239.51 10932.23 10272.24 10950.12 10273.52 10945.44 10301.38 10972.02 10295.77 10951.15 10318.52 10952.72 10335.69 10962.73 10385.17 10965.71
8 5952.05 5380.84 5975.33 5338.29 5996.64 5339.66 6008.82 5352.62 6021.73 5375.67 6016.89 5393.54 6011.89 5410.23 5980.13 5414.87
9 10434.09 4229.60 10385.78 4231.29 10390.76 4254.55 10369.33 4262.27 10351.28 4204.73 10370.02 4176.27 10402.16 4163.63 10405.30 4185.08 10421.80 4183.64
11 7208.75 1029.00 7199.70 1053.42 7188.66 1070.69 7153.89 1063.07 7117.34 1052.22 7103.56 1014.45 7102.75 1007.24 7145.17 989.86 7161.70 987.29 7187.02 990.46 7199.78 1001.97
6 7956.17 6778.80 7949.01 6749.91 7949.71 6728.45 8000.41 6718.53 7997.52 6758.94 7996.19 6774.09
10 3768.42 6436.58 3738.97 6357.42 3741.73 6342.77 3753.28 6319.85 3813.68 6314.43 3833.31 6332.53 3850.40 6359.69 3850.33 6407.40 3822.32 6441.27 3781.75 6441.72
10 4650.92 3770.98 4627.46 3746.70 4620.40 3720.90 4620.36 3691.50 4648.64 3661.92 4675.70 3650.38 4700.83 3678.77 4735.04 3725.77 4733.01 3736.58 4682.42 3761.21
14 2337.40 6559.93 2352.73 6568.22 2320.29 6578.82 2298.08 6582.85 2285.12 6569.80 2257.43 6583.49 2270.33 6569.43 2281.19 6555.26 2266.24 6535.95 2285.02 6530.17 2281.12 6515.30 2282.44 6507.01 2311.55 6524.68 2332.12 6542.98
7 6358.03 4067.90 6328.62 4065.22 6324.82 4067.90 6288.63 4053.76 6318.89 4035.72 6330.24 4014.54 6338.32 4008.43
13 7550.67 4229.80 7518.53 4213.27 7514.85 4215.66 7504.47 4204.01 7503.71 4232.16 7490.37 4212.40 7459.37 4159.14 7479.88 4166.56 7496.25 4142.41 7496.73 4166.62 7530.42 4140.48 7545.56 4122.31 7514.36 4184.10
9 9037.66 8826.32 8999.07 8852.85 8985.25 8835.70 8963.14 8873.07 8957.39 8751.68 8985.29 8790.12 9000.41 8768.56 9017.12 8766.99 9035.40 8781.76
10 1996.84 8136.93 2020.98 8196.65 2006.92 8206.97 1974.34 8220.93 1958.27 8214.21 1949.46 8188.00 1939.92 8154.45 1950.93 8135.05 1967.36 8132.64 1979.52 8133.05
12 9443.72 4042.10 9433.77 4050.85 9432.70 4055.89 9420.73 4054.54 9413.23 4050.10 9416.15 4054.60 9320.38 4010.80 9368.00 4011.60 9365.70 3952.39 9371.47 3970.62 9402.23 3985.87 9418.52 4002.79
12 5769.89 7734.03 5777.73 7728.29 5812.95 7731.74 5836.26 7749.74 5850.49 7762.02 5853.43 7779.32 5847.28 7798.15 5842.44 7801.72 5811.33 7822.47 5771.33 7818.03 5752.47 7793.23 5753.25 7783.46
7 10126.01 4986.81 10140.38 5030.07 10137.35 5035.71 10091.58 5087.08 10035.50 5069.16 10035.15 5031.59 10100.98 4989.56
7 9823.24 9666.94 9813.01 9666.65 9785.59 9698.02 9775.73 9697.87 9776.99 9667.88 9811.48 9648.60 9835.55 9654.85
6 7330.24 6594.86 7312.07 6639.51 7266.70 6644.77 7250.88 6630.76 7234.48 6571.05 7294.20 6562.87
5 4016.16 5285.95 4001.57 5271.40 4015.65 5251.01 4045.45 5255.23 4063.43 5254.95
5 8120.58 10216.15 8133.97 10195.38 8153.64 10201.08 8171.76 10205.80 8171.40 10217.14
5 837.77 7198.50 861.83 7220.29 834.76 7250.41 805.60 7184.04 756.60 7149.35
11 8391.57 2435.94 8389.46 2385.49 8403.08 2350.72 8409.60 2346.14 8415.80 2342.31 8425.35 2342.41 8452.18 2344.24 8475.50 2390.87 8484.62 2418.93 8482.48 2436.30 8414.82 2454.97
9 9461.02 2932.09 9450.18 2960.77 9432.53 2954.94 9424.62 2951.35 9409.03 2939.87 9406.18 2930.20 9409.76 2914.40 9441.13 2904.04 9453.83 2905.72
10 6968.11 1003.85 6952.32 1048.89 6946.34 1013.29 6922.35 1026.06 6920.52 1010.89 6926.68 984.86 6924.05 933.76 6934.06 926.91 6956.35 961.38 6964.23 952.14
7 9705.48 6227.41 9591.89 6268.41 9582.22 6252.11 9553.20 6160.17 9579.23 6115.29 9672.67 6106.38 9692.04 6149.16
7 6196.12 8873.05 6201.15 8877.83 6165.95 8869.67 6123.26 8859.33 6136.73 8842.12 6138.27 8834.56 6137.83 8823.86
10 5511.74 5283.69 5511.97 5288.94 5498.66 5281.02 5483.34 5284.09 5472.18 5263.63 5475.89 5256.81 5496.50 5267.71 5517.64 5255.38 5530.89 5249.91 5517.30 5270.79
12 9399.04 1770.94 9393.60 1762.42 9388.75 1757.06 9362.14 1762.63 9388.28 1753.49 9383.97 1731.66 9390.12 1735.38 9420.00 1714.72 9419.15 1720.42 9436.53 1722.17 9429.85 1742.87 9421.37 1750.60
8 9017.08 10372.17 8999.80 10333.16 9011.04 10324.98 9023.54 10316.30 9052.53 10305.79 9056.59 10311.47 9063.47 10322.02 9062.67 10362.32
13 7378.58 1543.66 7380.41 1562.10 7373.49 1580.07 7350.86 1594.82 7330.51 1600.20 7297.60 1595.60 7290.48 1594.38 7273.07 1582.28 7274.61 1505.35 7279.66 1495.49 7305.71 1494.18 7354.82 1491.86 7362.31 1504.16
11 5772.49 3622.02 5824.11 3553.66 5838.02 3556.77 5871.48 3571.90 5889.95 3594.47 5890.28 3668.98 5883.24 3673.86 5839.14 3704.42 5794.31 3698.97 5760.28 3659.26 5764.33 3637.48
7 506.78 2382.58 553.78 2313.60 621.65 2349.73 616.11 2435.04 557.25 2451.89 530.63 2445.49 506.86 2422.67
11 10535.52 5916.82 10549.07 5921.67 10535.56 5952.38 10497.47 5964.05 10507.42 5926.31 10501.64 5926.47 10495.84 5908.24 10510.04 5882.43 10538.71 5891.59 10537.24 5894.06 10535.30 5909.05
10 6058.93 2147.43 6050.73 2080.06 6106.55 2050.02 6124.59 2040.84 6135.23 2042.03 6171.57 2066.60 6178.57 2092.57 6174.08 2114.22 6129.23 2177.87 6091.48 2177.12
14 2398.34 2453.26 2391.21 2456.60 2405.30 2483.56 2369.51 2462.43 2322.28 2454.65 2340.77 2448.06 2346.42 2448.45 2341.95 2411.99 2372.39 2415.25 2367.93 2435.31 2383.46 2435.97 2388.25 2434.06 2375.98 2448.67 2409.94 2447.60
14 5863.77 10852.74 5842.24 10837.84 5838.55 10847.95 5757.17 10830.94 5742.50 10797.53 5801.29 10786.51 5780.19 10750.34 5812.43 10710.59 5842.50 10746.09 5857.71 10721.44 5838.02 10776.11 5858.47 10769.18 5882.54 10761.96 5881.44 10774.51
10 6234.01 3324.21 6200.70 3351.64 6192.98 3406.86 6120.52 3376.26 6101.98 3334.35 6152.61 3296.72 6140.22 3235.15 6198.87 3291.44 6201.02 3299.71 6239.69 3277.29
12 1872.36 8309.01 1830.63 8281.95 1835.75 8247.25 1837.12 8243.72 1851.16 8223.13 1903.45 8243.02 1908.74 8246.91 1909.82 8277.70 1909.04 8285.11 1906.42 8288.38 1887.06 8304.46 1879.03 8307.30
10 9982.58 4675.97 9975.22 4639.91 9979.22 4620.32 9989.42 4594.79 10065.75 4597.45 10084.56 4617.99 10073.22 4667.30 10065.55 4673.15 10031.23 4698.92 10005.28 4696.28
11 1938.71 1224.95 1940.72 1192.49 1956.07 1171.46 1989.17 1154.95 2016.72 1165.95 2048.19 1192.68 2058.72 1224.32 2042.06 1250.08 2007.08 1281.81 1976.07 1275.80 1957.26 1263.47
6 1716.69 5952.67 1661.54 5917.46 1678.83 5906.84 1693.13 5893.46 1696.94 5896.21 1727.71 5885.18
7 10596.19 4767.56 10564.51 4769.28 10513.79 4747.90 10514.10 4735.21 10538.13 4700.22 10583.98 4704.96 10640.32 4725.66
11 4525.94 4282.18 4525.90 4341.17 4497.69 4360.47 4467.79 4356.56 4438.86 4344.22 4427.82 4318.08 4426.43 4304.24 4434.97 4257.11 4484.47 4241.96 4508.16 4248.32 4517.28 4251.69
7 8277.30 6880.01 8215.73 6926.41 8185.28 6901.55 8181.80 6891.00 8225.73 6817.47 8240.46 6813.74 8252.59 6819.58
8 2466.64 5444.43 2425.89 5461.33 2417.40 5480.16 2411.75 5466.90 2416.55 5433.46 2421.41 5431.46 2427.07 5402.14 2458.01 5441.58
5 6065.68 3104.18 6040.56 3108.83 6014.32 3103.47 6048.91 3029.38 6069.78 3036.18
8 2214.98 9376.02 2205.57 9408.77 2194.58 9407.38 2165.43 9401.47 2162.17 9398.61 2145.48 9365.79 2179.01 9342.19 2209.70 9356.44
10 6581.81 6925.92 6549.37 6958.91 6533.50 6932.89 6500.27 6911.73 6509.07 6907.01 6521.65 6899.32 6565.00 6887.66 6558.04 6901.49 6555.97 6909.20 6585.79 6918.28
7 7123.18 10456.67 7061.17 10445.33 7044.30 10417.32 7040.17 10355.84 7075.60 10329.21 7150.86 10365.31 7150.42 10403.31
12 4426.88 5276.88 4429.52 5282.99 4403.91 5292.87 4397.18 5271.56 4376.02 5266.97 4402.11 5254.44 4400.53 5231.08 4411.69 5241.79 4418.01 5227.82 4415.19 5251.57 4420.99 5255.14 4435.62 5254.18
12 10001.10 4190.88 9964.62 4230.52 9954.93 4215.50 9951.28 4208.18 9924.19 4209.97 9914.35 4213.60 9904.70 4162.01 9932.81 4142.48 9969.81 4164.12 9993.86 4151.94 10007.58 4172.30 10010.65 4184.17
9 8159.87 3426.90 8186.33 3406.36 8241.49 3429.73 8251.12 3443.99 8247.39 3455.76 8231.79 3494.02 8206.45 3497.70 8187.01 3487.99 8160.49 3460.61
6 6726.74 5383.78 6688.43 5401.19 6700.59 5382.29 6680.76 5377.31 6712.62 5341.78 6736.87 5364.24
11 4693.96 10361.97 4676.90 10357.34 4725.38 10388.96 4606.57 10422.22 4583.43 10353.60 4619.92 10324.55 4611.14 10311.56 4653.08 10333.02 4662.95 10299.15 4676.11 10306.56 4680.92 10301.85
11 9663.55 10045.72 9645.41 10015.94 9652.18 9996.55 9663.70 9968.31 9692.92 9965.60 9724.07 9968.96 9735.39 9972.17 9739.42 10020.04 9737.99 10033.87 9724.56 10040.78 9696.29 10043.66
7 8565.68 7562.96 8588.84 7610.48 8551.40 7586.34 8517.26 7603.33 8510.93 7544.31 8542.15 7525.22 8561.76 7554.15
13 6808.59 8244.39 6798.27 8219.90 6799.99 8210.30 6804.37 8195.35 6815.71 8169.75 6834.73 8168.58 6849.87 8167.85 6859.79 8174.19 6863.92 8178.71 6877.14 8204.20 6875.71 8209.90 6865.68 8240.40 6835.62 8255.20
8 2767.65 3165.40 2689.91 3086.44 2739.61 3031.20 2754.17 3024.80 2806.44 3031.25 2827.67 3036.36 2851.25 3082.80 2825.49 3162.33
8 3936.01 2322.86 3933.84 2289.11 3961.85 2229.45 3986.52 2227.49 4007.81 2226.16 4028.51 2257.21 4042.30 2336.67 4008.17 2354.04
10 962.18 9555.90 1008.45 9505.00 1065.76 9469.93 1110.96 9542.84 1121.53 9569.52 1103.18 9606.62 1053.81 9624.38 1045.35 9622.43 996.23 9587.94 981.30 9576.97
13 5361.64 4453.08 5349.70 4498.15 5330.96 4474.48 5286.58 4456.59 5301.10 4448.35 5292.40 4442.84 5267.01 4427.70 5282.98 4427.58 5288.26 4387.86 5312.99 4407.88 5307.51 4371.74 5315.28 4371.20 5363.17 4427.32
5 2155.50 10970.95 2087.65 10951.68 2040.03 10937.03 2060.48 10890.09 2156.32 10906.48
9 7057.26 3123.53 7021.59 3077.19 6987.66 3036.06 7005.09 3020.92 7063.02 3042.10 7087.04 3031.93 7086.69 3051.85 7113.21 3056.54 7067.39 3063.06
10 530.54 2959.80 584.82 2957.06 592.64 2964.83 632.12 3036.19 635.56 3050.11 591.02 3090.18 580.22 3090.94 510.30 3034.28 508.52 3024.89 511.21 2992.65
12 9447.40 3838.28 9354.11 3789.03 9360.98 3747.40 9370.46 3703.64 9405.37 3686.41 9423.39 3682.03 9439.45 3688.09 9504.10 3714.95 9523.04 3768.57 9504.16 3810.22 9499.63 3816.25 9484.21 3833.34
11 9933.36 510.20 9891.30 497.13 9888.93 484.39 9883.29 442.04 9891.41 423.33 9898.19 412.05 9945.64 418.78 9963.84 444.29 9968.10 457.39 9969.74 480.09 9966.98 486.09
11 3098.15 8573.10 3109.25 8551.95 3168.59 8519.73 3189.77 8510.52 3222.44 8543.75 3250.72 8614.83 3221.18 8651.87 3166.49 8670.58 3144.84 8655.72 3136.88 8649.63 3114.69 8612.96
13 8112.73 3515.09 8124.17 3535.25 8091.95 3532.17 8084.70 3542.10 8074.81 3525.21 8071.49 3531.10 8068.59 3519.26 8066.33 3521.01 8044.30 3540.55 8046.25 3536.54 8046.34 3510.90 8066.97 3502.15 8078.02 3497.65
14 6456.53 6977.72 6426.18 6998.52 6430.36 7005.53 6399.01 7013.27 6394.47 6991.32 6369.06 6986.76 6358.65 6972.97 6365.13 6921.71 6358.53 6898.31 6435.59 6893.57 6412.90 6944.61 6431.89 6938.03 6441.60 6945.99 6469.32 6960.29
7 6444.59 8884.08 6472.99 8862.89 6482.50 8871.31 6509.77 8896.34 6506.54 8913.32 6467.25 8936.16 6446.79 8904.97
5 5578.68 9658.39 5583.67 9685.51 5525.21 9623.97 5536.79 9611.29 5565.04 9628.88
5 9659.08 6853.06 9643.42 6871.44 9543.71 6861.00 9606.08 6765.87 9682.91 6796.01
9 10343.96 209.39 10323.37 203.34 10292.55 204.40 10293.47 194.87 10291.99 139.86 10304.83 160.45 10327.36 179.67 10333.99 180.29 10362.68 186.38
13 5481.68 6685.27 5464.35 6701.09 5451.23 6694.96 5458.31 6716.24 5421.33 6686.20 5414.39 6688.79 5369.53 6741.14 5339.84 6678.76 5353.66 6634.51 5358.72 6630.58 5385.14 6607.39 5404.08 6638.19 5439.54 6602.20
10 6177.65 1643.12 6184.89 1606.98 6254.94 1590.03 6289.98 1635.16 6294.86 1671.26 6263.60 1695.18 6239.10 1704.10 6224.86 1699.59 6191.84 1678.53 6177.80 1657.19
7 6933.56 10010.67 6957.69 9971.26 7052.04 9987.08 7100.17 10024.86 7057.15 10099.86 7001.43 10119.34 6956.72 10075.68
7 2405.39 2869.37 2395.87 3003.80 2324.73 2997.21 2291.43 2989.72 2258.70 2955.79 2273.84 2888.10 2299.05 2858.96
5 4550.71 8649.35 4536.44 8616.17 4550.95 8614.06 4558.96 8615.43 4577.94 8627.00
12 1973.63 5672.29 1948.00 5701.13 1916.70 5711.22 1876.12 5704.68 1915.20 5677.05 1901.51 5676.79 1908.18 5655.46 1913.14 5648.95 1922.60 5604.78 1952.80 5630.63 1976.58 5643.38 1984.04 5663.11
9 2080.89 1956.67 2132.09 1893.92 2160.05 1891.75 2183.78 1905.08 2209.89 1962.54 2203.45 1984.28 2176.26 2008.63 2163.35 2015.85 2110.86 2002.28
8 99.13 8306.32 176.61 8257.68 219.30 8294.73 237.06 8334.80 237.54 8347.94 183.21 8390.01 172.06 8382.50 102.03 8329.43
9 10311.84 8779.01 10323.95 8730.71 10361.29 8724.08 10367.73 8724.33 10385.13 8733.19 10396.22 8761.46 10386.28 8811.30 10347.66 8824.49 10314.06 8790.78
9 10438.38 9744.49 10421.25 9719.36 10423.85 9694.33 10442.07 9675.89 10480.58 9676.05 10520.57 9704.76 10518.71 9714.93 10501.89 9740.86 10485.04 9755.27
6 7243.76 10888.10 7238.10 10912.10 7219.46 10911.61 7208.21 10884.51 7186.87 10845.63 7252.37 10808.51
9 10985.63 3201.04 11025.85 3181.24 11042.94 3198.56 11053.41 3275.58 11034.32 3285.38 11003.58 3298.40 10959.63 3276.05 10946.25 3240.85 10963.02 3221.69
6 1401.92 3187.92 1469.74 3117.68 1500.28 3148.84 1506.56 3193.71 1476.66 3226.76 1440.41 3213.21
7 4809.94 9737.75 4710.41 9668.56 4770.97 9609.49 4813.01 9609.84 4865.51 9620.51 4857.73 9666.44 4840.09 9733.97
7 7025.34 240.21 7003.47 258.87 6980.15 234.53 6951.65 206.05 6985.39 201.40 6993.50 210.91 7010.38 213.61
11 1112.32 6988.32 1166.72 6957.71 1196.08 6950.89 1214.49 6981.59 1215.22 6986.02 1217.69 7002.23 1219.24 7048.87 1216.27 7052.44 1178.63 7079.02 1158.40 7066.50 1123.04 7023.85
10 10341.50 3697.74 10287.61 3695.62 10268.70 3677.57 10256.03 3640.73 10281.39 3604.89 10308.53 3594.91 10338.55 3598.49 10351.43 3600.66 10370.77 3609.98 10354.91 3680.67
