Giant_1000_B
2587.23 752.33
8417.16 6713.77
4 0.00 0.00 12800.00 0.00 12800.00 12800.00 0.00 12800.00
1000
9 3389.01 5767.74 3349.97 5724.81 3364.68 5665.50 3381.27 5650.67 3416.09 5664.65 3456.42 5695.59 3455.91 5748.24 3447.90 5757.95 3426.81 5774.36
9 5947.31 741.51 5884.46 702.55 5899.18 669.11 5920.52 647.65 5951.21 636.50 5965.66 641.90 5998.50 670.47 5997.72 686.99 5949.59 742.06
6 7001.07 10644.73 7063.05 10598.02 7106.03 10661.92 7077.13 10691.18 7067.34 10697.70 7009.52 10660.80
13 10698.06 7210.33 10671.34 7224.09 10667.23 7210.37 10645.46 7197.73 10620.95 7189.86 10638.21 7180.43 10643.27 7171.20 10623.05 7157.84 10631.58 7141.86 10646.89 7114.44 10705.50 7138.97 10709.90 7149.55 10702.89 7165.30
8 10506.28 9084.90 10474.86 9048.30 10497.17 9018.52 10502.20 9018.30 10588.80 9046.34 10595.73 9049.61 10581.92 9075.07 10530.12 9087.85
12 6147.00 11496.70 6149.17 11519.53 6114.05 11493.45 6105.10 11506.94 6101.54 11530.24 6086.40 11533.77 6064.72 11509.43 6056.53 11470.42 6079.93 11441.09 6152.35 11423.20 6142.35 11455.84 6134.83 11458.36
5 4794.53 1540.65 4769.09 1546.12 4697.35 1515.44 4763.00 1476.86 4767.67 1485.12
10 8433.73 5220.69 8431.54 5198.03 8432.70 5188.64 8435.31 5182.02 8481.74 5167.60 8489.40 5183.50 8493.34 5208.54 8485.43 5228.21 8482.68 5232.26 8463.23 5250.15
5 9830.68 11490.05 9762.50 11470.79 9739.99 11487.23 9764.18 11431.02 9777.77 11422.51
6 10844.44 12297.31 10903.31 12329.65 10901.64 12344.12 10894.71 12351.10 10866.12 12338.19 10780.32 12299.15
10 8135.02 10715.52 8144.41 10731.62 8113.97 10718.17 8092.01 10739.44 8065.05 10763.27 8070.29 10727.89 8065.86 10688.27 8067.23 10674.61 8070.96 10673.12 8105.29 10667.99
7 6178.70 3162.21 6106.01 3155.88 6095.26 3159.86 6097.55 3040.06 6145.50 3057.57 6168.06 3095.17 6191.14 3100.50
8 1853.20 676.54 1860.78 656.52 1892.38 635.95 1911.41 637.53 1933.08 690.48 1914.14 713.84 1886.37 709.35 1859.50 693.53
7 9099.47 11520.68 9102.56 11481.32 9100.34 11470.17 9068.01 11470.20 9141.91 11400.66 9134.19 11443.08 9144.81 11452.66
10 8383.40 420.98 8380.62 377.05 8384.00 361.14 8410.47 354.30 8420.79 354.69 8439.63 378.39 8446.18 395.72 8441.00 417.80 8437.34 422.09 8399.06 437.71
10 6216.05 9645.72 6211.45 9700.47 6204.62 9707.69 6189.26 9718.50 6150.64 9729.80 6119.71 9726.35 6104.43 9695.90 6092.50 9672.09 6107.70 9655.15 6184.51 9624.18
8 1829.00 11928.65 1853.75 11942.20 1837.90 11966.30 1777.38 11964.69 1769.69 11935.04 1797.42 11894.95 1823.02 11914.36 1853.17 11898.00
7 8070.58 849.35 8053.10 893.03 8008.21 860.12 8015.80 770.51 8060.29 789.27 8061.95 810.25 8075.83 788.36
9 3198.66 12247.11 3233.72 12352.13 3194.40 12406.77 3137.44 12405.04 3115.87 12398.28 3107.66 12355.59 3105.30 12322.11 3144.25 12253.58 3171.59 12250.15
10 11287.34 10778.55 11250.48 10780.71 11241.67 10808.32 11242.65 10854.48 11213.81 10820.27 11175.68 10841.15 11194.26 10751.61 11195.76 10705.55 11262.69 10742.77 11296.30 10764.40
7 5452.12 9758.89 5446.70 9774.00 5337.08 9764.47 5387.10 9747.17 5375.74 9741.81 5403.52 9743.78 5437.37 9705.43
12 12336.92 8969.62 12310.54 8993.31 12304.90 8988.94 12274.81 8993.20 12291.87 8964.64 12284.69 8967.58 12270.03 8963.10 12273.96 8959.03 12296.67 8942.61 12295.33 8936.94 12323.44 8928.06 12327.39 8926.14
9 10368.64 9185.12 10397.74 9180.35 10422.78 9187.27 10433.96 9208.84 10418.48 9229.90 10403.92 9248.71 10378.19 9237.29 10357.74 9222.83 10363.11 9198.59
9 5684.17 10347.85 5705.61 10334.34 5723.16 10360.55 5751.94 10411.83 5712.37 10458.35 5682.28 10474.04 5632.55 10433.10 5627.82 10425.57 5648.49 10393.41
13 1821.58 9391.83 1787.65 9396.91 1782.41 9412.17 1778.59 9450.27 1732.60 9400.34 1693.38 9438.47 1701.46 9399.68 1689.19 9389.49 1693.30 9368.01 1695.33 9307.99 1742.89 9307.79 1793.99 9323.36 1757.21 9369.43
9 3411.56 5461.29 3447.59 5379.84 3531.61 5410.24 3564.57 5431.33 3563.02 5479.55 3541.06 5527.94 3506.04 5546.74 3492.70 5549.50 3425.12 5499.73
8 9369.73 11298.36 9408.20 11268.65 9451.42 11294.17 9448.31 11324.08 9446.12 11329.76 9425.97 11337.13 9402.63 11333.59 9385.84 11326.80
9 2400.80 2089.98 2411.63 2053.60 2497.29 2062.08 2501.97 2073.80 2497.42 2088.05 2483.96 2129.36 2471.03 2139.96 2453.75 2146.25 2413.64 2120.49
10 1620.74 4055.26 1631.72 3943.65 1635.57 3936.70 1681.44 3923.17 1714.52 3925.29 1761.36 3960.67 1773.08 3972.03 1767.24 4008.33 1687.92 4099.72 1648.92 4079.65
9 9294.26 12128.26 9261.41 12081.71 9269.48 12065.29 9293.10 12040.26 9317.07 12034.75 9341.96 12037.44 9362.51 12054.40 9362.31 12086.08 9323.03 12136.46
9 2672.77 10193.02 2659.95 10216.08 2642.32 10213.46 2621.85 10208.82 2601.02 10184.52 2619.87 10149.05 2651.90 10146.77 2668.43 10163.42 2671.44 10181.78
9 5212.21 7148.35 5204.86 7134.59 5212.11 7099.83 5238.05 7080.89 5276.89 7086.51 5287.49 7103.70 5284.60 7123.38 5270.54 7150.33 5258.35 7158.80
11 2600.64 4931.69 2582.48 4937.21 2580.68 4947.19 2575.21 4934.32 2561.54 4937.21 2562.59 4918.74 2555.00 4911.36 2575.62 4889.33 2572.20 4872.14 2588.72 4864.78 2599.61 4913.50
14 6925.72 12520.04 6916.92 12519.83 6923.35 12524.86 6934.93 12530.54 6922.52 12555.04 6896.16 12547.12 6883.30 12537.53 6874.02 12531.05 6881.09 12474.58 6911.03 12477.27 6910.56 12484.57 6913.30 12503.15 6932.37 12497.37 6917.78 12513.23
5 2662.83 2174.50 2596.31 2133.32 2569.27 2094.20 2568.52 2080.35 2637.61 2078.76
10 5551.32 1896.59 5558.32 1871.93 5590.73 1875.74 5603.60 1879.50 5622.22 1886.40 5629.33 1891.61 5623.21 1923.01 5599.23 1946.14 5580.84 1934.66 5561.00 1922.12
12 6616.23 1986.12 6615.81 1931.59 6622.28 1912.72 6654.63 1889.61 6679.92 1887.09 6726.25 1909.37 6744.53 1930.87 6742.09 1962.48 6733.67 1995.30 6715.65 2016.08 6688.58 2026.50 6649.52 2011.35
8 6072.78 12190.94 5986.47 12199.96 5938.60 12163.84 5934.92 12107.06 5965.96 12082.09 6041.03 12049.74 6089.45 12090.13 6087.88 12117.10
7 8032.54 4862.83 8033.61 4873.53 8010.03 4893.78 8008.07 4864.16 8021.08 4828.04 8027.44 4814.23 8070.26 4843.28
8 11655.51 8980.50 11692.60 9028.74 11674.59 9056.45 11670.78 9057.53 11625.43 9064.85 11606.65 9037.21 11601.66 9022.90 11643.87 8980.87
12 7273.64 11360.73 7216.33 11402.63 7212.62 11389.07 7190.36 11387.38 7198.31 11376.37 7208.38 11338.47 7217.26 11298.98 7226.62 11315.84 7240.38 11317.30 7257.35 11296.49 7261.31 11301.23 7271.67 11311.90
10 1673.12 1626.95 1667.14 1622.24 1639.80 1638.03 1663.89 1620.24 1642.33 1622.37 1630.70 1616.57 1667.99 1597.45 1691.37 1599.79 1701.71 1600.80 1708.60 1602.75
12 288.81 6186.33 311.36 6189.70 326.29 6230.12 332.10 6258.33 331.25 6261.88 307.58 6305.89 248.73 6272.14 238.58 6256.18 230.13 6241.22 238.51 6206.24 244.89 6191.72 265.29 6188.56
6 8715.36 517.68 8740.22 568.43 8654.02 571.76 8676.63 501.20 8667.52 473.30 8685.20 486.19
9 4908.27 3929.68 4887.04 3851.85 4926.84 3826.01 4968.69 3810.86 5002.38 3844.52 5002.48 3849.20 4996.78 3895.94 4985.71 3923.30 4965.24 3941.08
10 6792.47 3451.59 6809.70 3401.15 6847.06 3408.09 6869.98 3416.85 6863.21 3452.12 6860.60 3465.59 6848.29 3471.79 6826.85 3469.46 6810.65 3463.28 6799.41 3457.61
8 10386.29 7508.61 10366.06 7551.11 10344.53 7523.95 10345.17 7597.06 10332.31 7550.12 10262.85 7477.96 10277.49 7445.77 10331.50 7462.10
10 5187.46 5496.62 5185.13 5486.46 5190.72 5478.80 5222.02 5444.26 5263.29 5434.59 5275.82 5438.29 5294.17 5447.66 5295.09 5469.31 5257.96 5536.86 5240.75 5539.75
12 11806.25 10647.60 11792.49 10616.28 11808.28 10576.47 11824.54 10562.43 11834.49 10555.07 11855.05 10555.11 11891.77 10559.13 11907.30 10565.31 11931.88 10630.55 11927.39 10666.69 11919.96 10678.76 11855.74 10698.45
10 4652.21 8355.49 4603.19 8335.71 4596.22 8325.97 4588.41 8298.78 4583.86 8277.99 4604.74 8221.16 4652.36 8217.04 4725.23 8241.94 4728.76 8288.94 4690.36 8352.12
14 2569.54 730.40 2535.70 720.53 2537.13 716.96 2548.36 698.28 2522.20 700.96 2545.52 685.40 2540.32 680.07 2527.81 664.10 2532.91 664.21 2540.86 650.66 2542.53 653.58 2551.82 646.40 2559.98 665.48 2566.45 683.97
10 3348.54 4627.16 3367.32 4577.87 3385.04 4577.00 3410.82 4582.44 3425.16 4591.14 3433.35 4600.63 3436.01 4632.64 3406.76 4649.11 3382.25 4652.27 3349.74 4642.57
5 2964.88 7155.60 2932.34 7153.83 2922.00 7156.82 2947.20 7113.44 2968.99 7134.65
13 3076.35 6382.95 3052.08 6389.48 3032.75 6388.47 3025.31 6393.20 3025.29 6401.46 3008.47 6397.44 2974.71 6406.67 3002.47 6389.38 3001.06 6367.67 2990.99 6351.78 3011.17 6367.93 2997.37 6345.45 3004.61 6338.39
8 3795.38 4585.57 3800.12 4534.16 3871.65 4508.42 3934.90 4532.74 3926.17 4588.11 3885.91 4637.58 3846.99 4638.88 3828.07 4631.95
8 10467.18 4721.17 10434.25 4762.64 10390.00 4759.14 10382.70 4752.44 10375.96 4740.56 10375.73 4714.29 10389.63 4681.36 10413.64 4687.50
7 5074.44 2648.61 5033.77 2623.17 5036.54 2552.44 5072.78 2525.78 5096.26 2542.84 5140.73 2582.50 5095.94 2638.71
9 6414.52 8307.80 6413.14 8288.46 6415.12 8276.10 6425.94 8260.73 6485.48 8261.70 6491.42 8271.37 6489.30 8294.42 6464.20 8323.63 6446.53 8330.69
12 12362.55 7260.62 12349.06 7262.62 12353.22 7287.75 12335.89 7283.60 12333.97 7290.47 12299.40 7272.39 12267.83 7248.94 12279.04 7234.27 12302.50 7235.68 12324.11 7214.83 12352.72 7237.10 12366.56 7247.43
5 9701.87 1156.42 9629.03 1083.12 9669.73 1054.43 9702.47 1076.77 9731.90 1119.66
8 3531.18 10950.72 3533.42 10915.73 3558.95 10886.25 3594.73 10891.00 3613.75 10917.51 3610.51 10944.67 3576.25 10968.64 3545.66 10964.42
13 2909.48 297.62 2889.26 302.45 2893.57 318.22 2868.64 304.22 2857.94 303.77 2841.48 304.48 2852.13 291.10 2855.15 275.16 2871.64 286.99 2890.07 279.28 2895.17 279.55 2900.34 285.74 2897.98 294.84
8 11053.77 7628.31 11064.79 7554.92 11142.72 7552.92 11157.51 7561.07 11184.02 7576.46 11198.25 7652.15 11168.61 7670.83 11068.67 7657.24
7 411.40 1123.91 369.49 1096.36 389.93 1039.83 436.57 1009.48 495.38 1023.19 519.99 1048.22 507.08 1083.37
8 7178.92 9775.30 7173.58 9793.67 7161.86 9784.84 7127.68 9765.79 7118.78 9774.70 7091.87 9780.48 7116.81 9756.38 7105.46 9731.96
6 11011.89 6251.22 10985.06 6263.23 10992.79 6233.47 10993.32 6226.14 11046.59 6175.72 11033.23 6209.26
7 6915.13 4194.60 6894.11 4192.44 6875.70 4194.93 6861.34 4208.52 6862.16 4203.78 6863.52 4169.88 6853.89 4120.87
10 9548.25 10360.56 9577.78 10352.74 9603.48 10368.37 9618.37 10417.63 9616.00 10439.30 9573.19 10445.00 9536.19 10433.27 9524.20 10411.84 9521.17 10403.35 9530.37 10384.68
11 9106.77 7155.70 9125.22 7169.28 9104.47 7193.69 9044.07 7161.40 9036.77 7114.52 9068.63 7134.17 9081.83 7139.01 9087.41 7126.81 9090.60 7130.43 9106.10 7105.28 9120.57 7104.01
11 3962.99 8487.54 3979.25 8466.57 4014.67 8460.53 4034.95 8468.48 4053.71 8505.07 4044.74 8527.83 4036.73 8532.38 4018.78 8532.97 3999.83 8527.38 3988.47 8523.82 3965.55 8508.01
10 987.55 10343.56 972.54 10337.98 972.55 10336.02 958.40 10329.54 951.65 10314.19 936.76 10302.86 973.42 10304.52 984.15 10308.05 990.98 10310.10 989.87 10316.08
15 9366.68 8663.31 9369.87 8670.07 9306.87 8689.52 9294.53 8667.62 9242.21 8686.09 9239.78 8681.54 9273.57 8623.41 9227.24 8621.70 9280.00 8588.79 9321.45 8548.69 9326.67 8545.87 9309.91 8601.26 9367.98 8583.01 9338.02 8615.50 9362.98 8616.93
13 8504.50 8850.64 8503.60 8860.21 8502.66 8861.16 8494.01 8871.51 8493.65 8855.85 8490.31 8848.90 8472.93 8849.33 8458.27 8845.30 8466.87 8842.74 8462.10 8841.20 8493.69 8804.30 8497.82 8798.75 8510.13 8834.43
12 1456.72 9053.50 1434.53 9077.74 1380.33 9066.37 1329.29 9035.12 1320.81 9004.57 1316.31 8983.83 1355.56 8933.52 1377.42 8915.74 1398.76 8910.62 1452.16 8904.84 1474.77 8933.31 1472.28 8994.16
10 2371.65 5494.22 2372.68 5492.19 2361.78 5498.83 2365.59 5493.94 2352.30 5454.70 2368.10 5443.09 2379.73 5464.29 2392.51 5441.90 2409.26 5459.67 2421.10 5459.55
12 813.63 8724.90 825.90 8800.14 818.23 8815.74 798.37 8846.75 770.81 8843.67 752.50 8839.76 706.67 8804.57 703.67 8777.99 705.10 8766.50 730.66 8730.32 754.73 8717.60 777.02 8710.24
8 3096.01 2404.64 3062.53 2454.78 3038.02 2451.15 3021.40 2446.88 3014.83 2422.96 3017.25 2388.24 3028.96 2370.02 3085.68 2391.33
7 8219.25 7605.36 8167.81 7552.62 8176.33 7496.86 8238.57 7464.51 8305.68 7501.26 8299.83 7570.45 8299.63 7572.44
9 6944.69 4813.60 6886.32 4854.60 6811.43 4821.19 6781.72 4788.96 6786.50 4761.37 6820.73 4747.69 6881.11 4725.30 6908.78 4734.72 6933.03 4764.89
7 946.78 4677.13 980.37 4761.54 929.14 4817.54 862.46 4824.20 835.93 4801.36 824.77 4709.47 847.67 4681.08
15 1013.97 683.68 1027.63 697.88 983.36 688.31 976.68 739.62 970.51 706.97 967.81 717.88 936.81 727.26 940.10 717.73 913.56 699.73 940.37 672.62 941.21 659.14 953.03 632.05 980.46 649.36 992.12 639.96 1009.34 664.53
8 2644.63 6957.36 2600.64 6944.30 2602.51 6972.09 2577.71 6980.01 2542.53 6954.76 2531.29 6937.76 2559.53 6912.77 2518.51 6881.07
9 11343.70 11843.36 11340.76 11818.86 11343.88 11804.23 11379.52 11778.73 11389.87 11780.14 11419.56 11812.59 11407.54 11855.49 11402.95 11860.71 11382.77 11862.05
11 2808.57 8090.52 2808.43 8107.48 2772.29 8084.12 2759.37 8123.41 2732.22 8090.04 2697.12 8127.48 2702.49 8075.96 2677.77 8068.24 2699.72 8027.12 2752.74 8002.12 2799.11 8005.65
13 4148.39 12592.95 4083.61 12605.77 4089.02 12575.08 4069.90 12578.92 4079.78 12568.97 4063.36 12571.61 4054.71 12552.12 4065.21 12549.67 4072.44 12535.57 4090.36 12544.44 4120.53 12521.47 4116.29 12531.14 4126.73 12532.75
7 10644.54 11151.86 10665.72 11167.69 10638.17 11168.94 10619.72 11159.66 10610.87 11132.48 10645.07 11108.09 10650.46 11133.35
10 12451.13 11954.55 12425.80 12010.34 12357.13 11992.89 12364.98 11982.92 12384.43 11932.95 12367.02 11887.74 12402.21 11916.87 12421.49 11898.09 12421.90 11925.96 12454.49 11916.90
10 3505.34 6893.12 3551.59 6881.67 3582.17 6897.23 3627.29 6932.89 3621.55 6959.18 3611.57 7002.82 3532.78 7028.40 3503.69 7022.63 3493.88 7012.28 3497.05 6962.06
12 12201.17 12171.69 12204.12 12202.19 12202.40 12242.78 12173.77 12250.19 12153.64 12249.34 12084.20 12234.49 12077.18 12205.10 12078.18 12196.23 12082.74 12176.28 12120.91 12141.84 12125.09 12139.93 12173.05 12156.05
9 3584.59 6522.98 3525.17 6547.59 3497.09 6536.09 3460.47 6571.50 3487.40 6509.56 3449.20 6519.23 3459.36 6502.50 3501.13 6412.89 3554.32 6458.47
11 3024.28 9647.61 3049.25 9614.33 3087.31 9592.26 3121.82 9610.30 3127.55 9616.96 3138.60 9647.82 3141.12 9688.18 3108.64 9711.69 3098.39 9716.63 3057.01 9715.28 3032.98 9693.83
10 2322.18 7551.53 2376.14 7492.13 2446.52 7511.07 2462.71 7515.80 2477.07 7546.08 2475.43 7581.12 2443.55 7621.70 2419.26 7637.43 2385.06 7653.20 2346.87 7615.93
7 378.26 5005.95 361.12 5002.10 358.54 4991.81 354.50 4947.62 356.93 4933.93 425.06 4957.10 402.25 4995.39
11 6008.51 7905.00 6028.19 7947.65 6022.05 7956.74 5980.53 8003.73 5909.61 8022.90 5896.43 8007.18 5880.38 7976.91 5880.60 7939.70 5882.64 7934.44 5915.97 7922.57 5977.88 7903.78
8 4466.12 12339.00 4451.07 12330.74 4453.43 12264.69 4484.09 12223.04 4550.86 12215.48 4599.91 12269.46 4593.55 12335.52 4568.61 12368.83
8 2754.61 6476.47 2757.58 6451.91 2809.73 6434.93 2822.79 6442.60 2832.97 6477.76 2823.76 6504.04 2808.68 6511.11 2762.99 6499.79
12 8702.42 2400.40 8685.15 2363.83 8685.58 2353.58 8686.60 2338.67 8725.89 2317.09 8745.50 2318.19 8749.03 2319.62 8779.48 2336.16 8780.76 2337.90 8766.63 2410.07 8760.85 2413.55 8725.09 2407.79
15 9543.59 11550.28 9515.70 11559.85 9488.04 11556.45 9488.88 11540.01 9495.51 11539.55 9496.34 11537.91 9484.25 11531.60 9479.04 11529.40 9491.88 11526.13 9501.21 11532.90 9504.22 11531.54 9513.41 11519.51 9543.54 11531.88 9536.44 11537.66 9525.70 11540.79
7 9861.00 11145.23 9774.22 11245.67 9745.72 11244.97 9704.31 11223.33 9700.74 11149.81 9710.65 11074.42 9815.74 11074.99
7 6634.10 9471.48 6581.62 9491.12 6567.08 9457.60 6578.66 9444.88 6595.44 9438.23 6622.99 9428.64 6617.65 9453.93
9 445.91 8099.32 415.38 8118.28 353.26 8099.44 304.79 8140.07 328.71 8084.92 321.13 8003.68 373.07 8036.85 398.53 8046.68 433.65 8049.80
7 2756.33 1459.18 2768.25 1404.93 2776.80 1437.05 2809.84 1412.96 2808.14 1450.95 2824.69 1463.40 2830.76 1473.44
10 12083.46 6444.41 12075.24 6349.71 12084.60 6330.04 12139.79 6307.78 12193.05 6329.56 12199.02 6334.04 12224.54 6370.50 12227.61 6391.34 12193.44 6464.50 12177.30 6465.62
11 1945.32 1844.96 1930.78 1848.08 1881.74 1888.53 1894.89 1866.56 1868.05 1877.85 1867.97 1831.11 1891.48 1815.40 1909.62 1817.76 1930.46 1808.04 1949.77 1797.23 1942.33 1819.12
9 4369.47 595.86 4377.03 536.71 4394.60 523.16 4454.98 531.80 4462.07 535.97 4469.15 566.00 4464.75 591.22 4430.03 602.51 4389.89 600.96
10 7086.65 6344.28 7083.28 6349.82 7100.67 6383.18 7076.81 6384.69 7069.00 6369.66 7058.22 6392.43 7047.04 6358.66 7004.32 6307.37 7085.53 6316.89 7103.94 6335.47
14 9154.46 3532.20 9140.08 3487.96 9154.85 3445.91 9186.73 3421.47 9207.46 3412.65 9230.21 3417.17 9300.39 3442.64 9300.10 3450.89 9283.06 3509.93 9263.83 3551.27 9241.94 3573.30 9223.83 3575.81 9204.28 3569.89 9195.92 3564.71
9 9082.50 10723.38 9161.80 10631.44 9164.07 10632.62 9204.78 10655.56 9226.61 10668.82 9244.81 10698.23 9241.30 10711.20 9167.81 10783.98 9104.97 10748.14
12 12084.62 7125.20 12124.04 7165.27 12083.58 7141.77 12055.11 7148.92 12006.80 7167.76 11995.41 7142.88 11985.55 7114.24 11968.65 7098.70 12001.33 7082.11 12026.77 7087.50 12088.99 7096.58 12074.25 7120.91
8 10949.03 6224.46 10923.41 6226.40 10862.79 6210.50 10891.55 6160.03 10870.09 6147.49 10906.17 6116.53 10917.03 6137.49 10979.14 6140.15
9 2186.19 3204.56 2161.22 3102.95 2218.08 3056.13 2302.58 3074.12 2328.80 3107.57 2340.20 3151.74 2322.20 3186.02 2256.10 3238.22 2232.60 3227.20
6 4672.86 1187.20 4823.36 1173.76 4804.47 1245.15 4787.82 1254.38 4695.31 1255.03 4676.41 1200.36
12 6316.76 12202.20 6379.57 12113.47 6426.80 12116.08 6447.13 12119.09 6482.45 12158.17 6487.79 12178.02 6466.33 12246.96 6438.12 12278.81 6402.41 12299.91 6389.86 12298.70 6368.23 12280.21 6345.82 12257.53
10 10655.26 9027.35 10602.52 9021.69 10589.75 9016.78 10588.09 9001.80 10590.32 8965.22 10642.90 8917.45 10660.93 8923.19 10696.92 8942.10 10695.90 8954.51 10682.90 9012.65
11 6795.29 8862.52 6760.45 8859.82 6709.01 8816.33 6696.67 8798.59 6713.46 8735.00 6799.29 8699.55 6828.81 8718.48 6858.67 8748.20 6864.53 8756.32 6858.21 8827.26 6813.97 8853.96
7 4714.22 3021.11 4637.45 2942.65 4640.95 2896.88 4716.96 2841.94 4800.72 2939.45 4807.54 2952.63 4763.90 3011.42
11 8250.09 7381.99 8223.34 7351.90 8178.51 7349.16 8146.97 7343.59 8168.67 7320.83 8156.56 7311.21 8147.46 7284.53 8174.83 7267.23 8185.65 7272.67 8220.90 7272.04 8214.93 7294.08
9 10807.98 9746.36 10872.30 9802.32 10868.47 9813.97 10838.00 9865.05 10777.16 9862.96 10753.64 9823.21 10754.52 9817.97 10772.20 9773.02 10800.10 9746.90
7 3733.68 8993.53 3720.03 9033.71 3669.07 9021.29 3656.62 8992.09 3668.02 8968.65 3702.88 8954.55 3723.03 8967.05
12 10055.18 8582.22 10058.81 8539.59 10088.91 8523.44 10126.33 8526.38 10145.74 8539.39 10151.35 8548.69 10162.99 8593.28 10135.90 8631.90 10105.04 8648.70 10098.19 8648.37 10072.68 8639.50 10071.37 8638.79
11 2653.61 5428.71 2712.39 5406.46 2731.14 5440.54 2733.26 5461.40 2725.68 5468.38 2706.55 5478.79 2697.40 5475.57 2646.04 5455.52 2643.10 5445.66 2640.68 5435.65 2643.38 5433.19
13 4655.36 4905.63 4650.64 4904.42 4638.59 4913.70 4630.52 4896.16 4619.03 4885.80 4599.54 4885.22 4630.45 4855.02 4643.63 4859.09 4655.65 4876.49 4677.05 4868.08 4686.45 4876.89 4668.52 4879.72 4653.48 4881.76
7 10186.09 11781.42 10134.80 11841.42 10107.55 11829.64 10065.01 11783.89 10070.37 11734.00 10109.40 11709.47 10149.86 11737.32
12 9903.77 9195.57 9871.53 9221.53 9845.36 9237.41 9837.76 9213.90 9834.87 9254.66 9803.79 9214.27 9763.47 9199.24 9782.45 9121.91 9835.94 9156.49 9835.77 9166.70 9916.55 9179.42 9872.17 9191.65
9 5390.34 8389.22 5391.95 8379.64 5429.84 8355.34 5449.07 8373.55 5456.60 8398.13 5448.30 8435.83 5433.01 8435.60 5406.73 8434.72 5391.73 8432.07
8 6458.29 8822.04 6462.31 8776.65 6493.20 8751.76 6527.48 8763.18 6549.54 8799.41 6549.19 8814.48 6534.18 8840.64 6500.10 8847.45
15 6886.47 2603.71 6871.68 2628.62 6855.61 2605.51 6844.48 2597.61 6831.45 2595.86 6770.07 2602.64 6790.16 2566.25 6787.66 2548.31 6790.00 2542.36 6810.40 2555.63 6825.35 2567.51 6833.26 2524.26 6853.94 2548.32 6861.97 2569.17 6869.72 2580.31
11 4302.99 5159.51 4265.47 5156.79 4246.39 5138.41 4239.33 5110.38 4250.61 5081.06 4288.31 5053.44 4312.26 5059.60 4341.08 5078.87 4342.83 5092.94 4341.98 5108.34 4337.61 5126.51
5 12072.04 9404.32 12117.40 9345.89 12169.53 9366.17 12154.47 9429.50 12083.86 9431.99
5 7749.37 2301.35 7660.87 2241.09 7685.78 2200.92 7721.25 2193.89 7730.45 2241.85
7 385.07 8728.11 355.15 8712.61 306.67 8664.21 348.74 8666.08 401.10 8673.79 383.47 8685.88 401.47 8682.28
11 5380.28 7733.75 5369.91 7741.95 5332.75 7794.75 5341.43 7741.08 5315.01 7757.37 5296.27 7696.59 5335.38 7715.32 5336.67 7683.52 5343.87 7673.81 5355.98 7703.76 5393.19 7710.90
7 1314.58 3527.73 1319.55 3580.37 1317.11 3590.91 1305.83 3608.34 1253.21 3598.61 1246.09 3559.85 1265.36 3545.05
10 4330.86 12168.96 4325.40 12200.68 4322.48 12209.74 4309.43 12191.68 4279.13 12193.91 4336.62 12125.53 4322.98 12149.91 4352.35 12133.19 4341.12 12151.05 4360.82 12146.33
5 11669.80 4092.74 11640.56 4026.26 11664.57 4014.56 11704.76 4008.38 11720.78 4046.70
8 7616.74 6709.83 7622.31 6630.66 7724.64 6627.72 7757.74 6655.85 7748.10 6726.93 7693.56 6762.10 7661.57 6770.22 7627.74 6742.77
12 1170.86 11537.45 1163.77 11537.52 1175.49 11555.25 1159.58 11544.64 1154.49 11562.31 1136.45 11537.33 1139.85 11514.24 1147.45 11506.66 1161.12 11491.44 1163.76 11517.58 1195.14 11496.05 1191.72 11525.53
13 6245.35 7584.81 6214.75 7532.11 6215.14 7526.58 6227.15 7480.08 6240.94 7471.57 6319.96 7475.43 6334.94 7479.43 6345.36 7513.19 6341.17 7537.25 6329.39 7578.88 6283.98 7592.74 6264.40 7593.36 6248.05 7587.39
10 1772.15 5804.90 1732.80 5714.33 1771.50 5671.58 1790.84 5668.40 1838.38 5671.46 1872.96 5710.97 1879.38 5726.34 1860.78 5781.66 1854.44 5794.64 1837.39 5797.92
9 7868.60 10431.49 7794.13 10372.17 7805.82 10358.91 7888.74 10305.11 7935.74 10311.24 7941.38 10353.05 7943.74 10371.72 7938.40 10390.75 7892.82 10449.99
14 5570.80 7142.43 5589.72 7148.89 5588.41 7153.01 5563.52 7150.72 5565.99 7155.73 5558.51 7149.06 5542.41 7163.15 5517.03 7155.28 5528.06 7116.25 5563.03 7108.28 5571.13 7101.74 5577.30 7124.88 5584.90 7133.30 5585.37 7135.90
8 12437.87 10161.14 12425.67 10203.14 12362.59 10201.31 12343.84 10189.97 12366.47 10122.29 12400.98 10120.63 12430.04 10127.44 12437.79 10157.66
11 6534.63 4439.58 6544.42 4438.41 6572.56 4440.09 6600.21 4464.37 6601.28 4535.14 6572.66 4570.83 6544.85 4589.92 6500.96 4570.50 6469.27 4530.31 6465.40 4489.20 6476.93 4478.57
7 461.10 6501.95 496.87 6414.00 549.43 6422.62 569.99 6436.93 571.30 6490.97 517.77 6527.13 465.71 6507.23
8 380.58 8967.07 331.00 9018.49 302.93 9016.35 277.86 8979.32 283.91 8946.91 317.18 8939.92 351.48 8936.56 368.24 8943.26
12 9351.86 4246.07 9371.88 4219.79 9420.73 4194.80 9454.28 4188.03 9458.19 4189.10 9501.35 4228.99 9518.59 4248.29 9521.34 4307.25 9493.92 4344.57 9478.82 4363.99 9368.72 4315.73 9357.77 4296.20
8 6800.87 7731.78 6782.17 7768.39 6729.41 7772.32 6704.99 7754.77 6708.64 7703.96 6730.75 7686.04 6775.74 7692.92 6794.64 7710.29
10 5851.43 9402.24 5822.64 9418.39 5771.58 9408.90 5769.34 9416.63 5759.33 9413.85 5716.74 9401.11 5699.08 9372.35 5757.43 9356.72 5770.31 9360.47 5787.10 9326.65
7 1054.33 10233.10 1089.18 10189.04 1114.82 10200.20 1139.64 10214.98 1117.09 10253.13 1089.26 10267.43 1084.75 10264.93
11 9597.76 6595.31 9612.72 6606.06 9529.61 6617.00 9485.28 6631.82 9522.31 6515.63 9542.68 6573.25 9577.06 6568.81 9599.95 6558.37 9601.85 6563.40 9597.35 6571.01 9587.09 6582.23
12 7064.62 5679.84 7060.33 5633.17 7068.11 5619.86 7071.15 5615.66 7083.41 5611.70 7131.73 5616.56 7157.12 5622.03 7168.65 5651.58 7170.97 5681.95 7161.21 5688.09 7111.73 5718.49 7079.31 5699.37
5 1046.04 472.96 1021.00 492.10 1034.58 412.04 1036.14 416.15 1073.50 443.46
13 4889.03 5464.51 4888.48 5494.90 4881.53 5519.23 4854.74 5525.93 4839.27 5512.31 4846.48 5470.35 4833.41 5480.73 4810.27 5461.98 4905.15 5416.16 4930.33 5409.64 4933.84 5422.75 4903.78 5432.29 4917.49 5436.12
8 9714.71 8003.09 9689.09 8067.19 9639.38 8066.96 9627.34 8058.04 9619.26 8006.42 9618.42 7997.77 9672.77 7962.22 9696.91 7974.22
8 6094.24 6168.55 6064.26 6205.17 6039.03 6189.11 6031.15 6181.51 6016.11 6166.28 6035.07 6146.43 6047.77 6134.05 6089.03 6141.48
10 3714.05 2372.81 3735.86 2326.60 3787.42 2311.53 3822.70 2316.85 3846.13 2330.61 3870.61 2361.45 3843.76 2392.74 3822.33 2404.33 3774.23 2424.16 3743.73 2413.32
6 4029.20 10332.32 3974.16 10285.81 4013.08 10232.41 4037.10 10228.06 4068.41 10266.76 4064.50 10312.53
8 5021.35 8484.89 5013.25 8427.56 5016.00 8424.87 5045.11 8405.32 5075.85 8435.05 5076.15 8449.46 5056.38 8480.12 5037.00 8483.23
11 11756.48 7584.30 11756.22 7591.97 11710.17 7553.64 11705.97 7550.03 11706.40 7533.58 11717.62 7483.22 11754.36 7519.75 11785.62 7505.76 11762.78 7551.66 11772.22 7548.54 11811.36 7532.75
10 6802.51 11565.03 6778.20 11598.81 6746.11 11598.54 6735.66 11595.96 6697.62 11584.95 6701.82 11550.35 6717.97 11515.74 6739.30 11512.25 6754.90 11510.52 6781.17 11532.96
7 2481.90 1801.22 2491.53 1840.44 2441.36 1849.75 2417.83 1833.86 2426.48 1803.27 2438.22 1796.13 2455.07 1787.47
8 4505.12 3152.36 4475.21 3114.67 4447.83 3094.36 4458.78 3088.68 4451.88 3032.12 4488.07 3043.43 4499.35 3047.31 4535.98 3026.46
5 8932.30 6050.12 8912.03 6049.98 8857.91 6075.25 8875.20 5990.37 8894.93 6020.77
9 9928.29 10375.03 9980.08 10453.66 9933.80 10539.29 9861.36 10546.41 9849.11 10538.93 9825.53 10522.76 9825.70 10493.11 9831.24 10443.60 9860.57 10389.92
8 7367.09 8190.27 7302.57 8132.70 7317.09 8081.09 7352.51 8074.12 7371.96 8071.43 7396.33 8082.65 7404.52 8117.56 7404.51 8163.33
9 6202.29 1253.57 6204.02 1202.75 6226.05 1173.00 6305.21 1191.59 6309.39 1192.93 6311.84 1200.83 6306.62 1242.05 6255.80 1276.63 6240.30 1279.24
8 4987.11 202.37 5020.66 268.25 4982.05 231.23 4906.15 268.06 4896.49 231.80 4882.78 227.66 4896.76 209.81 4981.58 161.37
8 1628.62 12465.69 1629.12 12444.83 1654.78 12421.50 1693.78 12455.78 1700.29 12467.54 1670.45 12484.84 1650.29 12486.14 1633.96 12479.52
9 1375.73 6956.32 1365.83 6930.35 1370.79 6916.96 1377.98 6904.75 1379.20 6903.81 1409.38 6888.54 1429.29 6911.89 1431.64 6923.07 1403.64 6951.52
9 7866.64 11914.64 7840.11 11891.03 7844.91 11843.72 7862.57 11806.77 7886.13 11770.30 7898.15 11775.01 7911.06 11783.67 7943.13 11809.79 7956.60 11837.56
9 11042.82 6885.44 11074.54 6921.04 11061.39 6975.61 11056.93 6985.88 11021.69 7000.60 10999.79 6995.69 10978.55 6932.52 10981.48 6925.50 11021.58 6891.84
6 10749.97 3038.73 10723.44 2985.13 10746.36 2974.18 10783.15 2951.49 10790.40 2943.41 10799.04 2969.89
11 9549.85 7948.69 9545.91 7920.02 9552.57 7897.99 9586.70 7875.69 9609.76 7873.12 9628.79 7891.92 9639.08 7906.60 9639.44 7920.21 9633.56 7931.44 9604.07 7969.57 9593.54 7974.64
10 7082.18 6201.11 7112.56 6170.30 7129.41 6172.13 7138.69 6179.45 7145.37 6190.99 7144.72 6200.41 7141.94 6211.96 7135.54 6236.31 7126.04 6240.46 7094.24 6229.87
6 12015.71 951.11 12046.50 936.14 12089.74 946.89 12088.23 990.41 12078.10 1007.60 12057.32 1003.11
7 6975.84 10371.09 6980.92 10397.63 6977.45 10407.73 6936.78 10342.56 6974.45 10333.96 6968.55 10350.57 6980.03 10336.78
5 3895.42 10655.55 3870.64 10672.37 3846.23 10658.06 3880.23 10628.70 3895.67 10624.46
6 4616.46 11957.39 4621.57 11906.84 4649.90 11892.73 4661.49 11904.08 4643.95 11931.45 4648.37 11939.44
5 3104.43 916.91 3036.06 956.55 3006.95 829.06 3019.60 845.34 3059.98 856.97
10 8352.51 9619.20 8324.24 9687.14 8297.51 9679.64 8238.35 9658.45 8227.94 9653.77 8215.97 9633.09 8220.88 9626.94 8240.52 9613.27 8335.12 9549.98 8351.56 9565.89
15 11684.09 8268.03 11671.04 8278.67 11664.99 8299.84 11656.78 8306.58 11630.70 8268.30 11626.01 8291.30 11626.53 8267.36 11612.74 8281.10 11578.97 8273.75 11604.58 8245.39 11615.62 8247.62 11600.55 8216.26 11631.04 8201.57 11640.30 8243.94 11675.00 8223.84
5 5051.17 9973.88 5063.83 9948.49 5087.86 9932.03 5088.11 9933.16 5098.43 9946.68
14 4979.45 1405.91 4974.94 1410.88 4928.36 1401.22 4908.03 1373.11 4887.09 1395.09 4874.57 1430.82 4872.60 1376.69 4865.19 1368.98 4880.71 1314.57 4894.15 1320.32 4945.39 1281.59 4933.12 1315.95 4966.96 1282.26 4954.14 1346.72
8 11037.81 5211.36 11025.43 5241.94 11009.30 5230.41 10998.62 5218.26 10991.58 5207.67 10993.59 5205.62 10994.63 5163.24 11007.47 5166.32
14 1342.26 5548.30 1313.75 5547.38 1287.15 5528.53 1260.14 5555.73 1254.80 5533.07 1252.58 5529.01 1251.78 5526.80 1248.10 5520.84 1263.28 5516.65 1287.79 5507.45 1276.62 5497.86 1300.30 5498.72 1308.63 5456.11 1349.92 5490.08
9 11740.34 1618.32 11756.65 1642.83 11747.54 1677.71 11729.49 1685.68 11720.03 1681.74 11709.84 1675.18 11683.79 1654.25 11677.39 1648.69 11681.18 1628.32
11 5303.72 8865.09 5332.05 8840.53 5343.37 8836.90 5366.41 8845.80 5374.67 8851.28 5386.85 8881.43 5366.16 8904.73 5349.50 8906.94 5317.79 8902.56 5317.04 8902.25 5308.27 8882.51
7 7088.29 7910.69 7025.47 7831.34 7031.04 7798.51 7069.74 7750.80 7160.24 7783.24 7191.53 7843.07 7157.03 7887.74
6 3063.86 4036.33 3012.83 4038.73 3001.66 4069.03 2987.96 4031.27 2967.45 4014.20 2985.46 4008.91
15 12400.77 6321.56 12391.03 6327.10 12366.98 6316.84 12372.43 6366.61 12342.96 6338.18 12337.21 6339.38 12326.40 6330.40 12330.57 6294.47 12286.01 6293.49 12331.77 6272.49 12357.51 6254.31 12356.38 6222.48 12412.68 6260.18 12395.50 6283.49 12443.00 6292.39
7 6287.02 11460.34 6318.89 11591.98 6314.15 11604.52 6279.74 11641.00 6208.01 11579.78 6206.42 11516.93 6257.84 11464.56
12 540.34 6291.31 522.20 6273.51 502.64 6299.70 468.37 6267.12 493.21 6240.25 489.58 6232.20 516.60 6228.16 507.88 6184.35 526.88 6216.00 534.78 6217.77 535.55 6231.82 581.82 6219.16
10 12293.64 11587.22 12268.74 11566.93 12247.88 11513.22 12269.55 11504.42 12215.88 11488.03 12288.59 11506.53 12232.50 11490.39 12269.56 11485.84 12286.50 11497.02 12389.80 11474.96
6 1344.06 591.19 1357.38 642.52 1314.30 607.79 1294.81 613.81 1368.32 573.05 1372.02 590.19
12 7337.59 5756.21 7344.48 5762.05 7328.58 5760.11 7338.42 5772.01 7323.01 5774.09 7303.22 5784.52 7305.61 5760.22 7294.08 5780.43 7287.58 5728.53 7307.11 5732.75 7340.70 5732.55 7325.48 5743.07
7 5976.53 2654.24 5952.09 2610.68 5964.52 2570.22 5973.60 2569.91 6024.33 2578.75 6034.20 2599.28 6024.82 2645.35
9 8926.60 2592.25 8941.94 2536.26 8967.80 2505.95 9061.20 2540.89 9063.35 2549.76 9049.49 2601.22 9041.68 2615.17 8951.27 2624.52 8932.49 2613.88
6 6582.06 9231.54 6547.85 9264.56 6509.77 9243.86 6504.86 9205.45 6519.30 9184.66 6568.55 9191.86
7 2428.78 5654.93 2342.66 5620.23 2365.37 5558.38 2389.70 5538.04 2425.53 5521.76 2471.49 5586.28 2483.28 5631.91
11 7930.89 4477.90 7953.11 4433.45 7964.23 4420.58 7986.95 4429.12 8018.67 4466.45 8027.80 4494.48 8006.37 4521.21 7992.82 4529.37 7969.02 4541.59 7939.72 4526.83 7933.92 4517.35
12 8817.29 8793.84 8801.01 8822.40 8781.45 8816.67 8768.34 8808.32 8751.01 8794.44 8762.52 8781.65 8774.46 8776.32 8804.23 8761.47 8800.70 8783.18 8806.40 8782.68 8820.00 8787.68 8815.65 8789.54
10 3757.79 9680.57 3751.50 9683.45 3731.49 9685.71 3729.90 9664.71 3716.79 9642.88 3718.52 9625.43 3729.48 9640.54 3734.50 9627.44 3735.98 9634.94 3741.59 9636.64
6 9229.69 8970.14 9234.40 9107.43 9159.02 9103.72 9097.54 9018.92 9126.43 8970.07 9182.90 8965.88
14 896.17 7105.60 880.56 7111.49 889.52 7134.39 876.08 7135.22 872.42 7136.86 854.66 7113.12 848.53 7123.55 837.58 7125.68 843.95 7104.89 820.25 7090.35 848.15 7085.77 850.21 7074.30 867.29 7082.46 875.40 7102.61
8 10947.03 4845.82 10946.97 4870.79 10923.63 4888.12 10897.19 4849.26 10860.61 4841.87 10836.41 4810.85 10874.51 4777.45 10922.92 4794.75
7 3514.19 10245.78 3529.71 10215.48 3578.21 10201.82 3598.76 10214.49 3577.82 10287.04 3557.15 10296.55 3528.83 10284.06
7 6780.39 5417.79 6812.63 5506.08 6805.46 5520.22 6719.79 5549.03 6694.29 5535.71 6683.85 5440.31 6759.61 5415.18
11 6691.28 3576.45 6693.60 3559.67 6717.31 3546.54 6754.38 3527.99 6773.43 3532.81 6802.30 3570.59 6804.62 3580.18 6793.17 3612.62 6755.42 3620.32 6715.26 3626.44 6694.04 3597.83
6 5905.65 4069.71 5895.17 4074.05 5895.27 4053.50 5898.25 4036.69 5928.00 4044.69 5933.07 4060.55
8 8841.17 4373.08 8861.23 4343.37 8881.16 4343.61 8887.56 4344.50 8902.25 4391.48 8893.62 4410.65 8874.92 4410.25 8843.47 4405.98
9 8845.45 10734.12 8790.28 10669.39 8799.79 10635.10 8815.30 10610.44 8835.89 10587.24 8884.04 10591.95 8935.50 10615.45 8949.10 10645.08 8951.81 10689.48
4 1629.70 8555.10 1757.56 8513.98 1749.46 8601.78 1688.02 8618.75
13 5573.99 3041.06 5585.37 3064.02 5569.12 3049.29 5551.65 3063.08 5538.24 3029.51 5540.38 3016.61 5540.42 3003.89 5552.31 3009.96 5548.16 2987.82 5570.42 2996.68 5570.75 3022.01 5597.94 3023.94 5596.97 3029.73
8 5379.05 10316.05 5425.95 10248.04 5469.44 10273.40 5503.08 10302.15 5518.39 10322.13 5503.84 10373.12 5490.15 10382.73 5408.69 10374.27
12 3190.76 10683.73 3163.01 10672.09 3156.06 10673.05 3120.35 10684.90 3138.46 10665.26 3121.71 10646.25 3137.77 10642.63 3172.49 10613.18 3177.80 10649.44 3199.25 10642.97 3174.33 10654.27 3168.34 10659.01
10 9299.92 3619.96 9323.27 3580.44 9369.71 3585.25 9380.22 3603.67 9382.76 3612.40 9383.87 3636.65 9379.35 3645.08 9358.80 3658.07 9335.17 3660.72 9315.39 3654.74
9 1975.84 7405.99 1982.23 7388.29 2002.95 7344.22 2058.29 7358.37 2061.25 7360.89 2059.86 7383.52 2053.11 7404.66 1999.66 7427.73 1976.61 7425.11
9 4101.21 1582.71 4056.12 1622.21 4041.84 1606.47 3992.50 1548.25 3994.33 1530.65 3998.85 1520.99 4044.16 1503.22 4063.13 1507.51 4097.46 1540.30
8 9931.35 2085.35 9850.97 2048.56 9855.91 2016.32 9866.34 1955.72 9947.09 1940.69 9983.19 1949.15 10015.17 1997.89 9954.57 2074.65
15 298.92 4471.85 271.61 4469.35 249.16 4469.14 223.98 4509.44 206.13 4474.82 202.95 4455.96 202.13 4420.06 239.04 4369.75 260.07 4403.79 294.90 4407.27 303.28 4417.15 275.41 4434.06 330.48 4413.12 331.83 4430.34 291.45 4446.26
8 3527.17 5874.93 3572.14 5908.83 3571.77 5930.92 3570.91 5971.95 3538.70 5992.25 3520.26 5992.90 3485.34 5975.67 3491.92 5898.86
10 6824.16 4168.20 6788.68 4159.13 6763.81 4169.30 6742.14 4167.81 6712.23 4184.36 6734.56 4118.73 6723.36 4111.45 6735.60 4037.76 6781.85 4102.74 6789.00 4125.13
10 2552.24 12559.27 2542.19 12514.45 2542.61 12501.03 2553.47 12490.78 2590.06 12471.42 2606.63 12464.72 2623.49 12477.15 2633.84 12500.49 2633.32 12525.31 2599.97 12541.14
7 4846.18 7997.68 4810.93 8025.86 4792.02 8004.60 4788.46 8000.34 4779.06 7984.84 4802.23 7959.93 4837.34 7960.48
13 2985.84 10454.05 2987.55 10460.16 2940.90 10446.99 2924.20 10463.85 2913.21 10503.50 2909.49 10456.44 2909.37 10448.85 2892.07 10455.65 2875.20 10440.75 2869.03 10440.83 2863.63 10430.76 2930.35 10403.92 2999.69 10392.69
8 12282.87 2191.22 12242.83 2238.30 12219.32 2228.37 12189.12 2212.67 12184.24 2175.08 12198.81 2154.78 12238.90 2137.82 12266.55 2136.00
11 778.52 1369.75 806.48 1437.39 802.78 1441.70 768.73 1466.50 730.88 1471.20 723.32 1462.52 707.40 1433.84 704.88 1427.92 704.85 1417.98 722.21 1379.36 748.76 1371.20
9 10748.62 5642.28 10749.21 5539.56 10779.18 5531.75 10807.84 5534.13 10834.58 5537.68 10844.24 5564.58 10844.22 5610.87 10835.70 5634.03 10802.56 5646.94
6 9444.42 9935.04 9421.33 9931.37 9372.61 9923.67 9376.82 9907.21 9444.38 9859.42 9494.06 9888.74
13 160.82 3978.35 177.76 3892.62 224.46 3882.86 277.37 3927.07 279.55 3929.35 287.01 3956.87 280.92 3975.73 280.33 3976.81 276.82 3980.16 261.93 3992.11 226.97 4003.61 217.62 4006.30 185.36 4000.80
7 10428.96 11667.82 10471.61 11619.54 10520.95 11661.58 10519.91 11676.89 10513.70 11700.84 10480.59 11716.75 10449.46 11701.25
9 3817.84 7803.97 3848.55 7778.27 3873.86 7788.41 3890.66 7797.09 3909.33 7825.52 3881.32 7856.81 3835.62 7870.05 3823.69 7834.34 3820.95 7820.70
12 9817.02 8927.80 9720.07 8901.75 9696.29 8879.08 9695.82 8815.12 9716.72 8798.01 9724.43 8793.17 9757.01 8778.08 9797.79 8780.58 9828.01 8789.79 9857.34 8827.57 9855.05 8855.89 9851.14 8890.79
15 2051.76 4233.01 2041.32 4217.11 2032.67 4212.86 2013.08 4235.02 2002.31 4230.37 1997.21 4227.76 2014.98 4208.01 1989.16 4199.74 2017.17 4193.25 1995.26 4180.87 2004.65 4185.18 1997.60 4178.61 2024.07 4170.02 2035.82 4191.44 2064.11 4175.37
14 8253.68 5615.28 8237.28 5615.25 8237.49 5622.96 8256.74 5640.69 8224.56 5631.47 8219.86 5630.58 8217.23 5635.10 8215.69 5639.60 8187.67 5600.07 8210.23 5592.98 8223.96 5600.82 8228.70 5562.80 8236.72 5599.11 8261.07 5584.43
9 7728.01 1825.82 7746.55 1794.86 7766.77 1795.14 7782.02 1796.05 7821.97 1807.85 7833.03 1818.88 7834.24 1870.18 7825.23 1882.11 7778.69 1885.29
7 6809.59 11965.48 6741.06 12048.49 6749.66 11966.13 6696.18 11949.99 6761.07 11948.17 6757.62 11914.87 6819.92 11934.06
9 4604.42 1074.25 4575.18 1023.64 4609.41 985.91 4637.37 971.40 4649.82 967.84 4678.97 992.22 4674.15 1011.30 4656.75 1053.21 4648.41 1063.55
10 11484.78 7348.26 11501.96 7373.32 11473.74 7364.12 11448.51 7329.29 11455.36 7321.09 11465.53 7326.90 11467.10 7327.75 11470.30 7319.93 11509.79 7323.21 11506.78 7339.79
8 12192.73 11744.96 12170.80 11783.13 12163.21 11746.67 12162.45 11737.81 12134.90 11733.17 12144.82 11699.37 12166.88 11720.09 12199.91 11724.92
7 8641.39 2433.96 8634.56 2439.57 8568.40 2433.11 8501.10 2407.38 8482.59 2348.74 8563.35 2377.15 8573.49 2364.86
8 6128.74 5869.11 6060.94 5881.17 6017.46 5879.76 6069.86 5842.75 6053.85 5836.22 6106.75 5785.54 6120.24 5783.88 6134.66 5776.13
8 11970.73 5972.45 11982.82 6000.97 11974.67 6009.25 11946.39 6037.16 11896.83 6022.78 11889.67 6002.87 11916.78 5982.19 11957.92 5973.27
5 10196.16 10201.12 10107.62 10259.77 10048.11 10247.33 10063.01 10206.38 10087.74 10152.77
11 4086.62 2275.83 4076.95 2278.27 4058.26 2310.39 4002.36 2301.67 3965.81 2293.32 3967.61 2287.73 3990.37 2265.83 3998.48 2229.38 4016.70 2204.99 4100.28 2212.75 4079.79 2226.00
11 1812.53 4594.73 1781.13 4595.14 1772.87 4603.68 1775.26 4590.57 1709.34 4613.23 1759.59 4579.55 1765.97 4550.86 1748.38 4521.70 1787.21 4481.41 1816.85 4487.74 1823.31 4557.13
7 992.10 3181.61 939.15 3119.28 946.43 3109.28 1003.26 3095.14 1030.14 3111.94 1046.75 3146.31 1018.84 3180.65
6 1554.21 2601.25 1501.59 2627.70 1477.38 2643.88 1435.09 2622.02 1489.47 2566.71 1551.88 2533.14
10 8921.02 12111.45 8918.02 12104.62 8909.90 12093.02 8908.66 12099.83 8889.30 12100.93 8874.51 12069.91 8901.39 12078.34 8886.17 12054.26 8925.21 12056.47 8930.56 12056.15
10 2288.74 5063.92 2360.44 5010.90 2398.00 5026.34 2407.27 5037.54 2446.93 5101.90 2449.58 5106.26 2423.21 5167.46 2392.01 5178.32 2355.15 5169.02 2301.48 5114.81
7 2142.98 11906.97 2087.46 11952.36 2090.53 11896.30 2106.82 11886.46 2122.13 11890.69 2130.01 11895.53 2134.94 11898.71
6 10319.27 8565.49 10290.00 8595.69 10237.34 8594.34 10229.35 8529.56 10249.23 8513.66 10285.60 8510.16
12 5749.79 3489.94 5714.66 3499.88 5671.37 3508.21 5667.74 3490.20 5698.88 3479.07 5703.58 3470.23 5697.94 3466.38 5670.24 3433.66 5686.69 3436.34 5688.46 3437.16 5777.72 3442.82 5779.03 3469.36
7 647.39 3565.68 683.91 3541.67 727.19 3546.03 737.98 3556.61 734.09 3593.55 708.69 3606.46 668.60 3589.33
7 9614.10 11406.70 9625.74 11458.93 9599.83 11457.92 9578.57 11451.22 9545.98 11429.22 9568.30 11386.17 9575.83 11382.28
7 4219.49 4144.13 4222.43 4223.33 4199.78 4248.92 4156.10 4259.10 4131.66 4255.52 4104.77 4137.21 4172.01 4122.84
14 7527.99 4960.20 7522.05 5015.53 7512.63 5000.43 7512.24 5005.96 7499.12 4984.83 7499.61 4999.07 7471.66 5002.40 7468.64 4996.13 7457.85 4991.90 7407.23 4987.34 7400.25 4943.90 7519.37 4931.65 7513.73 4946.16 7557.18 4941.10
9 187.15 7658.30 173.12 7615.89 192.68 7577.41 263.63 7562.02 274.58 7561.35 293.26 7579.59 311.44 7602.02 266.33 7660.73 207.77 7661.30
10 4350.46 4153.42 4350.51 4141.56 4386.12 4062.74 4469.30 4069.55 4492.13 4075.61 4511.61 4103.88 4528.04 4133.79 4480.03 4206.27 4439.94 4212.16 4401.80 4206.82
8 10833.93 6581.84 10819.02 6578.70 10813.25 6569.64 10783.65 6544.75 10796.36 6535.86 10822.90 6560.09 10811.98 6521.91 10827.24 6532.44
9 11342.22 10525.86 11289.37 10489.00 11295.25 10432.08 11312.66 10411.27 11336.41 10403.24 11387.48 10415.68 11414.74 10462.68 11397.15 10504.54 11383.66 10511.20
11 5746.49 10093.00 5735.83 10061.45 5744.41 10023.45 5769.73 10000.36 5843.81 10009.06 5855.74 10028.69 5861.59 10039.07 5862.68 10051.42 5861.52 10077.28 5847.51 10093.22 5786.57 10117.64
9 2049.15 1628.98 2033.06 1667.55 2013.09 1692.30 1946.29 1690.37 1950.75 1659.23 1926.41 1664.37 1940.55 1601.62 1972.81 1586.80 2064.22 1563.75
6 7116.28 7680.81 7085.30 7593.02 7117.13 7542.89 7205.44 7592.28 7192.80 7645.32 7178.88 7663.24
7 161.06 6807.35 151.40 6815.70 141.09 6823.60 142.51 6818.09 131.68 6825.98 137.03 6818.48 148.52 6791.51
9 1048.94 3363.80 1013.54 3282.23 1032.63 3246.58 1049.44 3226.19 1067.92 3224.11 1130.47 3224.19 1156.24 3279.21 1147.46 3348.77 1075.56 3369.77
5 1262.90 8468.07 1274.38 8420.20 1273.42 8374.77 1353.58 8407.49 1344.48 8431.18
9 8527.03 6594.68 8527.64 6523.60 8554.76 6497.10 8593.78 6478.20 8636.83 6531.51 8645.19 6555.37 8633.48 6594.66 8601.88 6616.68 8555.84 6614.06
9 9633.69 5047.06 9660.65 5002.65 9694.23 4999.92 9711.79 5003.12 9715.11 5011.15 9719.46 5056.53 9681.47 5072.88 9671.19 5073.82 9645.29 5064.86
11 9664.45 6186.40 9681.67 6152.31 9683.70 6151.27 9706.83 6143.58 9725.95 6148.64 9743.43 6163.72 9751.78 6191.56 9725.82 6215.00 9708.34 6229.21 9674.67 6203.96 9667.35 6196.90
9 10044.16 6311.90 10046.04 6396.52 10012.24 6419.69 9987.60 6401.96 9961.98 6382.95 9949.80 6371.22 9947.35 6347.07 9947.02 6328.92 9996.10 6312.51
6 12358.05 10824.86 12355.90 10863.76 12313.18 10832.42 12311.78 10825.61 12309.30 10808.29 12342.01 10805.47
7 9696.46 5220.09 9676.11 5237.30 9643.14 5231.04 9629.43 5217.47 9628.32 5171.89 9678.68 5173.80 9690.88 5198.82
11 10300.36 7282.69 10312.76 7256.86 10357.24 7229.88 10364.78 7226.89 10433.89 7270.95 10437.25 7331.47 10400.09 7368.25 10372.65 7382.15 10353.11 7366.31 10316.66 7331.81 10308.59 7309.14
14 12065.49 4924.47 12036.72 4907.70 12028.25 4897.66 11996.18 4888.30 11980.34 4883.51 11964.70 4859.39 11976.59 4822.07 11975.73 4803.21 12013.80 4832.57 12009.90 4805.69 12007.82 4785.45 12024.65 4801.71 12026.37 4797.21 12030.99 4813.73
11 5778.26 5510.65 5758.87 5507.14 5744.26 5481.24 5742.19 5471.99 5742.40 5469.55 5769.72 5447.48 5783.04 5440.67 5790.59 5440.85 5800.65 5444.79 5812.76 5458.59 5805.67 5502.34
14 11219.87 5806.37 11221.98 5815.87 11215.98 5823.00 11214.35 5831.43 11204.37 5815.18 11182.72 5834.16 11191.15 5806.70 11181.79 5804.50 11185.22 5800.20 11170.72 5781.44 11167.72 5767.69 11173.27 5766.86 11188.25 5752.96 11193.04 5752.83
7 5133.39 11853.86 5060.83 11872.29 5045.69 11872.73 5041.27 11843.98 5084.31 11765.61 5126.96 11763.35 5113.64 11814.66
6 9576.93 8512.63 9511.31 8547.27 9489.53 8564.65 9494.14 8435.45 9508.32 8438.88 9539.73 8440.52
9 10133.53 9759.48 10142.97 9725.27 10231.68 9703.38 10258.16 9728.34 10272.76 9790.81 10216.88 9829.40 10196.25 9832.17 10147.87 9792.77 10133.53 9770.95
9 9548.43 1182.27 9566.02 1164.26 9575.46 1159.26 9610.20 1148.69 9616.73 1152.26 9617.33 1221.62 9582.78 1225.57 9576.89 1225.84 9556.33 1207.72
7 7813.47 10025.87 7758.43 10077.52 7730.17 10076.68 7679.84 10070.73 7678.41 9999.39 7733.04 9973.16 7775.34 9970.57
10 7595.84 7345.40 7587.94 7300.04 7608.84 7282.15 7636.00 7260.01 7690.57 7270.25 7714.02 7281.25 7722.33 7315.03 7675.84 7370.47 7651.35 7382.92 7625.42 7365.47
8 10551.86 6275.27 10572.32 6253.46 10615.38 6255.21 10622.86 6270.01 10622.59 6275.06 10615.53 6302.05 10589.57 6319.30 10553.26 6289.03
13 344.59 9158.05 337.80 9144.07 352.01 9106.99 358.96 9091.28 369.72 9088.28 407.42 9095.28 407.76 9095.44 442.01 9133.78 441.14 9152.80 412.69 9193.19 405.53 9194.41 388.95 9196.48 359.81 9173.05
10 8908.75 807.77 8922.13 820.52 8900.38 837.47 8885.53 813.61 8867.91 819.71 8862.08 807.77 8881.04 781.85 8886.70 779.16 8892.00 775.17 8922.20 802.11
10 11093.73 4443.99 11123.95 4416.18 11132.51 4411.50 11135.78 4414.50 11148.40 4426.43 11155.37 4434.55 11160.79 4479.79 11154.71 4487.91 11144.33 4489.18 11104.88 4465.08
10 3219.48 2824.25 3167.49 2823.05 3197.90 2859.77 3109.44 2855.51 3054.73 2801.10 3094.88 2763.06 3171.60 2767.21 3154.12 2793.63 3180.15 2793.69 3187.98 2789.56
6 7533.31 6601.37 7517.42 6561.39 7533.13 6566.71 7540.97 6558.13 7552.12 6542.99 7553.41 6576.97
6 546.22 6003.94 529.96 6052.90 481.28 6044.42 461.45 6016.15 469.98 5995.88 537.87 5978.46
7 2283.03 9134.09 2240.82 9156.76 2188.10 9092.71 2241.86 9091.59 2307.51 9068.11 2325.48 9092.02 2305.01 9101.37
8 6683.66 4794.47 6675.90 4845.60 6666.10 4826.35 6661.30 4795.63 6645.56 4816.97 6633.67 4709.49 6715.96 4706.44 6703.15 4730.07
8 12083.65 3765.97 12078.75 3779.22 12074.76 3775.96 12049.75 3778.08 12063.87 3743.00 12065.18 3742.72 12065.57 3755.56 12088.90 3756.42
8 8021.24 7839.45 7999.59 7769.96 8018.00 7753.91 8063.03 7739.59 8070.86 7749.76 8086.34 7813.17 8050.61 7834.13 8035.96 7839.53
12 7695.96 3829.96 7688.77 3788.61 7694.79 3777.88 7729.73 3734.69 7760.87 3726.04 7807.68 3756.04 7829.21 3797.76 7830.51 3811.02 7823.73 3844.21 7778.26 3873.88 7755.19 3876.27 7750.62 3876.44
9 1746.99 10393.80 1711.70 10426.94 1682.62 10389.77 1617.04 10396.98 1592.80 10369.03 1600.66 10364.61 1594.60 10357.46 1676.86 10311.52 1692.32 10337.07
9 12520.43 10558.30 12499.30 10517.85 12515.58 10465.88 12528.93 10457.87 12586.70 10455.70 12638.43 10489.36 12637.38 10541.44 12596.94 10561.99 12548.91 10584.61
10 7944.27 4335.69 7946.90 4325.02 7962.59 4300.83 7967.95 4296.87 7997.21 4311.07 8008.98 4340.67 8009.75 4360.18 7995.95 4374.31 7972.55 4373.90 7966.35 4369.97
12 6340.50 7291.90 6366.92 7305.27 6311.11 7343.84 6307.04 7301.84 6263.11 7314.24 6276.14 7300.65 6246.68 7286.72 6257.17 7252.57 6287.00 7267.96 6294.08 7264.85 6335.89 7245.43 6344.48 7256.31
9 4363.14 3003.05 4385.29 2966.68 4389.09 2966.00 4428.44 2975.15 4439.80 2985.05 4434.76 3008.42 4410.34 3035.11 4391.77 3032.21 4377.90 3020.12
11 7817.82 1606.60 7778.18 1598.88 7824.16 1643.42 7801.02 1667.41 7797.56 1666.37 7752.04 1620.32 7705.42 1614.21 7695.49 1597.84 7710.37 1576.42 7766.56 1563.34 7832.81 1587.74
7 8596.86 3427.98 8556.86 3383.36 8570.36 3331.11 8597.83 3302.68 8630.94 3315.10 8685.71 3367.01 8685.70 3400.57
8 8943.37 5623.64 8901.92 5588.86 8860.78 5579.51 8851.64 5576.06 8858.58 5551.40 8844.15 5540.54 8883.77 5532.32 8941.39 5558.60
11 12193.81 4617.08 12201.46 4566.06 12230.17 4539.78 12234.26 4536.22 12266.84 4521.76 12305.28 4542.82 12324.71 4629.03 12271.01 4665.74 12241.64 4674.20 12216.65 4655.19 12206.00 4641.90
6 5960.60 145.74 6003.69 170.34 5998.61 243.72 5959.00 277.70 5917.47 258.21 5917.88 162.62
14 11883.29 7280.68 11904.50 7295.69 11880.55 7285.40 11885.90 7302.02 11862.74 7317.51 11837.94 7282.64 11782.94 7309.87 11831.66 7266.81 11828.26 7222.58 11867.85 7216.72 11867.82 7242.82 11871.43 7236.20 11934.67 7235.05 11888.50 7256.87
6 9509.88 1138.56 9486.02 1162.57 9429.97 1147.06 9419.70 1150.07 9478.53 1076.51 9523.38 1107.25
9 5423.49 8018.48 5374.98 8070.39 5338.56 8057.68 5295.60 8035.35 5285.03 8023.67 5293.61 7971.98 5345.87 7927.03 5374.41 7936.76 5413.83 7967.12
12 9117.59 5303.07 9073.34 5345.31 9068.94 5352.35 9087.78 5305.06 9056.70 5308.95 9032.60 5306.11 9064.04 5281.53 9060.71 5237.08 9063.98 5234.41 9096.77 5256.15 9146.49 5274.58 9178.60 5278.54
10 6695.76 922.12 6662.85 888.43 6669.28 875.12 6681.94 856.08 6704.82 851.75 6732.97 879.94 6737.83 885.75 6737.84 890.32 6723.80 914.45 6716.22 917.73
11 10941.03 3577.91 10986.59 3497.95 11024.13 3497.68 11065.06 3506.42 11099.11 3539.73 11084.00 3603.22 11065.93 3637.51 11056.98 3642.23 11035.89 3652.48 11026.73 3656.07 10982.97 3642.16
14 649.19 9285.29 621.25 9310.90 611.02 9308.33 584.00 9324.45 582.71 9319.77 551.78 9276.76 564.68 9278.14 597.25 9256.00 618.35 9238.50 630.93 9249.25 632.19 9259.59 630.51 9261.78 615.46 9275.93 619.52 9277.80
14 5006.91 11247.82 5022.33 11271.80 4938.07 11263.83 4916.17 11273.11 4903.74 11271.48 4884.84 11274.61 4911.08 11246.34 4880.92 11235.01 4921.44 11223.16 4936.69 11224.44 4922.62 11189.30 4948.53 11208.74 4970.03 11228.18 4973.20 11234.12
8 3909.90 6948.80 3851.29 6996.59 3835.14 6951.64 3859.43 6928.27 3876.71 6933.23 3910.55 6869.70 3948.50 6926.34 3939.22 6942.96
13 2174.35 1485.06 2182.84 1499.38 2154.74 1485.73 2154.65 1523.32 2131.54 1467.13 2102.41 1463.81 2138.28 1465.18 2132.86 1425.11 2135.76 1428.46 2147.68 1445.67 2163.13 1441.80 2201.56 1436.35 2166.49 1462.16
9 8269.29 10609.26 8282.89 10648.97 8262.12 10601.47 8269.91 10642.25 8216.53 10572.79 8221.54 10557.94 8263.96 10574.20 8309.44 10551.34 8291.05 10566.78
15 11264.48 12253.47 11254.54 12239.41 11249.09 12240.28 11247.00 12231.31 11243.10 12228.29 11227.09 12206.92 11242.60 12212.74 11227.14 12185.76 11248.94 12182.77 11255.28 12212.75 11260.12 12189.54 11263.59 12203.85 11259.70 12213.35 11267.08 12222.07 11290.07 12220.54
8 4512.85 5002.02 4486.19 5028.01 4496.85 4956.90 4500.46 4955.37 4512.06 4951.12 4522.89 4964.50 4520.35 4970.73 4531.72 4972.99
13 12309.13 734.45 12244.76 739.28 12232.83 709.96 12231.53 697.37 12238.78 682.22 12257.68 658.52 12283.71 638.23 12312.78 619.17 12326.50 625.06 12329.94 628.26 12362.62 671.11 12367.58 685.45 12360.39 719.81
8 8124.50 3842.03 8102.18 3861.38 8066.99 3827.65 8049.42 3887.87 8058.01 3852.57 8049.66 3819.60 8053.60 3813.06 8038.14 3804.81
12 8050.46 9914.72 8049.26 9926.95 8035.17 9944.98 8031.13 9916.54 8026.40 9924.75 8013.00 9933.00 8016.70 9917.70 8012.79 9881.43 8029.09 9879.92 8060.79 9881.59 8043.95 9900.33 8050.21 9899.63
6 2789.50 9818.88 2750.74 9872.58 2698.25 9873.27 2691.03 9862.43 2666.05 9792.67 2783.17 9802.36
10 5132.02 7644.35 5170.79 7633.97 5196.19 7674.90 5198.50 7703.68 5184.96 7714.91 5174.35 7716.50 5148.33 7712.33 5111.26 7697.30 5099.19 7666.15 5100.26 7663.56
6 1939.83 9084.59 1946.65 9109.65 1914.05 9085.28 1898.68 9040.36 1925.82 9053.84 1963.43 9028.95
10 10074.35 6969.55 10102.56 6931.12 10140.07 6934.51 10174.87 6955.63 10189.87 6979.03 10189.06 6991.50 10156.70 7030.35 10141.40 7026.70 10111.32 7014.90 10076.94 6997.12
12 4039.49 9729.19 4031.19 9703.43 4032.14 9667.92 4049.91 9651.77 4073.11 9648.48 4089.74 9646.26 4115.69 9660.66 4124.79 9669.38 4114.96 9692.58 4100.12 9713.43 4077.87 9743.39 4063.29 9740.36
6 10920.50 5206.10 10951.66 5239.23 10934.59 5269.06 10915.72 5263.23 10894.00 5245.33 10897.32 5206.48
11 965.43 10839.83 940.18 10893.91 932.50 10887.36 887.16 10853.97 884.41 10839.04 866.13 10836.41 864.90 10836.34 881.09 10810.98 886.68 10807.24 911.47 10776.34 918.52 10807.84
12 2540.42 7961.98 2484.26 7960.26 2473.36 7942.66 2470.72 7905.88 2479.12 7876.50 2517.44 7858.27 2523.74 7858.57 2540.53 7861.56 2574.05 7885.83 2572.56 7939.41 2571.69 7945.98 2567.94 7951.27
8 11780.92 769.09 11744.38 764.33 11744.68 740.82 11757.40 686.34 11776.08 690.21 11794.86 704.57 11831.38 734.82 11833.51 737.18
10 1690.24 9749.36 1683.40 9783.39 1668.51 9788.32 1621.03 9741.58 1567.08 9751.84 1621.19 9694.20 1641.62 9664.47 1671.45 9658.32 1670.35 9705.92 1676.57 9718.75
10 8461.32 7308.22 8496.45 7335.49 8489.12 7368.72 8476.63 7389.84 8454.69 7391.29 8445.95 7391.75 8412.67 7370.67 8408.04 7352.82 8419.28 7324.44 8434.41 7317.79
8 3424.98 9454.57 3367.04 9445.71 3357.23 9421.67 3393.60 9392.00 3400.95 9411.32 3405.89 9406.21 3412.42 9420.13 3425.39 9440.32
13 908.93 10455.25 905.06 10472.97 914.67 10482.83 885.05 10487.93 878.72 10467.28 878.45 10486.90 856.56 10476.70 841.09 10489.20 860.36 10451.43 856.78 10441.93 846.95 10425.04 882.54 10412.27 884.21 10425.42
9 5528.72 9456.02 5512.00 9450.73 5526.42 9442.76 5520.38 9430.32 5519.00 9429.02 5543.61 9411.37 5558.40 9401.94 5570.28 9381.12 5588.15 9403.50
10 1992.84 7555.75 2012.82 7547.81 2085.12 7595.34 2093.30 7601.98 2099.72 7641.67 2064.85 7677.64 2039.74 7694.36 2012.46 7688.39 1958.22 7635.86 1963.91 7621.68
11 6644.40 7028.36 6657.28 7002.22 6674.58 6972.41 6721.74 6994.76 6749.71 7023.10 6720.16 7063.42 6703.03 7073.97 6688.34 7071.75 6671.68 7069.04 6658.37 7054.07 6645.86 7036.21
8 4457.90 760.43 4492.13 687.85 4549.36 657.69 4563.28 664.16 4575.73 671.14 4581.52 697.19 4597.79 784.68 4536.61 787.20
10 12254.42 459.11 12229.63 446.87 12208.17 426.60 12240.18 430.47 12242.39 424.13 12268.25 425.23 12254.29 435.30 12277.71 430.04 12252.64 437.05 12252.18 437.98
13 2473.61 3325.50 2466.17 3326.43 2435.76 3336.56 2438.40 3302.47 2431.04 3260.63 2445.38 3259.78 2453.14 3245.60 2465.90 3264.23 2491.13 3221.44 2516.75 3256.23 2496.58 3265.06 2489.15 3268.30 2474.63 3273.90
10 9990.34 7560.65 9955.33 7558.64 9940.96 7540.68 9954.77 7541.84 9961.52 7545.39 9968.97 7535.58 9963.79 7519.13 9982.92 7536.52 10012.98 7540.34 9993.33 7550.54
6 5107.40 3951.07 5114.42 3990.89 5105.51 3991.97 5011.25 3945.86 5070.39 3920.93 5080.33 3912.14
14 2623.30 7637.42 2593.21 7649.08 2585.71 7658.09 2579.41 7663.90 2581.51 7639.11 2558.05 7639.91 2580.77 7615.16 2605.92 7614.39 2629.60 7592.93 2626.37 7597.80 2634.20 7592.99 2610.45 7619.37 2610.46 7622.72 2625.91 7623.94
8 1061.58 2580.94 1030.95 2592.86 978.44 2584.97 992.02 2577.35 982.63 2573.67 977.66 2561.87 992.51 2568.26 1016.21 2567.93
10 8729.09 11024.73 8723.06 10978.18 8731.85 10964.93 8772.80 10915.99 8830.20 10922.75 8856.30 10973.21 8830.79 11041.74 8808.26 11049.31 8794.45 11051.93 8767.09 11043.54
12 5709.74 6498.82 5748.34 6528.69 5679.05 6502.57 5664.12 6500.51 5619.39 6501.77 5630.87 6499.66 5640.14 6496.81 5694.12 6451.04 5706.60 6420.09 5719.97 6420.84 5748.53 6436.43 5770.80 6470.60
5 8589.00 6657.59 8518.60 6718.40 8493.77 6700.53 8470.26 6637.45 8509.47 6602.75
5 4996.67 5271.79 4996.19 5301.26 4951.62 5236.80 4956.91 5240.00 5006.14 5267.54
12 6517.83 10071.21 6547.58 10087.07 6491.47 10075.54 6517.62 10143.03 6485.19 10078.72 6467.23 10115.44 6452.65 10070.98 6421.93 10083.55 6401.36 10088.22 6401.76 10032.34 6444.69 10042.39 6443.06 10007.10
9 2140.94 7703.10 2144.26 7624.76 2155.05 7607.48 2202.98 7611.48 2229.15 7648.30 2235.00 7659.82 2223.24 7679.50 2208.34 7698.80 2178.81 7707.47
14 4604.78 8652.14 4574.70 8650.16 4573.78 8663.36 4568.97 8662.35 4579.13 8680.67 4538.42 8672.86 4522.47 8659.97 4518.99 8654.17 4541.72 8644.68 4547.20 8618.76 4557.03 8599.30 4558.72 8637.95 4563.72 8639.87 4590.64 8636.45
14 8114.29 4568.80 8076.83 4559.56 8096.13 4580.59 8087.69 4580.86 8083.68 4578.27 8061.84 4590.17 8061.33 4569.46 8047.05 4593.81 8046.88 4569.17 8026.14 4556.49 8050.04 4526.65 8063.16 4535.68 8085.12 4531.76 8112.41 4533.45
6 8095.26 10159.44 8041.72 10151.27 8067.52 10041.41 8067.13 10087.76 8074.62 10105.81 8082.46 10109.35
9 4964.83 9582.22 4927.83 9617.16 4910.01 9618.51 4860.43 9566.65 4808.19 9595.40 4827.40 9517.04 4868.02 9529.04 4884.78 9483.53 4888.93 9520.79
10 8459.51 4347.69 8465.47 4328.27 8532.57 4319.02 8545.16 4318.31 8547.93 4326.86 8550.51 4364.43 8539.83 4378.29 8536.75 4381.64 8490.80 4385.12 8476.21 4368.44
8 10444.69 5598.00 10359.33 5627.14 10362.56 5596.92 10362.94 5594.25 10359.50 5582.96 10348.30 5559.38 10359.16 5552.42 10429.37 5576.74
13 1916.69 4188.38 1862.08 4161.46 1858.15 4213.04 1842.56 4208.39 1808.11 4172.54 1823.20 4086.47 1827.85 4091.11 1823.46 4082.66 1858.67 4086.42 1898.00 4068.54 1879.88 4113.01 1916.87 4095.83 1912.64 4107.21
10 8500.34 12572.71 8457.60 12611.50 8452.28 12595.60 8430.56 12585.55 8503.58 12486.96 8513.23 12487.48 8553.32 12505.79 8522.62 12535.62 8563.31 12531.64 8535.55 12539.41
7 938.69 6971.52 1014.61 6955.86 1046.21 6996.76 1046.25 7043.50 1015.73 7045.66 1004.84 7045.52 955.13 7038.10
11 9455.79 3912.37 9450.96 3843.81 9456.71 3835.34 9470.02 3822.31 9482.72 3813.45 9563.50 3823.04 9571.80 3847.94 9581.63 3915.28 9547.94 3931.57 9518.15 3943.80 9503.83 3938.25
5 1846.96 2993.36 1781.34 2917.45 1804.94 2899.64 1820.92 2886.33 1919.53 2908.59
12 4254.65 10238.12 4238.26 10225.41 4209.07 10255.11 4195.50 10252.59 4183.93 10214.58 4182.86 10203.08 4200.22 10199.93 4190.21 10156.07 4213.15 10177.19 4227.72 10189.68 4232.71 10187.08 4264.75 10151.89
7 3235.90 9301.08 3256.17 9357.04 3252.98 9409.37 3160.05 9380.76 3162.59 9367.98 3172.57 9338.50 3188.10 9302.24
8 3778.43 11875.07 3744.15 11885.18 3738.52 11876.83 3710.77 11814.87 3728.48 11789.23 3738.28 11802.17 3750.50 11809.27 3783.73 11783.60
5 4961.47 10132.35 4924.57 10165.31 4995.42 10064.30 4989.89 10073.47 4993.94 10096.47
10 763.68 3590.74 762.68 3554.40 781.53 3539.76 810.00 3519.11 838.78 3533.71 852.52 3557.18 817.72 3613.38 806.84 3616.12 787.24 3611.51 767.70 3596.26
8 10490.23 606.84 10477.64 595.85 10443.77 570.44 10438.46 547.60 10382.09 524.96 10395.22 506.28 10434.06 493.02 10462.47 537.83
14 11983.14 12449.11 11980.81 12483.13 11954.37 12456.83 11947.80 12481.98 11946.06 12474.55 11945.68 12467.67 11931.30 12457.10 11914.79 12453.45 11937.17 12436.09 11933.61 12410.56 11952.15 12433.13 11988.66 12408.72 11974.17 12429.18 11991.54 12416.75
9 8282.97 6471.86 8246.81 6412.30 8267.43 6339.52 8348.98 6314.25 8370.00 6330.57 8397.23 6368.89 8400.05 6383.60 8393.13 6440.49 8349.02 6472.11
15 5147.38 5133.78 5129.18 5140.76 5111.71 5160.57 5087.89 5140.94 5072.39 5124.70 5074.29 5120.95 5085.35 5113.94 5060.84 5114.67 5098.75 5057.05 5108.46 5080.74 5115.64 5062.98 5111.38 5092.51 5123.78 5086.13 5120.51 5099.43 5121.63 5102.54
12 9783.32 6991.65 9780.93 7018.31 9745.87 7050.08 9731.32 7046.79 9707.67 7041.10 9682.95 7033.55 9670.99 7003.14 9667.04 6983.02 9666.76 6974.52 9685.45 6959.80 9738.01 6937.55 9770.77 6954.37
12 11313.76 5598.35 11294.86 5607.51 11306.58 5624.64 11303.87 5622.13 11294.95 5617.04 11290.28 5623.54 11268.17 5627.19 11256.11 5619.36 11259.14 5601.09 11283.49 5556.21 11281.64 5566.53 11316.35 5569.40
11 6642.02 4620.21 6652.04 4673.18 6622.25 4705.15 6589.76 4706.97 6559.40 4683.40 6554.45 4671.96 6558.29 4628.99 6569.99 4597.58 6600.70 4596.46 6604.01 4596.34 6614.72 4596.39
9 1843.74 8634.83 1841.54 8550.48 1862.06 8521.85 1887.94 8486.28 1949.68 8511.72 1998.14 8563.77 1985.63 8601.37 1947.96 8653.48 1880.91 8656.58
11 1383.35 7125.00 1387.38 7109.54 1410.96 7095.68 1429.71 7089.53 1446.15 7092.29 1460.38 7103.71 1468.34 7144.58 1436.38 7171.83 1403.49 7172.47 1393.31 7166.68 1389.21 7152.76
8 7145.39 11726.76 7164.81 11744.04 7131.11 11784.19 7057.50 11730.91 7078.57 11724.49 7132.34 11661.11 7133.68 11687.78 7162.67 11674.81
6 1025.86 1277.98 1015.67 1218.50 1066.69 1202.46 1080.99 1210.59 1097.13 1257.95 1089.11 1276.11
10 2737.04 11613.19 2776.90 11611.31 2797.53 11645.34 2811.19 11684.30 2821.70 11741.27 2762.96 11759.45 2742.43 11756.91 2695.79 11713.34 2691.64 11705.68 2694.21 11667.80
9 5262.09 8359.01 5297.81 8358.76 5334.72 8372.85 5339.14 8432.11 5337.39 8437.96 5312.74 8458.90 5269.33 8437.33 5232.79 8418.37 5235.30 8395.97
10 1194.14 4908.43 1235.53 4895.38 1264.05 4918.60 1281.03 4980.15 1275.95 4988.44 1245.06 5023.84 1236.00 5021.30 1183.09 5000.09 1169.36 4989.11 1175.15 4937.05
13 4254.67 1120.43 4235.28 1090.03 4236.08 1054.55 4236.66 1051.70 4255.01 1036.97 4263.56 1033.53 4309.35 1036.72 4326.49 1045.92 4328.83 1047.36 4333.17 1061.72 4323.16 1106.52 4313.21 1128.08 4298.70 1126.75
8 291.25 815.15 308.88 857.04 293.82 887.27 261.60 895.08 255.26 895.43 229.05 875.20 230.09 855.44 240.84 826.12
7 1821.80 2470.93 1796.68 2462.69 1759.63 2503.10 1742.16 2461.79 1746.41 2443.67 1711.00 2441.33 1748.62 2419.01
10 2751.73 619.06 2762.52 668.98 2761.85 676.62 2719.14 706.73 2703.47 701.87 2690.04 684.11 2677.60 656.29 2674.80 635.78 2679.35 629.37 2707.08 605.49
5 5309.53 10643.84 5260.14 10638.75 5198.41 10625.81 5193.31 10601.32 5241.82 10585.87
9 11675.95 1753.40 11638.23 1798.83 11624.57 1804.39 11609.07 1800.87 11590.71 1792.64 11592.00 1757.69 11609.56 1722.78 11635.50 1719.81 11671.98 1748.02
6 8505.78 1908.49 8524.92 1874.69 8569.67 1893.84 8551.82 1944.81 8542.95 1950.89 8507.68 1917.93
8 9770.50 12393.37 9779.24 12418.86 9717.04 12383.33 9730.49 12361.76 9746.57 12364.09 9753.52 12336.53 9772.90 12370.58 9793.13 12374.91
10 5368.98 3280.95 5342.90 3224.67 5347.27 3191.70 5387.38 3161.02 5400.33 3151.34 5465.74 3189.09 5448.18 3248.89 5447.49 3250.08 5402.74 3271.79 5383.38 3278.00
7 11534.60 5427.08 11491.22 5375.54 11503.86 5338.89 11570.26 5330.10 11624.06 5361.80 11623.15 5396.62 11622.74 5407.44
5 5057.26 9241.81 5042.67 9165.40 5095.40 9150.59 5117.43 9149.93 5144.22 9201.05
7 9344.59 4974.22 9334.09 4953.72 9320.68 4935.18 9302.72 4912.73 9290.47 4905.41 9310.17 4904.61 9382.42 4892.28
10 2180.59 1673.53 2239.43 1614.45 2258.73 1621.25 2313.09 1664.62 2319.99 1682.45 2323.18 1731.26 2306.57 1767.71 2239.55 1765.73 2210.85 1758.40 2198.88 1738.02
6 2623.67 7821.33 2599.30 7824.46 2546.43 7776.01 2518.24 7745.92 2608.90 7768.58 2645.34 7793.56
8 2729.48 11821.51 2815.38 11762.54 2846.45 11767.70 2896.09 11829.07 2878.42 11875.91 2862.49 11913.83 2809.84 11942.99 2750.32 11917.49
13 2360.73 3116.11 2360.58 3059.22 2363.41 3038.61 2369.43 3010.66 2389.98 2993.85 2440.57 3028.76 2486.97 3069.74 2494.62 3090.89 2485.86 3102.34 2474.80 3114.25 2438.33 3141.39 2417.86 3153.14 2378.85 3141.25
15 1342.71 3793.01 1315.40 3738.09 1293.86 3795.31 1278.15 3780.59 1299.32 3740.81 1273.87 3773.62 1265.12 3774.17 1280.12 3712.13 1287.27 3710.36 1282.68 3653.19 1319.70 3683.11 1337.71 3619.90 1347.23 3699.56 1408.58 3686.22 1375.81 3695.28
9 3587.30 6104.44 3664.81 6057.90 3692.73 6069.68 3705.08 6083.70 3723.35 6130.40 3725.24 6142.20 3715.51 6166.13 3654.14 6196.50 3605.17 6162.70
12 10476.02 1433.93 10476.30 1454.51 10457.46 1465.52 10426.36 1435.02 10416.02 1430.21 10430.76 1419.65 10407.03 1384.80 10445.53 1401.42 10453.13 1394.68 10460.20 1396.60 10508.79 1405.21 10488.70 1424.35
14 3481.38 589.62 3504.92 567.63 3548.54 573.09 3584.46 629.73 3590.72 648.57 3592.10 664.15 3590.50 670.21 3577.18 681.47 3550.16 701.38 3517.92 708.61 3473.15 688.88 3460.66 682.69 3445.15 652.50 3456.63 631.29
6 1961.06 11135.37 1975.60 11179.00 1974.99 11200.81 1924.71 11193.59 1907.27 11167.91 1916.63 11144.38
8 250.20 2714.48 258.01 2749.56 225.80 2779.46 197.37 2782.07 170.08 2769.19 171.53 2759.46 185.35 2716.51 201.31 2711.72
9 2818.48 6591.39 2848.70 6565.06 2884.62 6577.69 2895.24 6610.27 2896.52 6615.70 2876.71 6638.74 2856.45 6648.74 2834.90 6642.97 2822.23 6628.21
9 5188.34 2208.53 5164.15 2139.73 5224.63 2092.75 5263.77 2089.67 5285.15 2115.47 5299.90 2143.64 5296.91 2174.66 5292.80 2181.79 5241.36 2199.94
11 9018.72 5835.60 8970.91 5748.54 8979.08 5715.88 8991.00 5673.44 9009.28 5662.26 9024.64 5659.17 9090.63 5672.30 9102.34 5683.64 9147.54 5738.83 9130.09 5804.99 9096.19 5822.64
13 2815.73 2294.42 2822.42 2326.50 2763.19 2324.48 2729.71 2270.11 2725.54 2243.65 2737.08 2241.33 2770.89 2229.00 2771.82 2223.97 2777.34 2218.22 2785.00 2224.05 2820.51 2241.45 2842.13 2227.28 2794.57 2267.42
6 12394.43 947.28 12362.77 916.95 12369.96 902.87 12415.40 835.15 12439.92 865.57 12446.50 887.18
10 5115.83 11396.59 5125.60 11378.67 5180.59 11341.87 5189.52 11341.32 5204.72 11342.76 5225.06 11369.37 5221.74 11395.47 5168.86 11425.18 5137.63 11427.02 5128.76 11418.07
11 2963.20 701.03 2953.63 726.75 2933.72 748.51 2918.41 747.99 2897.02 743.67 2886.50 738.77 2882.95 717.98 2879.66 691.18 2900.10 667.22 2924.33 656.43 2951.18 681.13
7 7077.97 11364.60 7050.29 11376.66 7051.02 11328.60 7052.79 11347.98 7056.51 11338.03 7069.22 11329.19 7079.04 11344.04
7 5815.29 4205.51 5931.62 4148.91 5950.31 4221.04 5948.49 4237.64 5923.74 4264.28 5846.71 4250.56 5819.08 4240.06
6 636.93 12138.33 608.18 12146.58 588.35 12149.10 555.06 12075.53 698.35 12076.59 667.07 12105.81
8 11185.28 12112.28 11119.50 12137.23 11092.80 12116.39 11073.91 12063.17 11127.46 12033.83 11143.98 12033.58 11176.83 12054.33 11179.95 12075.14
8 7539.85 5372.68 7539.38 5409.71 7491.78 5422.56 7486.49 5369.10 7474.90 5346.12 7507.21 5334.81 7516.95 5355.20 7521.80 5358.94
9 4782.12 10070.75 4805.94 10030.19 4848.69 10025.38 4913.54 10083.00 4931.86 10121.59 4884.83 10172.16 4834.66 10162.27 4803.27 10142.14 4785.15 10121.33
7 10834.32 7268.22 10774.58 7344.58 10729.11 7312.01 10686.32 7273.00 10684.61 7252.43 10752.24 7190.90 10820.47 7233.19
10 4174.85 10041.22 4161.19 10063.77 4141.65 10039.12 4127.38 10050.20 4135.42 10033.00 4140.38 10017.70 4142.52 10016.77 4162.08 10009.89 4167.88 10018.87 4188.09 10017.62
8 2975.64 12119.09 2885.35 12054.11 2919.16 11969.11 2939.42 11959.73 2988.33 11948.94 3050.30 12013.72 3048.56 12048.13 3011.62 12111.44
10 7495.62 7932.96 7472.94 7905.78 7498.31 7864.46 7501.77 7863.36 7546.14 7863.76 7563.46 7871.34 7583.13 7903.55 7576.05 7957.00 7567.10 7968.60 7532.91 7975.69
9 5720.68 2456.84 5742.56 2506.69 5698.11 2485.82 5688.02 2461.96 5671.82 2427.73 5684.26 2417.43 5672.50 2354.32 5711.67 2402.46 5744.46 2362.73
10 1445.69 686.54 1449.27 631.65 1511.74 629.89 1537.69 644.65 1550.82 654.12 1546.03 715.22 1526.52 730.14 1486.37 739.98 1472.33 729.04 1468.10 723.52
6 8842.51 8997.59 8839.24 9012.44 8776.88 9024.70 8796.05 8950.07 8850.55 8944.02 8837.18 8963.94
8 8885.53 4179.47 8891.66 4243.70 8883.65 4262.38 8820.47 4269.35 8799.44 4256.88 8788.22 4246.54 8795.55 4214.08 8813.16 4176.52
9 8688.11 1760.23 8706.19 1823.00 8653.33 1841.09 8634.78 1835.80 8622.04 1823.05 8605.86 1803.25 8600.53 1792.53 8619.59 1782.82 8674.52 1761.42
11 1346.15 1907.35 1362.23 1927.52 1310.02 1916.99 1306.16 1942.66 1299.89 1979.13 1290.30 1918.94 1286.55 1882.05 1307.31 1864.78 1324.23 1850.02 1360.82 1853.86 1342.51 1873.22
12 5826.27 9698.42 5792.22 9696.86 5757.11 9666.45 5756.74 9640.09 5768.65 9609.13 5778.26 9588.43 5803.85 9568.12 5853.75 9588.11 5873.09 9602.02 5869.49 9642.24 5866.10 9674.44 5864.29 9679.75
11 3216.19 6960.76 3217.72 6995.89 3191.77 7023.82 3185.93 7027.93 3178.15 7028.51 3146.05 7011.30 3143.28 6989.27 3145.97 6968.05 3147.69 6963.23 3163.28 6953.83 3190.05 6938.17
10 1766.85 1310.36 1742.05 1299.83 1737.92 1308.56 1715.70 1321.39 1699.53 1274.59 1703.27 1273.09 1717.05 1279.43 1723.23 1268.92 1738.64 1280.99 1746.51 1262.43
14 7452.82 7685.73 7441.09 7687.64 7449.41 7703.82 7428.22 7704.78 7429.73 7722.15 7427.50 7711.86 7421.66 7724.38 7415.97 7722.85 7400.84 7703.86 7398.32 7672.38 7398.13 7653.85 7428.80 7676.11 7429.41 7677.83 7444.37 7659.21
8 9208.47 7046.91 9138.21 7072.21 9151.78 7012.66 9103.77 6953.61 9139.99 6935.36 9209.77 6935.07 9263.63 6965.15 9210.53 6993.80
11 1479.98 12576.22 1491.21 12533.69 1516.19 12504.50 1540.01 12505.76 1595.63 12520.97 1598.31 12551.99 1598.32 12569.26 1596.47 12577.25 1553.40 12628.76 1525.13 12621.75 1492.90 12602.98
6 8143.03 4653.82 8140.30 4631.08 8137.29 4611.71 8166.80 4625.23 8186.23 4630.36 8204.17 4629.82
9 8749.64 6299.36 8750.46 6262.50 8783.47 6245.82 8818.64 6232.93 8832.81 6251.14 8841.53 6285.25 8849.36 6341.71 8768.11 6319.31 8750.01 6313.87
10 4128.13 1912.41 4111.60 1933.66 4093.79 1932.16 4070.41 1929.51 4065.18 1926.65 4044.70 1912.14 4069.24 1863.66 4102.28 1859.63 4108.33 1861.02 4122.52 1891.76
10 4178.76 9190.77 4173.23 9159.21 4179.02 9137.99 4190.54 9132.76 4218.63 9131.13 4232.87 9137.49 4249.46 9149.47 4240.27 9184.31 4228.66 9194.60 4209.62 9204.32
10 11671.74 2166.58 11662.06 2100.21 11671.39 2065.33 11730.56 2047.93 11767.98 2058.83 11780.79 2075.99 11804.49 2116.50 11799.67 2129.81 11795.60 2136.64 11720.12 2183.32
10 1126.79 10393.08 1156.14 10414.20 1127.10 10438.03 1110.54 10408.47 1104.04 10402.22 1099.81 10396.15 1082.34 10401.40 1094.45 10356.90 1098.04 10340.79 1113.38 10367.73
9 5748.28 7220.72 5689.87 7208.58 5689.44 7207.12 5677.08 7139.93 5688.79 7102.08 5746.49 7093.13 5778.28 7104.77 5802.45 7141.16 5773.23 7210.14
8 11649.99 6269.04 11698.28 6310.64 11698.22 6334.84 11678.93 6362.62 11670.03 6368.99 11656.15 6371.74 11605.91 6331.30 11614.40 6289.60
13 543.97 7016.70 531.18 7016.71 528.19 7029.82 522.45 7057.07 522.31 7057.39 507.22 7039.56 485.43 7037.98 506.85 7020.38 477.98 7015.02 508.45 6980.38 521.55 6997.54 536.62 7001.71 533.31 7007.15
8 8305.52 8563.02 8337.43 8588.28 8253.55 8566.00 8221.65 8507.86 8272.44 8541.08 8302.45 8524.10 8313.55 8519.71 8334.41 8533.98
9 4343.34 11395.00 4296.92 11378.57 4297.67 11317.98 4344.66 11233.23 4393.91 11253.61 4411.23 11272.01 4432.31 11298.30 4456.29 11329.61 4446.79 11349.10
7 5088.54 12615.58 5089.10 12620.40 4991.35 12659.38 4996.33 12637.84 4998.20 12618.25 4989.84 12611.03 5042.54 12551.74
7 7369.02 2017.54 7416.98 1997.34 7460.55 2022.99 7481.66 2055.77 7448.90 2116.62 7408.56 2124.67 7369.76 2094.18
10 6345.54 9060.85 6286.01 9006.57 6299.15 8970.53 6313.17 8954.74 6359.71 8942.35 6387.64 8946.87 6407.62 8960.14 6415.02 8988.40 6415.93 9033.91 6360.73 9057.77
9 8329.67 3868.80 8318.54 3831.01 8334.47 3774.44 8372.94 3755.00 8436.38 3783.79 8437.58 3786.15 8434.00 3822.98 8383.53 3866.09 8370.88 3873.64
15 9092.05 1357.34 9077.24 1357.36 9081.14 1366.92 9074.05 1398.12 9042.56 1376.35 9037.84 1373.04 9029.85 1386.25 9028.37 1372.08 9005.78 1363.43 9017.92 1352.22 9030.08 1351.40 9029.56 1337.38 9031.38 1335.19 9034.44 1338.68 9058.29 1353.24
9 3010.25 8723.03 2950.07 8707.62 2920.73 8720.01 2908.34 8684.53 2891.36 8639.35 2922.10 8605.58 2922.94 8592.12 2940.28 8570.28 3011.31 8615.05
7 6531.97 794.00 6489.37 672.54 6539.57 648.28 6570.50 664.68 6608.61 688.05 6611.08 716.84 6567.81 793.84
9 10955.78 7570.88 10949.32 7532.59 10950.95 7509.61 10963.64 7523.43 10968.54 7505.39 10989.62 7512.05 10985.11 7538.91 11011.33 7527.12 10979.59 7544.45
7 4207.74 3369.24 4288.15 3423.83 4260.17 3514.18 4226.67 3514.81 4152.21 3509.85 4138.89 3496.06 4171.19 3397.42
8 5620.35 2565.31 5628.36 2507.80 5662.47 2498.28 5710.01 2522.05 5711.86 2550.25 5684.96 2589.59 5661.41 2598.04 5628.08 2599.53
7 3580.56 10595.74 3583.85 10605.03 3558.17 10610.88 3481.79 10545.34 3538.04 10515.04 3564.06 10506.04 3570.90 10561.29
9 8782.32 12019.72 8714.63 12014.57 8693.65 11989.39 8687.40 11910.39 8724.16 11878.58 8787.77 11876.66 8821.81 11909.77 8829.85 11951.85 8810.37 11983.29
9 2890.36 5913.91 2793.11 5874.36 2805.39 5783.85 2866.37 5756.09 2885.86 5756.82 2940.65 5811.21 2947.66 5843.94 2927.21 5885.38 2910.12 5905.42
10 3038.92 10970.47 3028.62 10959.46 3028.39 10969.98 3024.92 10961.27 2996.65 10952.60 2991.99 10938.45 3031.81 10924.02 3035.30 10924.73 3059.25 10928.23 3051.95 10940.74
10 4014.59 3312.43 4051.48 3348.91 4051.34 3350.09 4025.47 3412.76 4019.43 3414.21 3905.90 3410.44 3911.40 3377.18 3922.24 3342.01 3939.79 3309.73 3961.05 3308.94
8 1224.37 6265.91 1246.40 6204.11 1287.38 6196.79 1307.69 6204.34 1329.47 6268.87 1317.43 6286.38 1261.86 6300.56 1241.50 6291.71
5 423.54 9472.64 459.73 9484.37 361.64 9461.71 367.52 9439.84 403.61 9442.33
11 5859.77 10514.08 5877.76 10478.96 5920.04 10473.09 5948.24 10498.19 5953.24 10530.10 5942.69 10549.49 5933.51 10563.78 5910.15 10565.94 5894.80 10564.80 5870.21 10549.21 5868.12 10547.58
10 7048.61 12676.02 7008.83 12691.34 6950.39 12672.47 6943.88 12665.36 6953.90 12641.39 6979.25 12587.59 6986.29 12587.98 7017.79 12599.43 7041.64 12620.65 7047.31 12660.04
12 3594.25 5097.18 3586.38 5102.23 3618.58 5124.24 3596.04 5115.18 3556.49 5111.08 3545.89 5145.71 3525.28 5151.73 3521.02 5112.23 3538.51 5087.74 3563.11 5051.29 3568.08 5080.13 3576.68 5092.03
9 1410.39 983.21 1495.45 1012.15 1493.63 1045.66 1473.93 1090.16 1456.09 1109.51 1453.16 1112.34 1440.63 1110.94 1368.43 1046.34 1371.37 1021.33
13 5490.14 8791.66 5539.48 8770.17 5559.24 8782.28 5579.50 8796.09 5582.84 8808.31 5586.56 8822.30 5589.35 8852.21 5577.87 8863.51 5517.74 8890.34 5484.40 8853.30 5477.72 8826.24 5481.48 8812.76 5486.19 8800.92
10 6195.45 2347.60 6155.65 2319.18 6156.03 2288.30 6164.27 2276.89 6179.09 2260.46 6202.04 2255.80 6230.75 2272.99 6245.84 2292.68 6246.24 2305.58 6222.78 2338.97
6 6300.56 11083.59 6276.66 11084.49 6265.57 11065.24 6263.89 11053.42 6306.75 11019.23 6337.48 11049.54
10 6011.02 8969.06 5987.22 8960.23 5986.55 8967.26 5958.16 8953.32 5970.71 9000.94 5952.36 8989.79 5932.24 8959.88 5932.57 8867.18 5998.64 8882.92 5997.67 8891.76
9 4431.53 11494.47 4397.57 11546.52 4377.82 11425.57 4403.16 11444.91 4410.97 11425.70 4421.44 11399.32 4419.49 11422.44 4452.41 11413.41 4424.49 11464.76
10 1530.88 9445.06 1568.06 9399.95 1584.59 9403.03 1605.36 9408.95 1610.37 9429.46 1615.67 9462.30 1606.59 9477.36 1574.33 9486.34 1540.27 9481.43 1532.01 9475.42
5 2644.73 8119.82 2592.06 8015.09 2602.32 7973.86 2656.15 7988.69 2682.55 7995.80
7 698.65 6417.33 664.96 6421.89 583.69 6375.39 606.87 6332.45 624.61 6331.51 634.38 6377.57 644.31 6371.91
9 7187.50 3545.28 7180.47 3499.31 7205.99 3463.42 7226.97 3455.83 7261.53 3444.52 7290.40 3457.56 7302.25 3483.78 7264.36 3563.05 7226.45 3576.32
15 4525.63 960.03 4499.15 946.46 4501.94 961.51 4483.58 942.59 4450.40 949.51 4452.79 943.64 4462.94 929.59 4464.86 927.43 4463.49 911.15 4485.18 906.90 4490.38 872.45 4513.28 852.77 4518.95 891.20 4518.31 910.44 4559.74 904.73
10 6582.63 7584.65 6610.49 7518.31 6684.69 7513.37 6704.26 7518.55 6727.11 7528.20 6733.19 7598.61 6710.19 7629.19 6663.58 7645.83 6633.10 7637.38 6620.24 7629.31
10 6379.20 5441.15 6353.05 5434.12 6369.87 5461.57 6358.09 5460.65 6313.52 5431.34 6282.74 5431.30 6342.56 5375.89 6370.90 5385.34 6378.80 5399.88 6382.07 5404.95
6 3517.53 468.74 3516.21 464.92 3521.03 419.74 3538.35 420.26 3554.95 412.39 3571.56 424.62
10 1690.35 5914.72 1720.24 5934.77 1718.91 5945.58 1709.49 5989.15 1683.86 5994.61 1661.65 5978.47 1644.59 5964.29 1648.90 5934.34 1655.48 5929.67 1680.59 5918.77
7 4727.66 11013.63 4786.05 10986.60 4809.92 11005.93 4835.35 11037.71 4787.80 11112.00 4777.49 11127.94 4747.39 11084.93
6 5703.35 12478.39 5628.72 12494.06 5622.49 12490.68 5615.06 12470.20 5667.71 12451.97 5686.85 12461.96
6 12101.43 2630.37 12218.12 2560.81 12251.00 2675.29 12242.36 2710.58 12192.35 2727.22 12126.32 2689.17
12 10595.08 7619.31 10581.78 7600.33 10564.69 7588.31 10529.45 7588.43 10561.44 7585.06 10564.87 7581.95 10562.15 7571.16 10549.19 7557.29 10548.96 7542.54 10587.87 7564.46 10596.39 7565.36 10592.46 7573.00
9 957.64 11745.17 904.29 11772.03 889.96 11805.39 885.55 11811.73 873.21 11708.28 891.96 11711.08 952.76 11674.29 989.14 11722.05 932.68 11739.52
11 3217.86 9898.03 3173.97 9886.26 3120.65 9927.23 3119.15 9918.77 3113.75 9900.93 3099.50 9850.59 3065.66 9833.79 3097.42 9823.10 3104.52 9809.68 3095.41 9789.89 3147.98 9842.91
8 11998.15 10904.95 11972.82 10891.56 11979.49 10856.08 11992.31 10841.86 12005.15 10847.90 12019.08 10805.84 12020.81 10859.31 12039.49 10864.41
15 708.61 8557.47 701.55 8571.39 690.18 8595.10 686.73 8578.18 686.86 8583.31 680.99 8601.44 677.96 8578.24 671.15 8590.25 667.60 8549.94 640.12 8552.77 646.58 8542.21 667.22 8530.36 702.39 8499.64 704.83 8529.91 728.93 8538.13
11 12323.95 2027.44 12309.41 1936.06 12344.37 1924.73 12377.88 1933.16 12386.28 1936.46 12397.49 1946.28 12400.33 1955.73 12402.77 1975.13 12402.68 1977.02 12394.56 2000.76 12366.41 2012.89
5 6257.87 9543.68 6239.75 9570.22 6189.95 9545.70 6250.11 9511.90 6251.45 9525.44
11 245.12 12484.14 256.40 12453.14 281.26 12439.97 303.45 12449.69 316.83 12470.76 324.82 12483.96 326.62 12491.55 308.26 12519.11 274.55 12521.89 256.56 12510.27 252.51 12501.82
10 2739.76 6969.33 2734.72 6974.75 2706.59 7036.30 2658.95 6995.45 2651.60 6974.11 2656.25 6970.07 2656.55 6923.89 2692.79 6938.39 2728.49 6902.34 2720.80 6964.74
15 10585.55 8150.69 10589.83 8180.55 10575.60 8162.75 10573.04 8145.40 10552.25 8139.09 10553.79 8137.35 10556.76 8133.75 10558.09 8108.15 10580.33 8129.03 10578.75 8115.50 10581.03 8102.90 10584.39 8106.68 10599.33 8118.76 10589.52 8134.44 10611.38 8135.70
9 1537.82 7486.57 1536.88 7501.85 1472.01 7515.54 1459.49 7467.24 1442.15 7463.60 1449.57 7447.37 1487.98 7459.22 1540.74 7454.76 1504.02 7467.72
7 7558.78 1683.57 7538.40 1727.24 7490.85 1722.52 7482.50 1708.73 7488.53 1665.67 7519.06 1638.67 7547.24 1663.03
7 4945.41 6173.77 5029.82 6239.42 4969.79 6321.22 4946.96 6326.83 4900.88 6312.80 4891.94 6227.15 4901.19 6198.80
10 5077.57 8384.13 5045.80 8356.49 5049.00 8312.46 5067.52 8302.85 5093.54 8298.47 5113.47 8321.02 5114.84 8325.35 5118.17 8351.10 5115.36 8358.32 5097.58 8380.56
14 4730.55 10307.28 4730.13 10321.19 4703.03 10319.20 4678.14 10323.53 4657.85 10332.73 4633.01 10348.16 4615.21 10361.34 4616.65 10343.65 4599.71 10351.00 4582.19 10311.93 4601.32 10260.19 4639.04 10287.23 4649.40 10252.02 4731.64 10270.36
9 3657.31 11171.12 3641.59 11197.31 3622.00 11195.78 3586.66 11153.47 3586.34 11125.43 3608.21 11109.92 3629.67 11110.58 3637.96 11116.54 3641.34 11120.29
9 8011.49 2203.41 7999.51 2212.27 8009.97 2235.32 7982.05 2229.25 7953.66 2171.47 7930.66 2151.46 8027.76 2115.59 8068.12 2168.95 8009.61 2192.35
5 7400.52 11271.31 7378.35 11301.63 7370.53 11296.68 7359.23 11298.63 7416.43 11193.74
14 6156.19 9426.06 6108.03 9423.97 6112.29 9409.43 6092.61 9407.37 6082.69 9409.00 6068.86 9383.43 6071.28 9353.59 6112.10 9373.29 6114.74 9375.17 6098.25 9345.38 6095.74 9331.25 6114.07 9350.72 6134.45 9368.40 6137.74 9381.84
8 12070.42 11719.02 12060.29 11739.37 12037.78 11732.24 12010.98 11719.84 12025.27 11686.66 12041.51 11666.44 12056.63 11665.22 12061.96 11671.34
11 8320.74 4083.04 8275.05 4102.07 8254.60 4093.60 8265.54 4120.73 8238.54 4090.18 8166.25 4086.00 8166.34 4058.08 8205.26 4052.40 8252.59 4048.71 8255.35 4051.86 8265.86 4062.52
7 3428.40 10513.72 3404.62 10505.60 3373.93 10461.35 3387.65 10458.82 3373.02 10446.82 3405.34 10427.06 3440.38 10451.25
10 6990.09 9599.42 7006.02 9562.52 7054.71 9539.89 7070.47 9533.04 7095.09 9553.29 7119.85 9636.51 7112.79 9645.22 7048.12 9677.92 7035.66 9674.62 7012.83 9660.05
9 3993.21 5328.21 3983.36 5259.90 3986.87 5238.38 4037.66 5194.29 4040.31 5192.25 4100.99 5213.75 4111.43 5224.75 4095.73 5302.91 4070.79 5328.30
12 9100.19 10003.80 9085.24 10008.43 9079.27 10002.12 9086.56 10021.05 9060.45 10001.48 9052.65 9996.98 9047.07 10002.92 9062.49 9956.25 9069.08 9973.36 9088.77 9964.96 9094.96 9976.60 9102.50 9981.17
14 7705.38 2481.01 7698.87 2482.68 7667.63 2496.86 7658.74 2500.12 7638.15 2522.39 7636.00 2545.53 7597.85 2503.51 7590.31 2481.25 7637.42 2424.09 7644.00 2438.05 7651.85 2465.42 7698.17 2461.43 7658.39 2474.44 7681.81 2476.61
11 9041.18 8282.85 8989.27 8272.54 9015.17 8295.39 9006.81 8293.07 8996.74 8286.99 8971.13 8319.70 8929.01 8220.57 8972.61 8236.70 8975.45 8198.25 9010.47 8248.81 9036.08 8240.13
8 7372.93 3404.02 7333.55 3422.13 7321.20 3415.41 7300.46 3401.36 7296.39 3378.34 7343.13 3386.52 7354.09 3389.55 7373.69 3390.74
5 2790.49 10397.12 2715.85 10265.54 2731.84 10241.46 2817.61 10315.84 2844.14 10354.44
8 5182.97 4988.63 5138.79 5009.59 5143.61 4956.79 5138.25 4951.09 5109.60 4933.37 5180.67 4934.54 5180.73 4937.75 5212.42 4936.47
9 9371.42 3876.63 9396.22 3867.86 9405.62 3869.07 9421.36 3883.27 9425.86 3899.09 9429.25 3911.47 9413.93 3926.63 9369.59 3915.81 9369.67 3909.66
7 9884.79 3860.83 9960.46 3794.37 10019.43 3800.78 10032.13 3901.62 10031.14 3905.68 9961.98 3953.34 9936.78 3952.39
7 1334.57 6325.25 1389.53 6365.64 1367.47 6448.07 1331.05 6456.46 1284.04 6419.40 1311.07 6338.54 1319.36 6327.23
8 10873.14 11247.36 10841.33 11275.51 10829.86 11266.79 10829.01 11251.75 10822.15 11181.62 10842.53 11180.16 10897.68 11176.98 10880.35 11223.83
10 3394.28 1375.81 3371.65 1371.04 3366.59 1374.73 3365.37 1379.72 3346.39 1392.82 3352.01 1372.80 3321.87 1320.10 3340.66 1304.35 3384.37 1309.37 3397.19 1306.02
8 5329.01 7112.49 5325.93 7102.98 5320.00 7096.09 5322.54 7090.13 5305.23 7071.95 5329.39 7047.80 5336.97 7054.51 5342.69 7052.86
10 2841.89 9350.92 2825.01 9351.36 2845.08 9295.41 2832.68 9286.33 2876.58 9235.58 2901.87 9231.82 2909.13 9236.96 2917.28 9243.67 2894.51 9273.60 2924.32 9253.48
11 605.76 4147.29 581.87 4163.12 546.93 4136.81 518.68 4189.26 500.07 4147.12 483.99 4151.33 505.33 4131.89 507.72 4127.37 499.17 4085.44 526.95 4076.42 539.38 4101.37
12 2554.57 7083.61 2509.60 7078.96 2489.58 7124.41 2487.60 7101.17 2471.36 7066.00 2460.91 7059.52 2455.43 7040.79 2470.45 7015.81 2483.20 6973.98 2525.25 6995.09 2521.10 7044.19 2561.37 7047.77
8 1233.68 9433.05 1226.63 9395.41 1243.53 9375.35 1260.91 9357.51 1269.83 9358.75 1316.46 9376.48 1294.71 9436.91 1294.44 9437.58
5 3261.90 3885.71 3241.73 3827.78 3212.54 3796.49 3251.62 3789.77 3289.71 3806.71
7 11039.35 9249.34 11027.85 9256.45 11004.10 9263.93 11019.09 9179.47 11017.22 9199.34 11035.26 9211.53 11046.53 9205.88
9 9647.15 930.54 9643.80 897.04 9648.90 866.78 9651.88 860.78 9653.73 859.87 9695.38 865.10 9699.86 882.26 9701.98 903.04 9693.56 929.19
12 6053.78 8413.83 6058.06 8370.32 6067.97 8356.92 6077.58 8348.00 6093.49 8347.45 6115.25 8349.12 6131.23 8364.14 6136.52 8390.39 6136.39 8400.64 6125.96 8409.76 6077.27 8433.99 6059.85 8420.95
9 3700.64 7853.76 3646.05 7885.91 3611.19 7878.89 3576.03 7866.54 3568.66 7842.90 3576.02 7800.28 3616.88 7758.20 3672.64 7766.54 3692.81 7826.66
13 6750.64 2132.54 6759.66 2193.42 6733.05 2173.82 6719.09 2203.52 6676.72 2179.03 6655.29 2105.86 6682.75 2103.97 6707.33 2105.25 6700.68 2061.76 6712.72 2094.51 6720.27 2106.56 6722.56 2085.72 6731.47 2105.79
15 5211.62 7344.20 5229.17 7361.11 5195.89 7369.89 5158.17 7364.76 5163.16 7351.41 5117.50 7360.91 5129.92 7346.83 5176.95 7326.16 5209.14 7299.86 5204.38 7317.93 5193.13 7330.77 5211.52 7321.24 5220.34 7325.88 5188.31 7338.57 5203.23 7337.82
6 751.18 1608.32 647.34 1664.38 621.65 1654.59 617.94 1602.83 649.38 1587.68 735.57 1593.45
5 11023.91 8655.62 10993.45 8652.67 10958.90 8654.68 11018.87 8627.98 11026.68 8633.84
5 4115.24 4056.35 4142.03 4042.81 4158.62 4013.09 4156.05 4036.51 4179.58 4025.81
6 423.14 12006.61 400.90 12039.53 382.21 12038.11 361.33 11981.56 387.53 11965.89 407.72 11980.84
8 5184.13 1994.48 5175.23 2017.99 5173.12 2025.55 5168.78 2036.92 5162.61 2049.58 5150.80 2039.08 5169.44 1960.78 5167.79 1920.27
15 11798.32 2521.58 11799.93 2527.98 11806.84 2540.01 11786.02 2543.00 11798.42 2589.66 11763.81 2579.98 11758.50 2572.81 11741.35 2568.17 11750.37 2537.89 11723.11 2564.43 11750.38 2522.16 11731.87 2491.70 11759.92 2503.05 11763.06 2485.68 11756.52 2462.69
13 10245.98 7574.66 10255.79 7594.40 10197.65 7612.01 10202.09 7584.24 10194.93 7587.68 10172.50 7600.92 10184.96 7588.73 10193.45 7575.84 10189.15 7570.56 10204.90 7556.59 10212.83 7556.28 10214.99 7545.39 10220.87 7561.30
7 3234.53 6693.80 3232.16 6604.79 3293.64 6548.85 3353.67 6548.67 3366.99 6591.31 3380.55 6648.44 3312.77 6674.98
13 5211.36 5834.65 5175.63 5871.01 5166.91 5886.69 5087.79 5843.12 5055.18 5846.18 5095.89 5818.95 5071.18 5773.90 5087.07 5765.00 5143.58 5757.79 5153.10 5757.35 5153.04 5768.92 5145.48 5787.02 5141.90 5804.37
7 730.45 10248.29 674.01 10332.05 601.30 10298.26 569.98 10267.85 580.92 10230.63 591.31 10208.17 647.67 10192.66
9 5838.64 10861.04 5814.97 10877.62 5775.35 10844.32 5791.61 10837.30 5810.57 10837.22 5803.93 10828.45 5813.29 10817.26 5826.06 10841.60 5827.41 10843.22
9 3120.58 4938.66 3077.51 4951.05 3077.12 4931.50 3067.07 4936.24 3046.05 4960.19 3046.38 4901.18 3073.95 4890.60 3100.80 4890.43 3138.08 4898.69
9 12193.74 8869.58 12175.60 8832.02 12199.98 8810.19 12217.92 8799.80 12259.07 8811.81 12259.78 8837.85 12257.76 8865.85 12230.98 8888.93 12223.26 8887.57
12 7805.70 4011.60 7806.39 4024.19 7772.85 3989.26 7736.12 4005.01 7756.04 3987.21 7754.85 3978.95 7764.24 3967.00 7738.95 3960.99 7764.24 3965.71 7733.84 3951.77 7766.93 3962.56 7818.29 3960.44
9 5147.74 1880.78 5158.26 1848.10 5201.42 1825.41 5229.84 1822.25 5265.63 1870.96 5282.21 1901.89 5257.41 1940.69 5211.25 1941.10 5171.08 1905.12
6 9589.60 1865.22 9575.32 1881.60 9552.73 1849.12 9592.25 1822.24 9588.95 1832.83 9591.39 1850.24
9 2225.02 8631.84 2258.84 8664.14 2258.75 8670.83 2238.72 8704.53 2217.01 8712.87 2195.65 8699.87 2186.47 8661.26 2197.65 8645.66 2204.73 8639.80
7 3198.63 1509.27 3143.42 1580.72 3119.78 1581.16 3077.25 1543.73 3088.81 1479.03 3124.14 1453.86 3141.20 1459.90
7 4490.28 2440.49 4403.68 2415.85 4372.56 2438.07 4358.98 2448.21 4380.07 2390.97 4389.87 2349.55 4478.33 2353.04
5 1055.15 12623.62 1015.85 12643.89 978.34 12594.58 981.19 12589.67 1002.77 12572.71
10 4367.32 8085.52 4426.81 8129.03 4425.70 8185.47 4420.03 8196.78 4387.19 8224.91 4355.15 8218.07 4305.76 8206.38 4293.41 8180.04 4303.77 8139.36 4311.50 8121.38
5 5670.94 5623.88 5623.63 5618.67 5583.90 5663.78 5555.28 5657.31 5603.86 5568.06
12 10202.37 10692.56 10158.12 10705.17 10113.42 10724.24 10112.74 10718.74 10157.52 10695.94 10127.04 10693.30 10138.63 10689.66 10117.53 10643.24 10156.75 10659.24 10179.64 10670.71 10194.88 10655.89 10197.86 10681.18
8 7581.49 9247.01 7557.60 9191.74 7564.55 9148.82 7590.76 9118.64 7620.46 9107.98 7678.65 9122.08 7676.79 9222.56 7637.43 9264.62
15 3293.18 8073.30 3296.77 8074.82 3267.71 8077.80 3273.18 8106.78 3255.12 8123.00 3207.37 8119.16 3198.80 8143.11 3206.64 8089.76 3192.79 8069.88 3175.74 8049.79 3176.33 8049.33 3218.54 8037.09 3226.61 8017.94 3231.44 8045.73 3290.34 8018.41
8 7270.30 6596.69 7258.47 6643.80 7180.21 6632.15 7169.20 6606.66 7172.54 6567.22 7193.33 6551.65 7243.02 6552.78 7268.94 6588.16
8 6034.50 1100.92 6052.86 1063.35 6074.12 1057.69 6101.71 1076.05 6108.26 1099.72 6095.91 1117.84 6060.92 1127.54 6046.58 1120.96
6 7293.94 4432.56 7284.33 4442.59 7297.96 4480.99 7232.86 4492.66 7234.00 4356.35 7264.91 4332.98
8 7936.58 3505.83 7940.90 3593.22 7859.48 3612.88 7831.50 3580.55 7840.14 3524.12 7861.89 3500.67 7872.79 3492.80 7881.70 3488.96
10 10125.04 8422.35 10118.50 8433.12 10113.06 8433.47 10082.51 8417.94 10105.53 8400.91 10108.42 8398.93 10113.75 8396.57 10092.36 8379.07 10117.04 8389.80 10152.23 8385.95
6 427.15 9844.62 388.93 9816.60 373.92 9784.66 383.73 9762.74 427.40 9741.40 433.47 9785.16
10 11926.09 3339.33 11874.75 3372.32 11851.07 3363.42 11853.38 3353.15 11835.32 3368.04 11845.74 3340.33 11819.29 3330.66 11827.65 3306.31 11833.41 3291.83 11855.41 3298.01
9 3204.21 3803.15 3104.02 3858.11 3094.49 3806.27 3034.83 3819.34 3114.88 3742.43 3124.58 3729.55 3126.44 3730.49 3134.24 3724.95 3152.27 3691.02
6 7132.52 3380.64 7133.35 3386.02 7047.70 3401.44 7057.96 3362.74 7046.94 3328.39 7067.52 3346.93
9 7551.86 1312.85 7553.36 1272.73 7580.95 1246.15 7614.94 1240.80 7661.14 1241.22 7686.45 1290.39 7664.58 1333.87 7601.25 1362.96 7557.13 1342.35
12 12311.57 11703.60 12297.28 11725.41 12287.98 11709.40 12287.47 11705.07 12264.90 11691.88 12265.72 11672.18 12266.76 11665.21 12278.93 11669.85 12295.35 11649.94 12302.93 11653.95 12311.61 11680.24 12309.05 11688.80
10 7718.61 8315.33 7726.15 8408.72 7693.86 8448.59 7640.90 8451.19 7603.30 8421.32 7594.07 8377.73 7594.42 8373.66 7628.36 8318.85 7670.47 8303.80 7676.30 8303.52
14 5123.91 11042.93 5147.13 11059.72 5115.96 11044.38 5114.66 11055.24 5077.77 11096.15 5080.38 11048.85 5053.94 11047.41 5022.31 11035.26 5077.71 11027.01 5065.97 11019.29 5094.80 10981.27 5141.76 10975.96 5184.08 11009.56 5121.77 11028.83
9 6863.86 9883.34 6886.88 9846.52 6914.62 9821.33 6966.53 9844.87 6974.87 9920.90 6932.04 9939.15 6929.51 9939.64 6868.48 9945.00 6867.09 9928.01
13 232.02 1651.25 228.26 1650.02 177.95 1642.81 180.38 1635.22 146.95 1650.57 143.01 1613.53 143.73 1592.52 155.07 1600.12 164.91 1602.35 187.24 1593.08 209.80 1572.25 216.56 1596.95 232.65 1607.72
7 12364.81 9453.62 12337.10 9468.50 12298.01 9477.04 12293.38 9472.82 12291.34 9482.33 12293.54 9420.98 12315.53 9441.30
12 7624.43 8962.84 7564.52 8961.47 7589.25 9015.53 7510.45 8973.48 7505.54 8945.40 7471.31 8939.81 7489.51 8922.72 7507.06 8929.74 7525.91 8880.47 7552.83 8904.47 7580.43 8920.33 7575.86 8928.34
8 9127.69 6167.23 9098.08 6185.79 9050.99 6180.85 9042.37 6160.69 9052.46 6122.47 9082.96 6107.00 9097.04 6111.92 9124.03 6135.74
9 1876.57 9867.27 1909.91 9863.70 1924.77 9882.27 1928.87 9917.94 1887.48 9929.11 1864.24 9933.59 1862.17 9929.79 1859.23 9906.68 1866.52 9889.40
5 6096.18 11678.72 6063.14 11702.51 6017.95 11620.19 6087.54 11590.40 6074.35 11629.11
10 7029.68 373.35 6956.11 400.39 6931.33 393.52 6927.80 371.65 6921.90 302.43 6950.20 286.90 6966.16 285.35 6974.98 289.15 7002.82 310.19 7016.94 341.50
8 5910.45 4720.64 5955.31 4751.15 5930.81 4834.23 5889.47 4848.33 5857.72 4836.37 5840.98 4763.86 5852.22 4740.49 5903.72 4721.94
8 10885.00 8894.49 10901.50 8942.98 10870.28 8991.26 10785.85 8984.72 10774.75 8962.47 10793.22 8937.48 10820.60 8903.40 10836.50 8895.84
10 1252.24 1379.55 1293.61 1449.21 1268.58 1517.60 1189.63 1520.79 1167.91 1477.02 1166.50 1469.02 1166.09 1456.57 1175.54 1403.71 1190.80 1387.43 1215.87 1382.54
14 6304.61 7075.16 6272.18 7080.36 6274.63 7097.91 6240.45 7134.07 6192.24 7121.42 6179.82 7110.07 6173.65 7072.73 6186.58 7054.80 6187.40 7053.09 6168.46 7010.92 6193.08 6991.21 6209.09 7004.66 6218.52 6979.27 6257.63 7061.93
6 6770.34 8931.80 6745.64 8927.23 6728.77 8901.39 6734.26 8900.83 6734.07 8898.45 6756.27 8913.62
12 3642.10 9341.55 3651.96 9348.53 3601.89 9369.21 3569.80 9346.26 3563.08 9316.28 3578.09 9289.06 3580.91 9288.49 3590.25 9295.69 3643.94 9304.09 3624.99 9322.68 3667.34 9314.05 3639.45 9331.11
15 2127.56 9250.58 2122.73 9317.46 2116.33 9291.44 2108.74 9287.69 2088.43 9281.48 2083.21 9289.49 2024.80 9272.19 2080.40 9216.83 2069.70 9157.61 2114.84 9166.03 2114.90 9168.19 2115.52 9205.80 2147.64 9168.38 2149.54 9188.45 2156.07 9221.34
10 9388.17 2461.54 9352.32 2445.87 9353.30 2365.98 9375.86 2326.08 9391.44 2323.62 9435.45 2318.11 9475.49 2342.64 9479.50 2351.66 9485.28 2370.74 9460.29 2413.92
10 7142.75 11907.57 7159.33 11913.12 7150.82 11934.77 7093.88 11953.76 7065.26 11929.02 7077.15 11907.74 7089.35 11886.35 7096.36 11880.16 7097.33 11840.70 7176.53 11901.94
12 2473.45 7787.27 2442.57 7778.65 2436.24 7824.18 2412.30 7797.49 2400.59 7800.96 2327.35 7770.24 2320.59 7736.48 2341.48 7680.33 2388.41 7728.34 2425.83 7670.96 2417.55 7693.31 2418.52 7695.72
5 5798.56 2401.89 5797.53 2399.26 5771.52 2385.93 5780.08 2378.37 5809.50 2374.82
7 4009.25 8199.69 3922.88 8133.23 3929.15 8090.56 3956.52 8030.55 4031.13 8024.75 4094.42 8090.36 4087.58 8156.59
10 4365.16 5759.86 4346.42 5767.39 4325.45 5766.98 4325.54 5772.08 4312.86 5806.50 4276.61 5751.32 4302.73 5703.89 4332.70 5688.93 4326.79 5720.42 4378.74 5744.67
8 8891.44 7641.40 8869.32 7566.88 8884.28 7527.17 8914.87 7516.71 8944.68 7528.07 9010.25 7564.60 9009.82 7633.82 8962.21 7655.52
11 4197.86 3965.42 4138.72 3933.26 4122.52 3908.67 4115.35 3869.31 4162.65 3842.58 4201.46 3824.62 4232.13 3829.81 4254.32 3845.74 4274.91 3899.21 4269.81 3914.13 4261.79 3935.55
8 10158.66 610.13 10068.97 629.85 10023.55 616.46 10076.51 595.43 10059.96 577.66 10104.26 553.91 10104.38 517.15 10183.80 573.86
10 12465.30 9989.48 12464.57 10007.66 12451.63 10022.01 12418.54 9980.03 12407.60 9952.06 12431.46 9944.52 12440.06 9957.71 12451.18 9956.17 12463.84 9950.33 12494.73 9951.53
9 422.44 1355.06 350.74 1436.76 316.08 1422.69 265.80 1384.53 263.83 1327.54 281.95 1291.76 332.98 1256.40 381.63 1273.49 416.67 1296.05
11 11143.88 2253.66 11112.64 2283.27 11052.44 2259.26 11046.73 2256.93 11023.95 2238.21 11027.08 2220.66 11035.30 2209.39 11047.90 2175.46 11055.44 2182.53 11070.65 2191.72 11129.58 2234.77
6 7463.73 12084.96 7507.92 12056.20 7532.39 12072.85 7561.91 12137.71 7525.21 12158.38 7473.06 12126.86
10 9659.75 4930.47 9597.11 4918.98 9583.78 4849.68 9581.43 4826.00 9645.56 4808.04 9708.68 4839.95 9720.77 4854.91 9715.76 4887.22 9702.94 4914.76 9683.52 4922.32
13 3553.07 3830.45 3547.83 3834.24 3559.99 3860.91 3554.53 3857.28 3551.52 3866.65 3500.27 3853.29 3508.15 3834.65 3504.62 3834.41 3519.43 3830.65 3528.97 3795.37 3534.23 3782.27 3588.17 3807.20 3564.23 3828.43
6 5424.89 8302.99 5409.73 8308.60 5377.55 8313.21 5389.09 8303.17 5387.72 8248.79 5411.87 8277.27
10 7516.63 2888.57 7472.49 2887.00 7472.95 2901.13 7461.64 2889.42 7455.10 2881.23 7460.77 2848.96 7470.21 2851.32 7486.14 2861.05 7502.81 2853.07 7483.89 2864.10
10 1891.97 6148.52 1873.22 6109.08 1862.79 6102.21 1839.67 6085.63 1863.50 6064.99 1885.48 6060.87 1896.75 6056.17 1897.67 6075.49 1897.04 6081.30 1931.22 6065.44
9 5744.84 3590.08 5773.08 3554.88 5785.29 3552.77 5790.50 3553.62 5815.11 3567.56 5812.59 3590.13 5797.92 3630.82 5773.38 3632.48 5756.89 3621.65
7 10137.59 4040.63 10128.65 4023.20 10085.15 4029.74 10052.22 3997.41 10123.37 3970.24 10183.30 3948.67 10187.50 3983.01
11 12414.65 8485.40 12408.65 8521.60 12400.05 8532.78 12380.58 8538.29 12369.17 8536.01 12354.31 8531.25 12345.43 8510.30 12343.52 8474.38 12350.36 8459.66 12408.37 8465.42 12413.09 8477.44
9 688.39 2605.83 802.35 2572.62 828.76 2566.00 864.94 2622.45 865.39 2662.82 858.07 2673.23 796.63 2722.72 743.52 2693.92 700.94 2667.17
6 1005.86 8953.61 881.52 8980.88 872.98 8973.21 856.80 8909.51 888.82 8862.19 946.93 8867.01
7 7385.96 3034.58 7303.90 3032.40 7302.09 2973.38 7289.62 2968.11 7347.95 2967.33 7330.89 2931.10 7363.88 2926.78
14 7253.69 344.50 7266.93 372.14 7261.31 369.29 7241.78 347.51 7230.50 353.40 7214.51 364.83 7209.54 360.46 7214.00 346.16 7231.85 291.35 7235.64 290.96 7264.45 287.40 7253.69 321.30 7253.86 322.22 7265.25 327.08
10 4405.88 12497.01 4404.83 12411.67 4429.29 12399.92 4442.68 12400.50 4491.57 12404.21 4501.87 12421.08 4510.12 12458.78 4503.15 12485.96 4477.14 12510.84 4446.70 12514.28
7 1282.59 5689.97 1353.92 5749.46 1353.87 5758.93 1303.79 5861.91 1217.28 5838.79 1222.63 5708.01 1241.28 5692.78
12 9139.52 10954.19 9155.50 10904.17 9204.66 10898.99 9260.32 10899.10 9275.07 10907.63 9278.20 10927.27 9278.52 10963.11 9278.15 10974.66 9276.61 10989.91 9251.54 11007.42 9189.44 11007.11 9166.50 11004.34
8 9684.35 3590.43 9652.64 3548.67 9670.21 3524.44 9695.52 3495.39 9737.72 3523.02 9753.75 3534.05 9753.37 3573.73 9700.53 3601.97
13 6209.98 2485.08 6192.79 2484.07 6184.96 2505.34 6154.36 2453.57 6145.05 2432.32 6155.12 2429.49 6161.10 2433.43 6179.13 2445.08 6190.24 2430.52 6190.94 2436.26 6200.56 2436.88 6209.30 2434.31 6209.36 2435.51
7 10356.83 154.61 10412.44 193.19 10409.19 247.24 10323.23 271.68 10301.61 258.10 10253.36 216.08 10281.29 176.97
8 214.88 6994.34 154.46 6922.24 208.37 6883.51 242.32 6876.58 250.68 6892.50 282.36 6965.87 234.76 6991.59 222.82 6993.58
14 6159.49 8087.57 6136.00 8086.45 6143.70 8112.60 6149.96 8120.56 6135.26 8105.54 6122.89 8116.54 6097.65 8109.34 6088.51 8089.03 6075.02 8085.77 6063.84 8084.75 6081.60 8082.19 6109.61 8062.69 6121.35 8053.35 6125.19 8051.77
11 9811.09 7932.13 9825.93 7957.63 9758.08 7930.13 9779.37 7919.40 9742.03 7909.16 9770.81 7864.07 9807.90 7897.87 9822.10 7884.88 9832.64 7883.22 9835.22 7897.66 9819.41 7911.17
6 3079.14 5167.07 3046.62 5178.56 3039.81 5148.56 3039.60 5141.37 3040.28 5124.91 3056.08 5119.81
8 12329.33 5817.40 12368.68 5777.97 12418.94 5871.27 12411.36 5894.48 12405.59 5899.93 12395.28 5900.26 12357.64 5882.82 12340.12 5852.16
11 1482.68 12069.40 1518.13 12058.99 1530.35 12061.61 1559.20 12090.65 1585.87 12154.77 1592.20 12192.73 1546.34 12234.17 1483.74 12233.45 1431.36 12166.64 1424.64 12152.95 1430.65 12140.11
8 12130.39 9591.47 12169.73 9646.06 12158.66 9706.29 12126.60 9743.44 12100.11 9738.69 12067.07 9706.85 12073.35 9606.17 12093.50 9596.90
15 3073.72 6649.14 3062.66 6666.92 3051.50 6674.71 3015.05 6681.58 3010.05 6660.85 3010.69 6659.06 3009.81 6657.84 3013.45 6647.59 2989.45 6618.79 3007.35 6622.39 3014.50 6613.70 3028.18 6576.96 3040.13 6603.81 3050.62 6620.09 3055.91 6634.29
11 7629.67 11933.30 7626.86 11960.56 7582.96 11937.80 7607.34 12002.52 7549.86 11923.38 7535.05 11888.78 7537.52 11876.96 7519.77 11850.36 7546.84 11876.69 7616.76 11851.99 7639.83 11894.09
10 3874.63 11665.88 3859.75 11671.04 3845.19 11727.48 3788.32 11657.42 3828.50 11646.43 3825.74 11626.27 3862.49 11620.41 3872.64 11626.37 3879.04 11636.34 3875.31 11650.43
8 12246.81 2984.12 12222.17 2985.30 12224.32 2986.62 12189.78 3002.74 12204.38 2979.64 12223.60 2961.00 12228.99 2978.29 12231.87 2980.65
10 844.24 8055.00 811.15 8024.26 806.23 8060.95 780.23 8070.27 770.39 8048.43 776.49 8002.62 744.01 8002.98 751.38 7969.87 780.14 7974.62 845.41 7969.28
10 9266.41 10275.09 9300.33 10307.72 9294.71 10349.12 9267.21 10383.15 9224.19 10379.89 9194.33 10373.91 9178.84 10349.02 9175.34 10316.63 9192.79 10281.80 9216.88 10279.59
10 6622.74 12381.78 6592.73 12403.04 6534.30 12350.77 6569.10 12349.48 6573.12 12332.82 6603.56 12294.49 6618.64 12297.07 6640.55 12310.64 6649.08 12333.40 6663.92 12331.11
5 4139.28 10741.23 4110.20 10731.13 4077.40 10696.26 4072.73 10646.21 4083.82 10660.23
7 11800.11 2390.83 11769.43 2351.12 11733.59 2259.72 11794.58 2250.69 11796.57 2220.04 11834.96 2262.22 11823.77 2293.01
8 10131.98 10816.18 10129.24 10818.88 10144.96 10868.11 10114.45 10834.42 10096.41 10846.83 10066.38 10764.24 10143.44 10755.89 10118.60 10800.38
7 5793.74 8315.99 5792.77 8390.24 5710.25 8380.95 5692.94 8377.76 5668.95 8328.34 5731.00 8269.06 5787.82 8275.97
9 8833.89 4063.57 8816.80 4045.63 8831.01 4003.33 8837.65 3991.29 8842.41 3985.64 8861.02 3964.18 8880.37 3976.49 8900.20 4030.51 8881.87 4053.75
14 3397.88 1619.99 3336.61 1669.22 3322.03 1686.60 3318.89 1686.34 3313.67 1680.04 3314.11 1626.11 3275.35 1601.27 3306.30 1571.31 3313.10 1548.61 3323.82 1591.54 3344.92 1550.91 3368.01 1549.70 3353.60 1590.84 3364.54 1596.90
9 11298.20 7876.59 11340.75 7839.37 11393.45 7903.64 11402.88 7939.17 11398.01 7964.74 11370.44 7983.98 11322.36 7994.54 11280.81 7978.30 11293.17 7896.16
11 11101.25 9661.65 11088.96 9706.36 11077.13 9726.84 11069.36 9729.40 11016.16 9723.66 11001.58 9721.12 10973.91 9700.60 10966.16 9689.71 11001.29 9650.17 11038.27 9625.83 11069.40 9620.40
8 10639.76 7653.11 10638.71 7600.51 10665.27 7568.95 10708.92 7544.75 10727.73 7563.11 10739.59 7580.95 10739.31 7617.86 10719.23 7649.38
11 2239.77 2595.28 2293.19 2556.71 2306.21 2557.47 2376.53 2640.15 2337.23 2697.06 2307.66 2712.24 2292.56 2713.34 2260.27 2704.23 2228.58 2672.74 2219.73 2636.56 2228.69 2618.05
8 5254.83 6803.72 5299.01 6768.08 5334.57 6799.49 5338.36 6829.30 5316.60 6838.76 5288.12 6843.24 5262.81 6839.91 5256.46 6823.10
13 11094.11 3457.17 11114.32 3477.77 11097.07 3477.07 11013.31 3460.09 10991.24 3451.32 11007.87 3419.55 11000.90 3356.90 11009.71 3350.01 11032.68 3342.99 11044.79 3391.32 11057.33 3357.43 11062.37 3394.16 11095.12 3406.75
15 10905.33 881.71 10919.71 887.37 10914.14 895.62 10884.41 883.25 10879.93 905.07 10861.16 918.17 10857.50 898.81 10845.50 893.65 10829.39 892.00 10849.64 881.09 10834.19 860.17 10838.30 859.27 10837.17 845.98 10856.72 845.05 10870.95 834.19
7 6088.42 3663.58 6107.35 3614.99 6162.74 3622.21 6157.52 3643.64 6146.95 3669.63 6140.75 3676.90 6117.89 3676.23
12 4036.24 809.03 4040.11 824.47 4039.85 833.89 4037.34 862.97 4009.02 867.32 3985.65 866.50 3977.17 859.39 3971.78 848.58 3972.53 832.18 3981.09 810.43 3989.80 803.33 4016.73 790.17
9 3599.83 12361.06 3602.12 12372.56 3588.53 12365.12 3560.13 12394.01 3536.31 12339.69 3546.11 12338.02 3572.58 12307.21 3591.46 12309.81 3616.31 12344.91
8 4697.24 3941.68 4640.96 3975.91 4585.83 3947.47 4575.31 3927.09 4588.72 3889.31 4626.95 3871.49 4652.73 3862.36 4677.87 3889.80
13 1740.43 293.32 1721.46 279.59 1704.22 278.83 1703.88 287.53 1702.36 285.96 1661.15 331.93 1671.87 264.71 1653.94 254.89 1652.20 241.00 1683.70 167.50 1698.21 221.56 1699.51 225.88 1721.80 240.02
9 4030.57 4650.80 4032.72 4637.29 4046.04 4624.03 4093.36 4583.29 4119.72 4584.44 4147.84 4629.54 4143.96 4637.74 4093.98 4680.65 4055.83 4682.86
6 9241.13 1927.33 9190.04 1954.77 9200.01 1905.60 9162.84 1875.41 9240.49 1873.23 9255.23 1882.17
11 4401.32 7516.53 4393.39 7506.90 4384.92 7478.13 4377.94 7460.99 4392.60 7454.89 4398.39 7440.71 4400.15 7460.26 4400.08 7454.82 4417.17 7445.23 4423.79 7445.79 4409.68 7471.18
8 9917.56 7092.87 9865.09 7075.98 9818.00 7036.64 9817.00 6988.90 9843.97 6989.80 9917.62 6979.57 9917.46 6986.82 9893.40 7020.15
10 1685.31 7155.11 1682.52 7132.13 1684.42 7115.75 1705.71 7099.38 1737.80 7086.53 1776.32 7126.86 1780.89 7134.65 1759.61 7181.12 1741.06 7193.16 1701.92 7168.41
6 4104.02 3083.20 4089.41 3073.56 4065.21 3059.69 4078.42 3047.17 4102.44 3052.69 4136.20 3065.37
12 4077.96 6684.48 4122.29 6668.74 4145.62 6678.61 4162.46 6689.57 4170.69 6713.45 4163.62 6734.66 4145.68 6773.62 4109.20 6765.06 4098.97 6761.63 4087.89 6757.87 4071.97 6748.18 4073.24 6697.54
13 1929.11 7845.99 1959.84 7884.41 1899.98 7857.06 1852.69 7901.26 1872.70 7847.59 1837.65 7864.23 1836.89 7841.45 1830.03 7815.93 1842.19 7812.45 1880.13 7794.81 1895.57 7775.20 1929.74 7757.10 1933.26 7754.93
10 9074.27 4207.41 8974.74 4186.40 8957.67 4191.78 8998.27 4163.20 8974.28 4157.75 8961.91 4151.84 8983.81 4146.46 9040.19 4147.04 9063.38 4141.15 9103.28 4137.62
11 2960.91 11745.77 2959.60 11749.26 2974.57 11773.39 2958.62 11757.68 2963.27 11770.30 2935.31 11750.00 2932.01 11729.32 2925.40 11708.18 2937.03 11696.92 2961.27 11701.55 2972.20 11718.75
12 6480.76 2513.68 6451.26 2529.60 6463.61 2493.21 6436.56 2527.07 6438.12 2514.05 6451.87 2489.00 6429.63 2481.57 6421.27 2462.79 6427.14 2452.21 6475.07 2444.69 6495.97 2441.30 6505.42 2433.75
10 1038.04 2791.07 1088.65 2773.31 1126.35 2813.54 1133.48 2831.43 1143.37 2875.68 1109.19 2912.06 1065.84 2932.81 1023.78 2906.38 983.53 2842.81 1007.01 2813.80
11 6343.53 6732.88 6354.96 6691.76 6390.86 6687.52 6416.65 6689.78 6430.85 6709.86 6430.48 6718.49 6427.83 6743.14 6425.30 6750.69 6390.28 6765.31 6361.75 6759.08 6350.17 6743.37
7 10067.86 3297.06 10032.92 3299.16 10016.68 3279.97 10003.55 3212.46 10048.16 3224.46 10060.71 3207.79 10068.69 3202.23
11 353.77 12600.71 338.86 12677.64 312.17 12680.36 250.39 12680.78 232.27 12672.54 213.20 12631.63 227.85 12580.44 234.42 12577.43 256.41 12574.21 316.74 12571.40 338.30 12588.05
7 3102.59 4412.99 3006.81 4369.05 3014.64 4313.81 3016.28 4309.48 3031.84 4288.61 3139.85 4310.45 3118.28 4392.87
12 303.96 8313.76 308.11 8332.85 297.13 8343.57 281.03 8357.61 255.14 8373.48 247.03 8368.90 204.16 8299.72 206.72 8277.49 207.91 8273.90 225.54 8263.65 263.62 8257.66 282.20 8281.22
10 11788.15 11279.81 11758.39 11251.02 11775.06 11188.24 11795.35 11176.36 11845.01 11166.35 11857.04 11172.56 11886.78 11220.80 11856.75 11289.35 11852.04 11295.30 11849.06 11296.24
5 3842.47 2268.12 3822.37 2300.26 3778.73 2282.82 3771.58 2288.13 3784.58 2249.24
11 11855.93 8013.06 11867.38 8029.63 11834.54 8027.76 11830.80 8047.25 11786.92 8011.78 11802.52 7992.58 11810.79 7972.71 11832.59 7954.24 11837.82 7973.92 11838.53 7988.89 11879.81 7981.64
11 6473.30 2173.56 6427.61 2156.01 6417.03 2100.22 6415.36 2082.79 6442.61 2058.62 6465.94 2055.50 6507.48 2052.35 6515.99 2063.16 6539.37 2112.86 6532.30 2141.79 6518.96 2155.16
13 496.73 10404.99 457.17 10460.80 434.52 10468.05 404.25 10469.44 350.73 10454.63 337.31 10443.94 323.53 10357.09 322.35 10349.33 373.00 10299.41 373.48 10298.96 446.37 10303.34 470.60 10315.81 495.75 10387.61
11 189.04 10144.99 171.99 10095.30 196.31 10061.82 240.45 10032.83 250.72 10033.66 261.03 10040.18 300.23 10076.36 303.35 10116.18 296.93 10124.01 277.26 10137.59 217.86 10143.42
8 7602.00 2797.74 7590.85 2735.71 7639.66 2681.51 7655.98 2678.35 7744.32 2738.27 7746.26 2788.22 7705.49 2827.39 7699.91 2828.60
8 3519.20 1193.58 3494.19 1173.35 3499.59 1204.43 3461.35 1171.48 3458.87 1111.62 3481.49 1129.96 3489.69 1106.48 3533.51 1154.17
6 9878.59 1113.50 9842.25 1108.12 9844.65 1097.48 9857.26 1065.63 9862.37 1064.63 9866.85 1067.75
8 3764.03 1951.17 3735.22 1903.18 3737.21 1875.02 3740.57 1860.25 3810.81 1839.38 3835.61 1882.69 3840.41 1930.87 3797.86 1949.59
9 11697.17 6566.39 11749.56 6523.86 11807.34 6503.12 11814.56 6513.72 11830.35 6573.58 11837.42 6602.09 11813.83 6610.86 11773.82 6616.87 11726.35 6595.52
9 11256.43 8783.31 11269.44 8736.25 11280.23 8734.60 11312.99 8736.90 11320.27 8754.03 11314.31 8787.90 11301.42 8808.34 11280.65 8808.93 11260.12 8795.84
5 11154.08 3694.12 11144.50 3688.10 11113.87 3694.27 11084.68 3675.84 11115.42 3628.29
6 2550.36 2533.86 2504.62 2588.85 2486.13 2583.93 2482.63 2582.09 2455.40 2535.06 2492.31 2498.22
10 3802.48 4038.37 3800.72 4075.96 3753.59 4024.30 3747.63 4019.76 3749.50 4014.02 3763.00 4002.12 3759.34 3986.08 3815.88 3967.02 3791.78 4001.72 3818.10 3996.37
15 9004.72 9294.57 8971.01 9301.21 8969.97 9308.77 8947.51 9322.33 8956.28 9302.72 8928.75 9277.76 8953.11 9274.59 8959.46 9268.77 8960.56 9270.66 8951.05 9249.72 8951.25 9243.25 8959.53 9254.88 8961.17 9258.50 8992.20 9255.41 8984.34 9271.05
13 12327.01 10938.79 12318.15 10938.24 12340.39 10951.39 12309.77 10949.02 12283.65 10977.51 12280.56 10937.99 12275.62 10939.55 12239.82 10954.00 12252.31 10927.58 12241.88 10920.65 12276.59 10902.63 12262.87 10873.19 12330.42 10907.38
13 11862.18 6938.11 11836.22 6974.68 11763.47 6929.09 11721.50 6942.42 11716.75 6904.13 11762.61 6906.95 11730.51 6891.23 11744.13 6860.07 11741.12 6855.29 11812.77 6842.55 11814.83 6851.45 11816.33 6892.82 11816.24 6900.14
13 4117.64 7381.63 4115.62 7392.49 4081.16 7402.49 4034.62 7414.63 4065.22 7375.18 4042.04 7358.23 4038.39 7336.88 4070.48 7349.44 4090.79 7357.74 4091.44 7361.54 4113.03 7347.64 4102.03 7367.04 4106.01 7374.86
10 3536.12 12192.04 3510.90 12166.09 3527.13 12124.02 3549.02 12105.64 3572.59 12098.82 3633.74 12116.53 3651.14 12138.71 3637.18 12188.02 3620.19 12215.56 3587.00 12223.61
9 2935.18 9621.80 2931.06 9604.80 2926.84 9594.71 2913.11 9598.52 2911.32 9562.10 2932.92 9549.70 2935.15 9562.98 2935.28 9564.63 2949.68 9555.77
11 9485.64 7178.62 9480.91 7172.27 9482.19 7088.90 9487.09 7067.80 9573.65 7058.27 9610.61 7068.82 9602.62 7139.26 9581.90 7172.53 9558.59 7199.41 9549.10 7209.87 9541.47 7208.66
6 9878.64 12539.98 9934.59 12517.19 9992.64 12548.72 9960.77 12606.25 9918.07 12643.16 9898.11 12629.37
5 4770.32 12157.89 4761.62 12178.09 4724.44 12163.73 4698.60 12121.43 4712.09 12097.06
8 7292.75 1924.97 7245.49 1823.83 7259.55 1802.20 7298.82 1773.21 7340.79 1786.36 7364.56 1802.17 7387.43 1841.93 7375.21 1891.23
10 4148.89 4879.70 4157.60 4855.21 4208.34 4804.27 4225.07 4807.84 4262.62 4817.69 4285.57 4881.89 4251.74 4927.05 4230.22 4953.13 4200.56 4948.30 4154.63 4909.72
7 5190.69 7212.58 5195.53 7259.97 5107.03 7181.31 5132.02 7192.27 5130.09 7186.89 5199.45 7174.83 5217.38 7198.45
12 3540.71 2782.66 3506.83 2778.52 3473.96 2776.11 3471.55 2734.11 3479.15 2735.44 3485.05 2724.78 3505.54 2714.92 3512.84 2707.19 3515.59 2722.04 3528.48 2711.65 3518.37 2741.45 3540.72 2743.16
11 5497.39 11078.95 5539.19 11016.11 5559.68 10992.12 5622.76 11005.95 5633.60 11010.30 5645.31 11065.57 5648.88 11118.97 5621.28 11136.81 5582.05 11132.77 5545.64 11115.60 5521.14 11100.81
13 1675.20 2937.88 1711.89 2984.03 1703.09 3020.31 1681.52 3046.44 1676.29 3049.04 1650.23 3058.91 1598.15 3068.26 1566.51 3042.55 1557.97 3015.17 1574.61 2966.21 1585.03 2941.33 1596.00 2937.97 1637.43 2937.15
9 6939.82 12397.24 6858.79 12444.30 6839.96 12426.88 6828.67 12412.27 6806.70 12373.77 6837.28 12324.89 6904.86 12333.54 6922.41 12351.58 6936.75 12377.76
11 5600.01 7796.42 5682.03 7831.14 5676.54 7889.81 5671.16 7921.93 5666.35 7933.28 5644.10 7946.80 5575.76 7944.77 5538.26 7935.40 5529.12 7902.40 5522.47 7831.76 5548.64 7798.34
6 7387.90 10657.11 7370.61 10694.53 7299.91 10694.73 7281.36 10687.39 7320.09 10658.66 7338.91 10608.72
9 4341.59 4614.27 4354.51 4640.11 4338.75 4656.37 4300.00 4612.21 4238.46 4618.13 4251.83 4588.05 4241.64 4575.35 4290.88 4547.24 4329.69 4574.43
5 8360.56 1875.16 8381.42 1895.34 8314.50 1887.89 8342.77 1855.05 8360.31 1832.73
5 12121.04 3422.75 12049.24 3396.36 12060.85 3367.37 12101.92 3382.00 12125.27 3390.54
5 5840.26 3051.26 5782.57 3037.79 5800.79 2959.60 5929.18 2948.82 5907.42 2986.86
8 2989.09 282.17 2960.17 208.69 2986.93 160.54 2994.71 151.09 3021.13 159.24 3044.02 174.04 3080.35 202.15 3063.74 262.68
14 10310.92 5677.04 10308.64 5675.85 10294.32 5647.62 10288.08 5635.98 10284.59 5645.56 10277.25 5679.10 10272.78 5645.89 10244.91 5655.61 10234.57 5630.22 10224.73 5606.04 10265.25 5587.24 10266.13 5578.26 10279.14 5605.22 10316.56 5589.55
8 7348.38 4689.53 7314.18 4661.98 7314.89 4645.09 7349.22 4578.59 7373.57 4577.89 7427.14 4605.55 7419.05 4681.47 7365.21 4698.07
15 8553.26 3211.96 8560.06 3245.64 8553.80 3245.25 8538.21 3225.10 8523.33 3242.41 8521.24 3216.30 8526.86 3203.80 8529.15 3194.82 8528.56 3191.85 8535.20 3197.82 8534.48 3186.47 8544.16 3200.73 8550.42 3196.79 8566.94 3177.15 8554.98 3209.63
10 12417.84 3866.98 12426.07 3839.89 12483.70 3803.65 12535.66 3804.37 12562.52 3809.54 12575.35 3907.41 12578.39 3932.96 12554.10 3953.19 12517.67 3972.73 12451.36 3937.26
10 5516.41 11343.07 5481.36 11285.19 5492.78 11256.44 5498.27 11252.09 5557.96 11240.38 5605.89 11274.58 5615.15 11284.47 5580.49 11338.46 5570.71 11350.28 5568.22 11350.25
8 11515.30 2163.40 11509.33 2207.21 11444.90 2221.14 11434.92 2202.41 11424.38 2172.46 11439.66 2152.10 11467.74 2141.33 11484.21 2140.30
9 9795.40 3206.96 9766.36 3122.69 9768.06 3095.77 9795.00 3085.63 9801.35 3085.78 9854.84 3099.39 9861.21 3174.07 9859.63 3192.22 9825.42 3201.97
10 8610.34 8073.46 8660.47 8067.49 8677.55 8093.85 8692.68 8181.59 8648.87 8217.45 8639.27 8219.31 8580.81 8215.18 8553.74 8193.05 8524.20 8113.25 8535.90 8104.92
10 8208.89 3530.40 8192.01 3487.20 8192.11 3467.53 8214.24 3449.31 8227.72 3442.53 8286.33 3418.70 8322.09 3448.58 8329.25 3474.33 8327.81 3529.20 8240.36 3556.34
10 7024.19 1146.10 7020.27 1111.84 7061.82 1060.06 7069.65 1057.49 7125.83 1073.14 7158.58 1119.94 7164.91 1169.36 7132.39 1218.86 7067.97 1233.59 7038.85 1183.10
9 7843.61 11594.85 7862.65 11530.52 7923.36 11517.65 7956.62 11534.87 7963.41 11552.50 7952.16 11621.68 7899.39 11636.45 7863.13 11630.46 7845.81 11602.37
6 8155.32 778.67 8187.30 647.03 8268.06 688.65 8263.54 747.49 8240.52 773.71 8192.29 789.28
9 5107.08 5528.47 5143.55 5554.73 5136.49 5573.40 5122.71 5590.05 5086.89 5595.32 5064.23 5561.72 5062.97 5546.76 5071.40 5534.17 5091.94 5529.53
10 11495.35 12593.50 11534.67 12502.12 11544.53 12494.97 11554.05 12496.32 11613.35 12521.84 11641.11 12578.57 11605.43 12631.78 11556.58 12644.71 11523.51 12638.52 11502.27 12624.07
9 7195.58 2445.96 7175.98 2388.77 7208.90 2362.78 7233.61 2357.38 7263.35 2360.00 7282.04 2389.03 7284.07 2405.04 7272.72 2425.53 7235.32 2458.53
7 10963.41 11978.39 10969.17 11984.78 10989.89 11999.75 10889.31 11975.32 10890.04 11891.30 10935.85 11904.85 10963.07 11954.96
9 4542.66 12488.33 4565.26 12415.57 4585.65 12386.97 4620.73 12396.89 4656.16 12426.52 4670.50 12482.82 4655.15 12512.57 4616.48 12515.37 4547.48 12497.53
11 488.60 9599.85 492.87 9569.07 524.95 9548.41 549.67 9540.73 563.84 9551.57 591.16 9578.15 599.19 9595.83 598.83 9606.97 573.77 9635.08 554.62 9640.00 507.48 9636.71
14 8183.79 581.67 8193.01 573.05 8200.72 563.14 8174.85 561.62 8196.61 547.23 8197.31 546.64 8176.43 534.22 8216.50 529.84 8217.72 534.84 8216.92 542.49 8223.13 531.07 8222.96 537.57 8232.49 540.39 8223.02 549.51
13 2552.58 6787.51 2548.14 6788.16 2532.61 6801.26 2519.72 6806.99 2516.57 6799.56 2505.47 6790.55 2511.02 6784.97 2490.32 6795.09 2491.78 6790.63 2488.13 6766.17 2510.38 6731.88 2534.17 6743.78 2527.87 6768.18
9 11095.04 9132.09 11088.62 9164.71 11044.84 9166.79 11024.74 9154.78 11018.58 9141.52 11021.71 9122.24 11053.12 9094.70 11088.31 9112.06 11093.56 9119.43
8 8174.31 8932.27 8216.32 9022.42 8191.77 9080.70 8153.34 9083.83 8118.19 9085.61 8087.56 9080.40 8059.99 8996.16 8098.60 8961.61
6 5730.01 2769.40 5658.08 2767.46 5667.28 2737.22 5636.56 2705.34 5699.36 2733.97 5702.13 2735.63
11 835.99 9006.97 806.50 9014.19 804.05 9004.65 804.52 8992.24 774.76 8997.22 794.91 8960.71 794.15 8956.27 802.36 8947.21 818.44 8964.05 826.52 8982.94 847.77 8981.08
8 3356.87 8100.30 3357.73 8109.21 3340.63 8109.86 3338.57 8121.78 3318.32 8110.65 3310.78 8096.26 3310.37 8093.40 3377.78 8078.19
11 2318.72 1115.09 2255.99 1155.04 2215.05 1178.81 2220.68 1124.24 2240.07 1084.76 2226.04 1041.15 2248.42 1051.19 2269.28 1077.68 2281.04 1092.96 2269.41 1106.42 2288.86 1109.28
6 2556.30 212.70 2580.38 245.19 2501.65 218.55 2470.41 154.81 2502.81 156.34 2545.50 176.28
6 2447.96 10490.27 2419.43 10479.26 2402.63 10475.35 2398.24 10464.19 2426.57 10460.68 2438.98 10433.90
6 10739.83 7095.53 10682.49 7061.11 10677.08 7048.06 10707.19 7021.02 10709.88 7065.12 10708.79 7066.56
6 3601.54 7319.13 3573.76 7418.15 3499.94 7382.88 3489.11 7325.64 3500.97 7298.68 3528.16 7277.81
13 8278.78 12339.63 8287.73 12350.91 8275.90 12340.32 8288.07 12360.52 8277.17 12346.62 8275.70 12359.73 8257.84 12358.26 8251.62 12342.38 8235.50 12330.31 8227.81 12325.07 8246.44 12322.85 8261.19 12310.17 8274.23 12311.37
6 973.50 11370.59 988.01 11408.17 970.78 11434.44 912.31 11433.33 905.98 11398.49 929.36 11384.93
13 8991.41 2189.75 8999.05 2191.99 8966.54 2201.91 8942.37 2257.42 8932.78 2208.27 8898.99 2208.82 8894.57 2189.54 8903.97 2188.61 8923.59 2170.69 8932.69 2171.19 8952.18 2143.12 8959.48 2171.42 8965.09 2173.89
14 9983.48 11198.85 9972.48 11220.35 9962.55 11258.56 9937.20 11268.49 9892.76 11210.82 9915.65 11179.66 9900.06 11166.61 9930.94 11148.74 9925.89 11133.21 9956.89 11132.49 9961.89 11140.69 9961.83 11153.76 9978.04 11182.18 10011.12 11183.09
12 640.59 373.31 635.19 376.48 559.77 396.89 524.28 421.02 565.75 385.02 527.64 414.06 563.78 374.65 519.54 380.56 545.44 365.75 555.15 323.84 571.99 338.22 627.86 304.46
11 5808.11 3739.39 5811.86 3757.11 5791.38 3749.79 5763.56 3769.38 5723.52 3715.45 5764.63 3708.87 5761.70 3704.46 5755.18 3693.51 5784.64 3675.19 5811.07 3673.80 5796.73 3708.55
10 8128.05 8623.21 8138.76 8632.31 8119.64 8633.85 8060.77 8653.76 8059.20 8635.58 8022.64 8639.03 8025.42 8582.50 8044.31 8552.11 8079.26 8578.32 8113.24 8557.91
7 2918.42 12495.60 2932.78 12552.96 2872.08 12574.31 2850.60 12557.69 2834.62 12543.94 2843.13 12510.17 2866.10 12492.19
8 9495.79 358.40 9504.44 363.77 9464.03 374.52 9432.09 348.46 9446.45 329.40 9480.13 324.48 9502.64 308.20 9502.57 318.16
8 3036.95 2969.27 3025.76 2968.33 2987.53 2979.77 2959.18 2991.24 2908.22 2962.09 2946.03 2940.63 2908.29 2912.77 2952.30 2923.54
10 11503.08 476.21 11479.61 474.08 11476.29 498.46 11465.64 472.04 11437.20 487.53 11451.60 475.27 11445.33 463.99 11455.12 450.42 11459.53 432.86 11489.74 456.91
13 12619.86 8067.97 12616.24 8070.01 12617.56 8083.78 12567.43 8095.89 12561.51 8084.59 12558.21 8086.20 12568.61 8062.96 12537.20 8073.97 12558.59 8050.51 12557.04 8047.72 12575.15 8038.50 12574.98 8034.79 12574.15 8001.71
9 8481.04 4109.23 8457.98 4107.28 8442.10 4087.48 8417.64 4056.42 8430.91 4052.34 8428.59 4044.28 8474.87 4012.00 8484.39 4026.63 8486.23 4056.47
15 2965.95 3260.85 2969.99 3287.24 2974.28 3294.67 2961.75 3302.16 2948.43 3315.42 2920.96 3268.65 2910.99 3278.96 2888.08 3291.05 2875.99 3276.94 2876.02 3275.23 2870.64 3266.16 2906.79 3250.71 2870.77 3233.50 2918.80 3213.68 2927.10 3232.60
5 5179.41 11195.66 5165.77 11186.06 5156.76 11165.43 5144.17 11147.27 5194.69 11144.64
7 4644.06 9248.43 4684.88 9210.18 4749.09 9240.17 4756.11 9248.91 4753.39 9261.84 4696.88 9327.98 4646.95 9286.38
12 1332.56 4641.80 1334.56 4654.33 1307.60 4663.87 1329.74 4718.27 1325.01 4719.79 1291.46 4682.09 1264.76 4692.15 1213.31 4633.85 1239.31 4634.68 1262.98 4560.56 1321.65 4589.27 1317.88 4638.63
7 9557.74 294.08 9477.44 249.16 9478.47 196.89 9509.67 175.01 9548.96 177.00 9620.28 225.49 9613.82 266.66
8 3960.32 10892.73 3952.26 10899.00 3967.20 10913.75 3950.91 10922.67 3922.94 10873.30 3928.28 10874.64 3929.50 10857.21 3969.15 10884.95
8 1188.80 8127.55 1173.30 8053.00 1175.20 8050.30 1214.15 8030.82 1252.83 8017.32 1279.56 8057.43 1291.34 8104.03 1288.41 8124.94
8 4545.27 6100.11 4614.30 6148.21 4580.68 6233.61 4578.10 6236.93 4487.85 6211.03 4466.89 6173.01 4461.88 6142.27 4497.83 6100.59
8 7361.11 4214.70 7330.26 4251.13 7313.30 4224.13 7250.81 4211.08 7267.63 4186.72 7280.50 4185.98 7240.74 4152.77 7281.16 4180.11
10 4682.75 8816.38 4629.21 8781.54 4633.62 8709.92 4676.35 8675.82 4719.95 8683.04 4749.63 8693.31 4753.82 8699.23 4759.48 8746.68 4755.94 8791.64 4705.38 8810.02
13 7359.53 762.76 7348.48 807.24 7337.29 799.84 7319.61 774.24 7318.23 775.93 7307.48 775.19 7285.60 770.65 7292.81 753.32 7311.11 755.56 7314.98 752.35 7359.99 748.25 7339.49 758.79 7374.21 760.12
10 8770.42 10490.62 8722.94 10472.56 8719.52 10467.33 8717.39 10459.00 8721.45 10433.31 8749.33 10388.69 8774.37 10385.48 8810.39 10393.68 8816.24 10403.90 8794.83 10481.54
9 12532.49 6826.77 12477.65 6865.29 12401.48 6839.89 12392.06 6817.10 12412.41 6752.47 12448.41 6702.72 12494.23 6752.92 12509.42 6775.16 12519.64 6793.23
15 3906.17 671.35 3873.98 676.26 3871.56 678.55 3888.64 697.26 3868.11 697.21 3865.50 692.79 3861.44 701.14 3854.23 699.87 3858.05 682.03 3857.91 681.72 3839.92 703.29 3846.38 669.74 3838.88 646.38 3860.36 650.19 3898.40 649.01
13 9001.23 11439.33 8978.71 11477.84 8943.06 11449.69 8934.09 11457.08 8932.89 11457.31 8916.36 11426.69 8909.07 11382.98 8936.28 11404.39 8941.93 11404.08 8948.52 11367.07 8961.49 11388.22 8965.23 11382.23 8973.08 11418.59
9 2269.36 3460.87 2267.39 3390.13 2281.11 3354.13 2293.89 3352.04 2357.91 3350.54 2369.05 3397.00 2374.70 3424.87 2361.78 3459.92 2336.64 3499.55
7 5104.29 2496.20 5051.36 2453.52 5058.23 2436.47 5110.30 2455.22 5115.34 2454.15 5115.11 2471.66 5138.70 2471.20
8 8586.86 1131.10 8555.97 1202.58 8548.09 1201.55 8504.85 1186.47 8494.79 1177.73 8503.31 1138.06 8515.24 1124.22 8555.98 1107.96
7 9163.05 11572.77 9150.05 11519.82 9187.69 11497.35 9192.78 11496.31 9197.00 11496.41 9206.46 11536.13 9196.13 11570.63
13 2858.28 6163.21 2824.97 6192.16 2767.24 6186.41 2777.60 6114.11 2761.13 6105.30 2771.60 6102.84 2775.39 6103.11 2783.57 6103.33 2810.20 6084.52 2828.01 6056.03 2840.43 6059.49 2838.77 6062.61 2819.16 6115.47
6 8296.22 10476.57 8247.94 10502.98 8220.46 10450.92 8219.48 10446.76 8253.37 10424.33 8290.29 10440.21
9 4685.55 528.80 4714.94 571.61 4704.55 602.36 4661.48 614.57 4654.78 616.21 4634.68 613.04 4620.25 595.18 4617.90 577.81 4629.66 543.53
7 8935.80 8980.79 8935.15 9034.11 8919.90 9024.51 8900.86 8972.20 8869.38 8953.46 8894.49 8956.30 8934.98 8957.14
14 4968.18 5773.86 4989.35 5793.07 4983.63 5827.37 4972.15 5837.83 4963.32 5822.11 4898.50 5793.92 4877.41 5771.29 4936.76 5755.41 4957.99 5694.13 4962.81 5739.38 4974.20 5728.83 4995.92 5719.25 5014.58 5740.14 4992.84 5758.92
9 8630.80 9124.92 8719.88 9170.44 8709.18 9212.52 8682.32 9228.14 8633.33 9225.21 8613.92 9217.46 8610.24 9206.88 8619.51 9152.68 8623.33 9139.00
13 11115.06 5762.57 11079.44 5791.77 11060.13 5786.55 11018.03 5804.28 11039.27 5754.74 11022.55 5783.81 11001.83 5726.60 11018.48 5720.99 11031.80 5723.57 11008.17 5666.04 11040.77 5708.81 11039.64 5693.38 11049.40 5714.76
6 4117.36 448.18 4077.62 442.41 4091.17 424.38 4118.23 398.09 4135.35 399.76 4132.33 406.57
10 5372.23 5395.29 5369.44 5395.67 5364.91 5411.71 5358.14 5406.50 5350.78 5400.15 5341.41 5405.76 5346.33 5389.77 5338.05 5376.21 5378.33 5364.30 5376.06 5390.39
14 2306.88 2161.61 2354.85 2171.27 2309.94 2177.47 2300.09 2178.84 2296.58 2190.19 2241.46 2158.34 2190.85 2125.29 2222.21 2100.31 2265.42 2141.15 2243.52 2117.66 2281.12 2083.48 2289.86 2121.40 2327.28 2138.47 2301.90 2153.56
12 8733.52 11360.56 8697.18 11397.74 8642.51 11378.38 8639.87 11364.36 8641.90 11333.86 8644.06 11330.68 8653.50 11320.31 8685.85 11308.47 8703.67 11303.84 8707.11 11304.86 8721.20 11321.90 8731.12 11336.91
11 3823.22 4466.80 3757.95 4491.90 3682.37 4472.88 3693.03 4449.08 3694.88 4415.30 3739.19 4445.15 3734.79 4435.07 3746.61 4441.86 3767.61 4421.69 3774.55 4450.76 3833.29 4452.22
10 9934.18 5087.04 9928.97 5052.31 9951.71 5009.08 9982.72 4984.14 10013.32 4985.88 10055.42 5045.49 10045.82 5075.11 10027.70 5117.57 9989.11 5128.72 9947.04 5129.50
9 6903.89 1000.92 6925.69 1018.73 6922.21 1044.44 6882.72 1029.89 6860.03 1039.05 6874.50 1007.07 6873.60 999.05 6875.61 962.87 6941.67 994.84
15 11479.38 310.58 11484.73 319.04 11469.78 350.43 11449.05 338.36 11442.04 321.07 11422.16 301.88 11446.62 303.80 11439.20 294.51 11448.16 298.92 11432.91 282.19 11449.99 295.96 11449.23 278.26 11479.17 269.24 11482.30 298.27 11491.45 297.56
9 10277.72 3979.96 10316.59 3905.31 10335.31 3896.54 10391.97 3934.21 10426.30 3967.91 10426.96 3973.98 10389.00 4037.93 10326.09 4052.25 10288.37 4032.58
10 6005.04 5136.78 6046.49 5141.23 6058.68 5180.71 6068.37 5217.90 6047.98 5240.97 6035.91 5246.70 5953.17 5228.59 5949.49 5219.31 5949.51 5185.24 5965.68 5144.40
10 8312.30 4492.01 8316.34 4476.56 8334.98 4436.51 8364.46 4443.89 8372.26 4446.52 8396.46 4469.21 8390.41 4501.88 8360.18 4521.71 8334.21 4508.63 8318.34 4498.82
11 1562.68 833.30 1539.64 786.19 1562.16 734.48 1571.07 714.49 1588.31 705.74 1599.99 702.22 1634.52 700.95 1677.61 748.15 1672.35 811.01 1645.33 828.55 1607.18 838.09
5 11473.12 2945.95 11451.75 2977.11 11415.73 2988.87 11405.30 2900.80 11489.54 2932.86
14 4946.64 11703.96 4951.82 11755.13 4862.90 11727.48 4828.63 11706.09 4856.87 11696.01 4848.00 11677.93 4852.50 11669.38 4850.26 11651.44 4892.79 11680.23 4897.03 11640.52 4920.44 11658.46 4931.45 11651.90 4925.95 11688.68 4934.97 11691.74
9 2991.99 3556.49 2951.03 3580.84 2918.08 3550.66 2917.64 3525.52 2923.26 3528.00 2909.04 3503.84 2926.03 3526.94 2959.42 3516.53 2967.00 3526.03
7 2793.52 2432.87 2693.51 2435.81 2704.95 2398.54 2698.53 2374.62 2755.95 2351.77 2755.31 2390.40 2753.27 2417.71
11 847.19 2131.71 841.03 2146.56 754.57 2149.14 767.45 2106.33 789.64 2086.19 793.91 2092.13 803.82 2097.21 806.07 2094.87 813.90 2085.19 834.41 2118.34 850.98 2118.29
10 9861.62 7374.22 9837.54 7381.97 9828.11 7415.89 9819.56 7365.48 9798.65 7370.59 9813.25 7359.72 9816.43 7352.24 9817.82 7290.87 9833.95 7290.46 9858.42 7310.50
7 3924.12 7811.33 3916.22 7736.09 3972.67 7762.62 3971.98 7718.12 4021.65 7731.32 4029.93 7726.89 4018.03 7773.06
8 7991.84 5686.47 7961.96 5651.34 7971.68 5626.78 7981.86 5619.96 8033.79 5595.61 8035.73 5614.46 8035.75 5666.28 8020.36 5677.46
11 2109.30 2611.73 2077.40 2601.46 2075.88 2615.62 2064.52 2592.77 2053.39 2587.28 2049.23 2579.80 2045.82 2571.96 2039.28 2568.95 2047.39 2564.48 2073.90 2558.69 2097.37 2550.71
9 4422.11 3636.97 4467.68 3674.42 4445.69 3714.37 4425.37 3727.47 4396.46 3720.04 4387.04 3711.68 4376.69 3681.06 4395.37 3660.02 4408.14 3647.80
7 4199.64 828.58 4119.06 727.97 4184.54 661.73 4276.21 664.30 4303.21 755.61 4245.15 826.18 4211.75 828.22
13 10322.49 9166.56 10282.41 9109.68 10282.09 9124.81 10257.29 9110.21 10235.92 9080.84 10212.76 9070.21 10253.25 9075.74 10216.52 9029.95 10222.72 9008.75 10270.18 9063.12 10305.13 9058.67 10308.62 9070.50 10317.44 9069.98
9 6390.77 2727.80 6434.41 2721.57 6447.25 2736.49 6448.56 2823.08 6445.76 2826.96 6416.57 2823.91 6387.05 2806.35 6360.34 2771.87 6362.21 2749.52
10 2652.24 7426.92 2639.99 7437.15 2614.98 7437.19 2592.41 7394.43 2580.42 7373.95 2591.06 7361.40 2607.66 7378.76 2630.00 7371.76 2639.36 7363.47 2646.50 7384.28
8 7614.78 10428.50 7595.95 10446.74 7579.18 10458.39 7536.97 10485.59 7547.17 10463.75 7525.96 10372.98 7575.92 10376.54 7624.02 10406.57
9 432.45 5729.04 474.16 5661.02 524.87 5667.24 575.29 5740.57 564.12 5771.79 553.33 5801.42 496.70 5818.93 474.86 5810.17 471.95 5805.90
11 4371.35 9602.97 4385.88 9621.40 4385.76 9622.74 4356.08 9622.05 4349.32 9633.36 4356.21 9605.69 4349.98 9608.91 4354.94 9603.29 4345.63 9576.86 4366.80 9589.96 4376.62 9599.65
11 5558.22 6906.88 5540.88 6920.87 5547.42 6927.04 5518.86 6932.30 5471.71 6947.03 5465.92 6938.70 5443.06 6908.68 5429.56 6901.45 5425.43 6828.48 5462.64 6857.21 5470.27 6799.69
15 10630.33 5521.27 10610.92 5513.60 10601.13 5512.60 10605.94 5520.64 10601.58 5519.49 10585.96 5542.47 10562.38 5532.25 10571.71 5511.34 10542.13 5505.63 10534.52 5499.74 10555.32 5481.18 10555.07 5457.91 10571.93 5466.81 10591.85 5472.54 10622.81 5481.76
6 521.94 2835.43 520.93 2782.67 592.49 2802.21 596.38 2822.18 595.37 2845.89 575.95 2865.07
9 385.31 3698.23 433.41 3620.78 508.83 3631.52 532.89 3700.70 537.63 3716.71 530.96 3758.48 502.32 3780.11 441.50 3785.05 390.91 3737.51
12 9376.68 11136.23 9356.08 11135.98 9302.04 11136.80 9263.98 11111.32 9300.79 11094.01 9276.73 11075.96 9317.18 11078.36 9288.17 11025.57 9312.87 11012.44 9326.29 11066.44 9369.29 11060.65 9389.22 11076.49
12 3935.24 1373.79 3930.84 1380.84 3894.16 1375.60 3883.10 1386.76 3896.22 1367.60 3874.56 1387.90 3864.23 1371.42 3874.86 1360.85 3886.76 1338.70 3865.06 1302.78 3882.79 1309.22 3950.52 1330.13
7 606.45 9415.46 604.32 9419.87 587.00 9397.97 579.53 9393.07 572.69 9386.27 606.17 9381.40 628.77 9376.72
11 9187.60 5982.88 9184.22 5984.51 9190.42 6004.95 9164.95 6017.35 9168.49 5994.41 9144.86 5987.29 9136.21 5988.59 9144.84 5965.13 9157.02 5949.50 9201.82 5948.32 9211.57 5956.94
12 8725.22 10563.62 8739.61 10574.94 8751.18 10589.66 8717.77 10578.07 8709.06 10574.03 8733.47 10616.27 8707.50 10589.56 8633.80 10579.14 8671.70 10558.94 8678.79 10544.18 8717.52 10533.48 8734.30 10558.25
7 9375.89 6641.02 9357.34 6578.12 9357.47 6565.46 9395.68 6550.20 9429.60 6558.91 9436.69 6624.71 9423.24 6631.11
7 5705.48 3764.90 5748.32 3832.12 5738.71 3857.88 5703.49 3870.59 5682.51 3868.21 5649.82 3806.40 5681.64 3782.44
9 4871.11 689.87 4882.03 727.00 4866.17 751.29 4854.97 760.46 4828.84 771.03 4813.56 751.38 4806.95 741.00 4804.13 697.41 4860.53 686.64
7 1740.46 1757.97 1743.22 1750.15 1741.67 1716.11 1740.43 1703.51 1752.72 1682.21 1782.30 1715.13 1789.87 1712.48
13 12589.73 12322.68 12550.37 12320.38 12522.24 12252.32 12518.89 12238.99 12522.42 12221.14 12531.45 12216.77 12556.08 12214.34 12597.19 12219.96 12637.82 12237.66 12640.90 12251.50 12638.94 12265.17 12627.90 12283.59 12605.77 12318.73
6 1391.32 6231.37 1476.00 6212.55 1497.21 6263.70 1475.11 6299.86 1466.58 6308.09 1402.00 6294.34
11 2108.16 8788.74 2089.73 8726.76 2065.77 8707.26 2072.95 8705.20 2106.76 8715.18 2089.60 8696.12 2133.94 8686.84 2160.58 8670.19 2174.61 8698.21 2163.79 8715.32 2165.15 8719.30
11 11319.29 3434.50 11304.63 3405.00 11310.61 3377.85 11328.41 3362.79 11350.03 3360.59 11377.38 3371.91 11387.65 3384.86 11396.31 3396.69 11389.24 3421.62 11361.10 3437.70 11351.12 3442.73
11 9113.11 8707.07 9052.19 8733.67 9051.78 8779.25 8987.54 8758.71 8975.95 8732.20 8957.53 8684.78 9006.03 8685.43 9045.26 8683.23 9070.26 8683.42 9077.20 8683.37 9063.32 8697.51
8 5053.88 6161.66 5085.21 6063.46 5155.53 6052.85 5189.33 6055.35 5207.33 6098.37 5211.47 6158.89 5171.47 6175.71 5102.62 6183.49
9 4182.10 9737.50 4192.52 9692.05 4255.95 9671.27 4299.53 9692.15 4309.86 9744.19 4308.46 9755.25 4246.91 9804.36 4218.80 9788.06 4195.75 9768.01
7 5757.83 6222.94 5710.68 6180.75 5714.06 6159.06 5717.69 6152.93 5752.91 6127.65 5805.60 6171.37 5806.34 6176.14
6 1757.39 1905.76 1757.89 1909.12 1733.38 1934.89 1726.27 1901.54 1730.75 1869.12 1771.58 1855.97
11 5309.47 348.41 5327.03 296.34 5383.86 272.19 5406.35 291.38 5453.51 344.35 5456.20 353.68 5455.36 369.11 5410.25 420.90 5385.74 427.28 5339.32 413.27 5330.57 405.20
11 9250.65 4940.70 9252.00 4951.37 9244.89 4950.51 9246.88 4975.58 9229.63 4977.71 9207.79 4958.53 9172.81 4941.85 9206.31 4885.66 9223.01 4908.34 9228.28 4890.32 9230.59 4907.46
6 11289.58 11653.36 11200.37 11643.35 11228.62 11612.77 11231.64 11585.29 11232.22 11565.84 11291.29 11619.81
10 9706.57 3810.79 9716.18 3794.59 9760.52 3787.71 9768.52 3795.33 9782.23 3842.80 9778.21 3847.46 9757.73 3865.95 9735.03 3865.69 9709.53 3847.79 9707.48 3842.82
13 10510.76 3802.43 10521.17 3827.40 10506.07 3828.34 10505.87 3831.60 10494.39 3832.82 10488.77 3844.46 10472.61 3832.05 10468.11 3837.03 10474.83 3820.24 10466.30 3774.40 10472.70 3769.39 10488.80 3787.74 10512.83 3787.36
8 12246.05 8450.14 12209.45 8419.50 12212.91 8367.60 12257.62 8349.67 12266.28 8349.88 12305.91 8393.90 12295.46 8428.13 12283.92 8439.02
5 10392.11 11583.81 10323.74 11577.32 10272.79 11568.50 10289.97 11557.79 10385.51 11546.83
7 2507.22 6103.51 2466.76 6129.31 2445.63 6081.01 2443.25 6071.64 2456.19 6058.72 2505.24 6056.99 2506.71 6061.31
6 1414.10 4959.19 1358.43 4993.09 1350.52 4999.84 1350.68 5008.02 1282.23 4910.76 1328.31 4912.92
5 1050.39 11236.71 1022.10 11268.23 981.81 11256.14 981.19 11206.23 1031.28 11207.03
15 11323.81 9221.65 11266.91 9218.67 11251.15 9210.74 11242.45 9223.41 11221.32 9244.72 11195.27 9194.57 11242.54 9188.77 11232.70 9182.29 11202.28 9153.73 11241.18 9175.12 11251.32 9161.34 11261.47 9164.82 11266.39 9134.76 11262.93 9157.84 11281.69 9180.82
9 11268.96 11147.20 11252.69 11207.03 11241.02 11188.28 11189.36 11162.39 11158.55 11124.00 11188.72 11101.37 11214.64 11114.26 11258.48 11082.82 11246.03 11119.98
12 8006.25 2924.49 8016.41 2912.04 8052.89 2912.66 8082.34 2953.93 8084.35 2974.42 8083.47 2983.91 8065.95 2995.56 8017.71 3011.73 8002.50 3003.68 7985.46 2979.51 7993.13 2957.14 8005.69 2925.74
9 9687.73 8672.51 9661.14 8671.78 9655.96 8660.23 9621.21 8661.20 9616.27 8656.10 9626.39 8643.61 9652.02 8623.99 9682.78 8620.05 9688.22 8633.42
12 12622.65 6533.43 12587.49 6514.77 12567.58 6483.60 12560.99 6463.22 12581.43 6402.51 12591.44 6391.75 12662.98 6396.04 12689.26 6414.85 12696.16 6428.14 12698.11 6440.01 12696.01 6504.34 12675.57 6515.54
9 5145.55 11614.74 5136.20 11719.07 5032.34 11705.28 4990.77 11690.78 4980.30 11639.91 4986.11 11614.64 5010.75 11597.90 5049.43 11591.70 5127.24 11598.80
6 7240.60 10014.00 7285.59 9963.96 7313.00 9979.89 7332.21 10021.33 7289.76 10056.94 7275.22 10049.77
8 1440.04 1634.67 1462.88 1518.33 1490.75 1505.64 1538.34 1507.95 1585.87 1573.44 1572.98 1620.92 1535.99 1663.99 1472.87 1649.84
8 7037.28 11484.30 7018.15 11496.65 7042.56 11542.54 7014.80 11502.34 6982.63 11526.94 6997.54 11494.76 6984.60 11495.52 6968.23 11455.19
13 12672.78 3322.42 12664.83 3332.83 12705.94 3376.43 12683.91 3370.11 12648.97 3368.41 12582.17 3383.43 12579.96 3376.18 12562.08 3344.46 12551.22 3318.33 12569.56 3307.05 12611.99 3305.41 12574.09 3282.30 12644.38 3271.87
5 326.28 497.50 236.80 521.88 238.01 444.06 255.73 416.54 261.64 416.77
7 8498.05 10234.69 8459.03 10186.44 8508.73 10138.21 8538.00 10177.20 8535.61 10188.99 8526.73 10210.60 8518.41 10226.43
12 8938.17 5821.84 8908.88 5850.21 8890.71 5827.74 8886.63 5833.57 8861.53 5833.12 8868.22 5808.18 8869.39 5803.38 8873.31 5791.33 8877.89 5764.87 8935.09 5790.69 8937.10 5799.10 8909.11 5809.85
14 2071.14 3152.41 2058.05 3155.75 2061.53 3164.41 2056.88 3185.11 2003.93 3226.32 1974.68 3213.08 1997.34 3185.95 1993.97 3158.63 2001.74 3092.00 2021.05 3071.53 2031.26 3132.12 2042.42 3132.03 2082.90 3110.79 2051.36 3142.73
9 1758.60 1469.80 1729.89 1390.85 1735.43 1384.29 1786.56 1327.64 1888.48 1377.00 1889.68 1402.99 1852.18 1458.63 1822.36 1473.53 1780.60 1483.41
8 1296.37 11828.57 1284.36 11804.21 1314.42 11742.18 1324.75 11737.61 1411.39 11762.54 1415.41 11782.72 1390.62 11830.31 1327.30 11869.13
11 2477.15 9110.57 2498.35 9135.38 2488.01 9124.62 2467.05 9135.54 2463.18 9123.66 2453.07 9134.07 2454.09 9110.51 2453.85 9103.61 2422.90 9109.57 2504.79 9079.74 2512.67 9086.28
8 9744.35 5874.31 9718.83 5900.95 9681.42 5884.53 9665.04 5876.45 9664.42 5850.17 9685.19 5827.00 9715.46 5826.59 9731.02 5843.15
7 8641.29 3660.39 8624.18 3709.54 8576.78 3706.83 8558.54 3667.68 8559.90 3642.62 8594.61 3622.24 8620.91 3621.46
6 3723.99 2141.12 3722.09 2133.12 3645.52 2134.43 3661.20 2081.23 3730.44 2071.31 3771.26 2095.05
6 2766.45 1244.52 2745.92 1276.20 2675.32 1289.84 2681.55 1223.90 2718.13 1155.16 2785.33 1210.74
5 8100.21 12580.02 8113.90 12648.98 8038.40 12574.39 8009.76 12530.15 8074.55 12543.09
5 2473.53 11172.96 2445.73 11207.12 2398.04 11207.99 2375.22 11136.53 2385.04 11118.35
12 8067.56 4106.59 8033.11 4165.51 7997.05 4122.04 8003.41 4107.30 8018.65 4099.71 8013.83 4091.00 8004.91 4044.76 8102.46 4057.59 8109.74 4066.78 8084.67 4093.71 8123.04 4085.13 8097.08 4097.34
13 11500.06 1017.48 11491.40 1045.13 11466.13 1046.57 11462.91 1014.14 11427.47 1022.43 11439.45 994.40 11440.31 972.87 11430.33 963.57 11468.22 975.99 11492.21 949.59 11498.46 967.74 11529.29 947.08 11522.41 961.78
12 2418.85 9895.18 2421.74 9939.55 2378.01 9933.14 2389.15 9899.46 2368.34 9927.65 2362.28 9932.73 2387.90 9899.17 2370.65 9863.23 2384.39 9865.61 2393.79 9862.39 2406.01 9866.24 2429.51 9885.85
7 2287.41 5335.70 2255.55 5344.47 2249.78 5358.46 2230.45 5361.78 2235.81 5337.62 2256.96 5321.71 2270.22 5328.84
8 9874.56 12243.95 9792.03 12212.33 9773.13 12221.32 9796.31 12175.46 9797.50 12108.72 9817.36 12109.83 9824.75 12156.51 9881.30 12172.71
8 186.78 4991.20 171.21 5004.72 162.39 5019.90 114.13 5027.47 122.20 4995.37 128.71 4949.21 191.09 4936.19 189.84 4938.66
8 5242.50 3323.52 5208.98 3303.68 5218.24 3278.67 5231.79 3283.04 5241.95 3278.92 5270.22 3283.78 5252.76 3300.71 5273.91 3299.16
6 1154.80 11142.93 1108.96 11107.44 1120.75 11075.35 1168.07 11076.71 1189.10 11099.78 1175.35 11132.49
10 5473.37 2224.18 5482.79 2209.51 5506.15 2197.62 5532.81 2200.14 5548.06 2242.47 5531.37 2255.58 5506.03 2251.74 5502.03 2250.86 5498.20 2249.40 5484.91 2243.29
7 7844.31 270.74 7791.91 205.60 7821.48 195.64 7851.56 190.34 7870.05 211.48 7876.48 231.40 7853.29 270.69
5 9655.28 1706.39 9639.57 1708.31 9573.43 1672.26 9581.35 1673.99 9646.74 1674.22
11 8457.46 1445.96 8451.46 1492.62 8427.29 1499.85 8408.70 1496.55 8368.37 1453.85 8366.41 1447.99 8365.69 1427.98 8377.35 1399.53 8420.59 1398.60 8436.52 1403.31 8451.70 1412.70
12 11367.00 12475.76 11367.33 12468.61 11386.34 12426.10 11418.82 12446.39 11429.80 12453.32 11443.79 12465.72 11444.12 12490.82 11437.94 12504.02 11410.13 12515.53 11400.53 12517.01 11378.89 12512.61 11368.58 12500.36
11 3681.65 2366.69 3608.25 2363.45 3555.65 2389.73 3582.92 2343.33 3557.98 2299.59 3567.89 2273.32 3642.93 2301.01 3667.12 2293.42 3689.41 2298.99 3659.94 2324.07 3695.64 2328.09
9 11622.64 4720.33 11557.04 4652.64 11561.40 4640.23 11622.23 4597.47 11678.37 4607.02 11710.61 4638.59 11713.63 4656.72 11707.91 4678.90 11682.84 4713.97
7 4047.67 4188.54 4018.29 4233.08 4002.11 4235.89 3951.65 4205.56 3953.70 4187.94 3981.74 4155.03 3994.79 4159.63
12 4485.08 11546.75 4482.31 11544.57 4473.34 11533.79 4454.72 11547.59 4449.14 11540.28 4459.89 11520.52 4469.83 11512.55 4487.17 11491.56 4492.45 11494.71 4483.28 11505.73 4498.00 11507.51 4502.65 11505.70
6 10948.09 7210.42 10963.54 7233.23 10910.28 7204.41 10870.19 7188.12 10916.90 7188.06 10975.25 7195.48
8 7843.47 7118.95 7852.96 7036.36 7903.30 7028.89 7926.17 7043.20 7939.75 7060.85 7944.91 7098.15 7903.29 7135.99 7867.15 7133.60
5 1829.07 4838.76 1779.22 4875.78 1709.96 4828.72 1708.78 4774.35 1738.31 4780.84
5 7784.82 5648.22 7754.98 5654.79 7735.46 5628.29 7745.92 5608.06 7787.22 5608.71
7 10551.75 4742.48 10558.98 4762.68 10545.15 4754.08 10518.33 4777.24 10497.93 4737.87 10521.43 4712.83 10542.99 4726.75
7 5521.61 3762.65 5552.92 3803.68 5535.87 3835.90 5474.18 3849.92 5442.53 3845.72 5445.08 3804.64 5459.55 3786.77
8 4078.56 12205.39 4103.10 12119.49 4189.53 12101.62 4226.55 12171.84 4235.12 12209.98 4186.63 12246.85 4140.72 12255.14 4087.21 12231.27
6 321.36 2499.47 309.18 2467.69 354.96 2446.97 380.48 2463.41 376.65 2492.52 357.78 2504.01
8 2603.72 9832.97 2574.14 9835.92 2548.99 9852.05 2521.74 9822.66 2523.57 9811.14 2606.21 9717.27 2618.74 9761.43 2615.16 9779.25
9 11147.71 9863.31 11243.16 9966.54 11182.17 9984.71 11170.54 9983.13 11143.22 9976.97 11089.99 9962.13 11087.51 9927.60 11104.69 9893.86 11115.37 9877.35
11 8935.01 11103.56 8894.61 11094.68 8880.04 11068.79 8878.07 11058.07 8884.80 11031.13 8894.79 11016.32 8904.30 11013.38 8953.54 11021.98 8964.16 11042.73 8968.89 11054.73 8958.43 11079.11
9 9420.04 8024.44 9390.74 8093.97 9314.49 8089.91 9300.34 8066.72 9301.75 8055.45 9310.06 8019.91 9328.78 7993.23 9388.73 7980.24 9403.84 7990.32
10 8734.06 6420.53 8690.90 6382.15 8691.81 6372.02 8717.07 6346.83 8718.39 6346.14 8738.59 6342.01 8764.58 6338.27 8769.14 6349.99 8777.42 6403.52 8775.24 6412.57
9 12246.66 11018.28 12193.90 11077.81 12190.40 11040.61 12179.74 11045.44 12154.64 11064.31 12171.88 11010.54 12183.84 10993.11 12181.22 10969.16 12195.58 10989.86
12 12449.08 11166.57 12417.17 11137.09 12421.60 11121.63 12456.33 11091.72 12495.24 11105.30 12501.90 11112.74 12503.39 11120.82 12503.36 11122.28 12501.91 11141.28 12480.09 11165.58 12469.80 11169.86 12453.88 11168.23
11 9946.88 1477.02 9897.06 1467.81 9885.61 1450.90 9881.71 1422.78 9885.63 1408.46 9894.03 1386.11 9898.66 1384.69 9919.57 1385.17 9969.43 1404.24 9966.76 1444.98 9954.25 1471.62
11 3842.33 12324.64 3822.84 12254.01 3824.54 12251.53 3852.76 12210.98 3880.72 12201.50 3919.69 12215.61 3947.77 12262.87 3928.15 12301.03 3918.04 12318.51 3911.55 12327.74 3879.39 12336.94
10 881.84 6150.98 894.52 6097.24 955.08 6054.05 990.24 6046.06 1023.27 6080.64 1034.26 6100.63 1037.99 6133.94 1005.59 6170.93 970.84 6202.40 932.81 6196.06
8 12172.80 1470.21 12186.20 1430.22 12192.27 1427.71 12226.31 1416.41 12241.65 1421.04 12259.10 1483.29 12215.07 1486.06 12180.47 1487.15
7 10639.25 11241.36 10608.24 11239.42 10603.97 11245.01 10607.98 11261.20 10601.35 11283.99 10543.97 11220.47 10589.97 11186.29
10 11519.19 3220.30 11457.94 3160.68 11496.51 3078.27 11511.17 3068.78 11607.87 3088.72 11635.75 3124.39 11628.29 3159.09 11622.70 3181.77 11611.46 3205.33 11555.43 3239.98
12 9060.30 3132.80 9070.88 3139.17 9057.40 3135.06 9023.61 3164.77 9018.02 3175.05 9028.54 3142.64 8997.91 3173.79 8984.11 3120.00 9024.67 3124.48 9023.39 3122.24 9038.72 3107.96 9060.88 3119.52
9 12544.08 11464.35 12504.43 11469.82 12452.75 11460.42 12457.72 11448.11 12440.28 11435.77 12472.46 11422.07 12453.44 11415.66 12525.06 11391.04 12507.73 11419.14
6 8726.88 1516.77 8797.42 1450.29 8841.72 1486.22 8854.59 1554.02 8807.82 1578.18 8770.63 1584.33
6 2874.18 9188.40 2876.40 9199.29 2787.82 9153.61 2819.40 9114.37 2853.26 9135.00 2894.00 9144.82
12 5895.20 12565.20 5914.63 12579.87 5904.32 12576.87 5854.95 12592.31 5865.37 12577.77 5862.54 12577.54 5845.66 12580.76 5867.14 12564.13 5845.11 12561.74 5876.38 12545.84 5887.26 12538.27 5905.15 12560.49
10 6064.23 12012.99 6008.21 11991.16 5992.66 11970.33 5976.13 11935.02 5996.25 11882.67 6027.71 11880.76 6049.61 11881.83 6095.13 11891.89 6130.86 11939.44 6108.22 11994.22
9 3412.78 2106.10 3388.19 2071.08 3392.23 2043.42 3397.56 2035.11 3428.90 2022.00 3466.21 2028.57 3475.31 2044.44 3473.73 2062.72 3443.13 2100.91
11 5738.60 961.23 5706.25 980.04 5676.98 971.69 5675.83 914.76 5711.32 894.06 5720.25 916.12 5732.57 920.57 5742.02 892.10 5758.38 891.22 5742.54 933.62 5780.95 923.79
7 3875.17 961.62 3854.32 1030.98 3770.40 998.68 3727.51 977.86 3756.16 927.59 3823.38 904.46 3870.21 907.60
9 11116.00 7375.30 11144.03 7377.98 11136.11 7387.66 11108.18 7408.84 11103.96 7387.50 11093.31 7396.20 11081.28 7355.35 11092.89 7334.10 11117.49 7356.97
5 3739.83 6806.00 3723.49 6824.89 3662.61 6736.22 3687.28 6723.66 3691.01 6713.57
9 6610.37 1131.23 6623.21 1082.17 6678.90 1035.51 6710.73 1044.80 6745.62 1067.19 6762.89 1089.54 6715.79 1160.26 6669.29 1178.20 6645.53 1165.84
9 9795.94 669.64 9743.79 671.20 9734.92 652.39 9716.91 576.48 9756.98 553.62 9804.92 562.40 9824.26 584.15 9832.02 594.65 9824.29 631.23
10 3298.96 5861.45 3325.42 5902.10 3324.37 5924.46 3308.70 5960.40 3282.64 5960.25 3233.81 5949.89 3222.15 5896.87 3231.58 5879.43 3255.69 5866.24 3259.65 5864.10
14 3257.46 6158.17 3237.67 6168.25 3223.99 6195.71 3189.45 6207.78 3183.94 6182.52 3185.10 6176.14 3181.79 6172.49 3165.35 6165.81 3176.17 6141.51 3196.77 6148.17 3184.16 6107.06 3232.76 6102.40 3236.35 6128.43 3247.60 6152.91
5 4822.03 6341.82 4797.70 6345.76 4779.12 6282.42 4782.14 6286.44 4785.70 6277.70
9 691.74 2214.51 697.19 2179.95 754.21 2164.95 766.39 2176.63 784.39 2203.71 776.46 2238.55 747.71 2247.44 707.10 2253.33 693.77 2223.65
12 8795.18 9962.84 8818.41 9997.35 8714.89 9927.70 8701.25 9922.43 8703.11 9907.23 8704.62 9906.83 8707.51 9899.75 8756.13 9872.05 8777.90 9925.21 8783.60 9928.34 8823.79 9886.51 8805.22 9940.28
6 7472.59 1668.06 7444.77 1653.44 7418.60 1654.08 7433.92 1632.50 7464.46 1576.28 7543.72 1560.00
11 2860.61 9559.49 2880.07 9586.45 2864.17 9576.79 2851.74 9571.84 2820.91 9592.23 2809.53 9586.65 2803.84 9564.90 2837.23 9543.86 2840.44 9523.27 2859.96 9515.13 2884.77 9556.12
10 10142.46 6047.91 10157.75 5999.51 10175.70 5992.19 10203.23 5989.68 10238.58 6009.81 10251.13 6027.68 10244.86 6050.18 10227.31 6065.88 10189.94 6081.31 10160.64 6074.53
8 486.29 1448.80 474.52 1468.77 463.26 1481.49 434.45 1468.88 381.28 1482.20 389.02 1432.52 422.75 1435.01 427.20 1427.01
15 10422.23 8183.14 10446.45 8214.70 10419.22 8222.40 10382.40 8201.39 10388.11 8183.11 10365.92 8171.94 10348.84 8142.96 10377.95 8158.65 10357.45 8130.67 10385.99 8125.10 10404.64 8131.25 10419.83 8125.89 10410.02 8152.72 10428.18 8154.95 10421.21 8165.06
12 6824.20 6698.76 6830.70 6621.31 6852.37 6595.75 6875.72 6583.85 6919.40 6585.86 6923.24 6587.99 6952.94 6629.38 6948.95 6641.80 6930.21 6681.48 6882.94 6715.19 6862.87 6724.92 6844.67 6719.02
5 7844.90 1446.89 7909.95 1457.17 7867.67 1491.23 7728.64 1476.08 7738.20 1458.36
7 7862.87 11151.17 7825.38 11081.24 7884.41 11044.74 7922.01 11054.49 7928.04 11085.74 7920.61 11128.75 7901.21 11142.05
13 12571.97 9253.59 12572.36 9270.46 12575.42 9311.88 12558.11 9299.07 12546.60 9255.97 12535.42 9257.44 12521.82 9246.78 12481.85 9252.48 12532.39 9234.06 12512.06 9208.51 12533.17 9180.60 12558.02 9213.46 12569.96 9227.08
9 664.42 8494.56 655.15 8493.65 646.44 8479.45 640.54 8459.06 646.72 8452.17 676.22 8430.57 703.42 8434.76 712.02 8443.83 676.01 8491.19
15 11502.61 2635.06 11520.13 2659.71 11495.78 2647.06 11499.17 2688.99 11484.64 2653.55 11461.74 2626.04 11403.86 2637.03 11434.56 2558.23 11459.70 2571.66 11462.00 2546.07 11475.14 2575.51 11489.40 2603.49 11511.10 2584.51 11534.29 2582.48 11542.27 2610.86
8 9690.39 9989.30 9611.22 9986.66 9622.72 9977.34 9620.39 9974.30 9622.29 9944.26 9640.35 9931.22 9711.23 9935.64 9727.71 9972.82
8 8477.05 11034.65 8546.17 10969.90 8584.63 11002.45 8597.12 11046.83 8585.91 11079.57 8552.53 11096.89 8527.24 11078.03 8477.58 11039.57
8 9501.63 9928.88 9507.36 9893.76 9522.60 9884.92 9556.21 9890.02 9569.63 9894.58 9558.71 9931.73 9543.63 9947.67 9517.26 9947.69
7 9694.89 3898.51 9771.42 3943.40 9723.24 3992.57 9703.03 3993.20 9670.37 3985.99 9644.68 3908.30 9656.18 3904.25
14 10242.19 12448.65 10265.62 12464.78 10250.84 12475.96 10216.01 12470.60 10205.12 12459.95 10208.16 12456.40 10214.17 12452.46 10210.20 12453.89 10197.67 12450.81 10192.81 12441.05 10192.30 12420.92 10216.19 12428.10 10245.40 12427.47 10241.08 12436.82
12 12062.81 11989.17 12011.82 12013.71 11993.42 12035.69 11972.13 12031.53 11961.30 12032.78 11952.71 11963.66 11942.96 11934.17 11967.20 11931.94 11976.02 11945.43 11987.09 11936.03 12033.29 11944.94 11991.44 11974.40
5 11016.98 4697.49 10976.83 4711.45 10891.22 4702.16 10894.81 4691.45 10945.27 4599.23
8 996.17 11112.44 1052.08 11096.56 1074.26 11108.66 1080.89 11136.92 1068.32 11165.70 1034.98 11173.43 1021.10 11170.17 1005.66 11155.09
8 9229.60 11385.89 9235.74 11355.23 9257.14 11355.37 9293.70 11357.54 9310.38 11415.64 9288.69 11436.88 9241.09 11436.31 9233.07 11414.84
13 1945.07 2082.79 1931.69 2106.34 1927.54 2115.36 1917.59 2106.72 1915.71 2076.52 1890.45 2077.08 1911.34 2070.36 1929.77 2057.74 1927.68 2051.96 1922.04 2013.29 1956.50 2013.18 1964.96 2029.80 1983.41 2026.53
15 3470.18 9083.36 3492.92 9106.55 3466.26 9088.83 3458.87 9092.02 3456.43 9107.77 3440.50 9123.48 3438.86 9120.44 3417.99 9080.95 3444.67 9066.38 3440.51 9030.74 3446.36 9038.33 3481.28 9054.21 3496.11 9050.71 3471.75 9069.66 3510.29 9062.83
10 5766.54 4513.69 5715.69 4561.73 5695.55 4507.81 5690.23 4538.71 5682.36 4526.68 5645.33 4511.31 5659.45 4415.11 5726.30 4470.05 5765.97 4455.52 5747.87 4477.16
9 2675.34 6229.36 2701.07 6266.49 2687.52 6315.94 2682.56 6316.45 2650.85 6319.04 2628.98 6318.47 2614.15 6286.22 2620.33 6245.73 2637.50 6232.20
13 3869.70 4782.16 3897.68 4799.19 3901.74 4809.61 3841.08 4840.08 3834.44 4813.86 3787.96 4812.46 3800.47 4797.60 3786.10 4790.78 3814.69 4747.86 3822.10 4747.47 3825.32 4739.13 3874.72 4714.66 3905.73 4736.70
11 8282.15 11781.61 8262.15 11783.63 8240.01 11786.02 8188.27 11757.63 8235.08 11746.80 8234.81 11745.52 8247.82 11708.15 8256.25 11731.61 8262.43 11721.00 8289.00 11723.48 8315.29 11750.43
10 1272.82 2288.11 1243.83 2228.83 1279.35 2168.66 1280.53 2167.70 1344.42 2157.46 1390.33 2211.69 1392.88 2223.97 1385.84 2273.19 1340.44 2290.68 1288.26 2304.87
10 6729.98 9681.79 6757.40 9647.18 6832.90 9595.66 6887.38 9637.79 6896.67 9681.00 6891.92 9721.19 6848.05 9758.11 6801.31 9759.39 6787.81 9759.52 6753.51 9744.16
7 9605.59 8913.81 9605.47 8876.23 9612.41 8857.89 9652.56 8844.82 9675.17 8856.87 9677.23 8890.71 9672.76 8915.41
9 12109.62 9236.84 12039.21 9319.93 11963.34 9308.75 11937.46 9246.77 11940.10 9241.45 11967.22 9205.55 12008.70 9170.40 12041.25 9164.19 12068.78 9184.99
8 2111.36 8239.54 2095.86 8255.35 2078.32 8243.39 2054.97 8213.65 2055.60 8195.97 2092.07 8174.27 2097.02 8175.91 2109.24 8205.23
12 8551.12 7875.30 8554.36 7880.41 8555.43 7932.08 8535.23 7915.76 8507.19 7899.68 8497.12 7920.78 8459.00 7905.09 8492.00 7863.52 8500.51 7848.08 8454.36 7805.63 8555.05 7814.12 8598.47 7823.17
12 10500.23 2715.32 10477.98 2719.18 10472.49 2725.26 10461.61 2738.50 10461.76 2724.44 10432.78 2724.32 10440.08 2704.99 10433.70 2679.79 10460.85 2678.85 10468.27 2696.03 10474.12 2682.76 10490.98 2708.29
6 12194.61 6305.69 12120.68 6273.67 12129.94 6198.55 12155.88 6183.29 12208.98 6168.00 12238.50 6186.82
8 2402.94 2570.05 2390.39 2545.74 2340.06 2558.92 2356.29 2527.12 2326.89 2511.88 2372.86 2501.22 2416.85 2501.43 2408.38 2507.08
11 11503.13 7705.98 11466.82 7630.00 11488.09 7580.86 11559.58 7563.77 11595.97 7574.91 11620.60 7606.84 11603.52 7662.87 11598.44 7676.53 11595.25 7681.33 11577.29 7708.02 11549.98 7711.74
14 1967.62 5837.53 1982.25 5846.82 1954.92 5840.23 1979.53 5900.58 1945.40 5874.84 1918.22 5875.20 1904.94 5870.32 1868.16 5840.70 1919.55 5831.31 1900.22 5825.22 1916.40 5821.55 1942.11 5761.81 1946.52 5805.77 1991.26 5785.10
9 3209.66 10224.08 3205.68 10169.81 3219.95 10142.06 3276.95 10118.03 3350.14 10123.08 3390.62 10178.45 3345.80 10207.15 3259.73 10255.71 3217.00 10258.85
9 8063.08 1221.76 8092.60 1256.48 8080.48 1281.09 8051.21 1298.17 8024.65 1313.38 8007.51 1295.51 7997.30 1278.05 8010.16 1248.30 8026.52 1239.05
7 4166.78 10087.94 4130.12 10175.64 4033.91 10158.95 4021.31 10089.79 4063.44 10067.41 4067.23 10066.65 4088.88 10066.57
10 4584.19 2823.07 4593.99 2886.58 4567.81 2874.14 4538.65 2891.97 4506.46 2874.03 4516.59 2820.02 4529.56 2773.44 4534.43 2766.93 4568.90 2764.09 4606.56 2803.23
14 10284.93 4809.13 10249.57 4865.57 10241.58 4867.64 10220.66 4852.80 10204.93 4804.93 10203.71 4791.35 10239.78 4713.63 10255.36 4743.82 10273.73 4748.27 10267.62 4776.18 10277.51 4768.64 10331.84 4761.06 10342.57 4759.93 10287.03 4797.76
10 9445.15 6098.44 9413.36 6078.11 9414.99 6060.67 9418.02 6033.60 9434.92 6014.84 9453.52 6005.77 9465.11 6000.58 9509.71 6029.74 9521.15 6067.99 9495.20 6092.47
5 11238.21 11304.08 11263.37 11344.53 11166.36 11261.30 11200.73 11269.36 11238.12 11247.20
6 6545.22 2356.70 6493.62 2326.73 6430.96 2281.86 6456.08 2272.72 6520.11 2273.75 6545.70 2257.89
8 3847.76 2847.98 3853.08 2883.20 3846.26 2966.90 3819.03 2971.88 3748.60 2955.23 3726.36 2936.56 3723.10 2887.84 3733.79 2880.62
9 7403.15 2673.15 7395.97 2779.67 7371.08 2804.06 7314.11 2812.21 7299.94 2813.99 7266.31 2773.66 7249.49 2682.16 7316.98 2635.38 7336.25 2641.62
9 11446.53 9794.91 11479.08 9758.13 11526.66 9753.38 11561.82 9782.98 11554.19 9827.73 11540.25 9882.91 11495.57 9877.61 11464.23 9870.79 11451.58 9850.67
9 2612.72 9438.43 2598.58 9448.78 2585.11 9480.64 2588.40 9465.77 2568.27 9464.14 2576.80 9444.31 2575.48 9430.29 2571.40 9400.40 2617.20 9425.08
14 1756.12 2243.60 1726.12 2251.81 1723.52 2268.52 1726.15 2278.27 1725.88 2293.36 1729.95 2303.05 1690.83 2297.35 1646.95 2243.47 1683.64 2235.51 1688.02 2214.59 1699.21 2222.85 1728.43 2202.94 1720.96 2225.12 1769.64 2212.13
9 130.25 2304.76 184.33 2295.20 247.03 2320.68 257.95 2411.71 234.62 2438.35 193.45 2471.00 117.00 2450.67 82.78 2410.60 106.89 2332.69
7 6648.29 2401.72 6614.24 2432.05 6589.46 2418.81 6579.91 2402.04 6586.82 2390.83 6620.17 2366.40 6625.42 2370.18
7 1225.81 10968.05 1257.86 10910.85 1314.42 10904.74 1351.87 10921.67 1344.12 10949.68 1293.46 11015.04 1254.59 10989.71
9 666.07 8388.51 660.35 8381.77 647.33 8359.67 650.18 8351.81 647.51 8323.91 681.24 8326.93 707.08 8329.33 703.65 8332.22 702.14 8333.18
10 2097.98 4899.19 2077.64 4859.27 2097.39 4827.53 2108.17 4818.23 2155.23 4819.99 2167.67 4827.13 2180.84 4868.41 2158.70 4887.34 2148.40 4895.79 2113.61 4915.73
13 7114.27 1868.40 7071.91 1868.68 7062.49 1899.32 7055.58 1883.92 7023.45 1894.36 6965.31 1850.23 7000.55 1837.99 7027.72 1840.01 7013.13 1814.98 7012.95 1813.88 7052.20 1799.83 7112.53 1819.19 7112.09 1825.40
8 3481.03 5308.20 3433.44 5327.99 3440.49 5350.75 3391.11 5328.41 3380.12 5265.25 3412.92 5260.74 3417.84 5271.97 3435.43 5266.82
6 8194.50 7946.01 8175.57 7961.29 8184.13 7816.00 8209.49 7860.84 8212.27 7829.57 8249.51 7859.06
7 5743.37 8864.59 5722.91 8867.72 5719.32 8895.37 5697.90 8858.61 5694.42 8850.51 5672.04 8829.34 5708.63 8810.42
9 3999.09 1184.07 3997.14 1184.14 3996.48 1196.19 3999.20 1203.18 3961.27 1186.70 3981.78 1141.35 4007.83 1152.60 4014.54 1153.97 4006.77 1162.91
15 8630.62 11423.83 8635.17 11446.64 8616.53 11443.41 8574.32 11467.90 8570.37 11444.93 8566.47 11441.35 8545.21 11412.36 8540.74 11375.43 8573.21 11391.22 8570.18 11364.22 8583.14 11398.13 8587.12 11395.01 8593.69 11405.18 8600.80 11398.30 8622.66 11398.62
7 5742.81 2888.19 5719.00 2833.86 5761.19 2766.26 5814.21 2762.76 5843.12 2777.95 5867.75 2839.94 5856.32 2870.24
7 7207.65 3017.58 7127.48 3107.44 7115.37 3105.30 7039.38 3066.11 7025.70 3004.18 7079.96 2930.43 7160.55 2929.86
11 1131.23 9123.83 1181.48 9121.40 1191.87 9125.97 1233.57 9223.63 1205.02 9265.90 1191.31 9285.10 1163.43 9284.42 1072.92 9262.74 1067.94 9199.80 1103.13 9149.97 1118.48 9134.45
5 8617.34 1289.69 8569.16 1270.27 8557.20 1339.03 8521.83 1282.31 8604.15 1237.57
6 7664.02 5992.23 7763.59 5887.20 7788.01 5918.26 7823.74 6003.58 7733.74 6038.67 7715.41 6038.75
7 2763.10 8881.95 2753.02 8902.65 2745.62 8905.70 2737.47 8899.44 2761.95 8874.73 2772.20 8874.33 2757.64 8879.46
10 578.30 11262.56 570.97 11330.79 502.04 11319.68 456.53 11284.92 456.51 11276.07 460.99 11253.40 479.71 11223.65 484.03 11221.34 510.42 11210.51 577.34 11244.94
13 6975.76 5549.63 6968.81 5552.20 6947.32 5549.56 6945.82 5550.23 6967.94 5566.20 6960.46 5566.90 6941.18 5591.15 6930.11 5559.18 6899.27 5549.77 6927.46 5533.89 6940.62 5522.62 6955.67 5521.26 6963.60 5537.26
5 469.71 7181.66 504.83 7207.63 411.40 7140.46 443.46 7146.75 514.71 7118.10
13 6922.28 846.89 6883.40 825.14 6882.20 822.15 6876.95 822.34 6843.96 846.05 6859.81 795.01 6870.01 789.59 6885.86 749.19 6890.29 791.72 6893.94 784.91 6889.97 793.41 6906.37 794.04 6933.68 795.72
8 11346.85 11353.28 11428.40 11313.80 11482.72 11346.75 11483.94 11350.60 11492.91 11413.45 11437.32 11452.61 11375.29 11441.97 11361.46 11430.78
7 998.98 6636.65 1039.99 6664.95 1037.84 6679.71 1031.96 6718.62 1001.03 6719.57 953.68 6697.97 972.80 6664.23
6 6085.93 9266.01 6163.99 9243.07 6166.05 9296.89 6138.69 9315.37 6128.59 9309.53 6105.71 9287.89
7 6914.96 5968.74 6895.93 5999.84 6853.58 5983.25 6833.74 5963.31 6841.55 5938.65 6860.39 5924.90 6903.64 5956.07
10 9836.67 2606.64 9856.97 2658.85 9842.72 2676.26 9783.21 2721.41 9749.10 2693.79 9727.76 2666.40 9719.88 2641.76 9715.00 2620.93 9756.50 2588.76 9793.39 2596.36
5 8951.05 7096.17 8939.12 7088.95 8943.47 7067.22 8980.08 6985.58 9016.28 7024.73
13 8861.36 1257.64 8839.57 1261.53 8823.72 1285.04 8825.99 1264.26 8812.15 1280.18 8796.06 1270.21 8797.32 1262.33 8808.43 1257.82 8801.11 1259.30 8803.10 1231.61 8823.21 1218.30 8835.63 1240.63 8842.51 1229.53
7 9245.07 10165.61 9160.03 10066.17 9163.66 10057.10 9180.38 10030.71 9261.41 10009.82 9286.30 10045.52 9305.62 10084.89
11 2185.41 7190.66 2173.32 7190.98 2146.91 7218.33 2120.78 7194.72 2103.04 7196.21 2136.17 7184.79 2117.64 7181.51 2137.02 7167.87 2152.19 7175.86 2177.18 7161.93 2185.72 7178.33
7 12287.07 6597.65 12326.23 6566.40 12352.58 6566.40 12381.84 6587.24 12387.08 6634.36 12343.22 6662.46 12300.92 6657.73
8 8525.64 8734.64 8530.43 8699.72 8606.31 8709.88 8615.64 8726.85 8607.84 8821.86 8567.71 8839.74 8545.80 8830.26 8536.00 8813.87
7 6374.79 6189.36 6374.39 6116.59 6401.10 6098.35 6479.72 6110.26 6477.91 6156.74 6461.47 6178.41 6445.27 6199.76
5 9234.37 4865.45 9233.65 4855.30 9210.43 4832.24 9233.53 4760.59 9252.20 4815.52
8 8743.33 11260.33 8741.54 11196.97 8819.33 11137.34 8840.39 11134.02 8890.27 11182.99 8896.49 11194.78 8876.79 11274.55 8754.56 11280.94
8 4146.32 11083.98 4144.94 11065.60 4141.92 11039.43 4150.05 11039.56 4158.35 11038.77 4170.76 11021.62 4170.19 11031.83 4168.40 11047.66
11 1477.42 5142.05 1467.66 5130.39 1437.75 5039.58 1428.79 5009.60 1467.25 4999.47 1491.23 5003.68 1515.27 5017.81 1554.26 5075.26 1556.22 5103.13 1536.04 5134.25 1512.14 5141.41
10 1160.64 1933.48 1174.52 1890.02 1198.28 1865.41 1220.41 1861.51 1243.79 1882.02 1253.88 1895.20 1237.30 1925.47 1197.70 1946.79 1186.75 1946.57 1164.78 1939.20
8 4433.31 8064.46 4363.01 8015.69 4363.42 8002.25 4407.76 7961.47 4446.39 7959.01 4474.87 7974.92 4459.84 8035.30 4456.62 8041.17
10 1972.25 6915.05 1968.38 6887.06 1970.38 6879.49 1975.86 6866.45 2015.12 6860.16 2024.10 6889.97 2030.14 6916.02 2015.34 6933.74 2001.09 6946.84 1985.33 6946.93
5 1999.09 8296.37 1987.44 8276.78 1980.82 8277.73 1954.61 8265.01 1978.74 8229.88
8 4787.06 10439.60 4742.99 10343.25 4743.38 10310.39 4808.81 10266.46 4853.97 10269.77 4861.39 10271.91 4887.49 10330.15 4897.03 10399.58
13 2588.51 8815.88 2561.29 8818.29 2547.70 8845.43 2558.31 8818.77 2547.29 8814.51 2529.12 8816.09 2528.29 8808.64 2544.45 8798.06 2551.40 8796.91 2573.58 8779.95 2577.16 8794.86 2586.22 8788.56 2585.29 8808.14
